participant_id,file_id,annotation_id,frame_start,frame_end,activity,chunk_id
1,vp1/run1b_2018-05-29-14-02-47.ids_1,0,82,117,standing_by_the_door,0
1,vp1/run1b_2018-05-29-14-02-47.ids_1,1,117,166,closing_door_outside,0
1,vp1/run1b_2018-05-29-14-02-47.ids_1,2,168,205,standing_by_the_door,0
1,vp1/run1b_2018-05-29-14-02-47.ids_1,3,205,262,opening_door_outside,0
1,vp1/run1b_2018-05-29-14-02-47.ids_1,4,262,314,entering_car,0
1,vp1/run1b_2018-05-29-14-02-47.ids_1,5,314,348,closing_door_inside,0
1,vp1/run1b_2018-05-29-14-02-47.ids_1,6,348,438,fastening_seat_belt,0
1,vp1/run1b_2018-05-29-14-02-47.ids_1,6,438,458,fastening_seat_belt,1
1,vp1/run1b_2018-05-29-14-02-47.ids_1,7,459,529,using_multimedia_display,0
1,vp1/run1b_2018-05-29-14-02-47.ids_1,8,5921,5971,sitting_still,0
1,vp1/run1b_2018-05-29-14-02-47.ids_1,9,5971,6060,pressing_automation_button,0
1,vp1/run1b_2018-05-29-14-02-47.ids_1,10,6060,6150,sitting_still,0
1,vp1/run1b_2018-05-29-14-02-47.ids_1,10,6150,6177,sitting_still,1
1,vp1/run1b_2018-05-29-14-02-47.ids_1,11,6177,6259,using_multimedia_display,0
1,vp1/run1b_2018-05-29-14-02-47.ids_1,12,6259,6349,sitting_still,0
1,vp1/run1b_2018-05-29-14-02-47.ids_1,12,6349,6439,sitting_still,1
1,vp1/run1b_2018-05-29-14-02-47.ids_1,12,6439,6529,sitting_still,2
1,vp1/run1b_2018-05-29-14-02-47.ids_1,12,6529,6565,sitting_still,3
1,vp1/run1b_2018-05-29-14-02-47.ids_1,13,6565,6655,fetching_an_object,0
1,vp1/run1b_2018-05-29-14-02-47.ids_1,13,6655,6745,fetching_an_object,1
1,vp1/run1b_2018-05-29-14-02-47.ids_1,13,6745,6764,fetching_an_object,2
1,vp1/run1b_2018-05-29-14-02-47.ids_1,14,6768,6858,opening_laptop,0
1,vp1/run1b_2018-05-29-14-02-47.ids_1,14,6858,6931,opening_laptop,1
1,vp1/run1b_2018-05-29-14-02-47.ids_1,15,6937,7027,working_on_laptop,0
1,vp1/run1b_2018-05-29-14-02-47.ids_1,15,7027,7117,working_on_laptop,1
1,vp1/run1b_2018-05-29-14-02-47.ids_1,15,7117,7207,working_on_laptop,2
1,vp1/run1b_2018-05-29-14-02-47.ids_1,15,7207,7297,working_on_laptop,3
1,vp1/run1b_2018-05-29-14-02-47.ids_1,15,7297,7387,working_on_laptop,4
1,vp1/run1b_2018-05-29-14-02-47.ids_1,15,7387,7477,working_on_laptop,5
1,vp1/run1b_2018-05-29-14-02-47.ids_1,16,7478,7521,pressing_automation_button,0
1,vp1/run1b_2018-05-29-14-02-47.ids_1,17,7694,7746,pressing_automation_button,0
1,vp1/run1b_2018-05-29-14-02-47.ids_1,18,7746,7836,working_on_laptop,0
1,vp1/run1b_2018-05-29-14-02-47.ids_1,18,7836,7926,working_on_laptop,1
1,vp1/run1b_2018-05-29-14-02-47.ids_1,18,7926,8016,working_on_laptop,2
1,vp1/run1b_2018-05-29-14-02-47.ids_1,18,8016,8026,working_on_laptop,3
1,vp1/run1b_2018-05-29-14-02-47.ids_1,19,8026,8074,fetching_an_object,0
1,vp1/run1b_2018-05-29-14-02-47.ids_1,20,8076,8166,interacting_with_phone,0
1,vp1/run1b_2018-05-29-14-02-47.ids_1,20,8166,8256,interacting_with_phone,1
1,vp1/run1b_2018-05-29-14-02-47.ids_1,20,8256,8346,interacting_with_phone,2
1,vp1/run1b_2018-05-29-14-02-47.ids_1,20,8346,8436,interacting_with_phone,3
1,vp1/run1b_2018-05-29-14-02-47.ids_1,20,8436,8526,interacting_with_phone,4
1,vp1/run1b_2018-05-29-14-02-47.ids_1,20,8526,8616,interacting_with_phone,5
1,vp1/run1b_2018-05-29-14-02-47.ids_1,20,8616,8706,interacting_with_phone,6
1,vp1/run1b_2018-05-29-14-02-47.ids_1,20,8706,8796,interacting_with_phone,7
1,vp1/run1b_2018-05-29-14-02-47.ids_1,20,8796,8886,interacting_with_phone,8
1,vp1/run1b_2018-05-29-14-02-47.ids_1,20,8886,8976,interacting_with_phone,9
1,vp1/run1b_2018-05-29-14-02-47.ids_1,20,8976,9066,interacting_with_phone,10
1,vp1/run1b_2018-05-29-14-02-47.ids_1,20,9066,9156,interacting_with_phone,11
1,vp1/run1b_2018-05-29-14-02-47.ids_1,20,9156,9246,interacting_with_phone,12
1,vp1/run1b_2018-05-29-14-02-47.ids_1,20,9246,9336,interacting_with_phone,13
1,vp1/run1b_2018-05-29-14-02-47.ids_1,20,9336,9426,interacting_with_phone,14
1,vp1/run1b_2018-05-29-14-02-47.ids_1,20,9426,9456,interacting_with_phone,15
1,vp1/run1b_2018-05-29-14-02-47.ids_1,21,9456,9546,working_on_laptop,0
1,vp1/run1b_2018-05-29-14-02-47.ids_1,21,9546,9556,working_on_laptop,1
1,vp1/run1b_2018-05-29-14-02-47.ids_1,22,9556,9633,closing_laptop,0
1,vp1/run1b_2018-05-29-14-02-47.ids_1,23,9674,9726,placing_an_object,0
1,vp1/run1b_2018-05-29-14-02-47.ids_1,24,9726,9816,placing_an_object,0
1,vp1/run1b_2018-05-29-14-02-47.ids_1,24,9816,9906,placing_an_object,1
1,vp1/run1b_2018-05-29-14-02-47.ids_1,24,9906,9941,placing_an_object,2
1,vp1/run1b_2018-05-29-14-02-47.ids_1,25,9941,9994,using_multimedia_display,0
1,vp1/run1b_2018-05-29-14-02-47.ids_1,26,9996,10086,sitting_still,0
1,vp1/run1b_2018-05-29-14-02-47.ids_1,26,10086,10176,sitting_still,1
1,vp1/run1b_2018-05-29-14-02-47.ids_1,26,10176,10262,sitting_still,2
1,vp1/run1b_2018-05-29-14-02-47.ids_1,27,10262,10342,fetching_an_object,0
1,vp1/run1b_2018-05-29-14-02-47.ids_1,28,10342,10396,unfastening_seat_belt,0
1,vp1/run1b_2018-05-29-14-02-47.ids_1,29,10396,10486,putting_on_jacket,0
1,vp1/run1b_2018-05-29-14-02-47.ids_1,29,10486,10576,putting_on_jacket,1
1,vp1/run1b_2018-05-29-14-02-47.ids_1,29,10576,10666,putting_on_jacket,2
1,vp1/run1b_2018-05-29-14-02-47.ids_1,29,10666,10756,putting_on_jacket,3
1,vp1/run1b_2018-05-29-14-02-47.ids_1,29,10756,10846,putting_on_jacket,4
1,vp1/run1b_2018-05-29-14-02-47.ids_1,29,10846,10860,putting_on_jacket,5
1,vp1/run1b_2018-05-29-14-02-47.ids_1,30,10861,10951,fastening_seat_belt,0
1,vp1/run1b_2018-05-29-14-02-47.ids_1,30,10951,10981,fastening_seat_belt,1
1,vp1/run1b_2018-05-29-14-02-47.ids_1,31,10981,11054,using_multimedia_display,0
1,vp1/run1b_2018-05-29-14-02-47.ids_1,32,11054,11144,sitting_still,0
1,vp1/run1b_2018-05-29-14-02-47.ids_1,32,11144,11234,sitting_still,1
1,vp1/run1b_2018-05-29-14-02-47.ids_1,32,11234,11324,sitting_still,2
1,vp1/run1b_2018-05-29-14-02-47.ids_1,32,11324,11414,sitting_still,3
1,vp1/run1b_2018-05-29-14-02-47.ids_1,32,11414,11504,sitting_still,4
1,vp1/run1b_2018-05-29-14-02-47.ids_1,32,11504,11594,sitting_still,5
1,vp1/run1b_2018-05-29-14-02-47.ids_1,32,11594,11684,sitting_still,6
1,vp1/run1b_2018-05-29-14-02-47.ids_1,32,11684,11774,sitting_still,7
1,vp1/run1b_2018-05-29-14-02-47.ids_1,32,11774,11864,sitting_still,8
1,vp1/run1b_2018-05-29-14-02-47.ids_1,32,11864,11946,sitting_still,9
1,vp1/run1b_2018-05-29-14-02-47.ids_1,33,11946,12009,using_multimedia_display,0
1,vp1/run1b_2018-05-29-14-02-47.ids_1,34,12009,12097,fetching_an_object,0
1,vp1/run1b_2018-05-29-14-02-47.ids_1,35,12098,12133,opening_bottle,0
1,vp1/run1b_2018-05-29-14-02-47.ids_1,36,12134,12224,using_multimedia_display,0
1,vp1/run1b_2018-05-29-14-02-47.ids_1,36,12224,12314,using_multimedia_display,1
1,vp1/run1b_2018-05-29-14-02-47.ids_1,36,12314,12368,using_multimedia_display,2
1,vp1/run1b_2018-05-29-14-02-47.ids_1,37,12368,12426,opening_bottle,0
1,vp1/run1b_2018-05-29-14-02-47.ids_1,38,12426,12516,drinking,0
1,vp1/run1b_2018-05-29-14-02-47.ids_1,38,12516,12606,drinking,1
1,vp1/run1b_2018-05-29-14-02-47.ids_1,38,12606,12614,drinking,2
1,vp1/run1b_2018-05-29-14-02-47.ids_1,39,12614,12704,closing_bottle,0
1,vp1/run1b_2018-05-29-14-02-47.ids_1,39,12704,12791,closing_bottle,1
1,vp1/run1b_2018-05-29-14-02-47.ids_1,40,12791,12873,placing_an_object,0
1,vp1/run1b_2018-05-29-14-02-47.ids_1,41,12873,12963,sitting_still,0
1,vp1/run1b_2018-05-29-14-02-47.ids_1,41,12963,13026,sitting_still,1
1,vp1/run1b_2018-05-29-14-02-47.ids_1,42,13026,13110,using_multimedia_display,0
1,vp1/run1b_2018-05-29-14-02-47.ids_1,43,13110,13174,sitting_still,0
1,vp1/run1b_2018-05-29-14-02-47.ids_1,44,13948,14003,pressing_automation_button,0
1,vp1/run1b_2018-05-29-14-02-47.ids_1,45,14003,14048,looking_or_moving_around (e.g. searching),0
1,vp1/run1b_2018-05-29-14-02-47.ids_1,46,14048,14092,using_multimedia_display,0
1,vp1/run1b_2018-05-29-14-02-47.ids_1,47,14092,14182,sitting_still,0
1,vp1/run1b_2018-05-29-14-02-47.ids_1,47,14182,14272,sitting_still,1
1,vp1/run1b_2018-05-29-14-02-47.ids_1,47,14272,14362,sitting_still,2
1,vp1/run1b_2018-05-29-14-02-47.ids_1,47,14362,14452,sitting_still,3
1,vp1/run1b_2018-05-29-14-02-47.ids_1,47,14452,14542,sitting_still,4
1,vp1/run1b_2018-05-29-14-02-47.ids_1,47,14542,14632,sitting_still,5
1,vp1/run1b_2018-05-29-14-02-47.ids_1,47,14632,14722,sitting_still,6
1,vp1/run1b_2018-05-29-14-02-47.ids_1,47,14722,14812,sitting_still,7
1,vp1/run1b_2018-05-29-14-02-47.ids_1,47,14812,14838,sitting_still,8
1,vp1/run1b_2018-05-29-14-02-47.ids_1,48,14838,14928,fetching_an_object,0
1,vp1/run1b_2018-05-29-14-02-47.ids_1,48,14928,14933,fetching_an_object,1
1,vp1/run1b_2018-05-29-14-02-47.ids_1,49,14933,15023,preparing_food,0
1,vp1/run1b_2018-05-29-14-02-47.ids_1,49,15023,15113,preparing_food,1
1,vp1/run1b_2018-05-29-14-02-47.ids_1,49,15113,15134,preparing_food,2
1,vp1/run1b_2018-05-29-14-02-47.ids_1,50,15134,15224,eating,0
1,vp1/run1b_2018-05-29-14-02-47.ids_1,50,15224,15314,eating,1
1,vp1/run1b_2018-05-29-14-02-47.ids_1,50,15314,15404,eating,2
1,vp1/run1b_2018-05-29-14-02-47.ids_1,50,15404,15494,eating,3
1,vp1/run1b_2018-05-29-14-02-47.ids_1,50,15494,15584,eating,4
1,vp1/run1b_2018-05-29-14-02-47.ids_1,50,15584,15674,eating,5
1,vp1/run1b_2018-05-29-14-02-47.ids_1,50,15674,15764,eating,6
1,vp1/run1b_2018-05-29-14-02-47.ids_1,50,15764,15854,eating,7
1,vp1/run1b_2018-05-29-14-02-47.ids_1,50,15854,15944,eating,8
1,vp1/run1b_2018-05-29-14-02-47.ids_1,50,15944,16034,eating,9
1,vp1/run1b_2018-05-29-14-02-47.ids_1,50,16034,16112,eating,10
1,vp1/run1b_2018-05-29-14-02-47.ids_1,51,16112,16202,placing_an_object,0
1,vp1/run1b_2018-05-29-14-02-47.ids_1,51,16202,16292,placing_an_object,1
1,vp1/run1b_2018-05-29-14-02-47.ids_1,51,16292,16345,placing_an_object,2
1,vp1/run1b_2018-05-29-14-02-47.ids_1,52,16345,16435,sitting_still,0
1,vp1/run1b_2018-05-29-14-02-47.ids_1,52,16435,16507,sitting_still,1
1,vp1/run1b_2018-05-29-14-02-47.ids_1,53,16509,16599,fetching_an_object,0
1,vp1/run1b_2018-05-29-14-02-47.ids_1,54,16599,16689,opening_bottle,0
1,vp1/run1b_2018-05-29-14-02-47.ids_1,54,16689,16701,opening_bottle,1
1,vp1/run1b_2018-05-29-14-02-47.ids_1,55,16701,16791,drinking,0
1,vp1/run1b_2018-05-29-14-02-47.ids_1,55,16791,16881,drinking,1
1,vp1/run1b_2018-05-29-14-02-47.ids_1,55,16881,16958,drinking,2
1,vp1/run1b_2018-05-29-14-02-47.ids_1,56,16958,17048,closing_bottle,0
1,vp1/run1b_2018-05-29-14-02-47.ids_1,56,17048,17089,closing_bottle,1
1,vp1/run1b_2018-05-29-14-02-47.ids_1,57,17089,17177,placing_an_object,0
1,vp1/run1b_2018-05-29-14-02-47.ids_1,58,17177,17267,sitting_still,0
1,vp1/run1b_2018-05-29-14-02-47.ids_1,58,17267,17357,sitting_still,1
1,vp1/run1b_2018-05-29-14-02-47.ids_1,58,17357,17447,sitting_still,2
1,vp1/run1b_2018-05-29-14-02-47.ids_1,58,17447,17537,sitting_still,3
1,vp1/run1b_2018-05-29-14-02-47.ids_1,58,17537,17605,sitting_still,4
1,vp1/run1b_2018-05-29-14-02-47.ids_1,59,17605,17668,using_multimedia_display,0
1,vp1/run1b_2018-05-29-14-02-47.ids_1,60,17668,17758,sitting_still,0
1,vp1/run1b_2018-05-29-14-02-47.ids_1,60,17758,17848,sitting_still,1
1,vp1/run1b_2018-05-29-14-02-47.ids_1,60,17848,17859,sitting_still,2
1,vp1/run1b_2018-05-29-14-02-47.ids_1,61,17859,17892,looking_back_left_shoulder,0
1,vp1/run1b_2018-05-29-14-02-47.ids_1,62,17893,17949,sitting_still,0
1,vp1/run1b_2018-05-29-14-02-47.ids_1,63,17949,18039,fetching_an_object,0
1,vp1/run1b_2018-05-29-14-02-47.ids_1,63,18039,18111,fetching_an_object,1
1,vp1/run1b_2018-05-29-14-02-47.ids_1,64,18186,18249,taking_off_sunglasses,0
1,vp1/run1b_2018-05-29-14-02-47.ids_1,65,18298,18355,putting_on_sunglasses,0
1,vp1/run1b_2018-05-29-14-02-47.ids_1,66,18494,18517,placing_an_object,0
1,vp1/run1b_2018-05-29-14-02-47.ids_1,67,18517,18587,using_multimedia_display,0
1,vp1/run1b_2018-05-29-14-02-47.ids_1,68,18587,18677,sitting_still,0
1,vp1/run1b_2018-05-29-14-02-47.ids_1,68,18677,18767,sitting_still,1
1,vp1/run1b_2018-05-29-14-02-47.ids_1,68,18767,18857,sitting_still,2
1,vp1/run1b_2018-05-29-14-02-47.ids_1,68,18857,18947,sitting_still,3
1,vp1/run1b_2018-05-29-14-02-47.ids_1,68,18947,19037,sitting_still,4
1,vp1/run1b_2018-05-29-14-02-47.ids_1,68,19037,19127,sitting_still,5
1,vp1/run1b_2018-05-29-14-02-47.ids_1,68,19127,19173,sitting_still,6
1,vp1/run1b_2018-05-29-14-02-47.ids_1,69,20012,20070,pressing_automation_button,0
1,vp1/run1b_2018-05-29-14-02-47.ids_1,70,20070,20109,sitting_still,0
1,vp1/run1b_2018-05-29-14-02-47.ids_1,71,20109,20185,looking_or_moving_around (e.g. searching),0
1,vp1/run1b_2018-05-29-14-02-47.ids_1,72,20185,20275,fetching_an_object,0
1,vp1/run1b_2018-05-29-14-02-47.ids_1,72,20275,20314,fetching_an_object,1
1,vp1/run1b_2018-05-29-14-02-47.ids_1,73,20314,20404,reading_newspaper,0
1,vp1/run1b_2018-05-29-14-02-47.ids_1,73,20404,20494,reading_newspaper,1
1,vp1/run1b_2018-05-29-14-02-47.ids_1,73,20494,20584,reading_newspaper,2
1,vp1/run1b_2018-05-29-14-02-47.ids_1,73,20584,20674,reading_newspaper,3
1,vp1/run1b_2018-05-29-14-02-47.ids_1,73,20674,20764,reading_newspaper,4
1,vp1/run1b_2018-05-29-14-02-47.ids_1,73,20764,20854,reading_newspaper,5
1,vp1/run1b_2018-05-29-14-02-47.ids_1,73,20854,20944,reading_newspaper,6
1,vp1/run1b_2018-05-29-14-02-47.ids_1,73,20944,21034,reading_newspaper,7
1,vp1/run1b_2018-05-29-14-02-47.ids_1,73,21034,21124,reading_newspaper,8
1,vp1/run1b_2018-05-29-14-02-47.ids_1,73,21124,21214,reading_newspaper,9
1,vp1/run1b_2018-05-29-14-02-47.ids_1,73,21214,21304,reading_newspaper,10
1,vp1/run1b_2018-05-29-14-02-47.ids_1,73,21304,21394,reading_newspaper,11
1,vp1/run1b_2018-05-29-14-02-47.ids_1,73,21394,21484,reading_newspaper,12
1,vp1/run1b_2018-05-29-14-02-47.ids_1,73,21484,21574,reading_newspaper,13
1,vp1/run1b_2018-05-29-14-02-47.ids_1,73,21574,21664,reading_newspaper,14
1,vp1/run1b_2018-05-29-14-02-47.ids_1,73,21664,21754,reading_newspaper,15
1,vp1/run1b_2018-05-29-14-02-47.ids_1,73,21754,21838,reading_newspaper,16
1,vp1/run1b_2018-05-29-14-02-47.ids_1,74,21838,21903,placing_an_object,0
1,vp1/run1b_2018-05-29-14-02-47.ids_1,75,21903,21968,fetching_an_object,0
1,vp1/run1b_2018-05-29-14-02-47.ids_1,76,21968,22058,writing,0
1,vp1/run1b_2018-05-29-14-02-47.ids_1,76,22058,22148,writing,1
1,vp1/run1b_2018-05-29-14-02-47.ids_1,76,22148,22238,writing,2
1,vp1/run1b_2018-05-29-14-02-47.ids_1,76,22238,22328,writing,3
1,vp1/run1b_2018-05-29-14-02-47.ids_1,76,22328,22418,writing,4
1,vp1/run1b_2018-05-29-14-02-47.ids_1,76,22418,22470,writing,5
1,vp1/run1b_2018-05-29-14-02-47.ids_1,77,22470,22560,placing_an_object,0
1,vp1/run1b_2018-05-29-14-02-47.ids_1,77,22560,22620,placing_an_object,1
1,vp1/run1b_2018-05-29-14-02-47.ids_1,78,22620,22672,using_multimedia_display,0
1,vp1/run1b_2018-05-29-14-02-47.ids_1,79,22672,22762,sitting_still,0
1,vp1/run1b_2018-05-29-14-02-47.ids_1,79,22762,22852,sitting_still,1
1,vp1/run1b_2018-05-29-14-02-47.ids_1,79,22852,22942,sitting_still,2
1,vp1/run1b_2018-05-29-14-02-47.ids_1,79,22942,23032,sitting_still,3
1,vp1/run1b_2018-05-29-14-02-47.ids_1,79,23032,23122,sitting_still,4
1,vp1/run1b_2018-05-29-14-02-47.ids_1,79,23122,23212,sitting_still,5
1,vp1/run1b_2018-05-29-14-02-47.ids_1,79,23212,23302,sitting_still,6
1,vp1/run1b_2018-05-29-14-02-47.ids_1,79,23302,23392,sitting_still,7
1,vp1/run1b_2018-05-29-14-02-47.ids_1,79,23392,23482,sitting_still,8
1,vp1/run1b_2018-05-29-14-02-47.ids_1,79,23482,23572,sitting_still,9
1,vp1/run1b_2018-05-29-14-02-47.ids_1,79,23572,23662,sitting_still,10
1,vp1/run1b_2018-05-29-14-02-47.ids_1,79,23662,23712,sitting_still,11
1,vp1/run1b_2018-05-29-14-02-47.ids_1,80,23712,23802,fetching_an_object,0
1,vp1/run1b_2018-05-29-14-02-47.ids_1,80,23802,23858,fetching_an_object,1
1,vp1/run1b_2018-05-29-14-02-47.ids_1,81,24012,24069,putting_on_sunglasses,0
1,vp1/run1b_2018-05-29-14-02-47.ids_1,82,24069,24117,taking_off_sunglasses,0
1,vp1/run1b_2018-05-29-14-02-47.ids_1,83,24117,24153,putting_on_sunglasses,0
1,vp1/run1b_2018-05-29-14-02-47.ids_1,84,24413,24463,placing_an_object,0
1,vp1/run1b_2018-05-29-14-02-47.ids_1,85,24463,24503,using_multimedia_display,0
1,vp1/run1b_2018-05-29-14-02-47.ids_1,86,24503,24593,sitting_still,0
1,vp1/run1b_2018-05-29-14-02-47.ids_1,86,24593,24683,sitting_still,1
1,vp1/run1b_2018-05-29-14-02-47.ids_1,86,24683,24773,sitting_still,2
1,vp1/run1b_2018-05-29-14-02-47.ids_1,86,24773,24863,sitting_still,3
1,vp1/run1b_2018-05-29-14-02-47.ids_1,86,24863,24916,sitting_still,4
1,vp1/run1b_2018-05-29-14-02-47.ids_1,87,24916,25006,fetching_an_object,0
1,vp1/run1b_2018-05-29-14-02-47.ids_1,87,25006,25041,fetching_an_object,1
1,vp1/run1b_2018-05-29-14-02-47.ids_1,88,25041,25131,interacting_with_phone,0
1,vp1/run1b_2018-05-29-14-02-47.ids_1,88,25131,25137,interacting_with_phone,1
1,vp1/run1b_2018-05-29-14-02-47.ids_1,89,25140,25230,talking_on_phone,0
1,vp1/run1b_2018-05-29-14-02-47.ids_1,89,25230,25320,talking_on_phone,1
1,vp1/run1b_2018-05-29-14-02-47.ids_1,89,25320,25410,talking_on_phone,2
1,vp1/run1b_2018-05-29-14-02-47.ids_1,89,25410,25500,talking_on_phone,3
1,vp1/run1b_2018-05-29-14-02-47.ids_1,89,25500,25590,talking_on_phone,4
1,vp1/run1b_2018-05-29-14-02-47.ids_1,90,25591,25681,talking_on_phone,0
1,vp1/run1b_2018-05-29-14-02-47.ids_1,90,25681,25771,talking_on_phone,1
1,vp1/run1b_2018-05-29-14-02-47.ids_1,90,25771,25861,talking_on_phone,2
1,vp1/run1b_2018-05-29-14-02-47.ids_1,90,25861,25921,talking_on_phone,3
1,vp1/run1b_2018-05-29-14-02-47.ids_1,91,25921,25947,interacting_with_phone,0
1,vp1/run1b_2018-05-29-14-02-47.ids_1,92,25947,26037,placing_an_object,0
1,vp1/run1b_2018-05-29-14-02-47.ids_1,92,26037,26063,placing_an_object,1
1,vp1/run1b_2018-05-29-14-02-47.ids_1,93,26400,26490,pressing_automation_button,0
1,vp1/run1b_2018-05-29-14-02-47.ids_1,93,26490,26502,pressing_automation_button,1
1,vp1/run1b_2018-05-29-14-02-47.ids_1,94,26503,26593,sitting_still,0
1,vp1/run1b_2018-05-29-14-02-47.ids_1,94,26593,26610,sitting_still,1
1,vp1/run1b_2018-05-29-14-02-47.ids_1,95,26610,26638,using_multimedia_display,0
1,vp1/run1b_2018-05-29-14-02-47.ids_1,96,26640,26698,fetching_an_object,0
1,vp1/run1b_2018-05-29-14-02-47.ids_1,98,26701,26753,opening_bottle,0
1,vp1/run1b_2018-05-29-14-02-47.ids_1,99,26753,26843,drinking,0
1,vp1/run1b_2018-05-29-14-02-47.ids_1,99,26843,26913,drinking,1
1,vp1/run1b_2018-05-29-14-02-47.ids_1,100,26913,27003,closing_bottle,0
1,vp1/run1b_2018-05-29-14-02-47.ids_1,100,27003,27092,closing_bottle,1
1,vp1/run1b_2018-05-29-14-02-47.ids_1,101,27092,27152,fetching_an_object,0
1,vp1/run1b_2018-05-29-14-02-47.ids_1,102,27152,27242,preparing_food,0
1,vp1/run1b_2018-05-29-14-02-47.ids_1,102,27242,27332,preparing_food,1
1,vp1/run1b_2018-05-29-14-02-47.ids_1,102,27332,27422,preparing_food,2
1,vp1/run1b_2018-05-29-14-02-47.ids_1,102,27422,27496,preparing_food,3
1,vp1/run1b_2018-05-29-14-02-47.ids_1,103,27496,27559,eating,0
1,vp1/run1b_2018-05-29-14-02-47.ids_1,104,27886,27976,placing_an_object,0
1,vp1/run1b_2018-05-29-14-02-47.ids_1,104,27976,27985,placing_an_object,1
1,vp1/run1b_2018-05-29-14-02-47.ids_1,105,27985,28075,placing_an_object,0
1,vp1/run1b_2018-05-29-14-02-47.ids_1,105,28075,28165,placing_an_object,1
1,vp1/run1b_2018-05-29-14-02-47.ids_1,105,28165,28170,placing_an_object,2
1,vp1/run1b_2018-05-29-14-02-47.ids_1,106,28252,28342,pressing_automation_button,0
1,vp1/run1b_2018-05-29-14-02-47.ids_1,106,28342,28363,pressing_automation_button,1
1,vp1/run1b_2018-05-29-14-02-47.ids_1,107,28363,28453,sitting_still,0
1,vp1/run1b_2018-05-29-14-02-47.ids_1,107,28453,28472,sitting_still,1
1,vp1/run1b_2018-05-29-14-02-47.ids_1,108,28472,28537,fetching_an_object,0
1,vp1/run1b_2018-05-29-14-02-47.ids_1,109,28537,28568,preparing_food,0
1,vp1/run1b_2018-05-29-14-02-47.ids_1,110,28568,28658,eating,0
1,vp1/run1b_2018-05-29-14-02-47.ids_1,110,28658,28748,eating,1
1,vp1/run1b_2018-05-29-14-02-47.ids_1,110,28748,28808,eating,2
1,vp1/run1b_2018-05-29-14-02-47.ids_1,111,28893,28953,placing_an_object,0
1,vp1/run1b_2018-05-29-14-02-47.ids_1,112,28953,29023,fetching_an_object,0
1,vp1/run1b_2018-05-29-14-02-47.ids_1,113,29023,29091,opening_bottle,0
1,vp1/run1b_2018-05-29-14-02-47.ids_1,114,29091,29181,drinking,0
1,vp1/run1b_2018-05-29-14-02-47.ids_1,114,29181,29239,drinking,1
1,vp1/run1b_2018-05-29-14-02-47.ids_1,115,29239,29312,closing_bottle,0
1,vp1/run1b_2018-05-29-14-02-47.ids_1,116,29312,29348,placing_an_object,0
1,vp1/run1b_2018-05-29-14-02-47.ids_1,117,29348,29391,using_multimedia_display,0
1,vp1/run1b_2018-05-29-14-02-47.ids_1,118,29391,29481,sitting_still,0
1,vp1/run1b_2018-05-29-14-02-47.ids_1,118,29481,29571,sitting_still,1
1,vp1/run1b_2018-05-29-14-02-47.ids_1,118,29571,29661,sitting_still,2
1,vp1/run1b_2018-05-29-14-02-47.ids_1,118,29661,29751,sitting_still,3
1,vp1/run1b_2018-05-29-14-02-47.ids_1,118,29751,29804,sitting_still,4
1,vp1/run1b_2018-05-29-14-02-47.ids_1,119,29807,29897,fetching_an_object,0
1,vp1/run1b_2018-05-29-14-02-47.ids_1,120,29899,29989,reading_magazine,0
1,vp1/run1b_2018-05-29-14-02-47.ids_1,120,29989,30079,reading_magazine,1
1,vp1/run1b_2018-05-29-14-02-47.ids_1,120,30079,30169,reading_magazine,2
1,vp1/run1b_2018-05-29-14-02-47.ids_1,120,30169,30259,reading_magazine,3
1,vp1/run1b_2018-05-29-14-02-47.ids_1,120,30259,30349,reading_magazine,4
1,vp1/run1b_2018-05-29-14-02-47.ids_1,120,30349,30439,reading_magazine,5
1,vp1/run1b_2018-05-29-14-02-47.ids_1,120,30439,30529,reading_magazine,6
1,vp1/run1b_2018-05-29-14-02-47.ids_1,120,30529,30619,reading_magazine,7
1,vp1/run1b_2018-05-29-14-02-47.ids_1,120,30619,30709,reading_magazine,8
1,vp1/run1b_2018-05-29-14-02-47.ids_1,120,30709,30799,reading_magazine,9
1,vp1/run1b_2018-05-29-14-02-47.ids_1,120,30799,30889,reading_magazine,10
1,vp1/run1b_2018-05-29-14-02-47.ids_1,120,30889,30979,reading_magazine,11
1,vp1/run1b_2018-05-29-14-02-47.ids_1,120,30979,31069,reading_magazine,12
1,vp1/run1b_2018-05-29-14-02-47.ids_1,120,31069,31159,reading_magazine,13
1,vp1/run1b_2018-05-29-14-02-47.ids_1,120,31159,31249,reading_magazine,14
1,vp1/run1b_2018-05-29-14-02-47.ids_1,120,31249,31339,reading_magazine,15
1,vp1/run1b_2018-05-29-14-02-47.ids_1,120,31339,31429,reading_magazine,16
1,vp1/run1b_2018-05-29-14-02-47.ids_1,120,31429,31519,reading_magazine,17
1,vp1/run1b_2018-05-29-14-02-47.ids_1,120,31519,31586,reading_magazine,18
1,vp1/run1b_2018-05-29-14-02-47.ids_1,121,31587,31632,placing_an_object,0
1,vp1/run1b_2018-05-29-14-02-47.ids_1,122,31632,31696,fetching_an_object,0
1,vp1/run1b_2018-05-29-14-02-47.ids_1,123,31696,31786,writing,0
1,vp1/run1b_2018-05-29-14-02-47.ids_1,123,31786,31876,writing,1
1,vp1/run1b_2018-05-29-14-02-47.ids_1,123,31876,31966,writing,2
1,vp1/run1b_2018-05-29-14-02-47.ids_1,123,31966,32056,writing,3
1,vp1/run1b_2018-05-29-14-02-47.ids_1,123,32056,32146,writing,4
1,vp1/run1b_2018-05-29-14-02-47.ids_1,123,32146,32194,writing,5
1,vp1/run1b_2018-05-29-14-02-47.ids_1,124,32194,32284,sitting_still,0
1,vp1/run1b_2018-05-29-14-02-47.ids_1,124,32284,32300,sitting_still,1
1,vp1/run1b_2018-05-29-14-02-47.ids_1,125,32302,32370,placing_an_object,0
1,vp1/run1b_2018-05-29-14-02-47.ids_1,126,32370,32449,using_multimedia_display,0
1,vp1/run1b_2018-05-29-14-02-47.ids_1,127,32505,32595,sitting_still,0
1,vp1/run1b_2018-05-29-14-02-47.ids_1,127,32595,32685,sitting_still,1
1,vp1/run1b_2018-05-29-14-02-47.ids_1,127,32685,32775,sitting_still,2
1,vp1/run1b_2018-05-29-14-02-47.ids_1,128,32818,32834,sitting_still,0
1,vp1/run1b_2018-05-29-14-02-47.ids_1,129,33646,33736,sitting_still,0
1,vp1/run1b_2018-05-29-14-02-47.ids_1,129,33736,33826,sitting_still,1
1,vp1/run1b_2018-05-29-14-02-47.ids_1,130,33826,33891,pressing_automation_button,0
1,vp1/run1b_2018-05-29-14-02-47.ids_1,131,34012,34089,pressing_automation_button,0
1,vp1/run1b_2018-05-29-14-02-47.ids_1,132,34089,34179,sitting_still,0
1,vp1/run1b_2018-05-29-14-02-47.ids_1,132,34179,34269,sitting_still,1
1,vp1/run1b_2018-05-29-14-02-47.ids_1,132,34269,34359,sitting_still,2
1,vp1/run1b_2018-05-29-14-02-47.ids_1,132,34359,34449,sitting_still,3
1,vp1/run1b_2018-05-29-14-02-47.ids_1,132,34449,34539,sitting_still,4
1,vp1/run1b_2018-05-29-14-02-47.ids_1,132,34539,34629,sitting_still,5
1,vp1/run1b_2018-05-29-14-02-47.ids_1,132,34629,34648,sitting_still,6
1,vp1/run1b_2018-05-29-14-02-47.ids_1,133,34756,34846,sitting_still,0
1,vp1/run1b_2018-05-29-14-02-47.ids_1,133,34846,34936,sitting_still,1
1,vp1/run1b_2018-05-29-14-02-47.ids_1,133,34936,35026,sitting_still,2
1,vp1/run1b_2018-05-29-14-02-47.ids_1,133,35026,35116,sitting_still,3
1,vp1/run1b_2018-05-29-14-02-47.ids_1,133,35116,35206,sitting_still,4
1,vp1/run1b_2018-05-29-14-02-47.ids_1,133,35206,35296,sitting_still,5
1,vp1/run1b_2018-05-29-14-02-47.ids_1,133,35296,35386,sitting_still,6
1,vp1/run1b_2018-05-29-14-02-47.ids_1,133,35386,35476,sitting_still,7
1,vp1/run1b_2018-05-29-14-02-47.ids_1,133,35476,35566,sitting_still,8
1,vp1/run1b_2018-05-29-14-02-47.ids_1,133,35566,35589,sitting_still,9
1,vp1/run1b_2018-05-29-14-02-47.ids_1,134,35589,35679,unfastening_seat_belt,0
1,vp1/run1b_2018-05-29-14-02-47.ids_1,134,35679,35691,unfastening_seat_belt,1
1,vp1/run1b_2018-05-29-14-02-47.ids_1,135,35691,35781,taking_off_jacket,0
1,vp1/run1b_2018-05-29-14-02-47.ids_1,135,35781,35871,taking_off_jacket,1
1,vp1/run1b_2018-05-29-14-02-47.ids_1,135,35871,35961,taking_off_jacket,2
1,vp1/run1b_2018-05-29-14-02-47.ids_1,135,35961,36042,taking_off_jacket,3
1,vp1/run1b_2018-05-29-14-02-47.ids_1,136,36042,36111,placing_an_object,0
1,vp1/run1b_2018-05-29-14-02-47.ids_1,137,36111,36201,fastening_seat_belt,0
1,vp1/run1b_2018-05-29-14-02-47.ids_1,137,36201,36224,fastening_seat_belt,1
1,vp1/run1b_2018-05-29-14-02-47.ids_1,138,36224,36285,using_multimedia_display,0
1,vp1/run1b_2018-05-29-14-02-47.ids_1,139,36285,36375,sitting_still,0
1,vp1/run1b_2018-05-29-14-02-47.ids_1,139,36375,36465,sitting_still,1
1,vp1/run1b_2018-05-29-14-02-47.ids_1,139,36465,36555,sitting_still,2
1,vp1/run1b_2018-05-29-14-02-47.ids_1,139,36555,36645,sitting_still,3
1,vp1/run1b_2018-05-29-14-02-47.ids_1,139,36645,36735,sitting_still,4
1,vp1/run1b_2018-05-29-14-02-47.ids_1,139,36735,36825,sitting_still,5
1,vp1/run1b_2018-05-29-14-02-47.ids_1,139,36825,36915,sitting_still,6
1,vp1/run1b_2018-05-29-14-02-47.ids_1,139,36915,37005,sitting_still,7
1,vp1/run1b_2018-05-29-14-02-47.ids_1,139,37005,37082,sitting_still,8
1,vp1/run1b_2018-05-29-14-02-47.ids_1,140,37082,37157,pressing_automation_button,0
1,vp1/run1b_2018-05-29-14-02-47.ids_1,141,37456,37546,unfastening_seat_belt,0
1,vp1/run1b_2018-05-29-14-02-47.ids_1,141,37546,37576,unfastening_seat_belt,1
1,vp1/run1b_2018-05-29-14-02-47.ids_1,142,37576,37624,opening_door_inside,0
1,vp1/run1b_2018-05-29-14-02-47.ids_1,143,37624,37694,exiting_car,0
1,vp1/run1b_2018-05-29-14-02-47.ids_1,144,37694,37740,closing_door_outside,0
1,vp1/run1b_2018-05-29-14-02-47.ids_1,145,37740,37785,standing_by_the_door,0
1,vp1/run2_2018-05-29-14-33-44.ids_1,0,106,146,opening_door_outside,0
1,vp1/run2_2018-05-29-14-33-44.ids_1,1,146,217,entering_car,0
1,vp1/run2_2018-05-29-14-33-44.ids_1,2,217,243,closing_door_inside,0
1,vp1/run2_2018-05-29-14-33-44.ids_1,3,243,333,fastening_seat_belt,0
1,vp1/run2_2018-05-29-14-33-44.ids_1,3,333,368,fastening_seat_belt,1
1,vp1/run2_2018-05-29-14-33-44.ids_1,4,376,398,using_multimedia_display,0
1,vp1/run2_2018-05-29-14-33-44.ids_1,5,1353,1388,using_multimedia_display,0
1,vp1/run2_2018-05-29-14-33-44.ids_1,6,6849,6854,pressing_automation_button,0
1,vp1/run2_2018-05-29-14-33-44.ids_1,7,6901,6925,using_multimedia_display,0
1,vp1/run2_2018-05-29-14-33-44.ids_1,8,6952,7042,sitting_still,0
1,vp1/run2_2018-05-29-14-33-44.ids_1,8,7042,7132,sitting_still,1
1,vp1/run2_2018-05-29-14-33-44.ids_1,8,7132,7222,sitting_still,2
1,vp1/run2_2018-05-29-14-33-44.ids_1,8,7222,7312,sitting_still,3
1,vp1/run2_2018-05-29-14-33-44.ids_1,8,7312,7402,sitting_still,4
1,vp1/run2_2018-05-29-14-33-44.ids_1,8,7402,7492,sitting_still,5
1,vp1/run2_2018-05-29-14-33-44.ids_1,8,7492,7582,sitting_still,6
1,vp1/run2_2018-05-29-14-33-44.ids_1,8,7582,7672,sitting_still,7
1,vp1/run2_2018-05-29-14-33-44.ids_1,8,7672,7762,sitting_still,8
1,vp1/run2_2018-05-29-14-33-44.ids_1,8,7762,7852,sitting_still,9
1,vp1/run2_2018-05-29-14-33-44.ids_1,8,7852,7912,sitting_still,10
1,vp1/run2_2018-05-29-14-33-44.ids_1,9,8702,8718,pressing_automation_button,0
1,vp1/run2_2018-05-29-14-33-44.ids_1,10,9009,9068,unfastening_seat_belt,0
1,vp1/run2_2018-05-29-14-33-44.ids_1,11,9070,9160,fetching_an_object,0
1,vp1/run2_2018-05-29-14-33-44.ids_1,11,9160,9250,fetching_an_object,1
1,vp1/run2_2018-05-29-14-33-44.ids_1,11,9250,9289,fetching_an_object,2
1,vp1/run2_2018-05-29-14-33-44.ids_1,12,9289,9379,putting_on_jacket,0
1,vp1/run2_2018-05-29-14-33-44.ids_1,12,9379,9469,putting_on_jacket,1
1,vp1/run2_2018-05-29-14-33-44.ids_1,12,9469,9519,putting_on_jacket,2
1,vp1/run2_2018-05-29-14-33-44.ids_1,13,9519,9609,fastening_seat_belt,0
1,vp1/run2_2018-05-29-14-33-44.ids_1,13,9609,9643,fastening_seat_belt,1
1,vp1/run2_2018-05-29-14-33-44.ids_1,14,9648,9670,using_multimedia_display,0
1,vp1/run2_2018-05-29-14-33-44.ids_1,15,9699,9789,sitting_still,0
1,vp1/run2_2018-05-29-14-33-44.ids_1,15,9789,9879,sitting_still,1
1,vp1/run2_2018-05-29-14-33-44.ids_1,15,9879,9969,sitting_still,2
1,vp1/run2_2018-05-29-14-33-44.ids_1,15,9969,10059,sitting_still,3
1,vp1/run2_2018-05-29-14-33-44.ids_1,15,10059,10149,sitting_still,4
1,vp1/run2_2018-05-29-14-33-44.ids_1,15,10149,10239,sitting_still,5
1,vp1/run2_2018-05-29-14-33-44.ids_1,15,10239,10329,sitting_still,6
1,vp1/run2_2018-05-29-14-33-44.ids_1,15,10329,10419,sitting_still,7
1,vp1/run2_2018-05-29-14-33-44.ids_1,15,10419,10509,sitting_still,8
1,vp1/run2_2018-05-29-14-33-44.ids_1,15,10509,10599,sitting_still,9
1,vp1/run2_2018-05-29-14-33-44.ids_1,15,10599,10689,sitting_still,10
1,vp1/run2_2018-05-29-14-33-44.ids_1,15,10689,10779,sitting_still,11
1,vp1/run2_2018-05-29-14-33-44.ids_1,15,10779,10869,sitting_still,12
1,vp1/run2_2018-05-29-14-33-44.ids_1,15,10869,10959,sitting_still,13
1,vp1/run2_2018-05-29-14-33-44.ids_1,15,10959,11049,sitting_still,14
1,vp1/run2_2018-05-29-14-33-44.ids_1,15,11049,11139,sitting_still,15
1,vp1/run2_2018-05-29-14-33-44.ids_1,15,11139,11229,sitting_still,16
1,vp1/run2_2018-05-29-14-33-44.ids_1,15,11229,11319,sitting_still,17
1,vp1/run2_2018-05-29-14-33-44.ids_1,15,11319,11409,sitting_still,18
1,vp1/run2_2018-05-29-14-33-44.ids_1,15,11409,11499,sitting_still,19
1,vp1/run2_2018-05-29-14-33-44.ids_1,15,11499,11589,sitting_still,20
1,vp1/run2_2018-05-29-14-33-44.ids_1,15,11589,11679,sitting_still,21
1,vp1/run2_2018-05-29-14-33-44.ids_1,15,11679,11769,sitting_still,22
1,vp1/run2_2018-05-29-14-33-44.ids_1,15,11769,11859,sitting_still,23
1,vp1/run2_2018-05-29-14-33-44.ids_1,15,11859,11949,sitting_still,24
1,vp1/run2_2018-05-29-14-33-44.ids_1,15,11949,12039,sitting_still,25
1,vp1/run2_2018-05-29-14-33-44.ids_1,15,12039,12129,sitting_still,26
1,vp1/run2_2018-05-29-14-33-44.ids_1,15,12129,12219,sitting_still,27
1,vp1/run2_2018-05-29-14-33-44.ids_1,15,12219,12309,sitting_still,28
1,vp1/run2_2018-05-29-14-33-44.ids_1,15,12309,12399,sitting_still,29
1,vp1/run2_2018-05-29-14-33-44.ids_1,15,12399,12489,sitting_still,30
1,vp1/run2_2018-05-29-14-33-44.ids_1,15,12489,12579,sitting_still,31
1,vp1/run2_2018-05-29-14-33-44.ids_1,15,12579,12669,sitting_still,32
1,vp1/run2_2018-05-29-14-33-44.ids_1,15,12669,12759,sitting_still,33
1,vp1/run2_2018-05-29-14-33-44.ids_1,15,12759,12768,sitting_still,34
1,vp1/run2_2018-05-29-14-33-44.ids_1,16,12768,12858,fetching_an_object,0
1,vp1/run2_2018-05-29-14-33-44.ids_1,16,12858,12874,fetching_an_object,1
1,vp1/run2_2018-05-29-14-33-44.ids_1,17,12874,12964,putting_on_sunglasses,0
1,vp1/run2_2018-05-29-14-33-44.ids_1,17,12964,13054,putting_on_sunglasses,1
1,vp1/run2_2018-05-29-14-33-44.ids_1,17,13054,13144,putting_on_sunglasses,2
1,vp1/run2_2018-05-29-14-33-44.ids_1,17,13144,13210,putting_on_sunglasses,3
1,vp1/run2_2018-05-29-14-33-44.ids_1,18,13210,13271,placing_an_object,0
1,vp1/run2_2018-05-29-14-33-44.ids_1,19,13281,13305,using_multimedia_display,0
1,vp1/run2_2018-05-29-14-33-44.ids_1,20,13329,13419,sitting_still,0
1,vp1/run2_2018-05-29-14-33-44.ids_1,20,13419,13509,sitting_still,1
1,vp1/run2_2018-05-29-14-33-44.ids_1,20,13509,13599,sitting_still,2
1,vp1/run2_2018-05-29-14-33-44.ids_1,20,13599,13689,sitting_still,3
1,vp1/run2_2018-05-29-14-33-44.ids_1,20,13689,13779,sitting_still,4
1,vp1/run2_2018-05-29-14-33-44.ids_1,20,13779,13869,sitting_still,5
1,vp1/run2_2018-05-29-14-33-44.ids_1,20,13869,13959,sitting_still,6
1,vp1/run2_2018-05-29-14-33-44.ids_1,20,13959,14049,sitting_still,7
1,vp1/run2_2018-05-29-14-33-44.ids_1,20,14049,14139,sitting_still,8
1,vp1/run2_2018-05-29-14-33-44.ids_1,20,14139,14229,sitting_still,9
1,vp1/run2_2018-05-29-14-33-44.ids_1,20,14229,14319,sitting_still,10
1,vp1/run2_2018-05-29-14-33-44.ids_1,20,14319,14329,sitting_still,11
1,vp1/run2_2018-05-29-14-33-44.ids_1,21,14359,14439,unfastening_seat_belt,0
1,vp1/run2_2018-05-29-14-33-44.ids_1,22,14450,14540,taking_off_jacket,0
1,vp1/run2_2018-05-29-14-33-44.ids_1,22,14540,14630,taking_off_jacket,1
1,vp1/run2_2018-05-29-14-33-44.ids_1,22,14630,14686,taking_off_jacket,2
1,vp1/run2_2018-05-29-14-33-44.ids_1,23,14686,14776,placing_an_object,0
1,vp1/run2_2018-05-29-14-33-44.ids_1,23,14776,14821,placing_an_object,1
1,vp1/run2_2018-05-29-14-33-44.ids_1,24,14841,14931,fastening_seat_belt,0
1,vp1/run2_2018-05-29-14-33-44.ids_1,24,14931,14950,fastening_seat_belt,1
1,vp1/run2_2018-05-29-14-33-44.ids_1,25,14960,14985,using_multimedia_display,0
1,vp1/run2_2018-05-29-14-33-44.ids_1,26,15154,15244,sitting_still,0
1,vp1/run2_2018-05-29-14-33-44.ids_1,26,15244,15334,sitting_still,1
1,vp1/run2_2018-05-29-14-33-44.ids_1,26,15334,15416,sitting_still,2
1,vp1/run2_2018-05-29-14-33-44.ids_1,27,15651,15661,pressing_automation_button,0
1,vp1/run2_2018-05-29-14-33-44.ids_1,28,15824,15835,pressing_automation_button,0
1,vp1/run2_2018-05-29-14-33-44.ids_1,29,15883,15973,sitting_still,0
1,vp1/run2_2018-05-29-14-33-44.ids_1,29,15973,16063,sitting_still,1
1,vp1/run2_2018-05-29-14-33-44.ids_1,29,16063,16106,sitting_still,2
1,vp1/run2_2018-05-29-14-33-44.ids_1,30,16113,16203,fetching_an_object,0
1,vp1/run2_2018-05-29-14-33-44.ids_1,30,16203,16234,fetching_an_object,1
1,vp1/run2_2018-05-29-14-33-44.ids_1,31,16234,16324,reading_magazine,0
1,vp1/run2_2018-05-29-14-33-44.ids_1,31,16324,16414,reading_magazine,1
1,vp1/run2_2018-05-29-14-33-44.ids_1,31,16414,16504,reading_magazine,2
1,vp1/run2_2018-05-29-14-33-44.ids_1,31,16504,16594,reading_magazine,3
1,vp1/run2_2018-05-29-14-33-44.ids_1,31,16594,16684,reading_magazine,4
1,vp1/run2_2018-05-29-14-33-44.ids_1,31,16684,16774,reading_magazine,5
1,vp1/run2_2018-05-29-14-33-44.ids_1,31,16774,16864,reading_magazine,6
1,vp1/run2_2018-05-29-14-33-44.ids_1,31,16864,16954,reading_magazine,7
1,vp1/run2_2018-05-29-14-33-44.ids_1,31,16954,17044,reading_magazine,8
1,vp1/run2_2018-05-29-14-33-44.ids_1,31,17044,17134,reading_magazine,9
1,vp1/run2_2018-05-29-14-33-44.ids_1,31,17134,17224,reading_magazine,10
1,vp1/run2_2018-05-29-14-33-44.ids_1,31,17224,17314,reading_magazine,11
1,vp1/run2_2018-05-29-14-33-44.ids_1,31,17314,17404,reading_magazine,12
1,vp1/run2_2018-05-29-14-33-44.ids_1,31,17404,17494,reading_magazine,13
1,vp1/run2_2018-05-29-14-33-44.ids_1,31,17494,17584,reading_magazine,14
1,vp1/run2_2018-05-29-14-33-44.ids_1,31,17584,17668,reading_magazine,15
1,vp1/run2_2018-05-29-14-33-44.ids_1,32,17668,17758,placing_an_object,0
1,vp1/run2_2018-05-29-14-33-44.ids_1,32,17758,17813,placing_an_object,1
1,vp1/run2_2018-05-29-14-33-44.ids_1,33,17813,17827,looking_or_moving_around (e.g. searching),0
1,vp1/run2_2018-05-29-14-33-44.ids_1,34,17827,17917,fetching_an_object,0
1,vp1/run2_2018-05-29-14-33-44.ids_1,34,17917,17961,fetching_an_object,1
1,vp1/run2_2018-05-29-14-33-44.ids_1,35,17961,18051,writing,0
1,vp1/run2_2018-05-29-14-33-44.ids_1,35,18051,18141,writing,1
1,vp1/run2_2018-05-29-14-33-44.ids_1,35,18141,18231,writing,2
1,vp1/run2_2018-05-29-14-33-44.ids_1,35,18231,18321,writing,3
1,vp1/run2_2018-05-29-14-33-44.ids_1,35,18321,18411,writing,4
1,vp1/run2_2018-05-29-14-33-44.ids_1,35,18411,18501,writing,5
1,vp1/run2_2018-05-29-14-33-44.ids_1,35,18501,18591,writing,6
1,vp1/run2_2018-05-29-14-33-44.ids_1,35,18591,18647,writing,7
1,vp1/run2_2018-05-29-14-33-44.ids_1,36,18647,18737,placing_an_object,0
1,vp1/run2_2018-05-29-14-33-44.ids_1,36,18737,18827,placing_an_object,1
1,vp1/run2_2018-05-29-14-33-44.ids_1,36,18827,18909,placing_an_object,2
1,vp1/run2_2018-05-29-14-33-44.ids_1,37,18915,19005,sitting_still,0
1,vp1/run2_2018-05-29-14-33-44.ids_1,37,19005,19095,sitting_still,1
1,vp1/run2_2018-05-29-14-33-44.ids_1,37,19095,19185,sitting_still,2
1,vp1/run2_2018-05-29-14-33-44.ids_1,37,19185,19275,sitting_still,3
1,vp1/run2_2018-05-29-14-33-44.ids_1,37,19275,19365,sitting_still,4
1,vp1/run2_2018-05-29-14-33-44.ids_1,37,19365,19455,sitting_still,5
1,vp1/run2_2018-05-29-14-33-44.ids_1,37,19455,19539,sitting_still,6
1,vp1/run2_2018-05-29-14-33-44.ids_1,38,19539,19575,looking_or_moving_around (e.g. searching),0
1,vp1/run2_2018-05-29-14-33-44.ids_1,39,19575,19665,fetching_an_object,0
1,vp1/run2_2018-05-29-14-33-44.ids_1,39,19665,19684,fetching_an_object,1
1,vp1/run2_2018-05-29-14-33-44.ids_1,40,19684,19774,preparing_food,0
1,vp1/run2_2018-05-29-14-33-44.ids_1,40,19774,19797,preparing_food,1
1,vp1/run2_2018-05-29-14-33-44.ids_1,41,19797,19887,eating,0
1,vp1/run2_2018-05-29-14-33-44.ids_1,41,19887,19977,eating,1
1,vp1/run2_2018-05-29-14-33-44.ids_1,41,19977,20067,eating,2
1,vp1/run2_2018-05-29-14-33-44.ids_1,41,20067,20157,eating,3
1,vp1/run2_2018-05-29-14-33-44.ids_1,41,20157,20247,eating,4
1,vp1/run2_2018-05-29-14-33-44.ids_1,41,20247,20337,eating,5
1,vp1/run2_2018-05-29-14-33-44.ids_1,41,20337,20427,eating,6
1,vp1/run2_2018-05-29-14-33-44.ids_1,41,20427,20517,eating,7
1,vp1/run2_2018-05-29-14-33-44.ids_1,41,20517,20542,eating,8
1,vp1/run2_2018-05-29-14-33-44.ids_1,42,20542,20632,placing_an_object,0
1,vp1/run2_2018-05-29-14-33-44.ids_1,42,20632,20722,placing_an_object,1
1,vp1/run2_2018-05-29-14-33-44.ids_1,42,20722,20770,placing_an_object,2
1,vp1/run2_2018-05-29-14-33-44.ids_1,43,20770,20848,eating,0
1,vp1/run2_2018-05-29-14-33-44.ids_1,44,20902,20983,fetching_an_object,0
1,vp1/run2_2018-05-29-14-33-44.ids_1,45,20983,21073,opening_bottle,0
1,vp1/run2_2018-05-29-14-33-44.ids_1,45,21073,21081,opening_bottle,1
1,vp1/run2_2018-05-29-14-33-44.ids_1,46,21195,21285,drinking,0
1,vp1/run2_2018-05-29-14-33-44.ids_1,46,21285,21375,drinking,1
1,vp1/run2_2018-05-29-14-33-44.ids_1,46,21375,21404,drinking,2
1,vp1/run2_2018-05-29-14-33-44.ids_1,47,21522,21612,closing_bottle,0
1,vp1/run2_2018-05-29-14-33-44.ids_1,47,21612,21620,closing_bottle,1
1,vp1/run2_2018-05-29-14-33-44.ids_1,48,21620,21710,placing_an_object,0
1,vp1/run2_2018-05-29-14-33-44.ids_1,48,21710,21716,placing_an_object,1
1,vp1/run2_2018-05-29-14-33-44.ids_1,49,22399,22413,pressing_automation_button,0
1,vp1/run2_2018-05-29-14-33-44.ids_1,50,22738,22763,using_multimedia_display,0
1,vp1/run2_2018-05-29-14-33-44.ids_1,51,22789,22879,sitting_still,0
1,vp1/run2_2018-05-29-14-33-44.ids_1,51,22879,22969,sitting_still,1
1,vp1/run2_2018-05-29-14-33-44.ids_1,51,22969,23059,sitting_still,2
1,vp1/run2_2018-05-29-14-33-44.ids_1,51,23059,23149,sitting_still,3
1,vp1/run2_2018-05-29-14-33-44.ids_1,51,23149,23239,sitting_still,4
1,vp1/run2_2018-05-29-14-33-44.ids_1,51,23239,23329,sitting_still,5
1,vp1/run2_2018-05-29-14-33-44.ids_1,51,23329,23409,sitting_still,6
1,vp1/run2_2018-05-29-14-33-44.ids_1,52,23409,23499,fetching_an_object,0
1,vp1/run2_2018-05-29-14-33-44.ids_1,52,23499,23577,fetching_an_object,1
1,vp1/run2_2018-05-29-14-33-44.ids_1,53,23577,23667,reading_newspaper,0
1,vp1/run2_2018-05-29-14-33-44.ids_1,53,23667,23757,reading_newspaper,1
1,vp1/run2_2018-05-29-14-33-44.ids_1,53,23757,23847,reading_newspaper,2
1,vp1/run2_2018-05-29-14-33-44.ids_1,53,23847,23937,reading_newspaper,3
1,vp1/run2_2018-05-29-14-33-44.ids_1,53,23937,24027,reading_newspaper,4
1,vp1/run2_2018-05-29-14-33-44.ids_1,53,24027,24117,reading_newspaper,5
1,vp1/run2_2018-05-29-14-33-44.ids_1,53,24117,24207,reading_newspaper,6
1,vp1/run2_2018-05-29-14-33-44.ids_1,53,24207,24297,reading_newspaper,7
1,vp1/run2_2018-05-29-14-33-44.ids_1,53,24297,24387,reading_newspaper,8
1,vp1/run2_2018-05-29-14-33-44.ids_1,53,24387,24477,reading_newspaper,9
1,vp1/run2_2018-05-29-14-33-44.ids_1,53,24477,24552,reading_newspaper,10
1,vp1/run2_2018-05-29-14-33-44.ids_1,54,24552,24627,placing_an_object,0
1,vp1/run2_2018-05-29-14-33-44.ids_1,55,24627,24717,fetching_an_object,0
1,vp1/run2_2018-05-29-14-33-44.ids_1,55,24717,24807,fetching_an_object,1
1,vp1/run2_2018-05-29-14-33-44.ids_1,55,24807,24824,fetching_an_object,2
1,vp1/run2_2018-05-29-14-33-44.ids_1,56,24824,24914,writing,0
1,vp1/run2_2018-05-29-14-33-44.ids_1,56,24914,25004,writing,1
1,vp1/run2_2018-05-29-14-33-44.ids_1,56,25004,25094,writing,2
1,vp1/run2_2018-05-29-14-33-44.ids_1,56,25094,25113,writing,3
1,vp1/run2_2018-05-29-14-33-44.ids_1,57,25113,25183,fetching_an_object,0
1,vp1/run2_2018-05-29-14-33-44.ids_1,58,25183,25273,reading_newspaper,0
1,vp1/run2_2018-05-29-14-33-44.ids_1,58,25273,25363,reading_newspaper,1
1,vp1/run2_2018-05-29-14-33-44.ids_1,58,25363,25402,reading_newspaper,2
1,vp1/run2_2018-05-29-14-33-44.ids_1,59,25402,25441,placing_an_object,0
1,vp1/run2_2018-05-29-14-33-44.ids_1,60,25441,25531,writing,0
1,vp1/run2_2018-05-29-14-33-44.ids_1,60,25531,25621,writing,1
1,vp1/run2_2018-05-29-14-33-44.ids_1,60,25621,25711,writing,2
1,vp1/run2_2018-05-29-14-33-44.ids_1,60,25711,25795,writing,3
1,vp1/run2_2018-05-29-14-33-44.ids_1,61,25795,25885,placing_an_object,0
1,vp1/run2_2018-05-29-14-33-44.ids_1,61,25885,25975,placing_an_object,1
1,vp1/run2_2018-05-29-14-33-44.ids_1,61,25975,26000,placing_an_object,2
1,vp1/run2_2018-05-29-14-33-44.ids_1,62,26010,26024,using_multimedia_display,0
1,vp1/run2_2018-05-29-14-33-44.ids_1,63,26068,26158,sitting_still,0
1,vp1/run2_2018-05-29-14-33-44.ids_1,63,26158,26248,sitting_still,1
1,vp1/run2_2018-05-29-14-33-44.ids_1,63,26248,26338,sitting_still,2
1,vp1/run2_2018-05-29-14-33-44.ids_1,63,26338,26428,sitting_still,3
1,vp1/run2_2018-05-29-14-33-44.ids_1,63,26428,26516,sitting_still,4
1,vp1/run2_2018-05-29-14-33-44.ids_1,64,26516,26567,looking_or_moving_around (e.g. searching),0
1,vp1/run2_2018-05-29-14-33-44.ids_1,65,26567,26657,fetching_an_object,0
1,vp1/run2_2018-05-29-14-33-44.ids_1,65,26657,26726,fetching_an_object,1
1,vp1/run2_2018-05-29-14-33-44.ids_1,66,26726,26800,interacting_with_phone,0
1,vp1/run2_2018-05-29-14-33-44.ids_1,67,26800,26890,talking_on_phone,0
1,vp1/run2_2018-05-29-14-33-44.ids_1,67,26890,26980,talking_on_phone,1
1,vp1/run2_2018-05-29-14-33-44.ids_1,67,26980,27070,talking_on_phone,2
1,vp1/run2_2018-05-29-14-33-44.ids_1,67,27070,27160,talking_on_phone,3
1,vp1/run2_2018-05-29-14-33-44.ids_1,67,27160,27250,talking_on_phone,4
1,vp1/run2_2018-05-29-14-33-44.ids_1,67,27250,27340,talking_on_phone,5
1,vp1/run2_2018-05-29-14-33-44.ids_1,67,27340,27430,talking_on_phone,6
1,vp1/run2_2018-05-29-14-33-44.ids_1,67,27430,27520,talking_on_phone,7
1,vp1/run2_2018-05-29-14-33-44.ids_1,67,27520,27610,talking_on_phone,8
1,vp1/run2_2018-05-29-14-33-44.ids_1,67,27610,27700,talking_on_phone,9
1,vp1/run2_2018-05-29-14-33-44.ids_1,67,27700,27790,talking_on_phone,10
1,vp1/run2_2018-05-29-14-33-44.ids_1,67,27790,27880,talking_on_phone,11
1,vp1/run2_2018-05-29-14-33-44.ids_1,67,27880,27970,talking_on_phone,12
1,vp1/run2_2018-05-29-14-33-44.ids_1,67,27970,28060,talking_on_phone,13
1,vp1/run2_2018-05-29-14-33-44.ids_1,67,28060,28150,talking_on_phone,14
1,vp1/run2_2018-05-29-14-33-44.ids_1,67,28150,28240,talking_on_phone,15
1,vp1/run2_2018-05-29-14-33-44.ids_1,67,28240,28324,talking_on_phone,16
1,vp1/run2_2018-05-29-14-33-44.ids_1,68,28324,28414,interacting_with_phone,0
1,vp1/run2_2018-05-29-14-33-44.ids_1,68,28414,28504,interacting_with_phone,1
1,vp1/run2_2018-05-29-14-33-44.ids_1,68,28504,28520,interacting_with_phone,2
1,vp1/run2_2018-05-29-14-33-44.ids_1,69,28520,28610,placing_an_object,0
1,vp1/run2_2018-05-29-14-33-44.ids_1,69,28610,28624,placing_an_object,1
1,vp1/run2_2018-05-29-14-33-44.ids_1,70,28892,28900,pressing_automation_button,0
1,vp1/run2_2018-05-29-14-33-44.ids_1,71,29047,29103,using_multimedia_display,0
1,vp1/run2_2018-05-29-14-33-44.ids_1,72,29169,29259,using_multimedia_display,0
1,vp1/run2_2018-05-29-14-33-44.ids_1,72,29259,29349,using_multimedia_display,1
1,vp1/run2_2018-05-29-14-33-44.ids_1,72,29349,29439,using_multimedia_display,2
1,vp1/run2_2018-05-29-14-33-44.ids_1,72,29439,29488,using_multimedia_display,3
1,vp1/run2_2018-05-29-14-33-44.ids_1,73,29488,29578,sitting_still,0
1,vp1/run2_2018-05-29-14-33-44.ids_1,73,29578,29668,sitting_still,1
1,vp1/run2_2018-05-29-14-33-44.ids_1,73,29668,29690,sitting_still,2
1,vp1/run2_2018-05-29-14-33-44.ids_1,74,29703,29793,using_multimedia_display,0
1,vp1/run2_2018-05-29-14-33-44.ids_1,74,29793,29883,using_multimedia_display,1
1,vp1/run2_2018-05-29-14-33-44.ids_1,74,29883,29893,using_multimedia_display,2
1,vp1/run2_2018-05-29-14-33-44.ids_1,75,29924,30014,sitting_still,0
1,vp1/run2_2018-05-29-14-33-44.ids_1,75,30014,30104,sitting_still,1
1,vp1/run2_2018-05-29-14-33-44.ids_1,75,30104,30194,sitting_still,2
1,vp1/run2_2018-05-29-14-33-44.ids_1,75,30194,30284,sitting_still,3
1,vp1/run2_2018-05-29-14-33-44.ids_1,75,30284,30374,sitting_still,4
1,vp1/run2_2018-05-29-14-33-44.ids_1,75,30374,30464,sitting_still,5
1,vp1/run2_2018-05-29-14-33-44.ids_1,75,30464,30554,sitting_still,6
1,vp1/run2_2018-05-29-14-33-44.ids_1,75,30554,30644,sitting_still,7
1,vp1/run2_2018-05-29-14-33-44.ids_1,75,30644,30734,sitting_still,8
1,vp1/run2_2018-05-29-14-33-44.ids_1,75,30734,30824,sitting_still,9
1,vp1/run2_2018-05-29-14-33-44.ids_1,75,30824,30887,sitting_still,10
1,vp1/run2_2018-05-29-14-33-44.ids_1,77,31186,31276,sitting_still,0
1,vp1/run2_2018-05-29-14-33-44.ids_1,77,31276,31366,sitting_still,1
1,vp1/run2_2018-05-29-14-33-44.ids_1,77,31366,31456,sitting_still,2
1,vp1/run2_2018-05-29-14-33-44.ids_1,77,31456,31546,sitting_still,3
1,vp1/run2_2018-05-29-14-33-44.ids_1,77,31546,31636,sitting_still,4
1,vp1/run2_2018-05-29-14-33-44.ids_1,77,31636,31726,sitting_still,5
1,vp1/run2_2018-05-29-14-33-44.ids_1,77,31726,31815,sitting_still,6
1,vp1/run2_2018-05-29-14-33-44.ids_1,78,31917,31939,using_multimedia_display,0
1,vp1/run2_2018-05-29-14-33-44.ids_1,79,32606,32614,pressing_automation_button,0
1,vp1/run2_2018-05-29-14-33-44.ids_1,80,32659,32749,using_multimedia_display,0
1,vp1/run2_2018-05-29-14-33-44.ids_1,80,32749,32777,using_multimedia_display,1
1,vp1/run2_2018-05-29-14-33-44.ids_1,81,32852,32942,sitting_still,0
1,vp1/run2_2018-05-29-14-33-44.ids_1,81,32942,33032,sitting_still,1
1,vp1/run2_2018-05-29-14-33-44.ids_1,81,33032,33122,sitting_still,2
1,vp1/run2_2018-05-29-14-33-44.ids_1,81,33122,33212,sitting_still,3
1,vp1/run2_2018-05-29-14-33-44.ids_1,81,33212,33302,sitting_still,4
1,vp1/run2_2018-05-29-14-33-44.ids_1,81,33302,33392,sitting_still,5
1,vp1/run2_2018-05-29-14-33-44.ids_1,81,33392,33482,sitting_still,6
1,vp1/run2_2018-05-29-14-33-44.ids_1,81,33482,33572,sitting_still,7
1,vp1/run2_2018-05-29-14-33-44.ids_1,81,33572,33662,sitting_still,8
1,vp1/run2_2018-05-29-14-33-44.ids_1,81,33662,33752,sitting_still,9
1,vp1/run2_2018-05-29-14-33-44.ids_1,81,33752,33842,sitting_still,10
1,vp1/run2_2018-05-29-14-33-44.ids_1,81,33842,33932,sitting_still,11
1,vp1/run2_2018-05-29-14-33-44.ids_1,81,33932,34022,sitting_still,12
1,vp1/run2_2018-05-29-14-33-44.ids_1,81,34022,34112,sitting_still,13
1,vp1/run2_2018-05-29-14-33-44.ids_1,81,34112,34202,sitting_still,14
1,vp1/run2_2018-05-29-14-33-44.ids_1,81,34202,34292,sitting_still,15
1,vp1/run2_2018-05-29-14-33-44.ids_1,81,34292,34382,sitting_still,16
1,vp1/run2_2018-05-29-14-33-44.ids_1,81,34382,34472,sitting_still,17
1,vp1/run2_2018-05-29-14-33-44.ids_1,81,34472,34562,sitting_still,18
1,vp1/run2_2018-05-29-14-33-44.ids_1,81,34562,34652,sitting_still,19
1,vp1/run2_2018-05-29-14-33-44.ids_1,81,34652,34742,sitting_still,20
1,vp1/run2_2018-05-29-14-33-44.ids_1,81,34742,34832,sitting_still,21
1,vp1/run2_2018-05-29-14-33-44.ids_1,81,34832,34922,sitting_still,22
1,vp1/run2_2018-05-29-14-33-44.ids_1,81,34922,35012,sitting_still,23
1,vp1/run2_2018-05-29-14-33-44.ids_1,81,35012,35102,sitting_still,24
1,vp1/run2_2018-05-29-14-33-44.ids_1,81,35102,35192,sitting_still,25
1,vp1/run2_2018-05-29-14-33-44.ids_1,81,35192,35282,sitting_still,26
1,vp1/run2_2018-05-29-14-33-44.ids_1,81,35282,35372,sitting_still,27
1,vp1/run2_2018-05-29-14-33-44.ids_1,81,35372,35462,sitting_still,28
1,vp1/run2_2018-05-29-14-33-44.ids_1,81,35462,35552,sitting_still,29
1,vp1/run2_2018-05-29-14-33-44.ids_1,81,35552,35642,sitting_still,30
1,vp1/run2_2018-05-29-14-33-44.ids_1,81,35642,35732,sitting_still,31
1,vp1/run2_2018-05-29-14-33-44.ids_1,81,35732,35822,sitting_still,32
1,vp1/run2_2018-05-29-14-33-44.ids_1,81,35822,35912,sitting_still,33
1,vp1/run2_2018-05-29-14-33-44.ids_1,81,35912,36002,sitting_still,34
1,vp1/run2_2018-05-29-14-33-44.ids_1,81,36002,36092,sitting_still,35
1,vp1/run2_2018-05-29-14-33-44.ids_1,81,36092,36182,sitting_still,36
1,vp1/run2_2018-05-29-14-33-44.ids_1,81,36182,36272,sitting_still,37
1,vp1/run2_2018-05-29-14-33-44.ids_1,81,36272,36362,sitting_still,38
1,vp1/run2_2018-05-29-14-33-44.ids_1,81,36362,36452,sitting_still,39
1,vp1/run2_2018-05-29-14-33-44.ids_1,81,36452,36542,sitting_still,40
1,vp1/run2_2018-05-29-14-33-44.ids_1,81,36542,36632,sitting_still,41
1,vp1/run2_2018-05-29-14-33-44.ids_1,81,36632,36722,sitting_still,42
1,vp1/run2_2018-05-29-14-33-44.ids_1,81,36722,36812,sitting_still,43
1,vp1/run2_2018-05-29-14-33-44.ids_1,81,36812,36902,sitting_still,44
1,vp1/run2_2018-05-29-14-33-44.ids_1,81,36902,36992,sitting_still,45
1,vp1/run2_2018-05-29-14-33-44.ids_1,81,36992,37082,sitting_still,46
1,vp1/run2_2018-05-29-14-33-44.ids_1,81,37082,37172,sitting_still,47
1,vp1/run2_2018-05-29-14-33-44.ids_1,81,37172,37246,sitting_still,48
1,vp1/run2_2018-05-29-14-33-44.ids_1,82,37260,37287,using_multimedia_display,0
1,vp1/run2_2018-05-29-14-33-44.ids_1,83,37309,37399,sitting_still,0
1,vp1/run2_2018-05-29-14-33-44.ids_1,83,37399,37489,sitting_still,1
1,vp1/run2_2018-05-29-14-33-44.ids_1,83,37489,37558,sitting_still,2
1,vp1/run2_2018-05-29-14-33-44.ids_1,84,37562,37651,fetching_an_object,0
1,vp1/run2_2018-05-29-14-33-44.ids_1,85,37651,37741,taking_off_sunglasses,0
1,vp1/run2_2018-05-29-14-33-44.ids_1,85,37741,37831,taking_off_sunglasses,1
1,vp1/run2_2018-05-29-14-33-44.ids_1,85,37831,37921,taking_off_sunglasses,2
1,vp1/run2_2018-05-29-14-33-44.ids_1,85,37921,38011,taking_off_sunglasses,3
1,vp1/run2_2018-05-29-14-33-44.ids_1,85,38011,38101,taking_off_sunglasses,4
1,vp1/run2_2018-05-29-14-33-44.ids_1,85,38101,38191,taking_off_sunglasses,5
1,vp1/run2_2018-05-29-14-33-44.ids_1,85,38191,38281,taking_off_sunglasses,6
1,vp1/run2_2018-05-29-14-33-44.ids_1,85,38281,38365,taking_off_sunglasses,7
1,vp1/run2_2018-05-29-14-33-44.ids_1,86,38365,38412,placing_an_object,0
1,vp1/run2_2018-05-29-14-33-44.ids_1,87,38412,38427,using_multimedia_display,0
1,vp1/run2_2018-05-29-14-33-44.ids_1,88,38964,39054,fetching_an_object,0
1,vp1/run2_2018-05-29-14-33-44.ids_1,88,39054,39099,fetching_an_object,1
1,vp1/run2_2018-05-29-14-33-44.ids_1,89,39133,39175,opening_laptop,0
1,vp1/run2_2018-05-29-14-33-44.ids_1,90,39175,39265,working_on_laptop,0
1,vp1/run2_2018-05-29-14-33-44.ids_1,90,39265,39355,working_on_laptop,1
1,vp1/run2_2018-05-29-14-33-44.ids_1,90,39355,39445,working_on_laptop,2
1,vp1/run2_2018-05-29-14-33-44.ids_1,90,39445,39535,working_on_laptop,3
1,vp1/run2_2018-05-29-14-33-44.ids_1,90,39535,39625,working_on_laptop,4
1,vp1/run2_2018-05-29-14-33-44.ids_1,90,39625,39715,working_on_laptop,5
1,vp1/run2_2018-05-29-14-33-44.ids_1,90,39715,39805,working_on_laptop,6
1,vp1/run2_2018-05-29-14-33-44.ids_1,90,39805,39895,working_on_laptop,7
1,vp1/run2_2018-05-29-14-33-44.ids_1,90,39895,39985,working_on_laptop,8
1,vp1/run2_2018-05-29-14-33-44.ids_1,90,39985,40075,working_on_laptop,9
1,vp1/run2_2018-05-29-14-33-44.ids_1,90,40075,40122,working_on_laptop,10
1,vp1/run2_2018-05-29-14-33-44.ids_1,91,40122,40202,fetching_an_object,0
1,vp1/run2_2018-05-29-14-33-44.ids_1,92,40202,40292,interacting_with_phone,0
1,vp1/run2_2018-05-29-14-33-44.ids_1,92,40292,40382,interacting_with_phone,1
1,vp1/run2_2018-05-29-14-33-44.ids_1,92,40382,40472,interacting_with_phone,2
1,vp1/run2_2018-05-29-14-33-44.ids_1,92,40472,40562,interacting_with_phone,3
1,vp1/run2_2018-05-29-14-33-44.ids_1,92,40562,40652,interacting_with_phone,4
1,vp1/run2_2018-05-29-14-33-44.ids_1,92,40652,40742,interacting_with_phone,5
1,vp1/run2_2018-05-29-14-33-44.ids_1,92,40742,40832,interacting_with_phone,6
1,vp1/run2_2018-05-29-14-33-44.ids_1,92,40832,40922,interacting_with_phone,7
1,vp1/run2_2018-05-29-14-33-44.ids_1,92,40922,41006,interacting_with_phone,8
1,vp1/run2_2018-05-29-14-33-44.ids_1,93,41006,41056,closing_laptop,0
1,vp1/run2_2018-05-29-14-33-44.ids_1,94,41056,41146,placing_an_object,0
1,vp1/run2_2018-05-29-14-33-44.ids_1,94,41146,41198,placing_an_object,1
1,vp1/run2_2018-05-29-14-33-44.ids_1,95,41198,41218,using_multimedia_display,0
1,vp1/run2_2018-05-29-14-33-44.ids_1,96,41272,41362,sitting_still,0
1,vp1/run2_2018-05-29-14-33-44.ids_1,96,41362,41452,sitting_still,1
1,vp1/run2_2018-05-29-14-33-44.ids_1,96,41452,41542,sitting_still,2
1,vp1/run2_2018-05-29-14-33-44.ids_1,96,41542,41632,sitting_still,3
1,vp1/run2_2018-05-29-14-33-44.ids_1,96,41632,41698,sitting_still,4
1,vp1/run2_2018-05-29-14-33-44.ids_1,97,41719,41725,pressing_automation_button,0
1,vp1/run2_2018-05-29-14-33-44.ids_1,98,42177,42250,unfastening_seat_belt,0
1,vp1/run2_2018-05-29-14-33-44.ids_1,99,42286,42334,opening_door_inside,0
1,vp1/run2_2018-05-29-14-33-44.ids_1,100,42334,42406,exiting_car,0
1,vp1/run2_2018-05-29-14-33-44.ids_1,101,42406,42434,closing_door_outside,0
2,vp2/run1_2018-05-03-14-08-31.ids_1,0,500,556,opening_door_outside,0
2,vp2/run1_2018-05-03-14-08-31.ids_1,1,556,618,entering_car,0
2,vp2/run1_2018-05-03-14-08-31.ids_1,2,618,644,closing_door_inside,0
2,vp2/run1_2018-05-03-14-08-31.ids_1,3,747,837,fastening_seat_belt,0
2,vp2/run1_2018-05-03-14-08-31.ids_1,3,837,927,fastening_seat_belt,1
2,vp2/run1_2018-05-03-14-08-31.ids_1,3,927,999,fastening_seat_belt,2
2,vp2/run1_2018-05-03-14-08-31.ids_1,4,1153,1221,using_multimedia_display,0
2,vp2/run1_2018-05-03-14-08-31.ids_1,5,9553,9573,pressing_automation_button,0
2,vp2/run1_2018-05-03-14-08-31.ids_1,6,9662,9697,using_multimedia_display,0
2,vp2/run1_2018-05-03-14-08-31.ids_1,7,9713,9803,sitting_still,0
2,vp2/run1_2018-05-03-14-08-31.ids_1,7,9803,9893,sitting_still,1
2,vp2/run1_2018-05-03-14-08-31.ids_1,7,9893,9983,sitting_still,2
2,vp2/run1_2018-05-03-14-08-31.ids_1,7,9983,10073,sitting_still,3
2,vp2/run1_2018-05-03-14-08-31.ids_1,7,10073,10143,sitting_still,4
2,vp2/run1_2018-05-03-14-08-31.ids_1,8,10143,10233,fetching_an_object,0
2,vp2/run1_2018-05-03-14-08-31.ids_1,8,10233,10273,fetching_an_object,1
2,vp2/run1_2018-05-03-14-08-31.ids_1,9,10273,10363,placing_an_object,0
2,vp2/run1_2018-05-03-14-08-31.ids_1,9,10363,10453,placing_an_object,1
2,vp2/run1_2018-05-03-14-08-31.ids_1,9,10453,10543,placing_an_object,2
2,vp2/run1_2018-05-03-14-08-31.ids_1,9,10543,10633,placing_an_object,3
2,vp2/run1_2018-05-03-14-08-31.ids_1,9,10633,10723,placing_an_object,4
2,vp2/run1_2018-05-03-14-08-31.ids_1,9,10723,10813,placing_an_object,5
2,vp2/run1_2018-05-03-14-08-31.ids_1,9,10813,10903,placing_an_object,6
2,vp2/run1_2018-05-03-14-08-31.ids_1,9,10903,10993,placing_an_object,7
2,vp2/run1_2018-05-03-14-08-31.ids_1,9,10993,11083,placing_an_object,8
2,vp2/run1_2018-05-03-14-08-31.ids_1,9,11083,11173,placing_an_object,9
2,vp2/run1_2018-05-03-14-08-31.ids_1,9,11173,11263,placing_an_object,10
2,vp2/run1_2018-05-03-14-08-31.ids_1,9,11263,11353,placing_an_object,11
2,vp2/run1_2018-05-03-14-08-31.ids_1,9,11353,11443,placing_an_object,12
2,vp2/run1_2018-05-03-14-08-31.ids_1,9,11443,11533,placing_an_object,13
2,vp2/run1_2018-05-03-14-08-31.ids_1,9,11533,11623,placing_an_object,14
2,vp2/run1_2018-05-03-14-08-31.ids_1,9,11623,11713,placing_an_object,15
2,vp2/run1_2018-05-03-14-08-31.ids_1,9,11713,11803,placing_an_object,16
2,vp2/run1_2018-05-03-14-08-31.ids_1,9,11803,11893,placing_an_object,17
2,vp2/run1_2018-05-03-14-08-31.ids_1,9,11893,11983,placing_an_object,18
2,vp2/run1_2018-05-03-14-08-31.ids_1,9,11983,12010,placing_an_object,19
2,vp2/run1_2018-05-03-14-08-31.ids_1,10,12010,12062,placing_an_object,0
2,vp2/run1_2018-05-03-14-08-31.ids_1,11,12062,12152,fetching_an_object,0
2,vp2/run1_2018-05-03-14-08-31.ids_1,11,12152,12219,fetching_an_object,1
2,vp2/run1_2018-05-03-14-08-31.ids_1,12,12368,12458,writing,0
2,vp2/run1_2018-05-03-14-08-31.ids_1,12,12458,12548,writing,1
2,vp2/run1_2018-05-03-14-08-31.ids_1,12,12548,12638,writing,2
2,vp2/run1_2018-05-03-14-08-31.ids_1,12,12638,12728,writing,3
2,vp2/run1_2018-05-03-14-08-31.ids_1,12,12728,12818,writing,4
2,vp2/run1_2018-05-03-14-08-31.ids_1,12,12818,12840,writing,5
2,vp2/run1_2018-05-03-14-08-31.ids_1,13,12840,12871,placing_an_object,0
2,vp2/run1_2018-05-03-14-08-31.ids_1,14,12871,12900,using_multimedia_display,0
2,vp2/run1_2018-05-03-14-08-31.ids_1,15,12927,13013,placing_an_object,0
2,vp2/run1_2018-05-03-14-08-31.ids_1,16,14344,14434,unfastening_seat_belt,0
2,vp2/run1_2018-05-03-14-08-31.ids_1,16,14434,14455,unfastening_seat_belt,1
2,vp2/run1_2018-05-03-14-08-31.ids_1,17,14455,14545,fetching_an_object,0
2,vp2/run1_2018-05-03-14-08-31.ids_1,17,14545,14580,fetching_an_object,1
2,vp2/run1_2018-05-03-14-08-31.ids_1,18,14580,14670,putting_on_jacket,0
2,vp2/run1_2018-05-03-14-08-31.ids_1,18,14670,14760,putting_on_jacket,1
2,vp2/run1_2018-05-03-14-08-31.ids_1,18,14760,14850,putting_on_jacket,2
2,vp2/run1_2018-05-03-14-08-31.ids_1,18,14850,14887,putting_on_jacket,3
2,vp2/run1_2018-05-03-14-08-31.ids_1,19,14902,14992,fastening_seat_belt,0
2,vp2/run1_2018-05-03-14-08-31.ids_1,19,14992,15082,fastening_seat_belt,1
2,vp2/run1_2018-05-03-14-08-31.ids_1,19,15082,15154,fastening_seat_belt,2
2,vp2/run1_2018-05-03-14-08-31.ids_1,20,15184,15240,fetching_an_object,0
2,vp2/run1_2018-05-03-14-08-31.ids_1,21,15240,15330,interacting_with_phone,0
2,vp2/run1_2018-05-03-14-08-31.ids_1,21,15330,15420,interacting_with_phone,1
2,vp2/run1_2018-05-03-14-08-31.ids_1,21,15420,15505,interacting_with_phone,2
2,vp2/run1_2018-05-03-14-08-31.ids_1,22,15505,15573,placing_an_object,0
2,vp2/run1_2018-05-03-14-08-31.ids_1,23,15584,15610,using_multimedia_display,0
2,vp2/run1_2018-05-03-14-08-31.ids_1,24,15630,15720,sitting_still,0
2,vp2/run1_2018-05-03-14-08-31.ids_1,24,15720,15810,sitting_still,1
2,vp2/run1_2018-05-03-14-08-31.ids_1,24,15810,15900,sitting_still,2
2,vp2/run1_2018-05-03-14-08-31.ids_1,24,15900,15990,sitting_still,3
2,vp2/run1_2018-05-03-14-08-31.ids_1,24,15990,16009,sitting_still,4
2,vp2/run1_2018-05-03-14-08-31.ids_1,25,16009,16069,fetching_an_object,0
2,vp2/run1_2018-05-03-14-08-31.ids_1,26,16069,16159,interacting_with_phone,0
2,vp2/run1_2018-05-03-14-08-31.ids_1,26,16159,16249,interacting_with_phone,1
2,vp2/run1_2018-05-03-14-08-31.ids_1,26,16249,16339,interacting_with_phone,2
2,vp2/run1_2018-05-03-14-08-31.ids_1,26,16339,16429,interacting_with_phone,3
2,vp2/run1_2018-05-03-14-08-31.ids_1,26,16429,16519,interacting_with_phone,4
2,vp2/run1_2018-05-03-14-08-31.ids_1,26,16519,16609,interacting_with_phone,5
2,vp2/run1_2018-05-03-14-08-31.ids_1,26,16609,16699,interacting_with_phone,6
2,vp2/run1_2018-05-03-14-08-31.ids_1,26,16699,16789,interacting_with_phone,7
2,vp2/run1_2018-05-03-14-08-31.ids_1,26,16789,16879,interacting_with_phone,8
2,vp2/run1_2018-05-03-14-08-31.ids_1,26,16879,16969,interacting_with_phone,9
2,vp2/run1_2018-05-03-14-08-31.ids_1,26,16969,17059,interacting_with_phone,10
2,vp2/run1_2018-05-03-14-08-31.ids_1,26,17059,17149,interacting_with_phone,11
2,vp2/run1_2018-05-03-14-08-31.ids_1,26,17149,17239,interacting_with_phone,12
2,vp2/run1_2018-05-03-14-08-31.ids_1,26,17239,17329,interacting_with_phone,13
2,vp2/run1_2018-05-03-14-08-31.ids_1,26,17329,17409,interacting_with_phone,14
2,vp2/run1_2018-05-03-14-08-31.ids_1,27,17409,17499,talking_on_phone,0
2,vp2/run1_2018-05-03-14-08-31.ids_1,27,17499,17589,talking_on_phone,1
2,vp2/run1_2018-05-03-14-08-31.ids_1,27,17589,17679,talking_on_phone,2
2,vp2/run1_2018-05-03-14-08-31.ids_1,27,17679,17769,talking_on_phone,3
2,vp2/run1_2018-05-03-14-08-31.ids_1,27,17769,17859,talking_on_phone,4
2,vp2/run1_2018-05-03-14-08-31.ids_1,27,17859,17949,talking_on_phone,5
2,vp2/run1_2018-05-03-14-08-31.ids_1,27,17949,17996,talking_on_phone,6
2,vp2/run1_2018-05-03-14-08-31.ids_1,28,17996,18086,interacting_with_phone,0
2,vp2/run1_2018-05-03-14-08-31.ids_1,28,18086,18146,interacting_with_phone,1
2,vp2/run1_2018-05-03-14-08-31.ids_1,29,18146,18218,placing_an_object,0
2,vp2/run1_2018-05-03-14-08-31.ids_1,30,18218,18308,fetching_an_object,0
2,vp2/run1_2018-05-03-14-08-31.ids_1,30,18308,18376,fetching_an_object,1
2,vp2/run1_2018-05-03-14-08-31.ids_1,31,18376,18466,reading_magazine,0
2,vp2/run1_2018-05-03-14-08-31.ids_1,31,18466,18556,reading_magazine,1
2,vp2/run1_2018-05-03-14-08-31.ids_1,31,18556,18646,reading_magazine,2
2,vp2/run1_2018-05-03-14-08-31.ids_1,31,18646,18736,reading_magazine,3
2,vp2/run1_2018-05-03-14-08-31.ids_1,31,18736,18826,reading_magazine,4
2,vp2/run1_2018-05-03-14-08-31.ids_1,31,18826,18916,reading_magazine,5
2,vp2/run1_2018-05-03-14-08-31.ids_1,31,18916,19006,reading_magazine,6
2,vp2/run1_2018-05-03-14-08-31.ids_1,31,19006,19096,reading_magazine,7
2,vp2/run1_2018-05-03-14-08-31.ids_1,31,19096,19186,reading_magazine,8
2,vp2/run1_2018-05-03-14-08-31.ids_1,31,19186,19276,reading_magazine,9
2,vp2/run1_2018-05-03-14-08-31.ids_1,31,19276,19366,reading_magazine,10
2,vp2/run1_2018-05-03-14-08-31.ids_1,31,19366,19456,reading_magazine,11
2,vp2/run1_2018-05-03-14-08-31.ids_1,31,19456,19546,reading_magazine,12
2,vp2/run1_2018-05-03-14-08-31.ids_1,31,19546,19636,reading_magazine,13
2,vp2/run1_2018-05-03-14-08-31.ids_1,31,19636,19726,reading_magazine,14
2,vp2/run1_2018-05-03-14-08-31.ids_1,31,19726,19770,reading_magazine,15
2,vp2/run1_2018-05-03-14-08-31.ids_1,32,19770,19795,placing_an_object,0
2,vp2/run1_2018-05-03-14-08-31.ids_1,33,19795,19885,fetching_an_object,0
2,vp2/run1_2018-05-03-14-08-31.ids_1,33,19885,19975,fetching_an_object,1
2,vp2/run1_2018-05-03-14-08-31.ids_1,33,19975,20018,fetching_an_object,2
2,vp2/run1_2018-05-03-14-08-31.ids_1,34,20018,20108,writing,0
2,vp2/run1_2018-05-03-14-08-31.ids_1,34,20108,20198,writing,1
2,vp2/run1_2018-05-03-14-08-31.ids_1,34,20198,20247,writing,2
2,vp2/run1_2018-05-03-14-08-31.ids_1,35,20247,20337,placing_an_object,0
2,vp2/run1_2018-05-03-14-08-31.ids_1,35,20337,20361,placing_an_object,1
2,vp2/run1_2018-05-03-14-08-31.ids_1,36,20361,20397,using_multimedia_display,0
2,vp2/run1_2018-05-03-14-08-31.ids_1,37,20428,20518,sitting_still,0
2,vp2/run1_2018-05-03-14-08-31.ids_1,37,20518,20608,sitting_still,1
2,vp2/run1_2018-05-03-14-08-31.ids_1,37,20608,20698,sitting_still,2
2,vp2/run1_2018-05-03-14-08-31.ids_1,37,20698,20788,sitting_still,3
2,vp2/run1_2018-05-03-14-08-31.ids_1,37,20788,20797,sitting_still,4
2,vp2/run1_2018-05-03-14-08-31.ids_1,38,21181,21230,using_multimedia_display,0
2,vp2/run1_2018-05-03-14-08-31.ids_1,39,26918,26961,using_multimedia_display,0
2,vp2/run1_2018-05-03-14-08-31.ids_1,40,29080,29089,pressing_automation_button,0
2,vp2/run1_2018-05-03-14-08-31.ids_1,41,29112,29202,sitting_still,0
2,vp2/run1_2018-05-03-14-08-31.ids_1,41,29202,29292,sitting_still,1
2,vp2/run1_2018-05-03-14-08-31.ids_1,41,29292,29382,sitting_still,2
2,vp2/run1_2018-05-03-14-08-31.ids_1,41,29382,29425,sitting_still,3
2,vp2/run1_2018-05-03-14-08-31.ids_1,42,29436,29451,using_multimedia_display,0
2,vp2/run1_2018-05-03-14-08-31.ids_1,43,29485,29507,using_multimedia_display,0
2,vp2/run1_2018-05-03-14-08-31.ids_1,44,29534,29624,sitting_still,0
2,vp2/run1_2018-05-03-14-08-31.ids_1,44,29624,29714,sitting_still,1
2,vp2/run1_2018-05-03-14-08-31.ids_1,44,29714,29804,sitting_still,2
2,vp2/run1_2018-05-03-14-08-31.ids_1,44,29804,29894,sitting_still,3
2,vp2/run1_2018-05-03-14-08-31.ids_1,44,29894,29984,sitting_still,4
2,vp2/run1_2018-05-03-14-08-31.ids_1,44,29984,30074,sitting_still,5
2,vp2/run1_2018-05-03-14-08-31.ids_1,44,30074,30164,sitting_still,6
2,vp2/run1_2018-05-03-14-08-31.ids_1,44,30164,30254,sitting_still,7
2,vp2/run1_2018-05-03-14-08-31.ids_1,44,30254,30344,sitting_still,8
2,vp2/run1_2018-05-03-14-08-31.ids_1,44,30344,30434,sitting_still,9
2,vp2/run1_2018-05-03-14-08-31.ids_1,44,30434,30524,sitting_still,10
2,vp2/run1_2018-05-03-14-08-31.ids_1,44,30524,30579,sitting_still,11
2,vp2/run1_2018-05-03-14-08-31.ids_1,45,30600,30673,unfastening_seat_belt,0
2,vp2/run1_2018-05-03-14-08-31.ids_1,46,30673,30763,taking_off_jacket,0
2,vp2/run1_2018-05-03-14-08-31.ids_1,46,30763,30853,taking_off_jacket,1
2,vp2/run1_2018-05-03-14-08-31.ids_1,46,30853,30943,taking_off_jacket,2
2,vp2/run1_2018-05-03-14-08-31.ids_1,46,30943,31011,taking_off_jacket,3
2,vp2/run1_2018-05-03-14-08-31.ids_1,47,31011,31093,placing_an_object,0
2,vp2/run1_2018-05-03-14-08-31.ids_1,48,31093,31183,fastening_seat_belt,0
2,vp2/run1_2018-05-03-14-08-31.ids_1,48,31183,31268,fastening_seat_belt,1
2,vp2/run1_2018-05-03-14-08-31.ids_1,49,31321,31347,using_multimedia_display,0
2,vp2/run1_2018-05-03-14-08-31.ids_1,50,31370,31460,sitting_still,0
2,vp2/run1_2018-05-03-14-08-31.ids_1,50,31460,31550,sitting_still,1
2,vp2/run1_2018-05-03-14-08-31.ids_1,50,31550,31640,sitting_still,2
2,vp2/run1_2018-05-03-14-08-31.ids_1,50,31640,31730,sitting_still,3
2,vp2/run1_2018-05-03-14-08-31.ids_1,50,31730,31820,sitting_still,4
2,vp2/run1_2018-05-03-14-08-31.ids_1,50,31820,31910,sitting_still,5
2,vp2/run1_2018-05-03-14-08-31.ids_1,50,31910,32000,sitting_still,6
2,vp2/run1_2018-05-03-14-08-31.ids_1,50,32000,32090,sitting_still,7
2,vp2/run1_2018-05-03-14-08-31.ids_1,50,32090,32174,sitting_still,8
2,vp2/run1_2018-05-03-14-08-31.ids_1,51,32220,32310,fetching_an_object,0
2,vp2/run1_2018-05-03-14-08-31.ids_1,51,32310,32356,fetching_an_object,1
2,vp2/run1_2018-05-03-14-08-31.ids_1,52,32356,32446,putting_on_sunglasses,0
2,vp2/run1_2018-05-03-14-08-31.ids_1,52,32446,32503,putting_on_sunglasses,1
2,vp2/run1_2018-05-03-14-08-31.ids_1,53,32507,32546,using_multimedia_display,0
2,vp2/run1_2018-05-03-14-08-31.ids_1,54,32577,32667,sitting_still,0
2,vp2/run1_2018-05-03-14-08-31.ids_1,54,32667,32757,sitting_still,1
2,vp2/run1_2018-05-03-14-08-31.ids_1,54,32757,32847,sitting_still,2
2,vp2/run1_2018-05-03-14-08-31.ids_1,54,32847,32937,sitting_still,3
2,vp2/run1_2018-05-03-14-08-31.ids_1,54,32937,33027,sitting_still,4
2,vp2/run1_2018-05-03-14-08-31.ids_1,54,33027,33117,sitting_still,5
2,vp2/run1_2018-05-03-14-08-31.ids_1,54,33117,33207,sitting_still,6
2,vp2/run1_2018-05-03-14-08-31.ids_1,54,33207,33297,sitting_still,7
2,vp2/run1_2018-05-03-14-08-31.ids_1,54,33297,33387,sitting_still,8
2,vp2/run1_2018-05-03-14-08-31.ids_1,54,33387,33477,sitting_still,9
2,vp2/run1_2018-05-03-14-08-31.ids_1,54,33477,33567,sitting_still,10
2,vp2/run1_2018-05-03-14-08-31.ids_1,54,33567,33657,sitting_still,11
2,vp2/run1_2018-05-03-14-08-31.ids_1,54,33657,33747,sitting_still,12
2,vp2/run1_2018-05-03-14-08-31.ids_1,54,33747,33837,sitting_still,13
2,vp2/run1_2018-05-03-14-08-31.ids_1,54,33837,33927,sitting_still,14
2,vp2/run1_2018-05-03-14-08-31.ids_1,54,33927,34017,sitting_still,15
2,vp2/run1_2018-05-03-14-08-31.ids_1,54,34017,34083,sitting_still,16
2,vp2/run1_2018-05-03-14-08-31.ids_1,55,34099,34189,looking_or_moving_around (e.g. searching),0
2,vp2/run1_2018-05-03-14-08-31.ids_1,55,34189,34216,looking_or_moving_around (e.g. searching),1
2,vp2/run1_2018-05-03-14-08-31.ids_1,56,34216,34306,fetching_an_object,0
2,vp2/run1_2018-05-03-14-08-31.ids_1,56,34306,34395,fetching_an_object,1
2,vp2/run1_2018-05-03-14-08-31.ids_1,57,34395,34485,working_on_laptop,0
2,vp2/run1_2018-05-03-14-08-31.ids_1,57,34485,34575,working_on_laptop,1
2,vp2/run1_2018-05-03-14-08-31.ids_1,57,34575,34665,working_on_laptop,2
2,vp2/run1_2018-05-03-14-08-31.ids_1,57,34665,34755,working_on_laptop,3
2,vp2/run1_2018-05-03-14-08-31.ids_1,57,34755,34845,working_on_laptop,4
2,vp2/run1_2018-05-03-14-08-31.ids_1,57,34845,34935,working_on_laptop,5
2,vp2/run1_2018-05-03-14-08-31.ids_1,57,34935,35025,working_on_laptop,6
2,vp2/run1_2018-05-03-14-08-31.ids_1,57,35025,35115,working_on_laptop,7
2,vp2/run1_2018-05-03-14-08-31.ids_1,57,35115,35185,working_on_laptop,8
2,vp2/run1_2018-05-03-14-08-31.ids_1,58,35185,35244,fetching_an_object,0
2,vp2/run1_2018-05-03-14-08-31.ids_1,59,35244,35334,interacting_with_phone,0
2,vp2/run1_2018-05-03-14-08-31.ids_1,59,35334,35424,interacting_with_phone,1
2,vp2/run1_2018-05-03-14-08-31.ids_1,59,35424,35514,interacting_with_phone,2
2,vp2/run1_2018-05-03-14-08-31.ids_1,59,35514,35604,interacting_with_phone,3
2,vp2/run1_2018-05-03-14-08-31.ids_1,59,35604,35694,interacting_with_phone,4
2,vp2/run1_2018-05-03-14-08-31.ids_1,59,35694,35784,interacting_with_phone,5
2,vp2/run1_2018-05-03-14-08-31.ids_1,59,35784,35874,interacting_with_phone,6
2,vp2/run1_2018-05-03-14-08-31.ids_1,59,35874,35964,interacting_with_phone,7
2,vp2/run1_2018-05-03-14-08-31.ids_1,59,35964,36054,interacting_with_phone,8
2,vp2/run1_2018-05-03-14-08-31.ids_1,59,36054,36144,interacting_with_phone,9
2,vp2/run1_2018-05-03-14-08-31.ids_1,59,36144,36223,interacting_with_phone,10
2,vp2/run1_2018-05-03-14-08-31.ids_1,60,36226,36316,placing_an_object,0
2,vp2/run1_2018-05-03-14-08-31.ids_1,61,36354,36380,using_multimedia_display,0
2,vp2/run1_2018-05-03-14-08-31.ids_1,62,36457,36547,working_on_laptop,0
2,vp2/run1_2018-05-03-14-08-31.ids_1,62,36547,36637,working_on_laptop,1
2,vp2/run1_2018-05-03-14-08-31.ids_1,62,36637,36727,working_on_laptop,2
2,vp2/run1_2018-05-03-14-08-31.ids_1,62,36727,36747,working_on_laptop,3
2,vp2/run1_2018-05-03-14-08-31.ids_1,63,36747,36837,placing_an_object,0
2,vp2/run1_2018-05-03-14-08-31.ids_1,63,36837,36927,placing_an_object,1
2,vp2/run1_2018-05-03-14-08-31.ids_1,63,36927,36933,placing_an_object,2
2,vp2/run1_2018-05-03-14-08-31.ids_1,64,37335,37425,sitting_still,0
2,vp2/run1_2018-05-03-14-08-31.ids_1,64,37425,37515,sitting_still,1
2,vp2/run1_2018-05-03-14-08-31.ids_1,64,37515,37605,sitting_still,2
2,vp2/run1_2018-05-03-14-08-31.ids_1,64,37605,37695,sitting_still,3
2,vp2/run1_2018-05-03-14-08-31.ids_1,64,37695,37785,sitting_still,4
2,vp2/run1_2018-05-03-14-08-31.ids_1,64,37785,37875,sitting_still,5
2,vp2/run1_2018-05-03-14-08-31.ids_1,64,37875,37965,sitting_still,6
2,vp2/run1_2018-05-03-14-08-31.ids_1,64,37965,38055,sitting_still,7
2,vp2/run1_2018-05-03-14-08-31.ids_1,64,38055,38145,sitting_still,8
2,vp2/run1_2018-05-03-14-08-31.ids_1,64,38145,38235,sitting_still,9
2,vp2/run1_2018-05-03-14-08-31.ids_1,64,38235,38325,sitting_still,10
2,vp2/run1_2018-05-03-14-08-31.ids_1,64,38325,38415,sitting_still,11
2,vp2/run1_2018-05-03-14-08-31.ids_1,64,38415,38505,sitting_still,12
2,vp2/run1_2018-05-03-14-08-31.ids_1,64,38505,38595,sitting_still,13
2,vp2/run1_2018-05-03-14-08-31.ids_1,64,38595,38685,sitting_still,14
2,vp2/run1_2018-05-03-14-08-31.ids_1,64,38685,38775,sitting_still,15
2,vp2/run1_2018-05-03-14-08-31.ids_1,64,38775,38840,sitting_still,16
2,vp2/run1_2018-05-03-14-08-31.ids_1,65,38840,38907,fetching_an_object,0
2,vp2/run1_2018-05-03-14-08-31.ids_1,66,38907,38997,interacting_with_phone,0
2,vp2/run1_2018-05-03-14-08-31.ids_1,66,38997,39087,interacting_with_phone,1
2,vp2/run1_2018-05-03-14-08-31.ids_1,66,39087,39177,interacting_with_phone,2
2,vp2/run1_2018-05-03-14-08-31.ids_1,66,39177,39267,interacting_with_phone,3
2,vp2/run1_2018-05-03-14-08-31.ids_1,66,39267,39354,interacting_with_phone,4
2,vp2/run1_2018-05-03-14-08-31.ids_1,67,39354,39420,placing_an_object,0
2,vp2/run1_2018-05-03-14-08-31.ids_1,68,39420,39510,sitting_still,0
2,vp2/run1_2018-05-03-14-08-31.ids_1,68,39510,39575,sitting_still,1
2,vp2/run1_2018-05-03-14-08-31.ids_1,69,39575,39665,fetching_an_object,0
2,vp2/run1_2018-05-03-14-08-31.ids_1,69,39665,39722,fetching_an_object,1
2,vp2/run1_2018-05-03-14-08-31.ids_1,70,39722,39762,eating,0
2,vp2/run1_2018-05-03-14-08-31.ids_1,71,39762,39849,fetching_an_object,0
2,vp2/run1_2018-05-03-14-08-31.ids_1,72,39849,39924,opening_bottle,0
2,vp2/run1_2018-05-03-14-08-31.ids_1,73,40380,40392,pressing_automation_button,0
2,vp2/run1_2018-05-03-14-08-31.ids_1,74,40413,40496,opening_bottle,0
2,vp2/run1_2018-05-03-14-08-31.ids_1,75,40496,40586,drinking,0
2,vp2/run1_2018-05-03-14-08-31.ids_1,75,40586,40676,drinking,1
2,vp2/run1_2018-05-03-14-08-31.ids_1,75,40676,40695,drinking,2
2,vp2/run1_2018-05-03-14-08-31.ids_1,76,40695,40775,closing_bottle,0
2,vp2/run1_2018-05-03-14-08-31.ids_1,77,40775,40864,placing_an_object,0
2,vp2/run1_2018-05-03-14-08-31.ids_1,78,40870,40895,using_multimedia_display,0
2,vp2/run1_2018-05-03-14-08-31.ids_1,79,40965,41048,taking_off_sunglasses,0
2,vp2/run1_2018-05-03-14-08-31.ids_1,80,41048,41102,placing_an_object,0
2,vp2/run1_2018-05-03-14-08-31.ids_1,81,41107,41142,using_multimedia_display,0
2,vp2/run1_2018-05-03-14-08-31.ids_1,82,41280,41370,sitting_still,0
2,vp2/run1_2018-05-03-14-08-31.ids_1,82,41370,41460,sitting_still,1
2,vp2/run1_2018-05-03-14-08-31.ids_1,82,41460,41550,sitting_still,2
2,vp2/run1_2018-05-03-14-08-31.ids_1,82,41550,41640,sitting_still,3
2,vp2/run1_2018-05-03-14-08-31.ids_1,82,41640,41730,sitting_still,4
2,vp2/run1_2018-05-03-14-08-31.ids_1,82,41730,41820,sitting_still,5
2,vp2/run1_2018-05-03-14-08-31.ids_1,82,41820,41910,sitting_still,6
2,vp2/run1_2018-05-03-14-08-31.ids_1,82,41910,42000,sitting_still,7
2,vp2/run1_2018-05-03-14-08-31.ids_1,82,42000,42090,sitting_still,8
2,vp2/run1_2018-05-03-14-08-31.ids_1,82,42090,42180,sitting_still,9
2,vp2/run1_2018-05-03-14-08-31.ids_1,82,42180,42270,sitting_still,10
2,vp2/run1_2018-05-03-14-08-31.ids_1,82,42270,42360,sitting_still,11
2,vp2/run1_2018-05-03-14-08-31.ids_1,82,42360,42450,sitting_still,12
2,vp2/run1_2018-05-03-14-08-31.ids_1,82,42450,42540,sitting_still,13
2,vp2/run1_2018-05-03-14-08-31.ids_1,82,42540,42630,sitting_still,14
2,vp2/run1_2018-05-03-14-08-31.ids_1,82,42630,42720,sitting_still,15
2,vp2/run1_2018-05-03-14-08-31.ids_1,82,42720,42810,sitting_still,16
2,vp2/run1_2018-05-03-14-08-31.ids_1,82,42810,42900,sitting_still,17
2,vp2/run1_2018-05-03-14-08-31.ids_1,82,42900,42990,sitting_still,18
2,vp2/run1_2018-05-03-14-08-31.ids_1,82,42990,43080,sitting_still,19
2,vp2/run1_2018-05-03-14-08-31.ids_1,82,43080,43170,sitting_still,20
2,vp2/run1_2018-05-03-14-08-31.ids_1,82,43170,43260,sitting_still,21
2,vp2/run1_2018-05-03-14-08-31.ids_1,82,43260,43350,sitting_still,22
2,vp2/run1_2018-05-03-14-08-31.ids_1,82,43350,43440,sitting_still,23
2,vp2/run1_2018-05-03-14-08-31.ids_1,82,43440,43530,sitting_still,24
2,vp2/run1_2018-05-03-14-08-31.ids_1,82,43530,43620,sitting_still,25
2,vp2/run1_2018-05-03-14-08-31.ids_1,82,43620,43710,sitting_still,26
2,vp2/run1_2018-05-03-14-08-31.ids_1,82,43710,43800,sitting_still,27
2,vp2/run1_2018-05-03-14-08-31.ids_1,82,43800,43890,sitting_still,28
2,vp2/run1_2018-05-03-14-08-31.ids_1,82,43890,43980,sitting_still,29
2,vp2/run1_2018-05-03-14-08-31.ids_1,82,43980,44070,sitting_still,30
2,vp2/run1_2018-05-03-14-08-31.ids_1,82,44070,44160,sitting_still,31
2,vp2/run1_2018-05-03-14-08-31.ids_1,82,44160,44250,sitting_still,32
2,vp2/run1_2018-05-03-14-08-31.ids_1,82,44250,44340,sitting_still,33
2,vp2/run1_2018-05-03-14-08-31.ids_1,82,44340,44430,sitting_still,34
2,vp2/run1_2018-05-03-14-08-31.ids_1,82,44430,44491,sitting_still,35
2,vp2/run1_2018-05-03-14-08-31.ids_1,83,44533,44551,pressing_automation_button,0
2,vp2/run1_2018-05-03-14-08-31.ids_1,84,45026,45062,unfastening_seat_belt,0
2,vp2/run1_2018-05-03-14-08-31.ids_1,85,45088,45121,opening_door_inside,0
2,vp2/run1_2018-05-03-14-08-31.ids_1,86,45121,45211,exiting_car,0
2,vp2/run1_2018-05-03-14-08-31.ids_1,86,45211,45230,exiting_car,1
2,vp2/run1_2018-05-03-14-08-31.ids_1,87,45230,45264,closing_door_outside,0
2,vp2/run2_2018-05-24-17-22-26.ids_1,0,123,170,opening_door_outside,0
2,vp2/run2_2018-05-24-17-22-26.ids_1,1,170,241,entering_car,0
2,vp2/run2_2018-05-24-17-22-26.ids_1,2,241,256,closing_door_inside,0
2,vp2/run2_2018-05-24-17-22-26.ids_1,3,300,390,fastening_seat_belt,0
2,vp2/run2_2018-05-24-17-22-26.ids_1,3,390,447,fastening_seat_belt,1
2,vp2/run2_2018-05-24-17-22-26.ids_1,4,955,1038,using_multimedia_display,0
2,vp2/run2_2018-05-24-17-22-26.ids_1,5,6511,6536,pressing_automation_button,0
2,vp2/run2_2018-05-24-17-22-26.ids_1,6,6889,6931,using_multimedia_display,0
2,vp2/run2_2018-05-24-17-22-26.ids_1,7,6970,7060,sitting_still,0
2,vp2/run2_2018-05-24-17-22-26.ids_1,7,7060,7150,sitting_still,1
2,vp2/run2_2018-05-24-17-22-26.ids_1,7,7150,7240,sitting_still,2
2,vp2/run2_2018-05-24-17-22-26.ids_1,7,7240,7330,sitting_still,3
2,vp2/run2_2018-05-24-17-22-26.ids_1,7,7330,7420,sitting_still,4
2,vp2/run2_2018-05-24-17-22-26.ids_1,7,7420,7510,sitting_still,5
2,vp2/run2_2018-05-24-17-22-26.ids_1,7,7510,7600,sitting_still,6
2,vp2/run2_2018-05-24-17-22-26.ids_1,7,7600,7690,sitting_still,7
2,vp2/run2_2018-05-24-17-22-26.ids_1,7,7690,7780,sitting_still,8
2,vp2/run2_2018-05-24-17-22-26.ids_1,7,7780,7870,sitting_still,9
2,vp2/run2_2018-05-24-17-22-26.ids_1,7,7870,7960,sitting_still,10
2,vp2/run2_2018-05-24-17-22-26.ids_1,7,7960,8050,sitting_still,11
2,vp2/run2_2018-05-24-17-22-26.ids_1,7,8050,8058,sitting_still,12
2,vp2/run2_2018-05-24-17-22-26.ids_1,8,8077,8167,fetching_an_object,0
2,vp2/run2_2018-05-24-17-22-26.ids_1,8,8167,8242,fetching_an_object,1
2,vp2/run2_2018-05-24-17-22-26.ids_1,9,8242,8332,placing_an_object,0
2,vp2/run2_2018-05-24-17-22-26.ids_1,9,8332,8422,placing_an_object,1
2,vp2/run2_2018-05-24-17-22-26.ids_1,9,8422,8437,placing_an_object,2
2,vp2/run2_2018-05-24-17-22-26.ids_1,10,8437,8527,reading_newspaper,0
2,vp2/run2_2018-05-24-17-22-26.ids_1,10,8527,8617,reading_newspaper,1
2,vp2/run2_2018-05-24-17-22-26.ids_1,10,8617,8707,reading_newspaper,2
2,vp2/run2_2018-05-24-17-22-26.ids_1,10,8707,8797,reading_newspaper,3
2,vp2/run2_2018-05-24-17-22-26.ids_1,10,8797,8887,reading_newspaper,4
2,vp2/run2_2018-05-24-17-22-26.ids_1,10,8887,8977,reading_newspaper,5
2,vp2/run2_2018-05-24-17-22-26.ids_1,10,8977,9067,reading_newspaper,6
2,vp2/run2_2018-05-24-17-22-26.ids_1,10,9067,9157,reading_newspaper,7
2,vp2/run2_2018-05-24-17-22-26.ids_1,10,9157,9247,reading_newspaper,8
2,vp2/run2_2018-05-24-17-22-26.ids_1,10,9247,9337,reading_newspaper,9
2,vp2/run2_2018-05-24-17-22-26.ids_1,10,9337,9427,reading_newspaper,10
2,vp2/run2_2018-05-24-17-22-26.ids_1,10,9427,9517,reading_newspaper,11
2,vp2/run2_2018-05-24-17-22-26.ids_1,10,9517,9607,reading_newspaper,12
2,vp2/run2_2018-05-24-17-22-26.ids_1,10,9607,9697,reading_newspaper,13
2,vp2/run2_2018-05-24-17-22-26.ids_1,10,9697,9787,reading_newspaper,14
2,vp2/run2_2018-05-24-17-22-26.ids_1,10,9787,9877,reading_newspaper,15
2,vp2/run2_2018-05-24-17-22-26.ids_1,10,9877,9967,reading_newspaper,16
2,vp2/run2_2018-05-24-17-22-26.ids_1,10,9967,10057,reading_newspaper,17
2,vp2/run2_2018-05-24-17-22-26.ids_1,10,10057,10147,reading_newspaper,18
2,vp2/run2_2018-05-24-17-22-26.ids_1,10,10147,10237,reading_newspaper,19
2,vp2/run2_2018-05-24-17-22-26.ids_1,10,10237,10327,reading_newspaper,20
2,vp2/run2_2018-05-24-17-22-26.ids_1,10,10327,10417,reading_newspaper,21
2,vp2/run2_2018-05-24-17-22-26.ids_1,10,10417,10507,reading_newspaper,22
2,vp2/run2_2018-05-24-17-22-26.ids_1,10,10507,10597,reading_newspaper,23
2,vp2/run2_2018-05-24-17-22-26.ids_1,10,10597,10687,reading_newspaper,24
2,vp2/run2_2018-05-24-17-22-26.ids_1,10,10687,10777,reading_newspaper,25
2,vp2/run2_2018-05-24-17-22-26.ids_1,10,10777,10793,reading_newspaper,26
2,vp2/run2_2018-05-24-17-22-26.ids_1,11,10793,10827,placing_an_object,0
2,vp2/run2_2018-05-24-17-22-26.ids_1,12,10828,10918,fetching_an_object,0
2,vp2/run2_2018-05-24-17-22-26.ids_1,13,10918,11008,placing_an_object,0
2,vp2/run2_2018-05-24-17-22-26.ids_1,13,11008,11028,placing_an_object,1
2,vp2/run2_2018-05-24-17-22-26.ids_1,14,11028,11118,writing,0
2,vp2/run2_2018-05-24-17-22-26.ids_1,14,11118,11208,writing,1
2,vp2/run2_2018-05-24-17-22-26.ids_1,14,11208,11287,writing,2
2,vp2/run2_2018-05-24-17-22-26.ids_1,15,11287,11313,placing_an_object,0
2,vp2/run2_2018-05-24-17-22-26.ids_1,16,11326,11350,using_multimedia_display,0
2,vp2/run2_2018-05-24-17-22-26.ids_1,17,11406,11496,sitting_still,0
2,vp2/run2_2018-05-24-17-22-26.ids_1,17,11496,11586,sitting_still,1
2,vp2/run2_2018-05-24-17-22-26.ids_1,17,11586,11676,sitting_still,2
2,vp2/run2_2018-05-24-17-22-26.ids_1,17,11676,11766,sitting_still,3
2,vp2/run2_2018-05-24-17-22-26.ids_1,17,11766,11776,sitting_still,4
2,vp2/run2_2018-05-24-17-22-26.ids_1,18,11809,11899,fetching_an_object,0
2,vp2/run2_2018-05-24-17-22-26.ids_1,18,11899,11930,fetching_an_object,1
2,vp2/run2_2018-05-24-17-22-26.ids_1,19,11930,12020,reading_magazine,0
2,vp2/run2_2018-05-24-17-22-26.ids_1,19,12020,12110,reading_magazine,1
2,vp2/run2_2018-05-24-17-22-26.ids_1,19,12110,12200,reading_magazine,2
2,vp2/run2_2018-05-24-17-22-26.ids_1,19,12200,12290,reading_magazine,3
2,vp2/run2_2018-05-24-17-22-26.ids_1,19,12290,12380,reading_magazine,4
2,vp2/run2_2018-05-24-17-22-26.ids_1,19,12380,12470,reading_magazine,5
2,vp2/run2_2018-05-24-17-22-26.ids_1,19,12470,12560,reading_magazine,6
2,vp2/run2_2018-05-24-17-22-26.ids_1,19,12560,12650,reading_magazine,7
2,vp2/run2_2018-05-24-17-22-26.ids_1,19,12650,12740,reading_magazine,8
2,vp2/run2_2018-05-24-17-22-26.ids_1,19,12740,12830,reading_magazine,9
2,vp2/run2_2018-05-24-17-22-26.ids_1,19,12830,12920,reading_magazine,10
2,vp2/run2_2018-05-24-17-22-26.ids_1,19,12920,13010,reading_magazine,11
2,vp2/run2_2018-05-24-17-22-26.ids_1,19,13010,13100,reading_magazine,12
2,vp2/run2_2018-05-24-17-22-26.ids_1,19,13100,13190,reading_magazine,13
2,vp2/run2_2018-05-24-17-22-26.ids_1,19,13190,13280,reading_magazine,14
2,vp2/run2_2018-05-24-17-22-26.ids_1,19,13280,13370,reading_magazine,15
2,vp2/run2_2018-05-24-17-22-26.ids_1,19,13370,13460,reading_magazine,16
2,vp2/run2_2018-05-24-17-22-26.ids_1,19,13460,13550,reading_magazine,17
2,vp2/run2_2018-05-24-17-22-26.ids_1,19,13550,13640,reading_magazine,18
2,vp2/run2_2018-05-24-17-22-26.ids_1,19,13640,13730,reading_magazine,19
2,vp2/run2_2018-05-24-17-22-26.ids_1,19,13730,13820,reading_magazine,20
2,vp2/run2_2018-05-24-17-22-26.ids_1,19,13820,13910,reading_magazine,21
2,vp2/run2_2018-05-24-17-22-26.ids_1,19,13910,14000,reading_magazine,22
2,vp2/run2_2018-05-24-17-22-26.ids_1,19,14000,14090,reading_magazine,23
2,vp2/run2_2018-05-24-17-22-26.ids_1,19,14090,14180,reading_magazine,24
2,vp2/run2_2018-05-24-17-22-26.ids_1,19,14180,14270,reading_magazine,25
2,vp2/run2_2018-05-24-17-22-26.ids_1,19,14270,14360,reading_magazine,26
2,vp2/run2_2018-05-24-17-22-26.ids_1,19,14360,14450,reading_magazine,27
2,vp2/run2_2018-05-24-17-22-26.ids_1,19,14450,14540,reading_magazine,28
2,vp2/run2_2018-05-24-17-22-26.ids_1,19,14540,14630,reading_magazine,29
2,vp2/run2_2018-05-24-17-22-26.ids_1,19,14630,14720,reading_magazine,30
2,vp2/run2_2018-05-24-17-22-26.ids_1,19,14720,14810,reading_magazine,31
2,vp2/run2_2018-05-24-17-22-26.ids_1,19,14810,14900,reading_magazine,32
2,vp2/run2_2018-05-24-17-22-26.ids_1,19,14900,14990,reading_magazine,33
2,vp2/run2_2018-05-24-17-22-26.ids_1,19,14990,15080,reading_magazine,34
2,vp2/run2_2018-05-24-17-22-26.ids_1,19,15080,15170,reading_magazine,35
2,vp2/run2_2018-05-24-17-22-26.ids_1,19,15170,15260,reading_magazine,36
2,vp2/run2_2018-05-24-17-22-26.ids_1,19,15260,15350,reading_magazine,37
2,vp2/run2_2018-05-24-17-22-26.ids_1,19,15350,15440,reading_magazine,38
2,vp2/run2_2018-05-24-17-22-26.ids_1,19,15440,15505,reading_magazine,39
2,vp2/run2_2018-05-24-17-22-26.ids_1,20,15505,15525,placing_an_object,0
2,vp2/run2_2018-05-24-17-22-26.ids_1,21,15525,15614,fetching_an_object,0
2,vp2/run2_2018-05-24-17-22-26.ids_1,22,15614,15686,placing_an_object,0
2,vp2/run2_2018-05-24-17-22-26.ids_1,23,15686,15775,writing,0
2,vp2/run2_2018-05-24-17-22-26.ids_1,24,15775,15865,placing_an_object,0
2,vp2/run2_2018-05-24-17-22-26.ids_1,24,15865,15871,placing_an_object,1
2,vp2/run2_2018-05-24-17-22-26.ids_1,25,15900,15927,using_multimedia_display,0
2,vp2/run2_2018-05-24-17-22-26.ids_1,26,15967,16057,sitting_still,0
2,vp2/run2_2018-05-24-17-22-26.ids_1,26,16057,16147,sitting_still,1
2,vp2/run2_2018-05-24-17-22-26.ids_1,26,16147,16237,sitting_still,2
2,vp2/run2_2018-05-24-17-22-26.ids_1,26,16237,16327,sitting_still,3
2,vp2/run2_2018-05-24-17-22-26.ids_1,26,16327,16417,sitting_still,4
2,vp2/run2_2018-05-24-17-22-26.ids_1,26,16417,16452,sitting_still,5
2,vp2/run2_2018-05-24-17-22-26.ids_1,27,16539,16596,unfastening_seat_belt,0
2,vp2/run2_2018-05-24-17-22-26.ids_1,28,16596,16686,fetching_an_object,0
2,vp2/run2_2018-05-24-17-22-26.ids_1,28,16686,16702,fetching_an_object,1
2,vp2/run2_2018-05-24-17-22-26.ids_1,29,16702,16792,putting_on_jacket,0
2,vp2/run2_2018-05-24-17-22-26.ids_1,29,16792,16882,putting_on_jacket,1
2,vp2/run2_2018-05-24-17-22-26.ids_1,29,16882,16972,putting_on_jacket,2
2,vp2/run2_2018-05-24-17-22-26.ids_1,29,16972,17062,putting_on_jacket,3
2,vp2/run2_2018-05-24-17-22-26.ids_1,29,17062,17152,putting_on_jacket,4
2,vp2/run2_2018-05-24-17-22-26.ids_1,29,17152,17242,putting_on_jacket,5
2,vp2/run2_2018-05-24-17-22-26.ids_1,29,17242,17332,putting_on_jacket,6
2,vp2/run2_2018-05-24-17-22-26.ids_1,29,17332,17342,putting_on_jacket,7
2,vp2/run2_2018-05-24-17-22-26.ids_1,30,17342,17432,fastening_seat_belt,0
2,vp2/run2_2018-05-24-17-22-26.ids_1,30,17432,17443,fastening_seat_belt,1
2,vp2/run2_2018-05-24-17-22-26.ids_1,31,17452,17468,using_multimedia_display,0
2,vp2/run2_2018-05-24-17-22-26.ids_1,32,17520,17610,sitting_still,0
2,vp2/run2_2018-05-24-17-22-26.ids_1,32,17610,17700,sitting_still,1
2,vp2/run2_2018-05-24-17-22-26.ids_1,32,17700,17714,sitting_still,2
2,vp2/run2_2018-05-24-17-22-26.ids_1,33,18399,18407,pressing_automation_button,0
2,vp2/run2_2018-05-24-17-22-26.ids_1,34,18490,18580,looking_or_moving_around (e.g. searching),0
2,vp2/run2_2018-05-24-17-22-26.ids_1,34,18580,18670,looking_or_moving_around (e.g. searching),1
2,vp2/run2_2018-05-24-17-22-26.ids_1,34,18670,18760,looking_or_moving_around (e.g. searching),2
2,vp2/run2_2018-05-24-17-22-26.ids_1,34,18760,18850,looking_or_moving_around (e.g. searching),3
2,vp2/run2_2018-05-24-17-22-26.ids_1,34,18850,18940,looking_or_moving_around (e.g. searching),4
2,vp2/run2_2018-05-24-17-22-26.ids_1,34,18940,19030,looking_or_moving_around (e.g. searching),5
2,vp2/run2_2018-05-24-17-22-26.ids_1,34,19030,19083,looking_or_moving_around (e.g. searching),6
2,vp2/run2_2018-05-24-17-22-26.ids_1,35,19097,19127,using_multimedia_display,0
2,vp2/run2_2018-05-24-17-22-26.ids_1,36,19166,19256,sitting_still,0
2,vp2/run2_2018-05-24-17-22-26.ids_1,36,19256,19346,sitting_still,1
2,vp2/run2_2018-05-24-17-22-26.ids_1,36,19346,19436,sitting_still,2
2,vp2/run2_2018-05-24-17-22-26.ids_1,36,19436,19526,sitting_still,3
2,vp2/run2_2018-05-24-17-22-26.ids_1,36,19526,19616,sitting_still,4
2,vp2/run2_2018-05-24-17-22-26.ids_1,36,19616,19706,sitting_still,5
2,vp2/run2_2018-05-24-17-22-26.ids_1,36,19706,19735,sitting_still,6
2,vp2/run2_2018-05-24-17-22-26.ids_1,37,19750,19840,fetching_an_object,0
2,vp2/run2_2018-05-24-17-22-26.ids_1,37,19840,19847,fetching_an_object,1
2,vp2/run2_2018-05-24-17-22-26.ids_1,38,19847,19937,eating,0
2,vp2/run2_2018-05-24-17-22-26.ids_1,38,19937,20027,eating,1
2,vp2/run2_2018-05-24-17-22-26.ids_1,38,20027,20117,eating,2
2,vp2/run2_2018-05-24-17-22-26.ids_1,38,20117,20207,eating,3
2,vp2/run2_2018-05-24-17-22-26.ids_1,38,20207,20297,eating,4
2,vp2/run2_2018-05-24-17-22-26.ids_1,38,20297,20387,eating,5
2,vp2/run2_2018-05-24-17-22-26.ids_1,38,20387,20477,eating,6
2,vp2/run2_2018-05-24-17-22-26.ids_1,38,20477,20567,eating,7
2,vp2/run2_2018-05-24-17-22-26.ids_1,38,20567,20657,eating,8
2,vp2/run2_2018-05-24-17-22-26.ids_1,38,20657,20747,eating,9
2,vp2/run2_2018-05-24-17-22-26.ids_1,38,20747,20756,eating,10
2,vp2/run2_2018-05-24-17-22-26.ids_1,39,20756,20834,fetching_an_object,0
2,vp2/run2_2018-05-24-17-22-26.ids_1,40,20990,21051,placing_an_object,0
2,vp2/run2_2018-05-24-17-22-26.ids_1,41,21051,21141,opening_bottle,0
2,vp2/run2_2018-05-24-17-22-26.ids_1,41,21141,21203,opening_bottle,1
2,vp2/run2_2018-05-24-17-22-26.ids_1,42,21203,21293,drinking,0
2,vp2/run2_2018-05-24-17-22-26.ids_1,42,21293,21383,drinking,1
2,vp2/run2_2018-05-24-17-22-26.ids_1,43,21383,21460,closing_bottle,0
2,vp2/run2_2018-05-24-17-22-26.ids_1,44,21460,21550,placing_an_object,0
2,vp2/run2_2018-05-24-17-22-26.ids_1,44,21550,21601,placing_an_object,1
2,vp2/run2_2018-05-24-17-22-26.ids_1,45,21786,21855,placing_an_object,0
2,vp2/run2_2018-05-24-17-22-26.ids_1,46,22212,22223,pressing_automation_button,0
2,vp2/run2_2018-05-24-17-22-26.ids_1,47,22247,22305,fetching_an_object,0
2,vp2/run2_2018-05-24-17-22-26.ids_1,48,22305,22395,eating,0
2,vp2/run2_2018-05-24-17-22-26.ids_1,48,22395,22485,eating,1
2,vp2/run2_2018-05-24-17-22-26.ids_1,48,22485,22570,eating,2
2,vp2/run2_2018-05-24-17-22-26.ids_1,49,22572,22590,using_multimedia_display,0
2,vp2/run2_2018-05-24-17-22-26.ids_1,50,22603,22693,eating,0
2,vp2/run2_2018-05-24-17-22-26.ids_1,50,22693,22783,eating,1
2,vp2/run2_2018-05-24-17-22-26.ids_1,50,22783,22873,eating,2
2,vp2/run2_2018-05-24-17-22-26.ids_1,50,22873,22963,eating,3
2,vp2/run2_2018-05-24-17-22-26.ids_1,50,22963,23053,eating,4
2,vp2/run2_2018-05-24-17-22-26.ids_1,50,23053,23143,eating,5
2,vp2/run2_2018-05-24-17-22-26.ids_1,50,23143,23233,eating,6
2,vp2/run2_2018-05-24-17-22-26.ids_1,50,23233,23323,eating,7
2,vp2/run2_2018-05-24-17-22-26.ids_1,50,23323,23413,eating,8
2,vp2/run2_2018-05-24-17-22-26.ids_1,50,23413,23470,eating,9
2,vp2/run2_2018-05-24-17-22-26.ids_1,51,23472,23537,placing_an_object,0
2,vp2/run2_2018-05-24-17-22-26.ids_1,52,23743,23792,unfastening_seat_belt,0
2,vp2/run2_2018-05-24-17-22-26.ids_1,53,23792,23882,taking_off_jacket,0
2,vp2/run2_2018-05-24-17-22-26.ids_1,53,23882,23972,taking_off_jacket,1
2,vp2/run2_2018-05-24-17-22-26.ids_1,53,23972,24062,taking_off_jacket,2
2,vp2/run2_2018-05-24-17-22-26.ids_1,53,24062,24079,taking_off_jacket,3
2,vp2/run2_2018-05-24-17-22-26.ids_1,54,24079,24167,placing_an_object,0
2,vp2/run2_2018-05-24-17-22-26.ids_1,55,24206,24296,fastening_seat_belt,0
2,vp2/run2_2018-05-24-17-22-26.ids_1,55,24296,24339,fastening_seat_belt,1
2,vp2/run2_2018-05-24-17-22-26.ids_1,56,24379,24397,using_multimedia_display,0
2,vp2/run2_2018-05-24-17-22-26.ids_1,57,24783,24794,pressing_automation_button,0
2,vp2/run2_2018-05-24-17-22-26.ids_1,58,24857,24947,fetching_an_object,0
2,vp2/run2_2018-05-24-17-22-26.ids_1,58,24947,24964,fetching_an_object,1
2,vp2/run2_2018-05-24-17-22-26.ids_1,59,24964,25054,fetching_an_object,0
2,vp2/run2_2018-05-24-17-22-26.ids_1,59,25054,25141,fetching_an_object,1
2,vp2/run2_2018-05-24-17-22-26.ids_1,60,25141,25231,working_on_laptop,0
2,vp2/run2_2018-05-24-17-22-26.ids_1,60,25231,25321,working_on_laptop,1
2,vp2/run2_2018-05-24-17-22-26.ids_1,60,25321,25411,working_on_laptop,2
2,vp2/run2_2018-05-24-17-22-26.ids_1,60,25411,25501,working_on_laptop,3
2,vp2/run2_2018-05-24-17-22-26.ids_1,60,25501,25591,working_on_laptop,4
2,vp2/run2_2018-05-24-17-22-26.ids_1,60,25591,25681,working_on_laptop,5
2,vp2/run2_2018-05-24-17-22-26.ids_1,60,25681,25771,working_on_laptop,6
2,vp2/run2_2018-05-24-17-22-26.ids_1,60,25771,25861,working_on_laptop,7
2,vp2/run2_2018-05-24-17-22-26.ids_1,60,25861,25951,working_on_laptop,8
2,vp2/run2_2018-05-24-17-22-26.ids_1,60,25951,26041,working_on_laptop,9
2,vp2/run2_2018-05-24-17-22-26.ids_1,60,26041,26131,working_on_laptop,10
2,vp2/run2_2018-05-24-17-22-26.ids_1,60,26131,26221,working_on_laptop,11
2,vp2/run2_2018-05-24-17-22-26.ids_1,60,26221,26311,working_on_laptop,12
2,vp2/run2_2018-05-24-17-22-26.ids_1,60,26311,26363,working_on_laptop,13
2,vp2/run2_2018-05-24-17-22-26.ids_1,61,26363,26453,fetching_an_object,0
2,vp2/run2_2018-05-24-17-22-26.ids_1,61,26453,26515,fetching_an_object,1
2,vp2/run2_2018-05-24-17-22-26.ids_1,62,26515,26605,interacting_with_phone,0
2,vp2/run2_2018-05-24-17-22-26.ids_1,62,26605,26695,interacting_with_phone,1
2,vp2/run2_2018-05-24-17-22-26.ids_1,62,26695,26785,interacting_with_phone,2
2,vp2/run2_2018-05-24-17-22-26.ids_1,62,26785,26875,interacting_with_phone,3
2,vp2/run2_2018-05-24-17-22-26.ids_1,62,26875,26965,interacting_with_phone,4
2,vp2/run2_2018-05-24-17-22-26.ids_1,62,26965,27055,interacting_with_phone,5
2,vp2/run2_2018-05-24-17-22-26.ids_1,62,27055,27145,interacting_with_phone,6
2,vp2/run2_2018-05-24-17-22-26.ids_1,62,27145,27235,interacting_with_phone,7
2,vp2/run2_2018-05-24-17-22-26.ids_1,62,27235,27325,interacting_with_phone,8
2,vp2/run2_2018-05-24-17-22-26.ids_1,62,27325,27415,interacting_with_phone,9
2,vp2/run2_2018-05-24-17-22-26.ids_1,62,27415,27427,interacting_with_phone,10
2,vp2/run2_2018-05-24-17-22-26.ids_1,63,27502,27572,placing_an_object,0
2,vp2/run2_2018-05-24-17-22-26.ids_1,64,27576,27639,placing_an_object,0
2,vp2/run2_2018-05-24-17-22-26.ids_1,65,28086,28106,pressing_automation_button,0
2,vp2/run2_2018-05-24-17-22-26.ids_1,66,28156,28246,using_multimedia_display,0
2,vp2/run2_2018-05-24-17-22-26.ids_1,66,28246,28336,using_multimedia_display,1
2,vp2/run2_2018-05-24-17-22-26.ids_1,66,28336,28384,using_multimedia_display,2
2,vp2/run2_2018-05-24-17-22-26.ids_1,67,28448,28538,sitting_still,0
2,vp2/run2_2018-05-24-17-22-26.ids_1,67,28538,28615,sitting_still,1
2,vp2/run2_2018-05-24-17-22-26.ids_1,68,28618,28708,fetching_an_object,0
2,vp2/run2_2018-05-24-17-22-26.ids_1,68,28708,28722,fetching_an_object,1
2,vp2/run2_2018-05-24-17-22-26.ids_1,69,33879,33969,placing_an_object,0
2,vp2/run2_2018-05-24-17-22-26.ids_1,69,33969,33980,placing_an_object,1
2,vp2/run2_2018-05-24-17-22-26.ids_1,70,34017,34107,sitting_still,0
2,vp2/run2_2018-05-24-17-22-26.ids_1,70,34107,34132,sitting_still,1
2,vp2/run2_2018-05-24-17-22-26.ids_1,71,35019,35045,pressing_automation_button,0
2,vp2/run2_2018-05-24-17-22-26.ids_1,72,35108,35139,using_multimedia_display,0
2,vp2/run2_2018-05-24-17-22-26.ids_1,73,35168,35258,sitting_still,0
2,vp2/run2_2018-05-24-17-22-26.ids_1,73,35258,35348,sitting_still,1
2,vp2/run2_2018-05-24-17-22-26.ids_1,73,35348,35438,sitting_still,2
2,vp2/run2_2018-05-24-17-22-26.ids_1,73,35438,35528,sitting_still,3
2,vp2/run2_2018-05-24-17-22-26.ids_1,73,35528,35566,sitting_still,4
2,vp2/run2_2018-05-24-17-22-26.ids_1,74,35584,35615,using_multimedia_display,0
2,vp2/run2_2018-05-24-17-22-26.ids_1,75,35645,35735,sitting_still,0
2,vp2/run2_2018-05-24-17-22-26.ids_1,75,35735,35825,sitting_still,1
2,vp2/run2_2018-05-24-17-22-26.ids_1,75,35825,35915,sitting_still,2
2,vp2/run2_2018-05-24-17-22-26.ids_1,75,35915,36005,sitting_still,3
2,vp2/run2_2018-05-24-17-22-26.ids_1,75,36005,36095,sitting_still,4
2,vp2/run2_2018-05-24-17-22-26.ids_1,75,36095,36185,sitting_still,5
2,vp2/run2_2018-05-24-17-22-26.ids_1,75,36185,36275,sitting_still,6
2,vp2/run2_2018-05-24-17-22-26.ids_1,75,36275,36365,sitting_still,7
2,vp2/run2_2018-05-24-17-22-26.ids_1,75,36365,36455,sitting_still,8
2,vp2/run2_2018-05-24-17-22-26.ids_1,76,36472,36500,using_multimedia_display,0
2,vp2/run2_2018-05-24-17-22-26.ids_1,77,36534,36624,sitting_still,0
2,vp2/run2_2018-05-24-17-22-26.ids_1,77,36624,36714,sitting_still,1
2,vp2/run2_2018-05-24-17-22-26.ids_1,77,36714,36804,sitting_still,2
2,vp2/run2_2018-05-24-17-22-26.ids_1,77,36804,36894,sitting_still,3
2,vp2/run2_2018-05-24-17-22-26.ids_1,77,36894,36984,sitting_still,4
2,vp2/run2_2018-05-24-17-22-26.ids_1,77,36984,37074,sitting_still,5
2,vp2/run2_2018-05-24-17-22-26.ids_1,77,37074,37155,sitting_still,6
2,vp2/run2_2018-05-24-17-22-26.ids_1,78,37172,37262,fetching_an_object,0
2,vp2/run2_2018-05-24-17-22-26.ids_1,78,37262,37322,fetching_an_object,1
2,vp2/run2_2018-05-24-17-22-26.ids_1,79,37322,37412,interacting_with_phone,0
2,vp2/run2_2018-05-24-17-22-26.ids_1,79,37412,37474,interacting_with_phone,1
2,vp2/run2_2018-05-24-17-22-26.ids_1,80,37492,37582,talking_on_phone,0
2,vp2/run2_2018-05-24-17-22-26.ids_1,81,37614,37704,interacting_with_phone,0
2,vp2/run2_2018-05-24-17-22-26.ids_1,81,37704,37713,interacting_with_phone,1
2,vp2/run2_2018-05-24-17-22-26.ids_1,82,37740,37830,talking_on_phone,0
2,vp2/run2_2018-05-24-17-22-26.ids_1,82,37830,37920,talking_on_phone,1
2,vp2/run2_2018-05-24-17-22-26.ids_1,82,37920,38010,talking_on_phone,2
2,vp2/run2_2018-05-24-17-22-26.ids_1,82,38010,38100,talking_on_phone,3
2,vp2/run2_2018-05-24-17-22-26.ids_1,82,38100,38190,talking_on_phone,4
2,vp2/run2_2018-05-24-17-22-26.ids_1,82,38190,38280,talking_on_phone,5
2,vp2/run2_2018-05-24-17-22-26.ids_1,82,38280,38370,talking_on_phone,6
2,vp2/run2_2018-05-24-17-22-26.ids_1,82,38370,38460,talking_on_phone,7
2,vp2/run2_2018-05-24-17-22-26.ids_1,82,38460,38550,talking_on_phone,8
2,vp2/run2_2018-05-24-17-22-26.ids_1,82,38550,38640,talking_on_phone,9
2,vp2/run2_2018-05-24-17-22-26.ids_1,82,38640,38730,talking_on_phone,10
2,vp2/run2_2018-05-24-17-22-26.ids_1,82,38730,38820,talking_on_phone,11
2,vp2/run2_2018-05-24-17-22-26.ids_1,82,38820,38910,talking_on_phone,12
2,vp2/run2_2018-05-24-17-22-26.ids_1,82,38910,38950,talking_on_phone,13
2,vp2/run2_2018-05-24-17-22-26.ids_1,83,38952,39024,placing_an_object,0
2,vp2/run2_2018-05-24-17-22-26.ids_1,84,39583,39592,pressing_automation_button,0
2,vp2/run2_2018-05-24-17-22-26.ids_1,85,39759,39769,pressing_automation_button,0
2,vp2/run2_2018-05-24-17-22-26.ids_1,86,40235,40279,unfastening_seat_belt,0
2,vp2/run2_2018-05-24-17-22-26.ids_1,87,40334,40369,opening_door_inside,0
2,vp2/run2_2018-05-24-17-22-26.ids_1,88,40369,40449,exiting_car,0
2,vp2/run2_2018-05-24-17-22-26.ids_1,89,40449,40473,closing_door_outside,0
3,vp3/run1b_2018-05-08-08-46-01.ids_1,0,218,276,opening_door_outside,0
3,vp3/run1b_2018-05-08-08-46-01.ids_1,1,276,330,entering_car,0
3,vp3/run1b_2018-05-08-08-46-01.ids_1,2,330,369,placing_an_object,0
3,vp3/run1b_2018-05-08-08-46-01.ids_1,3,369,429,closing_door_inside,0
3,vp3/run1b_2018-05-08-08-46-01.ids_1,4,429,519,fastening_seat_belt,0
3,vp3/run1b_2018-05-08-08-46-01.ids_1,4,519,609,fastening_seat_belt,1
3,vp3/run1b_2018-05-08-08-46-01.ids_1,4,609,622,fastening_seat_belt,2
3,vp3/run1b_2018-05-08-08-46-01.ids_1,5,657,684,using_multimedia_display,0
3,vp3/run1b_2018-05-08-08-46-01.ids_1,6,8880,8890,pressing_automation_button,0
3,vp3/run1b_2018-05-08-08-46-01.ids_1,7,8937,8986,using_multimedia_display,0
3,vp3/run1b_2018-05-08-08-46-01.ids_1,8,9030,9120,sitting_still,0
3,vp3/run1b_2018-05-08-08-46-01.ids_1,8,9120,9210,sitting_still,1
3,vp3/run1b_2018-05-08-08-46-01.ids_1,8,9210,9300,sitting_still,2
3,vp3/run1b_2018-05-08-08-46-01.ids_1,8,9300,9390,sitting_still,3
3,vp3/run1b_2018-05-08-08-46-01.ids_1,8,9390,9480,sitting_still,4
3,vp3/run1b_2018-05-08-08-46-01.ids_1,8,9480,9570,sitting_still,5
3,vp3/run1b_2018-05-08-08-46-01.ids_1,9,9571,9639,fetching_an_object,0
3,vp3/run1b_2018-05-08-08-46-01.ids_1,10,9639,9669,unfastening_seat_belt,0
3,vp3/run1b_2018-05-08-08-46-01.ids_1,11,9671,9761,putting_on_jacket,0
3,vp3/run1b_2018-05-08-08-46-01.ids_1,11,9761,9851,putting_on_jacket,1
3,vp3/run1b_2018-05-08-08-46-01.ids_1,11,9851,9941,putting_on_jacket,2
3,vp3/run1b_2018-05-08-08-46-01.ids_1,11,9941,10031,putting_on_jacket,3
3,vp3/run1b_2018-05-08-08-46-01.ids_1,11,10031,10121,putting_on_jacket,4
3,vp3/run1b_2018-05-08-08-46-01.ids_1,12,10121,10211,fastening_seat_belt,0
3,vp3/run1b_2018-05-08-08-46-01.ids_1,12,10211,10301,fastening_seat_belt,1
3,vp3/run1b_2018-05-08-08-46-01.ids_1,12,10301,10329,fastening_seat_belt,2
3,vp3/run1b_2018-05-08-08-46-01.ids_1,13,10329,10360,using_multimedia_display,0
3,vp3/run1b_2018-05-08-08-46-01.ids_1,14,10390,10480,sitting_still,0
3,vp3/run1b_2018-05-08-08-46-01.ids_1,14,10480,10570,sitting_still,1
3,vp3/run1b_2018-05-08-08-46-01.ids_1,14,10570,10660,sitting_still,2
3,vp3/run1b_2018-05-08-08-46-01.ids_1,14,10660,10750,sitting_still,3
3,vp3/run1b_2018-05-08-08-46-01.ids_1,14,10750,10840,sitting_still,4
3,vp3/run1b_2018-05-08-08-46-01.ids_1,14,10840,10930,sitting_still,5
3,vp3/run1b_2018-05-08-08-46-01.ids_1,14,10930,11020,sitting_still,6
3,vp3/run1b_2018-05-08-08-46-01.ids_1,14,11020,11110,sitting_still,7
3,vp3/run1b_2018-05-08-08-46-01.ids_1,14,11110,11200,sitting_still,8
3,vp3/run1b_2018-05-08-08-46-01.ids_1,14,11200,11290,sitting_still,9
3,vp3/run1b_2018-05-08-08-46-01.ids_1,14,11290,11380,sitting_still,10
3,vp3/run1b_2018-05-08-08-46-01.ids_1,14,11380,11470,sitting_still,11
3,vp3/run1b_2018-05-08-08-46-01.ids_1,14,11470,11560,sitting_still,12
3,vp3/run1b_2018-05-08-08-46-01.ids_1,14,11560,11650,sitting_still,13
3,vp3/run1b_2018-05-08-08-46-01.ids_1,14,11650,11740,sitting_still,14
3,vp3/run1b_2018-05-08-08-46-01.ids_1,14,11740,11752,sitting_still,15
3,vp3/run1b_2018-05-08-08-46-01.ids_1,15,11780,11870,fetching_an_object,0
3,vp3/run1b_2018-05-08-08-46-01.ids_1,15,11870,11930,fetching_an_object,1
3,vp3/run1b_2018-05-08-08-46-01.ids_1,16,11970,12004,taking_off_sunglasses,0
3,vp3/run1b_2018-05-08-08-46-01.ids_1,17,12004,12091,placing_an_object,0
3,vp3/run1b_2018-05-08-08-46-01.ids_1,18,12091,12136,putting_on_sunglasses,0
3,vp3/run1b_2018-05-08-08-46-01.ids_1,19,12136,12169,using_multimedia_display,0
3,vp3/run1b_2018-05-08-08-46-01.ids_1,20,12461,12551,fetching_an_object,0
3,vp3/run1b_2018-05-08-08-46-01.ids_1,20,12551,12586,fetching_an_object,1
3,vp3/run1b_2018-05-08-08-46-01.ids_1,21,12738,12828,fetching_an_object,0
3,vp3/run1b_2018-05-08-08-46-01.ids_1,21,12828,12865,fetching_an_object,1
3,vp3/run1b_2018-05-08-08-46-01.ids_1,22,12892,12948,placing_an_object,0
3,vp3/run1b_2018-05-08-08-46-01.ids_1,23,12948,13038,reading_newspaper,0
3,vp3/run1b_2018-05-08-08-46-01.ids_1,23,13038,13128,reading_newspaper,1
3,vp3/run1b_2018-05-08-08-46-01.ids_1,23,13128,13218,reading_newspaper,2
3,vp3/run1b_2018-05-08-08-46-01.ids_1,23,13218,13308,reading_newspaper,3
3,vp3/run1b_2018-05-08-08-46-01.ids_1,23,13308,13398,reading_newspaper,4
3,vp3/run1b_2018-05-08-08-46-01.ids_1,23,13398,13488,reading_newspaper,5
3,vp3/run1b_2018-05-08-08-46-01.ids_1,23,13488,13578,reading_newspaper,6
3,vp3/run1b_2018-05-08-08-46-01.ids_1,23,13578,13668,reading_newspaper,7
3,vp3/run1b_2018-05-08-08-46-01.ids_1,23,13668,13758,reading_newspaper,8
3,vp3/run1b_2018-05-08-08-46-01.ids_1,23,13758,13848,reading_newspaper,9
3,vp3/run1b_2018-05-08-08-46-01.ids_1,23,13848,13938,reading_newspaper,10
3,vp3/run1b_2018-05-08-08-46-01.ids_1,23,13938,14028,reading_newspaper,11
3,vp3/run1b_2018-05-08-08-46-01.ids_1,23,14028,14118,reading_newspaper,12
3,vp3/run1b_2018-05-08-08-46-01.ids_1,23,14118,14208,reading_newspaper,13
3,vp3/run1b_2018-05-08-08-46-01.ids_1,23,14208,14298,reading_newspaper,14
3,vp3/run1b_2018-05-08-08-46-01.ids_1,23,14298,14388,reading_newspaper,15
3,vp3/run1b_2018-05-08-08-46-01.ids_1,23,14388,14478,reading_newspaper,16
3,vp3/run1b_2018-05-08-08-46-01.ids_1,23,14478,14568,reading_newspaper,17
3,vp3/run1b_2018-05-08-08-46-01.ids_1,23,14568,14658,reading_newspaper,18
3,vp3/run1b_2018-05-08-08-46-01.ids_1,23,14658,14748,reading_newspaper,19
3,vp3/run1b_2018-05-08-08-46-01.ids_1,23,14748,14830,reading_newspaper,20
3,vp3/run1b_2018-05-08-08-46-01.ids_1,24,14830,14920,fetching_an_object,0
3,vp3/run1b_2018-05-08-08-46-01.ids_1,24,14920,14998,fetching_an_object,1
3,vp3/run1b_2018-05-08-08-46-01.ids_1,25,15218,15289,placing_an_object,0
3,vp3/run1b_2018-05-08-08-46-01.ids_1,26,15289,15379,writing,0
3,vp3/run1b_2018-05-08-08-46-01.ids_1,26,15379,15469,writing,1
3,vp3/run1b_2018-05-08-08-46-01.ids_1,26,15469,15548,writing,2
3,vp3/run1b_2018-05-08-08-46-01.ids_1,27,15548,15587,placing_an_object,0
3,vp3/run1b_2018-05-08-08-46-01.ids_1,28,15591,15625,using_multimedia_display,0
3,vp3/run1b_2018-05-08-08-46-01.ids_1,29,15765,15855,placing_an_object,0
3,vp3/run1b_2018-05-08-08-46-01.ids_1,29,15855,15922,placing_an_object,1
3,vp3/run1b_2018-05-08-08-46-01.ids_1,30,15966,16056,sitting_still,0
3,vp3/run1b_2018-05-08-08-46-01.ids_1,30,16056,16146,sitting_still,1
3,vp3/run1b_2018-05-08-08-46-01.ids_1,30,16146,16236,sitting_still,2
3,vp3/run1b_2018-05-08-08-46-01.ids_1,30,16236,16326,sitting_still,3
3,vp3/run1b_2018-05-08-08-46-01.ids_1,30,16326,16416,sitting_still,4
3,vp3/run1b_2018-05-08-08-46-01.ids_1,30,16416,16506,sitting_still,5
3,vp3/run1b_2018-05-08-08-46-01.ids_1,30,16506,16596,sitting_still,6
3,vp3/run1b_2018-05-08-08-46-01.ids_1,30,16596,16686,sitting_still,7
3,vp3/run1b_2018-05-08-08-46-01.ids_1,30,16686,16776,sitting_still,8
3,vp3/run1b_2018-05-08-08-46-01.ids_1,30,16776,16866,sitting_still,9
3,vp3/run1b_2018-05-08-08-46-01.ids_1,30,16866,16956,sitting_still,10
3,vp3/run1b_2018-05-08-08-46-01.ids_1,30,16956,17046,sitting_still,11
3,vp3/run1b_2018-05-08-08-46-01.ids_1,30,17046,17136,sitting_still,12
3,vp3/run1b_2018-05-08-08-46-01.ids_1,31,17186,17276,fetching_an_object,0
3,vp3/run1b_2018-05-08-08-46-01.ids_1,31,17276,17338,fetching_an_object,1
3,vp3/run1b_2018-05-08-08-46-01.ids_1,32,17338,17428,working_on_laptop,0
3,vp3/run1b_2018-05-08-08-46-01.ids_1,32,17428,17518,working_on_laptop,1
3,vp3/run1b_2018-05-08-08-46-01.ids_1,32,17518,17608,working_on_laptop,2
3,vp3/run1b_2018-05-08-08-46-01.ids_1,32,17608,17698,working_on_laptop,3
3,vp3/run1b_2018-05-08-08-46-01.ids_1,32,17698,17788,working_on_laptop,4
3,vp3/run1b_2018-05-08-08-46-01.ids_1,32,17788,17878,working_on_laptop,5
3,vp3/run1b_2018-05-08-08-46-01.ids_1,32,17878,17968,working_on_laptop,6
3,vp3/run1b_2018-05-08-08-46-01.ids_1,32,17968,18058,working_on_laptop,7
3,vp3/run1b_2018-05-08-08-46-01.ids_1,32,18058,18148,working_on_laptop,8
3,vp3/run1b_2018-05-08-08-46-01.ids_1,32,18148,18238,working_on_laptop,9
3,vp3/run1b_2018-05-08-08-46-01.ids_1,32,18238,18328,working_on_laptop,10
3,vp3/run1b_2018-05-08-08-46-01.ids_1,32,18328,18415,working_on_laptop,11
3,vp3/run1b_2018-05-08-08-46-01.ids_1,33,18415,18505,fetching_an_object,0
3,vp3/run1b_2018-05-08-08-46-01.ids_1,33,18505,18529,fetching_an_object,1
3,vp3/run1b_2018-05-08-08-46-01.ids_1,34,18529,18619,interacting_with_phone,0
3,vp3/run1b_2018-05-08-08-46-01.ids_1,34,18619,18709,interacting_with_phone,1
3,vp3/run1b_2018-05-08-08-46-01.ids_1,34,18709,18799,interacting_with_phone,2
3,vp3/run1b_2018-05-08-08-46-01.ids_1,34,18799,18889,interacting_with_phone,3
3,vp3/run1b_2018-05-08-08-46-01.ids_1,34,18889,18979,interacting_with_phone,4
3,vp3/run1b_2018-05-08-08-46-01.ids_1,34,18979,19069,interacting_with_phone,5
3,vp3/run1b_2018-05-08-08-46-01.ids_1,34,19069,19159,interacting_with_phone,6
3,vp3/run1b_2018-05-08-08-46-01.ids_1,34,19159,19249,interacting_with_phone,7
3,vp3/run1b_2018-05-08-08-46-01.ids_1,34,19249,19302,interacting_with_phone,8
3,vp3/run1b_2018-05-08-08-46-01.ids_1,35,19302,19362,placing_an_object,0
3,vp3/run1b_2018-05-08-08-46-01.ids_1,36,19381,19471,placing_an_object,0
3,vp3/run1b_2018-05-08-08-46-01.ids_1,36,19471,19507,placing_an_object,1
3,vp3/run1b_2018-05-08-08-46-01.ids_1,37,19507,19531,using_multimedia_display,0
3,vp3/run1b_2018-05-08-08-46-01.ids_1,38,19567,19657,sitting_still,0
3,vp3/run1b_2018-05-08-08-46-01.ids_1,38,19657,19747,sitting_still,1
3,vp3/run1b_2018-05-08-08-46-01.ids_1,38,19747,19837,sitting_still,2
3,vp3/run1b_2018-05-08-08-46-01.ids_1,38,19837,19927,sitting_still,3
3,vp3/run1b_2018-05-08-08-46-01.ids_1,38,19927,20017,sitting_still,4
3,vp3/run1b_2018-05-08-08-46-01.ids_1,38,20017,20107,sitting_still,5
3,vp3/run1b_2018-05-08-08-46-01.ids_1,38,20107,20197,sitting_still,6
3,vp3/run1b_2018-05-08-08-46-01.ids_1,38,20197,20287,sitting_still,7
3,vp3/run1b_2018-05-08-08-46-01.ids_1,38,20287,20294,sitting_still,8
3,vp3/run1b_2018-05-08-08-46-01.ids_1,39,20318,20368,unfastening_seat_belt,0
3,vp3/run1b_2018-05-08-08-46-01.ids_1,40,20368,20458,taking_off_jacket,0
3,vp3/run1b_2018-05-08-08-46-01.ids_1,40,20458,20548,taking_off_jacket,1
3,vp3/run1b_2018-05-08-08-46-01.ids_1,40,20548,20638,taking_off_jacket,2
3,vp3/run1b_2018-05-08-08-46-01.ids_1,40,20638,20728,taking_off_jacket,3
3,vp3/run1b_2018-05-08-08-46-01.ids_1,40,20728,20809,taking_off_jacket,4
3,vp3/run1b_2018-05-08-08-46-01.ids_1,41,20809,20895,placing_an_object,0
3,vp3/run1b_2018-05-08-08-46-01.ids_1,42,20919,21009,sitting_still,0
3,vp3/run1b_2018-05-08-08-46-01.ids_1,42,21009,21099,sitting_still,1
3,vp3/run1b_2018-05-08-08-46-01.ids_1,42,21099,21189,sitting_still,2
3,vp3/run1b_2018-05-08-08-46-01.ids_1,42,21189,21279,sitting_still,3
3,vp3/run1b_2018-05-08-08-46-01.ids_1,42,21279,21369,sitting_still,4
3,vp3/run1b_2018-05-08-08-46-01.ids_1,42,21369,21459,sitting_still,5
3,vp3/run1b_2018-05-08-08-46-01.ids_1,42,21459,21486,sitting_still,6
3,vp3/run1b_2018-05-08-08-46-01.ids_1,43,21492,21559,fetching_an_object,0
3,vp3/run1b_2018-05-08-08-46-01.ids_1,44,21559,21610,interacting_with_phone,0
3,vp3/run1b_2018-05-08-08-46-01.ids_1,45,21610,21700,talking_on_phone,0
3,vp3/run1b_2018-05-08-08-46-01.ids_1,45,21700,21790,talking_on_phone,1
3,vp3/run1b_2018-05-08-08-46-01.ids_1,45,21790,21880,talking_on_phone,2
3,vp3/run1b_2018-05-08-08-46-01.ids_1,45,21880,21970,talking_on_phone,3
3,vp3/run1b_2018-05-08-08-46-01.ids_1,45,21970,22060,talking_on_phone,4
3,vp3/run1b_2018-05-08-08-46-01.ids_1,45,22060,22150,talking_on_phone,5
3,vp3/run1b_2018-05-08-08-46-01.ids_1,45,22150,22240,talking_on_phone,6
3,vp3/run1b_2018-05-08-08-46-01.ids_1,45,22240,22330,talking_on_phone,7
3,vp3/run1b_2018-05-08-08-46-01.ids_1,45,22330,22420,talking_on_phone,8
3,vp3/run1b_2018-05-08-08-46-01.ids_1,45,22420,22510,talking_on_phone,9
3,vp3/run1b_2018-05-08-08-46-01.ids_1,45,22510,22600,talking_on_phone,10
3,vp3/run1b_2018-05-08-08-46-01.ids_1,45,22600,22690,talking_on_phone,11
3,vp3/run1b_2018-05-08-08-46-01.ids_1,45,22690,22780,talking_on_phone,12
3,vp3/run1b_2018-05-08-08-46-01.ids_1,45,22780,22870,talking_on_phone,13
3,vp3/run1b_2018-05-08-08-46-01.ids_1,45,22870,22882,talking_on_phone,14
3,vp3/run1b_2018-05-08-08-46-01.ids_1,46,22882,22937,interacting_with_phone,0
3,vp3/run1b_2018-05-08-08-46-01.ids_1,47,22960,23022,placing_an_object,0
3,vp3/run1b_2018-05-08-08-46-01.ids_1,48,23517,23540,pressing_automation_button,0
3,vp3/run1b_2018-05-08-08-46-01.ids_1,49,23553,23586,taking_off_sunglasses,0
3,vp3/run1b_2018-05-08-08-46-01.ids_1,50,23586,23641,placing_an_object,0
3,vp3/run1b_2018-05-08-08-46-01.ids_1,51,23641,23692,fetching_an_object,0
3,vp3/run1b_2018-05-08-08-46-01.ids_1,52,23692,23775,putting_on_sunglasses,0
3,vp3/run1b_2018-05-08-08-46-01.ids_1,53,23806,23824,using_multimedia_display,0
3,vp3/run1b_2018-05-08-08-46-01.ids_1,54,23836,23926,sitting_still,0
3,vp3/run1b_2018-05-08-08-46-01.ids_1,54,23926,24016,sitting_still,1
3,vp3/run1b_2018-05-08-08-46-01.ids_1,54,24016,24106,sitting_still,2
3,vp3/run1b_2018-05-08-08-46-01.ids_1,54,24106,24196,sitting_still,3
3,vp3/run1b_2018-05-08-08-46-01.ids_1,54,24196,24286,sitting_still,4
3,vp3/run1b_2018-05-08-08-46-01.ids_1,54,24286,24376,sitting_still,5
3,vp3/run1b_2018-05-08-08-46-01.ids_1,54,24376,24462,sitting_still,6
3,vp3/run1b_2018-05-08-08-46-01.ids_1,55,24478,24568,fetching_an_object,0
3,vp3/run1b_2018-05-08-08-46-01.ids_1,55,24568,24614,fetching_an_object,1
3,vp3/run1b_2018-05-08-08-46-01.ids_1,56,24776,24866,reading_magazine,0
3,vp3/run1b_2018-05-08-08-46-01.ids_1,56,24866,24956,reading_magazine,1
3,vp3/run1b_2018-05-08-08-46-01.ids_1,56,24956,25046,reading_magazine,2
3,vp3/run1b_2018-05-08-08-46-01.ids_1,56,25046,25136,reading_magazine,3
3,vp3/run1b_2018-05-08-08-46-01.ids_1,56,25136,25226,reading_magazine,4
3,vp3/run1b_2018-05-08-08-46-01.ids_1,56,25226,25316,reading_magazine,5
3,vp3/run1b_2018-05-08-08-46-01.ids_1,56,25316,25406,reading_magazine,6
3,vp3/run1b_2018-05-08-08-46-01.ids_1,56,25406,25496,reading_magazine,7
3,vp3/run1b_2018-05-08-08-46-01.ids_1,56,25496,25586,reading_magazine,8
3,vp3/run1b_2018-05-08-08-46-01.ids_1,56,25586,25676,reading_magazine,9
3,vp3/run1b_2018-05-08-08-46-01.ids_1,56,25676,25766,reading_magazine,10
3,vp3/run1b_2018-05-08-08-46-01.ids_1,56,25766,25856,reading_magazine,11
3,vp3/run1b_2018-05-08-08-46-01.ids_1,56,25856,25946,reading_magazine,12
3,vp3/run1b_2018-05-08-08-46-01.ids_1,56,25946,26036,reading_magazine,13
3,vp3/run1b_2018-05-08-08-46-01.ids_1,56,26036,26126,reading_magazine,14
3,vp3/run1b_2018-05-08-08-46-01.ids_1,56,26126,26216,reading_magazine,15
3,vp3/run1b_2018-05-08-08-46-01.ids_1,56,26216,26306,reading_magazine,16
3,vp3/run1b_2018-05-08-08-46-01.ids_1,56,26306,26335,reading_magazine,17
3,vp3/run1b_2018-05-08-08-46-01.ids_1,57,26335,26415,fetching_an_object,0
3,vp3/run1b_2018-05-08-08-46-01.ids_1,58,26415,26505,writing,0
3,vp3/run1b_2018-05-08-08-46-01.ids_1,58,26505,26595,writing,1
3,vp3/run1b_2018-05-08-08-46-01.ids_1,58,26595,26685,writing,2
3,vp3/run1b_2018-05-08-08-46-01.ids_1,58,26685,26758,writing,3
3,vp3/run1b_2018-05-08-08-46-01.ids_1,59,26775,26790,using_multimedia_display,0
3,vp3/run1b_2018-05-08-08-46-01.ids_1,60,26860,26947,placing_an_object,0
3,vp3/run1b_2018-05-08-08-46-01.ids_1,61,26973,27063,sitting_still,0
3,vp3/run1b_2018-05-08-08-46-01.ids_1,61,27063,27153,sitting_still,1
3,vp3/run1b_2018-05-08-08-46-01.ids_1,61,27153,27243,sitting_still,2
3,vp3/run1b_2018-05-08-08-46-01.ids_1,61,27243,27333,sitting_still,3
3,vp3/run1b_2018-05-08-08-46-01.ids_1,61,27333,27380,sitting_still,4
3,vp3/run1b_2018-05-08-08-46-01.ids_1,62,27465,27511,pressing_automation_button,0
3,vp3/run1b_2018-05-08-08-46-01.ids_1,63,27746,27760,pressing_automation_button,0
3,vp3/run1b_2018-05-08-08-46-01.ids_1,64,27817,27907,sitting_still,0
3,vp3/run1b_2018-05-08-08-46-01.ids_1,64,27907,27997,sitting_still,1
3,vp3/run1b_2018-05-08-08-46-01.ids_1,64,27997,28087,sitting_still,2
3,vp3/run1b_2018-05-08-08-46-01.ids_1,64,28087,28177,sitting_still,3
3,vp3/run1b_2018-05-08-08-46-01.ids_1,64,28177,28193,sitting_still,4
3,vp3/run1b_2018-05-08-08-46-01.ids_1,65,28255,28345,fastening_seat_belt,0
3,vp3/run1b_2018-05-08-08-46-01.ids_1,65,28345,28433,fastening_seat_belt,1
3,vp3/run1b_2018-05-08-08-46-01.ids_1,66,28806,28814,pressing_automation_button,0
3,vp3/run1b_2018-05-08-08-46-01.ids_1,67,28850,28940,sitting_still,0
3,vp3/run1b_2018-05-08-08-46-01.ids_1,67,28940,29030,sitting_still,1
3,vp3/run1b_2018-05-08-08-46-01.ids_1,67,29030,29120,sitting_still,2
3,vp3/run1b_2018-05-08-08-46-01.ids_1,67,29120,29210,sitting_still,3
3,vp3/run1b_2018-05-08-08-46-01.ids_1,67,29210,29300,sitting_still,4
3,vp3/run1b_2018-05-08-08-46-01.ids_1,67,29300,29390,sitting_still,5
3,vp3/run1b_2018-05-08-08-46-01.ids_1,67,29390,29480,sitting_still,6
3,vp3/run1b_2018-05-08-08-46-01.ids_1,67,29480,29570,sitting_still,7
3,vp3/run1b_2018-05-08-08-46-01.ids_1,67,29570,29660,sitting_still,8
3,vp3/run1b_2018-05-08-08-46-01.ids_1,67,29660,29750,sitting_still,9
3,vp3/run1b_2018-05-08-08-46-01.ids_1,67,29750,29840,sitting_still,10
3,vp3/run1b_2018-05-08-08-46-01.ids_1,67,29840,29913,sitting_still,11
3,vp3/run1b_2018-05-08-08-46-01.ids_1,68,29980,30070,using_multimedia_display,0
3,vp3/run1b_2018-05-08-08-46-01.ids_1,68,30070,30111,using_multimedia_display,1
3,vp3/run1b_2018-05-08-08-46-01.ids_1,69,30111,30201,fetching_an_object,0
3,vp3/run1b_2018-05-08-08-46-01.ids_1,69,30201,30214,fetching_an_object,1
3,vp3/run1b_2018-05-08-08-46-01.ids_1,70,30214,30304,eating,0
3,vp3/run1b_2018-05-08-08-46-01.ids_1,70,30304,30394,eating,1
3,vp3/run1b_2018-05-08-08-46-01.ids_1,70,30394,30484,eating,2
3,vp3/run1b_2018-05-08-08-46-01.ids_1,70,30484,30574,eating,3
3,vp3/run1b_2018-05-08-08-46-01.ids_1,70,30574,30664,eating,4
3,vp3/run1b_2018-05-08-08-46-01.ids_1,70,30664,30754,eating,5
3,vp3/run1b_2018-05-08-08-46-01.ids_1,70,30754,30844,eating,6
3,vp3/run1b_2018-05-08-08-46-01.ids_1,70,30844,30934,eating,7
3,vp3/run1b_2018-05-08-08-46-01.ids_1,70,30934,30944,eating,8
3,vp3/run1b_2018-05-08-08-46-01.ids_1,71,30944,31030,fetching_an_object,0
3,vp3/run1b_2018-05-08-08-46-01.ids_1,72,31096,31186,placing_an_object,0
3,vp3/run1b_2018-05-08-08-46-01.ids_1,72,31186,31209,placing_an_object,1
3,vp3/run1b_2018-05-08-08-46-01.ids_1,73,31497,31504,pressing_automation_button,0
3,vp3/run1b_2018-05-08-08-46-01.ids_1,74,31504,31584,fetching_an_object,0
3,vp3/run1b_2018-05-08-08-46-01.ids_1,75,31584,31670,opening_bottle,0
3,vp3/run1b_2018-05-08-08-46-01.ids_1,76,31670,31760,drinking,0
3,vp3/run1b_2018-05-08-08-46-01.ids_1,76,31760,31835,drinking,1
3,vp3/run1b_2018-05-08-08-46-01.ids_1,77,31835,31909,closing_bottle,0
3,vp3/run1b_2018-05-08-08-46-01.ids_1,78,31909,31975,placing_an_object,0
3,vp3/run1b_2018-05-08-08-46-01.ids_1,79,31975,32023,fetching_an_object,0
3,vp3/run1b_2018-05-08-08-46-01.ids_1,80,32023,32113,eating,0
3,vp3/run1b_2018-05-08-08-46-01.ids_1,80,32113,32203,eating,1
3,vp3/run1b_2018-05-08-08-46-01.ids_1,80,32203,32293,eating,2
3,vp3/run1b_2018-05-08-08-46-01.ids_1,80,32293,32383,eating,3
3,vp3/run1b_2018-05-08-08-46-01.ids_1,80,32383,32473,eating,4
3,vp3/run1b_2018-05-08-08-46-01.ids_1,80,32473,32563,eating,5
3,vp3/run1b_2018-05-08-08-46-01.ids_1,80,32563,32653,eating,6
3,vp3/run1b_2018-05-08-08-46-01.ids_1,80,32653,32743,eating,7
3,vp3/run1b_2018-05-08-08-46-01.ids_1,80,32743,32833,eating,8
3,vp3/run1b_2018-05-08-08-46-01.ids_1,80,32833,32923,eating,9
3,vp3/run1b_2018-05-08-08-46-01.ids_1,80,32923,33013,eating,10
3,vp3/run1b_2018-05-08-08-46-01.ids_1,80,33013,33092,eating,11
3,vp3/run1b_2018-05-08-08-46-01.ids_1,81,33092,33177,placing_an_object,0
3,vp3/run1b_2018-05-08-08-46-01.ids_1,82,33214,33304,fetching_an_object,0
3,vp3/run1b_2018-05-08-08-46-01.ids_1,82,33304,33315,fetching_an_object,1
3,vp3/run1b_2018-05-08-08-46-01.ids_1,83,33315,33405,opening_bottle,0
3,vp3/run1b_2018-05-08-08-46-01.ids_1,83,33405,33448,opening_bottle,1
3,vp3/run1b_2018-05-08-08-46-01.ids_1,84,33564,33642,using_multimedia_display,0
3,vp3/run1b_2018-05-08-08-46-01.ids_1,85,33714,33804,drinking,0
3,vp3/run1b_2018-05-08-08-46-01.ids_1,85,33804,33894,drinking,1
3,vp3/run1b_2018-05-08-08-46-01.ids_1,85,33894,33984,drinking,2
3,vp3/run1b_2018-05-08-08-46-01.ids_1,85,33984,34074,drinking,3
3,vp3/run1b_2018-05-08-08-46-01.ids_1,85,34074,34164,drinking,4
3,vp3/run1b_2018-05-08-08-46-01.ids_1,85,34164,34254,drinking,5
3,vp3/run1b_2018-05-08-08-46-01.ids_1,85,34254,34344,drinking,6
3,vp3/run1b_2018-05-08-08-46-01.ids_1,85,34344,34372,drinking,7
3,vp3/run1b_2018-05-08-08-46-01.ids_1,86,34372,34456,closing_bottle,0
3,vp3/run1b_2018-05-08-08-46-01.ids_1,87,34456,34504,opening_bottle,0
3,vp3/run1b_2018-05-08-08-46-01.ids_1,88,34504,34594,drinking,0
3,vp3/run1b_2018-05-08-08-46-01.ids_1,88,34594,34630,drinking,1
3,vp3/run1b_2018-05-08-08-46-01.ids_1,89,34812,34834,using_multimedia_display,0
3,vp3/run1b_2018-05-08-08-46-01.ids_1,90,34850,34862,using_multimedia_display,0
3,vp3/run1b_2018-05-08-08-46-01.ids_1,91,35121,35211,using_multimedia_display,0
3,vp3/run1b_2018-05-08-08-46-01.ids_1,91,35211,35287,using_multimedia_display,1
3,vp3/run1b_2018-05-08-08-46-01.ids_1,92,35391,35481,drinking,0
3,vp3/run1b_2018-05-08-08-46-01.ids_1,92,35481,35491,drinking,1
3,vp3/run1b_2018-05-08-08-46-01.ids_1,93,35968,36058,drinking,0
3,vp3/run1b_2018-05-08-08-46-01.ids_1,93,36058,36103,drinking,1
3,vp3/run1b_2018-05-08-08-46-01.ids_1,94,36444,36534,using_multimedia_display,0
3,vp3/run1b_2018-05-08-08-46-01.ids_1,94,36534,36592,using_multimedia_display,1
3,vp3/run1b_2018-05-08-08-46-01.ids_1,95,36639,36670,using_multimedia_display,0
3,vp3/run1b_2018-05-08-08-46-01.ids_1,96,36722,36780,drinking,0
3,vp3/run1b_2018-05-08-08-46-01.ids_1,97,36780,36842,closing_bottle,0
3,vp3/run1b_2018-05-08-08-46-01.ids_1,98,36842,36907,placing_an_object,0
3,vp3/run1b_2018-05-08-08-46-01.ids_1,99,37832,37917,fetching_an_object,0
3,vp3/run1b_2018-05-08-08-46-01.ids_1,100,37917,38007,eating,0
3,vp3/run1b_2018-05-08-08-46-01.ids_1,100,38007,38048,eating,1
3,vp3/run1b_2018-05-08-08-46-01.ids_1,101,38048,38075,placing_an_object,0
3,vp3/run1b_2018-05-08-08-46-01.ids_1,102,38075,38119,fetching_an_object,0
3,vp3/run1b_2018-05-08-08-46-01.ids_1,103,38119,38176,opening_bottle,0
3,vp3/run1b_2018-05-08-08-46-01.ids_1,104,38176,38266,drinking,0
3,vp3/run1b_2018-05-08-08-46-01.ids_1,104,38266,38287,drinking,1
3,vp3/run1b_2018-05-08-08-46-01.ids_1,105,38287,38306,using_multimedia_display,0
3,vp3/run1b_2018-05-08-08-46-01.ids_1,106,38323,38383,closing_bottle,0
3,vp3/run1b_2018-05-08-08-46-01.ids_1,107,38383,38450,placing_an_object,0
3,vp3/run1b_2018-05-08-08-46-01.ids_1,108,39159,39170,pressing_automation_button,0
3,vp3/run1b_2018-05-08-08-46-01.ids_1,109,39631,39639,pressing_automation_button,0
3,vp3/run1b_2018-05-08-08-46-01.ids_1,110,39736,39765,using_multimedia_display,0
3,vp3/run1b_2018-05-08-08-46-01.ids_1,111,39789,39879,using_multimedia_display,0
3,vp3/run1b_2018-05-08-08-46-01.ids_1,111,39879,39925,using_multimedia_display,1
3,vp3/run1b_2018-05-08-08-46-01.ids_1,112,39938,39969,unfastening_seat_belt,0
3,vp3/run1b_2018-05-08-08-46-01.ids_1,113,39995,40034,opening_door_inside,0
3,vp3/run1b_2018-05-08-08-46-01.ids_1,114,40034,40113,exiting_car,0
3,vp3/run1b_2018-05-08-08-46-01.ids_1,115,40113,40119,closing_door_outside,0
3,vp3/run2_2018-05-29-16-03-37.ids_1,0,82,130,opening_door_outside,0
3,vp3/run2_2018-05-29-16-03-37.ids_1,1,130,194,entering_car,0
3,vp3/run2_2018-05-29-16-03-37.ids_1,2,194,219,closing_door_inside,0
3,vp3/run2_2018-05-29-16-03-37.ids_1,3,252,270,opening_door_inside,0
3,vp3/run2_2018-05-29-16-03-37.ids_1,4,270,282,closing_door_inside,0
3,vp3/run2_2018-05-29-16-03-37.ids_1,5,288,378,fastening_seat_belt,0
3,vp3/run2_2018-05-29-16-03-37.ids_1,5,378,394,fastening_seat_belt,1
3,vp3/run2_2018-05-29-16-03-37.ids_1,6,462,476,using_multimedia_display,0
3,vp3/run2_2018-05-29-16-03-37.ids_1,8,6015,6038,using_multimedia_display,0
3,vp3/run2_2018-05-29-16-03-37.ids_1,9,6071,6161,sitting_still,0
3,vp3/run2_2018-05-29-16-03-37.ids_1,9,6161,6251,sitting_still,1
3,vp3/run2_2018-05-29-16-03-37.ids_1,9,6251,6341,sitting_still,2
3,vp3/run2_2018-05-29-16-03-37.ids_1,9,6341,6431,sitting_still,3
3,vp3/run2_2018-05-29-16-03-37.ids_1,9,6431,6521,sitting_still,4
3,vp3/run2_2018-05-29-16-03-37.ids_1,9,6521,6611,sitting_still,5
3,vp3/run2_2018-05-29-16-03-37.ids_1,9,6611,6646,sitting_still,6
3,vp3/run2_2018-05-29-16-03-37.ids_1,10,6676,6764,taking_off_sunglasses,0
3,vp3/run2_2018-05-29-16-03-37.ids_1,11,6764,6819,putting_on_sunglasses,0
3,vp3/run2_2018-05-29-16-03-37.ids_1,12,6821,6836,using_multimedia_display,0
3,vp3/run2_2018-05-29-16-03-37.ids_1,13,6858,6948,sitting_still,0
3,vp3/run2_2018-05-29-16-03-37.ids_1,13,6948,7038,sitting_still,1
3,vp3/run2_2018-05-29-16-03-37.ids_1,13,7038,7128,sitting_still,2
3,vp3/run2_2018-05-29-16-03-37.ids_1,13,7128,7218,sitting_still,3
3,vp3/run2_2018-05-29-16-03-37.ids_1,13,7218,7308,sitting_still,4
3,vp3/run2_2018-05-29-16-03-37.ids_1,13,7308,7398,sitting_still,5
3,vp3/run2_2018-05-29-16-03-37.ids_1,13,7398,7449,sitting_still,6
3,vp3/run2_2018-05-29-16-03-37.ids_1,14,7479,7569,using_multimedia_display,0
3,vp3/run2_2018-05-29-16-03-37.ids_1,14,7569,7614,using_multimedia_display,1
3,vp3/run2_2018-05-29-16-03-37.ids_1,15,7650,7740,sitting_still,0
3,vp3/run2_2018-05-29-16-03-37.ids_1,15,7740,7830,sitting_still,1
3,vp3/run2_2018-05-29-16-03-37.ids_1,15,7830,7920,sitting_still,2
3,vp3/run2_2018-05-29-16-03-37.ids_1,15,7920,8010,sitting_still,3
3,vp3/run2_2018-05-29-16-03-37.ids_1,15,8010,8100,sitting_still,4
3,vp3/run2_2018-05-29-16-03-37.ids_1,15,8100,8190,sitting_still,5
3,vp3/run2_2018-05-29-16-03-37.ids_1,15,8190,8280,sitting_still,6
3,vp3/run2_2018-05-29-16-03-37.ids_1,15,8280,8370,sitting_still,7
3,vp3/run2_2018-05-29-16-03-37.ids_1,15,8370,8460,sitting_still,8
3,vp3/run2_2018-05-29-16-03-37.ids_1,15,8460,8550,sitting_still,9
3,vp3/run2_2018-05-29-16-03-37.ids_1,15,8550,8640,sitting_still,10
3,vp3/run2_2018-05-29-16-03-37.ids_1,15,8640,8730,sitting_still,11
3,vp3/run2_2018-05-29-16-03-37.ids_1,15,8730,8820,sitting_still,12
3,vp3/run2_2018-05-29-16-03-37.ids_1,15,8820,8910,sitting_still,13
3,vp3/run2_2018-05-29-16-03-37.ids_1,15,8910,9000,sitting_still,14
3,vp3/run2_2018-05-29-16-03-37.ids_1,15,9000,9090,sitting_still,15
3,vp3/run2_2018-05-29-16-03-37.ids_1,15,9090,9180,sitting_still,16
3,vp3/run2_2018-05-29-16-03-37.ids_1,15,9180,9270,sitting_still,17
3,vp3/run2_2018-05-29-16-03-37.ids_1,15,9270,9360,sitting_still,18
3,vp3/run2_2018-05-29-16-03-37.ids_1,15,9360,9399,sitting_still,19
3,vp3/run2_2018-05-29-16-03-37.ids_1,16,9888,9933,pressing_automation_button,0
3,vp3/run2_2018-05-29-16-03-37.ids_1,17,10006,10024,using_multimedia_display,0
3,vp3/run2_2018-05-29-16-03-37.ids_1,18,10056,10146,sitting_still,0
3,vp3/run2_2018-05-29-16-03-37.ids_1,18,10146,10236,sitting_still,1
3,vp3/run2_2018-05-29-16-03-37.ids_1,18,10236,10326,sitting_still,2
3,vp3/run2_2018-05-29-16-03-37.ids_1,18,10326,10416,sitting_still,3
3,vp3/run2_2018-05-29-16-03-37.ids_1,18,10416,10506,sitting_still,4
3,vp3/run2_2018-05-29-16-03-37.ids_1,18,10506,10596,sitting_still,5
3,vp3/run2_2018-05-29-16-03-37.ids_1,18,10596,10686,sitting_still,6
3,vp3/run2_2018-05-29-16-03-37.ids_1,18,10686,10776,sitting_still,7
3,vp3/run2_2018-05-29-16-03-37.ids_1,18,10776,10866,sitting_still,8
3,vp3/run2_2018-05-29-16-03-37.ids_1,18,10866,10956,sitting_still,9
3,vp3/run2_2018-05-29-16-03-37.ids_1,18,10956,11046,sitting_still,10
3,vp3/run2_2018-05-29-16-03-37.ids_1,18,11046,11136,sitting_still,11
3,vp3/run2_2018-05-29-16-03-37.ids_1,18,11136,11226,sitting_still,12
3,vp3/run2_2018-05-29-16-03-37.ids_1,18,11226,11316,sitting_still,13
3,vp3/run2_2018-05-29-16-03-37.ids_1,18,11316,11406,sitting_still,14
3,vp3/run2_2018-05-29-16-03-37.ids_1,18,11406,11496,sitting_still,15
3,vp3/run2_2018-05-29-16-03-37.ids_1,18,11496,11586,sitting_still,16
3,vp3/run2_2018-05-29-16-03-37.ids_1,18,11586,11676,sitting_still,17
3,vp3/run2_2018-05-29-16-03-37.ids_1,18,11676,11766,sitting_still,18
3,vp3/run2_2018-05-29-16-03-37.ids_1,18,11766,11856,sitting_still,19
3,vp3/run2_2018-05-29-16-03-37.ids_1,18,11856,11946,sitting_still,20
3,vp3/run2_2018-05-29-16-03-37.ids_1,18,11946,12036,sitting_still,21
3,vp3/run2_2018-05-29-16-03-37.ids_1,18,12036,12126,sitting_still,22
3,vp3/run2_2018-05-29-16-03-37.ids_1,18,12126,12216,sitting_still,23
3,vp3/run2_2018-05-29-16-03-37.ids_1,18,12216,12306,sitting_still,24
3,vp3/run2_2018-05-29-16-03-37.ids_1,18,12306,12396,sitting_still,25
3,vp3/run2_2018-05-29-16-03-37.ids_1,18,12396,12486,sitting_still,26
3,vp3/run2_2018-05-29-16-03-37.ids_1,18,12486,12510,sitting_still,27
3,vp3/run2_2018-05-29-16-03-37.ids_1,19,12923,12950,using_multimedia_display,0
3,vp3/run2_2018-05-29-16-03-37.ids_1,20,12970,13060,sitting_still,0
3,vp3/run2_2018-05-29-16-03-37.ids_1,20,13060,13150,sitting_still,1
3,vp3/run2_2018-05-29-16-03-37.ids_1,20,13150,13240,sitting_still,2
3,vp3/run2_2018-05-29-16-03-37.ids_1,20,13240,13248,sitting_still,3
3,vp3/run2_2018-05-29-16-03-37.ids_1,21,13282,13372,fetching_an_object,0
3,vp3/run2_2018-05-29-16-03-37.ids_1,21,13372,13414,fetching_an_object,1
3,vp3/run2_2018-05-29-16-03-37.ids_1,22,13450,13520,unfastening_seat_belt,0
3,vp3/run2_2018-05-29-16-03-37.ids_1,23,13520,13610,putting_on_jacket,0
3,vp3/run2_2018-05-29-16-03-37.ids_1,23,13610,13700,putting_on_jacket,1
3,vp3/run2_2018-05-29-16-03-37.ids_1,23,13700,13790,putting_on_jacket,2
3,vp3/run2_2018-05-29-16-03-37.ids_1,23,13790,13880,putting_on_jacket,3
3,vp3/run2_2018-05-29-16-03-37.ids_1,23,13880,13929,putting_on_jacket,4
3,vp3/run2_2018-05-29-16-03-37.ids_1,24,13929,14019,fastening_seat_belt,0
3,vp3/run2_2018-05-29-16-03-37.ids_1,24,14019,14065,fastening_seat_belt,1
3,vp3/run2_2018-05-29-16-03-37.ids_1,25,14065,14085,using_multimedia_display,0
3,vp3/run2_2018-05-29-16-03-37.ids_1,26,14113,14128,using_multimedia_display,0
3,vp3/run2_2018-05-29-16-03-37.ids_1,27,14161,14251,sitting_still,0
3,vp3/run2_2018-05-29-16-03-37.ids_1,27,14251,14341,sitting_still,1
3,vp3/run2_2018-05-29-16-03-37.ids_1,27,14341,14431,sitting_still,2
3,vp3/run2_2018-05-29-16-03-37.ids_1,27,14431,14521,sitting_still,3
3,vp3/run2_2018-05-29-16-03-37.ids_1,27,14521,14548,sitting_still,4
3,vp3/run2_2018-05-29-16-03-37.ids_1,28,15187,15247,pressing_automation_button,0
3,vp3/run2_2018-05-29-16-03-37.ids_1,29,15278,15368,fetching_an_object,0
3,vp3/run2_2018-05-29-16-03-37.ids_1,29,15368,15458,fetching_an_object,1
3,vp3/run2_2018-05-29-16-03-37.ids_1,29,15458,15486,fetching_an_object,2
3,vp3/run2_2018-05-29-16-03-37.ids_1,30,15486,15576,working_on_laptop,0
3,vp3/run2_2018-05-29-16-03-37.ids_1,30,15576,15666,working_on_laptop,1
3,vp3/run2_2018-05-29-16-03-37.ids_1,30,15666,15756,working_on_laptop,2
3,vp3/run2_2018-05-29-16-03-37.ids_1,30,15756,15846,working_on_laptop,3
3,vp3/run2_2018-05-29-16-03-37.ids_1,30,15846,15916,working_on_laptop,4
3,vp3/run2_2018-05-29-16-03-37.ids_1,31,15916,16002,looking_or_moving_around (e.g. searching),0
3,vp3/run2_2018-05-29-16-03-37.ids_1,32,16002,16089,fetching_an_object,0
3,vp3/run2_2018-05-29-16-03-37.ids_1,33,16089,16179,interacting_with_phone,0
3,vp3/run2_2018-05-29-16-03-37.ids_1,33,16179,16269,interacting_with_phone,1
3,vp3/run2_2018-05-29-16-03-37.ids_1,33,16269,16359,interacting_with_phone,2
3,vp3/run2_2018-05-29-16-03-37.ids_1,33,16359,16449,interacting_with_phone,3
3,vp3/run2_2018-05-29-16-03-37.ids_1,33,16449,16539,interacting_with_phone,4
3,vp3/run2_2018-05-29-16-03-37.ids_1,33,16539,16629,interacting_with_phone,5
3,vp3/run2_2018-05-29-16-03-37.ids_1,33,16629,16659,interacting_with_phone,6
3,vp3/run2_2018-05-29-16-03-37.ids_1,34,16659,16735,placing_an_object,0
3,vp3/run2_2018-05-29-16-03-37.ids_1,35,16735,16825,placing_an_object,0
3,vp3/run2_2018-05-29-16-03-37.ids_1,35,16825,16856,placing_an_object,1
3,vp3/run2_2018-05-29-16-03-37.ids_1,36,16856,16877,using_multimedia_display,0
3,vp3/run2_2018-05-29-16-03-37.ids_1,37,16915,17005,sitting_still,0
3,vp3/run2_2018-05-29-16-03-37.ids_1,37,17005,17095,sitting_still,1
3,vp3/run2_2018-05-29-16-03-37.ids_1,37,17095,17185,sitting_still,2
3,vp3/run2_2018-05-29-16-03-37.ids_1,37,17185,17275,sitting_still,3
3,vp3/run2_2018-05-29-16-03-37.ids_1,37,17275,17365,sitting_still,4
3,vp3/run2_2018-05-29-16-03-37.ids_1,37,17365,17455,sitting_still,5
3,vp3/run2_2018-05-29-16-03-37.ids_1,37,17455,17542,sitting_still,6
3,vp3/run2_2018-05-29-16-03-37.ids_1,38,17558,17616,taking_off_sunglasses,0
3,vp3/run2_2018-05-29-16-03-37.ids_1,39,17616,17706,placing_an_object,0
3,vp3/run2_2018-05-29-16-03-37.ids_1,39,17706,17749,placing_an_object,1
3,vp3/run2_2018-05-29-16-03-37.ids_1,40,17749,17760,using_multimedia_display,0
3,vp3/run2_2018-05-29-16-03-37.ids_1,41,17791,17881,sitting_still,0
3,vp3/run2_2018-05-29-16-03-37.ids_1,41,17881,17971,sitting_still,1
3,vp3/run2_2018-05-29-16-03-37.ids_1,41,17971,18061,sitting_still,2
3,vp3/run2_2018-05-29-16-03-37.ids_1,41,18061,18151,sitting_still,3
3,vp3/run2_2018-05-29-16-03-37.ids_1,41,18151,18241,sitting_still,4
3,vp3/run2_2018-05-29-16-03-37.ids_1,41,18241,18331,sitting_still,5
3,vp3/run2_2018-05-29-16-03-37.ids_1,41,18331,18421,sitting_still,6
3,vp3/run2_2018-05-29-16-03-37.ids_1,41,18421,18511,sitting_still,7
3,vp3/run2_2018-05-29-16-03-37.ids_1,41,18511,18601,sitting_still,8
3,vp3/run2_2018-05-29-16-03-37.ids_1,41,18601,18691,sitting_still,9
3,vp3/run2_2018-05-29-16-03-37.ids_1,41,18691,18781,sitting_still,10
3,vp3/run2_2018-05-29-16-03-37.ids_1,41,18781,18871,sitting_still,11
3,vp3/run2_2018-05-29-16-03-37.ids_1,41,18871,18961,sitting_still,12
3,vp3/run2_2018-05-29-16-03-37.ids_1,41,18961,19051,sitting_still,13
3,vp3/run2_2018-05-29-16-03-37.ids_1,41,19051,19141,sitting_still,14
3,vp3/run2_2018-05-29-16-03-37.ids_1,41,19141,19231,sitting_still,15
3,vp3/run2_2018-05-29-16-03-37.ids_1,41,19231,19252,sitting_still,16
3,vp3/run2_2018-05-29-16-03-37.ids_1,42,19299,19336,using_multimedia_display,0
3,vp3/run2_2018-05-29-16-03-37.ids_1,43,19372,19462,sitting_still,0
3,vp3/run2_2018-05-29-16-03-37.ids_1,43,19462,19552,sitting_still,1
3,vp3/run2_2018-05-29-16-03-37.ids_1,43,19552,19642,sitting_still,2
3,vp3/run2_2018-05-29-16-03-37.ids_1,43,19642,19732,sitting_still,3
3,vp3/run2_2018-05-29-16-03-37.ids_1,43,19732,19822,sitting_still,4
3,vp3/run2_2018-05-29-16-03-37.ids_1,43,19822,19912,sitting_still,5
3,vp3/run2_2018-05-29-16-03-37.ids_1,43,19912,20002,sitting_still,6
3,vp3/run2_2018-05-29-16-03-37.ids_1,43,20002,20092,sitting_still,7
3,vp3/run2_2018-05-29-16-03-37.ids_1,43,20092,20182,sitting_still,8
3,vp3/run2_2018-05-29-16-03-37.ids_1,43,20182,20253,sitting_still,9
3,vp3/run2_2018-05-29-16-03-37.ids_1,44,20269,20337,fetching_an_object,0
3,vp3/run2_2018-05-29-16-03-37.ids_1,45,20337,20398,interacting_with_phone,0
3,vp3/run2_2018-05-29-16-03-37.ids_1,46,20398,20488,talking_on_phone,0
3,vp3/run2_2018-05-29-16-03-37.ids_1,46,20488,20578,talking_on_phone,1
3,vp3/run2_2018-05-29-16-03-37.ids_1,46,20578,20668,talking_on_phone,2
3,vp3/run2_2018-05-29-16-03-37.ids_1,46,20668,20758,talking_on_phone,3
3,vp3/run2_2018-05-29-16-03-37.ids_1,46,20758,20848,talking_on_phone,4
3,vp3/run2_2018-05-29-16-03-37.ids_1,46,20848,20938,talking_on_phone,5
3,vp3/run2_2018-05-29-16-03-37.ids_1,46,20938,21028,talking_on_phone,6
3,vp3/run2_2018-05-29-16-03-37.ids_1,46,21028,21118,talking_on_phone,7
3,vp3/run2_2018-05-29-16-03-37.ids_1,46,21118,21205,talking_on_phone,8
3,vp3/run2_2018-05-29-16-03-37.ids_1,47,21205,21277,interacting_with_phone,0
3,vp3/run2_2018-05-29-16-03-37.ids_1,48,21277,21347,placing_an_object,0
3,vp3/run2_2018-05-29-16-03-37.ids_1,49,21450,21467,pressing_automation_button,0
3,vp3/run2_2018-05-29-16-03-37.ids_1,50,21512,21597,fetching_an_object,0
3,vp3/run2_2018-05-29-16-03-37.ids_1,51,21597,21687,placing_an_object,0
3,vp3/run2_2018-05-29-16-03-37.ids_1,51,21687,21777,placing_an_object,1
3,vp3/run2_2018-05-29-16-03-37.ids_1,51,21777,21824,placing_an_object,2
3,vp3/run2_2018-05-29-16-03-37.ids_1,52,21824,21914,placing_an_object,0
3,vp3/run2_2018-05-29-16-03-37.ids_1,52,21914,21968,placing_an_object,1
3,vp3/run2_2018-05-29-16-03-37.ids_1,53,21968,22058,reading_newspaper,0
3,vp3/run2_2018-05-29-16-03-37.ids_1,53,22058,22148,reading_newspaper,1
3,vp3/run2_2018-05-29-16-03-37.ids_1,53,22148,22238,reading_newspaper,2
3,vp3/run2_2018-05-29-16-03-37.ids_1,53,22238,22328,reading_newspaper,3
3,vp3/run2_2018-05-29-16-03-37.ids_1,53,22328,22418,reading_newspaper,4
3,vp3/run2_2018-05-29-16-03-37.ids_1,53,22418,22508,reading_newspaper,5
3,vp3/run2_2018-05-29-16-03-37.ids_1,53,22508,22598,reading_newspaper,6
3,vp3/run2_2018-05-29-16-03-37.ids_1,53,22598,22688,reading_newspaper,7
3,vp3/run2_2018-05-29-16-03-37.ids_1,53,22688,22778,reading_newspaper,8
3,vp3/run2_2018-05-29-16-03-37.ids_1,53,22778,22868,reading_newspaper,9
3,vp3/run2_2018-05-29-16-03-37.ids_1,53,22868,22958,reading_newspaper,10
3,vp3/run2_2018-05-29-16-03-37.ids_1,53,22958,23048,reading_newspaper,11
3,vp3/run2_2018-05-29-16-03-37.ids_1,53,23048,23138,reading_newspaper,12
3,vp3/run2_2018-05-29-16-03-37.ids_1,53,23138,23227,reading_newspaper,13
3,vp3/run2_2018-05-29-16-03-37.ids_1,54,23227,23317,fetching_an_object,0
3,vp3/run2_2018-05-29-16-03-37.ids_1,54,23317,23324,fetching_an_object,1
3,vp3/run2_2018-05-29-16-03-37.ids_1,55,23487,23577,writing,0
3,vp3/run2_2018-05-29-16-03-37.ids_1,55,23577,23630,writing,1
3,vp3/run2_2018-05-29-16-03-37.ids_1,56,23630,23704,placing_an_object,0
3,vp3/run2_2018-05-29-16-03-37.ids_1,57,23706,23722,using_multimedia_display,0
3,vp3/run2_2018-05-29-16-03-37.ids_1,58,23722,23812,placing_an_object,0
3,vp3/run2_2018-05-29-16-03-37.ids_1,58,23812,23902,placing_an_object,1
3,vp3/run2_2018-05-29-16-03-37.ids_1,58,23902,23957,placing_an_object,2
3,vp3/run2_2018-05-29-16-03-37.ids_1,59,23957,24047,sitting_still,0
3,vp3/run2_2018-05-29-16-03-37.ids_1,59,24047,24109,sitting_still,1
3,vp3/run2_2018-05-29-16-03-37.ids_1,60,24126,24190,fetching_an_object,0
3,vp3/run2_2018-05-29-16-03-37.ids_1,61,24253,24343,reading_magazine,0
3,vp3/run2_2018-05-29-16-03-37.ids_1,61,24343,24433,reading_magazine,1
3,vp3/run2_2018-05-29-16-03-37.ids_1,61,24433,24523,reading_magazine,2
3,vp3/run2_2018-05-29-16-03-37.ids_1,61,24523,24613,reading_magazine,3
3,vp3/run2_2018-05-29-16-03-37.ids_1,61,24613,24703,reading_magazine,4
3,vp3/run2_2018-05-29-16-03-37.ids_1,61,24703,24793,reading_magazine,5
3,vp3/run2_2018-05-29-16-03-37.ids_1,61,24793,24883,reading_magazine,6
3,vp3/run2_2018-05-29-16-03-37.ids_1,61,24883,24973,reading_magazine,7
3,vp3/run2_2018-05-29-16-03-37.ids_1,61,24973,25063,reading_magazine,8
3,vp3/run2_2018-05-29-16-03-37.ids_1,61,25063,25153,reading_magazine,9
3,vp3/run2_2018-05-29-16-03-37.ids_1,61,25153,25243,reading_magazine,10
3,vp3/run2_2018-05-29-16-03-37.ids_1,61,25243,25333,reading_magazine,11
3,vp3/run2_2018-05-29-16-03-37.ids_1,61,25333,25423,reading_magazine,12
3,vp3/run2_2018-05-29-16-03-37.ids_1,61,25423,25513,reading_magazine,13
3,vp3/run2_2018-05-29-16-03-37.ids_1,61,25513,25603,reading_magazine,14
3,vp3/run2_2018-05-29-16-03-37.ids_1,61,25603,25693,reading_magazine,15
3,vp3/run2_2018-05-29-16-03-37.ids_1,61,25693,25783,reading_magazine,16
3,vp3/run2_2018-05-29-16-03-37.ids_1,61,25783,25873,reading_magazine,17
3,vp3/run2_2018-05-29-16-03-37.ids_1,61,25873,25963,reading_magazine,18
3,vp3/run2_2018-05-29-16-03-37.ids_1,61,25963,26053,reading_magazine,19
3,vp3/run2_2018-05-29-16-03-37.ids_1,61,26053,26143,reading_magazine,20
3,vp3/run2_2018-05-29-16-03-37.ids_1,61,26143,26233,reading_magazine,21
3,vp3/run2_2018-05-29-16-03-37.ids_1,61,26233,26323,reading_magazine,22
3,vp3/run2_2018-05-29-16-03-37.ids_1,61,26323,26413,reading_magazine,23
3,vp3/run2_2018-05-29-16-03-37.ids_1,61,26413,26503,reading_magazine,24
3,vp3/run2_2018-05-29-16-03-37.ids_1,61,26503,26593,reading_magazine,25
3,vp3/run2_2018-05-29-16-03-37.ids_1,61,26593,26613,reading_magazine,26
3,vp3/run2_2018-05-29-16-03-37.ids_1,62,26613,26667,fetching_an_object,0
3,vp3/run2_2018-05-29-16-03-37.ids_1,63,26667,26732,putting_on_sunglasses,0
3,vp3/run2_2018-05-29-16-03-37.ids_1,64,26732,26822,reading_magazine,0
3,vp3/run2_2018-05-29-16-03-37.ids_1,64,26822,26912,reading_magazine,1
3,vp3/run2_2018-05-29-16-03-37.ids_1,64,26912,27002,reading_magazine,2
3,vp3/run2_2018-05-29-16-03-37.ids_1,64,27002,27058,reading_magazine,3
3,vp3/run2_2018-05-29-16-03-37.ids_1,65,27058,27117,placing_an_object,0
3,vp3/run2_2018-05-29-16-03-37.ids_1,66,27117,27190,fetching_an_object,0
3,vp3/run2_2018-05-29-16-03-37.ids_1,67,27190,27280,writing,0
3,vp3/run2_2018-05-29-16-03-37.ids_1,67,27280,27345,writing,1
3,vp3/run2_2018-05-29-16-03-37.ids_1,68,27345,27388,placing_an_object,0
3,vp3/run2_2018-05-29-16-03-37.ids_1,69,27388,27405,using_multimedia_display,0
3,vp3/run2_2018-05-29-16-03-37.ids_1,70,27442,27457,using_multimedia_display,0
3,vp3/run2_2018-05-29-16-03-37.ids_1,71,28032,28083,pressing_automation_button,0
3,vp3/run2_2018-05-29-16-03-37.ids_1,72,28351,28395,unfastening_seat_belt,0
3,vp3/run2_2018-05-29-16-03-37.ids_1,73,28395,28485,taking_off_jacket,0
3,vp3/run2_2018-05-29-16-03-37.ids_1,73,28485,28575,taking_off_jacket,1
3,vp3/run2_2018-05-29-16-03-37.ids_1,73,28575,28665,taking_off_jacket,2
3,vp3/run2_2018-05-29-16-03-37.ids_1,73,28665,28732,taking_off_jacket,3
3,vp3/run2_2018-05-29-16-03-37.ids_1,74,28733,28823,placing_an_object,0
3,vp3/run2_2018-05-29-16-03-37.ids_1,75,28839,28929,fastening_seat_belt,0
3,vp3/run2_2018-05-29-16-03-37.ids_1,75,28929,29001,fastening_seat_belt,1
3,vp3/run2_2018-05-29-16-03-37.ids_1,76,29029,29119,sitting_still,0
3,vp3/run2_2018-05-29-16-03-37.ids_1,76,29119,29209,sitting_still,1
3,vp3/run2_2018-05-29-16-03-37.ids_1,76,29209,29299,sitting_still,2
3,vp3/run2_2018-05-29-16-03-37.ids_1,76,29299,29389,sitting_still,3
3,vp3/run2_2018-05-29-16-03-37.ids_1,76,29389,29479,sitting_still,4
3,vp3/run2_2018-05-29-16-03-37.ids_1,76,29479,29537,sitting_still,5
3,vp3/run2_2018-05-29-16-03-37.ids_1,77,29553,29643,fetching_an_object,0
3,vp3/run2_2018-05-29-16-03-37.ids_1,77,29643,29649,fetching_an_object,1
3,vp3/run2_2018-05-29-16-03-37.ids_1,78,29649,29739,eating,0
3,vp3/run2_2018-05-29-16-03-37.ids_1,78,29739,29829,eating,1
3,vp3/run2_2018-05-29-16-03-37.ids_1,78,29829,29919,eating,2
3,vp3/run2_2018-05-29-16-03-37.ids_1,78,29919,30009,eating,3
3,vp3/run2_2018-05-29-16-03-37.ids_1,78,30009,30099,eating,4
3,vp3/run2_2018-05-29-16-03-37.ids_1,78,30099,30189,eating,5
3,vp3/run2_2018-05-29-16-03-37.ids_1,78,30189,30279,eating,6
3,vp3/run2_2018-05-29-16-03-37.ids_1,78,30279,30369,eating,7
3,vp3/run2_2018-05-29-16-03-37.ids_1,78,30369,30459,eating,8
3,vp3/run2_2018-05-29-16-03-37.ids_1,78,30459,30469,eating,9
3,vp3/run2_2018-05-29-16-03-37.ids_1,79,30469,30541,placing_an_object,0
3,vp3/run2_2018-05-29-16-03-37.ids_1,80,30541,30585,fetching_an_object,0
3,vp3/run2_2018-05-29-16-03-37.ids_1,81,30585,30675,opening_bottle,0
3,vp3/run2_2018-05-29-16-03-37.ids_1,81,30675,30724,opening_bottle,1
3,vp3/run2_2018-05-29-16-03-37.ids_1,82,30724,30814,drinking,0
3,vp3/run2_2018-05-29-16-03-37.ids_1,82,30814,30842,drinking,1
3,vp3/run2_2018-05-29-16-03-37.ids_1,83,30842,30874,closing_bottle,0
3,vp3/run2_2018-05-29-16-03-37.ids_1,84,30874,30935,placing_an_object,0
3,vp3/run2_2018-05-29-16-03-37.ids_1,85,30935,30954,using_multimedia_display,0
3,vp3/run2_2018-05-29-16-03-37.ids_1,87,31228,31264,using_multimedia_display,0
3,vp3/run2_2018-05-29-16-03-37.ids_1,88,31281,31292,using_multimedia_display,0
3,vp3/run2_2018-05-29-16-03-37.ids_1,89,31371,31378,pressing_automation_button,0
3,vp3/run2_2018-05-29-16-03-37.ids_1,90,31395,31410,using_multimedia_display,0
3,vp3/run2_2018-05-29-16-03-37.ids_1,91,31434,31524,sitting_still,0
3,vp3/run2_2018-05-29-16-03-37.ids_1,91,31524,31614,sitting_still,1
3,vp3/run2_2018-05-29-16-03-37.ids_1,91,31614,31704,sitting_still,2
3,vp3/run2_2018-05-29-16-03-37.ids_1,91,31704,31794,sitting_still,3
3,vp3/run2_2018-05-29-16-03-37.ids_1,91,31794,31884,sitting_still,4
3,vp3/run2_2018-05-29-16-03-37.ids_1,91,31884,31939,sitting_still,5
3,vp3/run2_2018-05-29-16-03-37.ids_1,92,32014,32026,pressing_automation_button,0
3,vp3/run2_2018-05-29-16-03-37.ids_1,93,32214,32276,unfastening_seat_belt,0
3,vp3/run2_2018-05-29-16-03-37.ids_1,94,32300,32332,opening_door_inside,0
3,vp3/run2_2018-05-29-16-03-37.ids_1,95,32332,32382,exiting_car,0
3,vp3/run2_2018-05-29-16-03-37.ids_1,96,32382,32398,closing_door_outside,0
4,vp4/run1_2018-05-22-13-28-51.ids_1,0,12,102,opening_door_outside,0
4,vp4/run1_2018-05-22-13-28-51.ids_1,0,102,120,opening_door_outside,1
4,vp4/run1_2018-05-22-13-28-51.ids_1,1,120,210,entering_car,0
4,vp4/run1_2018-05-22-13-28-51.ids_1,1,210,265,entering_car,1
4,vp4/run1_2018-05-22-13-28-51.ids_1,2,265,286,closing_door_inside,0
4,vp4/run1_2018-05-22-13-28-51.ids_1,3,1341,1431,fastening_seat_belt,0
4,vp4/run1_2018-05-22-13-28-51.ids_1,3,1431,1521,fastening_seat_belt,1
4,vp4/run1_2018-05-22-13-28-51.ids_1,3,1521,1611,fastening_seat_belt,2
4,vp4/run1_2018-05-22-13-28-51.ids_1,3,1611,1701,fastening_seat_belt,3
4,vp4/run1_2018-05-22-13-28-51.ids_1,3,1701,1728,fastening_seat_belt,4
4,vp4/run1_2018-05-22-13-28-51.ids_1,4,3343,3370,using_multimedia_display,0
4,vp4/run1_2018-05-22-13-28-51.ids_1,5,11898,11923,pressing_automation_button,0
4,vp4/run1_2018-05-22-13-28-51.ids_1,6,12043,12069,using_multimedia_display,0
4,vp4/run1_2018-05-22-13-28-51.ids_1,7,12754,12836,fetching_an_object,0
4,vp4/run1_2018-05-22-13-28-51.ids_1,8,12846,12859,using_multimedia_display,0
4,vp4/run1_2018-05-22-13-28-51.ids_1,9,12881,12971,placing_an_object,0
4,vp4/run1_2018-05-22-13-28-51.ids_1,9,12971,13061,placing_an_object,1
4,vp4/run1_2018-05-22-13-28-51.ids_1,9,13061,13108,placing_an_object,2
4,vp4/run1_2018-05-22-13-28-51.ids_1,10,13126,13216,unfastening_seat_belt,0
4,vp4/run1_2018-05-22-13-28-51.ids_1,10,13216,13225,unfastening_seat_belt,1
4,vp4/run1_2018-05-22-13-28-51.ids_1,11,13225,13315,fetching_an_object,0
4,vp4/run1_2018-05-22-13-28-51.ids_1,11,13315,13338,fetching_an_object,1
4,vp4/run1_2018-05-22-13-28-51.ids_1,12,13338,13428,putting_on_jacket,0
4,vp4/run1_2018-05-22-13-28-51.ids_1,12,13428,13518,putting_on_jacket,1
4,vp4/run1_2018-05-22-13-28-51.ids_1,12,13518,13608,putting_on_jacket,2
4,vp4/run1_2018-05-22-13-28-51.ids_1,12,13608,13698,putting_on_jacket,3
4,vp4/run1_2018-05-22-13-28-51.ids_1,12,13698,13788,putting_on_jacket,4
4,vp4/run1_2018-05-22-13-28-51.ids_1,12,13788,13802,putting_on_jacket,5
4,vp4/run1_2018-05-22-13-28-51.ids_1,13,13920,14010,fastening_seat_belt,0
4,vp4/run1_2018-05-22-13-28-51.ids_1,13,14010,14100,fastening_seat_belt,1
4,vp4/run1_2018-05-22-13-28-51.ids_1,13,14100,14149,fastening_seat_belt,2
4,vp4/run1_2018-05-22-13-28-51.ids_1,14,14158,14187,using_multimedia_display,0
4,vp4/run1_2018-05-22-13-28-51.ids_1,15,14280,14370,looking_or_moving_around (e.g. searching),0
4,vp4/run1_2018-05-22-13-28-51.ids_1,15,14370,14460,looking_or_moving_around (e.g. searching),1
4,vp4/run1_2018-05-22-13-28-51.ids_1,15,14460,14550,looking_or_moving_around (e.g. searching),2
4,vp4/run1_2018-05-22-13-28-51.ids_1,15,14550,14640,looking_or_moving_around (e.g. searching),3
4,vp4/run1_2018-05-22-13-28-51.ids_1,15,14640,14702,looking_or_moving_around (e.g. searching),4
4,vp4/run1_2018-05-22-13-28-51.ids_1,16,14838,14928,looking_or_moving_around (e.g. searching),0
4,vp4/run1_2018-05-22-13-28-51.ids_1,16,14928,14991,looking_or_moving_around (e.g. searching),1
4,vp4/run1_2018-05-22-13-28-51.ids_1,17,14991,15081,unfastening_seat_belt,0
4,vp4/run1_2018-05-22-13-28-51.ids_1,17,15081,15100,unfastening_seat_belt,1
4,vp4/run1_2018-05-22-13-28-51.ids_1,18,15243,15333,fetching_an_object,0
4,vp4/run1_2018-05-22-13-28-51.ids_1,18,15333,15423,fetching_an_object,1
4,vp4/run1_2018-05-22-13-28-51.ids_1,18,15423,15433,fetching_an_object,2
4,vp4/run1_2018-05-22-13-28-51.ids_1,19,15433,15523,fetching_an_object,0
4,vp4/run1_2018-05-22-13-28-51.ids_1,19,15523,15543,fetching_an_object,1
4,vp4/run1_2018-05-22-13-28-51.ids_1,20,15543,15612,placing_an_object,0
4,vp4/run1_2018-05-22-13-28-51.ids_1,21,15612,15696,placing_an_object,0
4,vp4/run1_2018-05-22-13-28-51.ids_1,22,15757,15847,fastening_seat_belt,0
4,vp4/run1_2018-05-22-13-28-51.ids_1,22,15847,15937,fastening_seat_belt,1
4,vp4/run1_2018-05-22-13-28-51.ids_1,22,15937,16015,fastening_seat_belt,2
4,vp4/run1_2018-05-22-13-28-51.ids_1,23,16015,16099,fetching_an_object,0
4,vp4/run1_2018-05-22-13-28-51.ids_1,24,16099,16189,eating,0
4,vp4/run1_2018-05-22-13-28-51.ids_1,24,16189,16279,eating,1
4,vp4/run1_2018-05-22-13-28-51.ids_1,24,16279,16369,eating,2
4,vp4/run1_2018-05-22-13-28-51.ids_1,24,16369,16459,eating,3
4,vp4/run1_2018-05-22-13-28-51.ids_1,24,16459,16467,eating,4
4,vp4/run1_2018-05-22-13-28-51.ids_1,25,16467,16528,placing_an_object,0
4,vp4/run1_2018-05-22-13-28-51.ids_1,26,16528,16618,eating,0
4,vp4/run1_2018-05-22-13-28-51.ids_1,26,16618,16708,eating,1
4,vp4/run1_2018-05-22-13-28-51.ids_1,26,16708,16798,eating,2
4,vp4/run1_2018-05-22-13-28-51.ids_1,26,16798,16888,eating,3
4,vp4/run1_2018-05-22-13-28-51.ids_1,26,16888,16978,eating,4
4,vp4/run1_2018-05-22-13-28-51.ids_1,26,16978,17068,eating,5
4,vp4/run1_2018-05-22-13-28-51.ids_1,26,17068,17158,eating,6
4,vp4/run1_2018-05-22-13-28-51.ids_1,26,17158,17248,eating,7
4,vp4/run1_2018-05-22-13-28-51.ids_1,26,17248,17282,eating,8
4,vp4/run1_2018-05-22-13-28-51.ids_1,27,17282,17361,fetching_an_object,0
4,vp4/run1_2018-05-22-13-28-51.ids_1,28,17363,17453,opening_bottle,0
4,vp4/run1_2018-05-22-13-28-51.ids_1,28,17453,17543,opening_bottle,1
4,vp4/run1_2018-05-22-13-28-51.ids_1,28,17543,17633,opening_bottle,2
4,vp4/run1_2018-05-22-13-28-51.ids_1,28,17633,17723,opening_bottle,3
4,vp4/run1_2018-05-22-13-28-51.ids_1,29,17723,17813,drinking,0
4,vp4/run1_2018-05-22-13-28-51.ids_1,29,17813,17903,drinking,1
4,vp4/run1_2018-05-22-13-28-51.ids_1,29,17903,17993,drinking,2
4,vp4/run1_2018-05-22-13-28-51.ids_1,30,17993,18083,closing_bottle,0
4,vp4/run1_2018-05-22-13-28-51.ids_1,30,18083,18106,closing_bottle,1
4,vp4/run1_2018-05-22-13-28-51.ids_1,31,18106,18154,placing_an_object,0
4,vp4/run1_2018-05-22-13-28-51.ids_1,32,18364,18380,using_multimedia_display,0
4,vp4/run1_2018-05-22-13-28-51.ids_1,33,18380,18406,fetching_an_object,0
4,vp4/run1_2018-05-22-13-28-51.ids_1,34,18406,18496,putting_on_sunglasses,0
4,vp4/run1_2018-05-22-13-28-51.ids_1,34,18496,18513,putting_on_sunglasses,1
4,vp4/run1_2018-05-22-13-28-51.ids_1,35,18799,18889,taking_off_sunglasses,0
4,vp4/run1_2018-05-22-13-28-51.ids_1,35,18889,18908,taking_off_sunglasses,1
4,vp4/run1_2018-05-22-13-28-51.ids_1,36,18908,18998,placing_an_object,0
4,vp4/run1_2018-05-22-13-28-51.ids_1,36,18998,19036,placing_an_object,1
4,vp4/run1_2018-05-22-13-28-51.ids_1,37,19108,19129,using_multimedia_display,0
4,vp4/run1_2018-05-22-13-28-51.ids_1,38,19146,19236,sitting_still,0
4,vp4/run1_2018-05-22-13-28-51.ids_1,38,19236,19326,sitting_still,1
4,vp4/run1_2018-05-22-13-28-51.ids_1,38,19326,19416,sitting_still,2
4,vp4/run1_2018-05-22-13-28-51.ids_1,38,19416,19506,sitting_still,3
4,vp4/run1_2018-05-22-13-28-51.ids_1,38,19506,19596,sitting_still,4
4,vp4/run1_2018-05-22-13-28-51.ids_1,38,19596,19686,sitting_still,5
4,vp4/run1_2018-05-22-13-28-51.ids_1,38,19686,19776,sitting_still,6
4,vp4/run1_2018-05-22-13-28-51.ids_1,38,19776,19866,sitting_still,7
4,vp4/run1_2018-05-22-13-28-51.ids_1,38,19866,19956,sitting_still,8
4,vp4/run1_2018-05-22-13-28-51.ids_1,38,19956,20046,sitting_still,9
4,vp4/run1_2018-05-22-13-28-51.ids_1,38,20046,20136,sitting_still,10
4,vp4/run1_2018-05-22-13-28-51.ids_1,38,20136,20226,sitting_still,11
4,vp4/run1_2018-05-22-13-28-51.ids_1,38,20226,20316,sitting_still,12
4,vp4/run1_2018-05-22-13-28-51.ids_1,38,20316,20406,sitting_still,13
4,vp4/run1_2018-05-22-13-28-51.ids_1,38,20406,20496,sitting_still,14
4,vp4/run1_2018-05-22-13-28-51.ids_1,38,20496,20586,sitting_still,15
4,vp4/run1_2018-05-22-13-28-51.ids_1,38,20586,20676,sitting_still,16
4,vp4/run1_2018-05-22-13-28-51.ids_1,38,20676,20766,sitting_still,17
4,vp4/run1_2018-05-22-13-28-51.ids_1,38,20766,20856,sitting_still,18
4,vp4/run1_2018-05-22-13-28-51.ids_1,38,20856,20946,sitting_still,19
4,vp4/run1_2018-05-22-13-28-51.ids_1,38,20946,21036,sitting_still,20
4,vp4/run1_2018-05-22-13-28-51.ids_1,38,21036,21126,sitting_still,21
4,vp4/run1_2018-05-22-13-28-51.ids_1,38,21126,21216,sitting_still,22
4,vp4/run1_2018-05-22-13-28-51.ids_1,38,21216,21306,sitting_still,23
4,vp4/run1_2018-05-22-13-28-51.ids_1,38,21306,21396,sitting_still,24
4,vp4/run1_2018-05-22-13-28-51.ids_1,38,21396,21456,sitting_still,25
4,vp4/run1_2018-05-22-13-28-51.ids_1,39,21573,21592,pressing_automation_button,0
4,vp4/run1_2018-05-22-13-28-51.ids_1,40,24135,24145,pressing_automation_button,0
4,vp4/run1_2018-05-22-13-28-51.ids_1,42,24298,24304,pressing_automation_button,0
4,vp4/run1_2018-05-22-13-28-51.ids_1,43,24685,24694,pressing_automation_button,0
4,vp4/run1_2018-05-22-13-28-51.ids_1,44,24926,24940,pressing_automation_button,0
4,vp4/run1_2018-05-22-13-28-51.ids_1,45,25108,25114,pressing_automation_button,0
4,vp4/run1_2018-05-22-13-28-51.ids_1,46,25299,25389,fetching_an_object,0
4,vp4/run1_2018-05-22-13-28-51.ids_1,46,25389,25455,fetching_an_object,1
4,vp4/run1_2018-05-22-13-28-51.ids_1,47,25455,25545,reading_magazine,0
4,vp4/run1_2018-05-22-13-28-51.ids_1,47,25545,25635,reading_magazine,1
4,vp4/run1_2018-05-22-13-28-51.ids_1,47,25635,25725,reading_magazine,2
4,vp4/run1_2018-05-22-13-28-51.ids_1,47,25725,25815,reading_magazine,3
4,vp4/run1_2018-05-22-13-28-51.ids_1,47,25815,25905,reading_magazine,4
4,vp4/run1_2018-05-22-13-28-51.ids_1,47,25905,25995,reading_magazine,5
4,vp4/run1_2018-05-22-13-28-51.ids_1,47,25995,26085,reading_magazine,6
4,vp4/run1_2018-05-22-13-28-51.ids_1,47,26085,26175,reading_magazine,7
4,vp4/run1_2018-05-22-13-28-51.ids_1,47,26175,26265,reading_magazine,8
4,vp4/run1_2018-05-22-13-28-51.ids_1,47,26265,26355,reading_magazine,9
4,vp4/run1_2018-05-22-13-28-51.ids_1,47,26355,26445,reading_magazine,10
4,vp4/run1_2018-05-22-13-28-51.ids_1,47,26445,26535,reading_magazine,11
4,vp4/run1_2018-05-22-13-28-51.ids_1,47,26535,26625,reading_magazine,12
4,vp4/run1_2018-05-22-13-28-51.ids_1,47,26625,26715,reading_magazine,13
4,vp4/run1_2018-05-22-13-28-51.ids_1,47,26715,26805,reading_magazine,14
4,vp4/run1_2018-05-22-13-28-51.ids_1,47,26805,26895,reading_magazine,15
4,vp4/run1_2018-05-22-13-28-51.ids_1,47,26895,26985,reading_magazine,16
4,vp4/run1_2018-05-22-13-28-51.ids_1,47,26985,27075,reading_magazine,17
4,vp4/run1_2018-05-22-13-28-51.ids_1,47,27075,27165,reading_magazine,18
4,vp4/run1_2018-05-22-13-28-51.ids_1,47,27165,27255,reading_magazine,19
4,vp4/run1_2018-05-22-13-28-51.ids_1,47,27255,27345,reading_magazine,20
4,vp4/run1_2018-05-22-13-28-51.ids_1,47,27345,27435,reading_magazine,21
4,vp4/run1_2018-05-22-13-28-51.ids_1,47,27435,27525,reading_magazine,22
4,vp4/run1_2018-05-22-13-28-51.ids_1,47,27525,27615,reading_magazine,23
4,vp4/run1_2018-05-22-13-28-51.ids_1,47,27615,27705,reading_magazine,24
4,vp4/run1_2018-05-22-13-28-51.ids_1,47,27705,27795,reading_magazine,25
4,vp4/run1_2018-05-22-13-28-51.ids_1,47,27795,27885,reading_magazine,26
4,vp4/run1_2018-05-22-13-28-51.ids_1,47,27885,27975,reading_magazine,27
4,vp4/run1_2018-05-22-13-28-51.ids_1,47,27975,28065,reading_magazine,28
4,vp4/run1_2018-05-22-13-28-51.ids_1,47,28065,28155,reading_magazine,29
4,vp4/run1_2018-05-22-13-28-51.ids_1,47,28155,28245,reading_magazine,30
4,vp4/run1_2018-05-22-13-28-51.ids_1,47,28245,28335,reading_magazine,31
4,vp4/run1_2018-05-22-13-28-51.ids_1,47,28335,28425,reading_magazine,32
4,vp4/run1_2018-05-22-13-28-51.ids_1,47,28425,28515,reading_magazine,33
4,vp4/run1_2018-05-22-13-28-51.ids_1,47,28515,28605,reading_magazine,34
4,vp4/run1_2018-05-22-13-28-51.ids_1,47,28605,28695,reading_magazine,35
4,vp4/run1_2018-05-22-13-28-51.ids_1,47,28695,28785,reading_magazine,36
4,vp4/run1_2018-05-22-13-28-51.ids_1,47,28785,28875,reading_magazine,37
4,vp4/run1_2018-05-22-13-28-51.ids_1,47,28875,28965,reading_magazine,38
4,vp4/run1_2018-05-22-13-28-51.ids_1,47,28965,29055,reading_magazine,39
4,vp4/run1_2018-05-22-13-28-51.ids_1,47,29055,29145,reading_magazine,40
4,vp4/run1_2018-05-22-13-28-51.ids_1,47,29145,29235,reading_magazine,41
4,vp4/run1_2018-05-22-13-28-51.ids_1,47,29235,29325,reading_magazine,42
4,vp4/run1_2018-05-22-13-28-51.ids_1,47,29325,29415,reading_magazine,43
4,vp4/run1_2018-05-22-13-28-51.ids_1,47,29415,29505,reading_magazine,44
4,vp4/run1_2018-05-22-13-28-51.ids_1,47,29505,29595,reading_magazine,45
4,vp4/run1_2018-05-22-13-28-51.ids_1,47,29595,29685,reading_magazine,46
4,vp4/run1_2018-05-22-13-28-51.ids_1,47,29685,29775,reading_magazine,47
4,vp4/run1_2018-05-22-13-28-51.ids_1,47,29775,29865,reading_magazine,48
4,vp4/run1_2018-05-22-13-28-51.ids_1,47,29865,29955,reading_magazine,49
4,vp4/run1_2018-05-22-13-28-51.ids_1,47,29955,30045,reading_magazine,50
4,vp4/run1_2018-05-22-13-28-51.ids_1,47,30045,30135,reading_magazine,51
4,vp4/run1_2018-05-22-13-28-51.ids_1,47,30135,30225,reading_magazine,52
4,vp4/run1_2018-05-22-13-28-51.ids_1,47,30225,30315,reading_magazine,53
4,vp4/run1_2018-05-22-13-28-51.ids_1,47,30315,30405,reading_magazine,54
4,vp4/run1_2018-05-22-13-28-51.ids_1,47,30405,30495,reading_magazine,55
4,vp4/run1_2018-05-22-13-28-51.ids_1,47,30495,30585,reading_magazine,56
4,vp4/run1_2018-05-22-13-28-51.ids_1,47,30585,30675,reading_magazine,57
4,vp4/run1_2018-05-22-13-28-51.ids_1,47,30675,30765,reading_magazine,58
4,vp4/run1_2018-05-22-13-28-51.ids_1,47,30765,30855,reading_magazine,59
4,vp4/run1_2018-05-22-13-28-51.ids_1,47,30855,30945,reading_magazine,60
4,vp4/run1_2018-05-22-13-28-51.ids_1,47,30945,31035,reading_magazine,61
4,vp4/run1_2018-05-22-13-28-51.ids_1,47,31035,31125,reading_magazine,62
4,vp4/run1_2018-05-22-13-28-51.ids_1,47,31125,31215,reading_magazine,63
4,vp4/run1_2018-05-22-13-28-51.ids_1,47,31215,31305,reading_magazine,64
4,vp4/run1_2018-05-22-13-28-51.ids_1,47,31305,31395,reading_magazine,65
4,vp4/run1_2018-05-22-13-28-51.ids_1,47,31395,31405,reading_magazine,66
4,vp4/run1_2018-05-22-13-28-51.ids_1,48,31405,31462,placing_an_object,0
4,vp4/run1_2018-05-22-13-28-51.ids_1,49,31462,31552,looking_or_moving_around (e.g. searching),0
4,vp4/run1_2018-05-22-13-28-51.ids_1,49,31552,31642,looking_or_moving_around (e.g. searching),1
4,vp4/run1_2018-05-22-13-28-51.ids_1,49,31642,31732,looking_or_moving_around (e.g. searching),2
4,vp4/run1_2018-05-22-13-28-51.ids_1,49,31732,31822,looking_or_moving_around (e.g. searching),3
4,vp4/run1_2018-05-22-13-28-51.ids_1,49,31822,31912,looking_or_moving_around (e.g. searching),4
4,vp4/run1_2018-05-22-13-28-51.ids_1,49,31912,32002,looking_or_moving_around (e.g. searching),5
4,vp4/run1_2018-05-22-13-28-51.ids_1,49,32002,32092,looking_or_moving_around (e.g. searching),6
4,vp4/run1_2018-05-22-13-28-51.ids_1,49,32092,32105,looking_or_moving_around (e.g. searching),7
4,vp4/run1_2018-05-22-13-28-51.ids_1,50,32105,32179,unfastening_seat_belt,0
4,vp4/run1_2018-05-22-13-28-51.ids_1,51,32210,32300,fetching_an_object,0
4,vp4/run1_2018-05-22-13-28-51.ids_1,51,32300,32390,fetching_an_object,1
4,vp4/run1_2018-05-22-13-28-51.ids_1,51,32390,32480,fetching_an_object,2
4,vp4/run1_2018-05-22-13-28-51.ids_1,51,32480,32516,fetching_an_object,3
4,vp4/run1_2018-05-22-13-28-51.ids_1,52,32516,32606,writing,0
4,vp4/run1_2018-05-22-13-28-51.ids_1,52,32606,32696,writing,1
4,vp4/run1_2018-05-22-13-28-51.ids_1,52,32696,32786,writing,2
4,vp4/run1_2018-05-22-13-28-51.ids_1,52,32786,32806,writing,3
4,vp4/run1_2018-05-22-13-28-51.ids_1,53,32806,32841,placing_an_object,0
4,vp4/run1_2018-05-22-13-28-51.ids_1,54,32857,32863,using_multimedia_display,0
4,vp4/run1_2018-05-22-13-28-51.ids_1,55,32877,32967,fastening_seat_belt,0
4,vp4/run1_2018-05-22-13-28-51.ids_1,55,32967,33057,fastening_seat_belt,1
4,vp4/run1_2018-05-22-13-28-51.ids_1,55,33057,33134,fastening_seat_belt,2
4,vp4/run1_2018-05-22-13-28-51.ids_1,56,33146,33164,using_multimedia_display,0
4,vp4/run1_2018-05-22-13-28-51.ids_1,57,33182,33272,sitting_still,0
4,vp4/run1_2018-05-22-13-28-51.ids_1,57,33272,33362,sitting_still,1
4,vp4/run1_2018-05-22-13-28-51.ids_1,57,33362,33452,sitting_still,2
4,vp4/run1_2018-05-22-13-28-51.ids_1,57,33452,33542,sitting_still,3
4,vp4/run1_2018-05-22-13-28-51.ids_1,57,33542,33632,sitting_still,4
4,vp4/run1_2018-05-22-13-28-51.ids_1,57,33632,33722,sitting_still,5
4,vp4/run1_2018-05-22-13-28-51.ids_1,57,33722,33729,sitting_still,6
4,vp4/run1_2018-05-22-13-28-51.ids_1,58,33764,33777,pressing_automation_button,0
4,vp4/run1_2018-05-22-13-28-51.ids_1,59,34317,34332,pressing_automation_button,0
4,vp4/run1_2018-05-22-13-28-51.ids_1,60,34332,34422,fetching_an_object,0
4,vp4/run1_2018-05-22-13-28-51.ids_1,60,34422,34430,fetching_an_object,1
4,vp4/run1_2018-05-22-13-28-51.ids_1,61,34430,34520,interacting_with_phone,0
4,vp4/run1_2018-05-22-13-28-51.ids_1,61,34520,34530,interacting_with_phone,1
4,vp4/run1_2018-05-22-13-28-51.ids_1,62,34530,34620,talking_on_phone,0
4,vp4/run1_2018-05-22-13-28-51.ids_1,62,34620,34710,talking_on_phone,1
4,vp4/run1_2018-05-22-13-28-51.ids_1,62,34710,34800,talking_on_phone,2
4,vp4/run1_2018-05-22-13-28-51.ids_1,62,34800,34890,talking_on_phone,3
4,vp4/run1_2018-05-22-13-28-51.ids_1,62,34890,34980,talking_on_phone,4
4,vp4/run1_2018-05-22-13-28-51.ids_1,62,34980,35070,talking_on_phone,5
4,vp4/run1_2018-05-22-13-28-51.ids_1,62,35070,35160,talking_on_phone,6
4,vp4/run1_2018-05-22-13-28-51.ids_1,62,35160,35250,talking_on_phone,7
4,vp4/run1_2018-05-22-13-28-51.ids_1,62,35250,35340,talking_on_phone,8
4,vp4/run1_2018-05-22-13-28-51.ids_1,62,35340,35430,talking_on_phone,9
4,vp4/run1_2018-05-22-13-28-51.ids_1,62,35430,35520,talking_on_phone,10
4,vp4/run1_2018-05-22-13-28-51.ids_1,62,35520,35610,talking_on_phone,11
4,vp4/run1_2018-05-22-13-28-51.ids_1,62,35610,35700,talking_on_phone,12
4,vp4/run1_2018-05-22-13-28-51.ids_1,62,35700,35790,talking_on_phone,13
4,vp4/run1_2018-05-22-13-28-51.ids_1,62,35790,35880,talking_on_phone,14
4,vp4/run1_2018-05-22-13-28-51.ids_1,62,35880,35932,talking_on_phone,15
4,vp4/run1_2018-05-22-13-28-51.ids_1,63,35948,35960,pressing_automation_button,0
4,vp4/run1_2018-05-22-13-28-51.ids_1,64,35960,36010,placing_an_object,0
4,vp4/run1_2018-05-22-13-28-51.ids_1,65,37014,37021,pressing_automation_button,0
4,vp4/run1_2018-05-22-13-28-51.ids_1,66,37090,37180,fetching_an_object,0
4,vp4/run1_2018-05-22-13-28-51.ids_1,66,37180,37270,fetching_an_object,1
4,vp4/run1_2018-05-22-13-28-51.ids_1,67,37270,37360,placing_an_object,0
4,vp4/run1_2018-05-22-13-28-51.ids_1,67,37360,37450,placing_an_object,1
4,vp4/run1_2018-05-22-13-28-51.ids_1,67,37450,37539,placing_an_object,2
4,vp4/run1_2018-05-22-13-28-51.ids_1,68,37539,37585,opening_backpack,0
4,vp4/run1_2018-05-22-13-28-51.ids_1,69,37585,37655,looking_or_moving_around (e.g. searching),0
4,vp4/run1_2018-05-22-13-28-51.ids_1,70,37655,37697,closing_backpack,0
4,vp4/run1_2018-05-22-13-28-51.ids_1,71,37697,37787,looking_or_moving_around (e.g. searching),0
4,vp4/run1_2018-05-22-13-28-51.ids_1,71,37787,37807,looking_or_moving_around (e.g. searching),1
4,vp4/run1_2018-05-22-13-28-51.ids_1,72,37807,37897,opening_backpack,0
4,vp4/run1_2018-05-22-13-28-51.ids_1,72,37897,37987,opening_backpack,1
4,vp4/run1_2018-05-22-13-28-51.ids_1,72,37987,38006,opening_backpack,2
4,vp4/run1_2018-05-22-13-28-51.ids_1,73,38006,38096,fetching_an_object,0
4,vp4/run1_2018-05-22-13-28-51.ids_1,73,38096,38121,fetching_an_object,1
4,vp4/run1_2018-05-22-13-28-51.ids_1,74,38121,38210,placing_an_object,0
4,vp4/run1_2018-05-22-13-28-51.ids_1,75,38335,38425,placing_an_object,0
4,vp4/run1_2018-05-22-13-28-51.ids_1,75,38425,38490,placing_an_object,1
4,vp4/run1_2018-05-22-13-28-51.ids_1,76,38494,38584,opening_laptop,0
4,vp4/run1_2018-05-22-13-28-51.ids_1,77,38584,38674,placing_an_object,0
4,vp4/run1_2018-05-22-13-28-51.ids_1,77,38674,38764,placing_an_object,1
4,vp4/run1_2018-05-22-13-28-51.ids_1,77,38764,38829,placing_an_object,2
4,vp4/run1_2018-05-22-13-28-51.ids_1,78,38829,38919,working_on_laptop,0
4,vp4/run1_2018-05-22-13-28-51.ids_1,78,38919,39009,working_on_laptop,1
4,vp4/run1_2018-05-22-13-28-51.ids_1,78,39009,39099,working_on_laptop,2
4,vp4/run1_2018-05-22-13-28-51.ids_1,78,39099,39189,working_on_laptop,3
4,vp4/run1_2018-05-22-13-28-51.ids_1,78,39189,39279,working_on_laptop,4
4,vp4/run1_2018-05-22-13-28-51.ids_1,78,39279,39369,working_on_laptop,5
4,vp4/run1_2018-05-22-13-28-51.ids_1,78,39369,39459,working_on_laptop,6
4,vp4/run1_2018-05-22-13-28-51.ids_1,78,39459,39549,working_on_laptop,7
4,vp4/run1_2018-05-22-13-28-51.ids_1,78,39549,39639,working_on_laptop,8
4,vp4/run1_2018-05-22-13-28-51.ids_1,78,39639,39729,working_on_laptop,9
4,vp4/run1_2018-05-22-13-28-51.ids_1,78,39729,39819,working_on_laptop,10
4,vp4/run1_2018-05-22-13-28-51.ids_1,78,39819,39909,working_on_laptop,11
4,vp4/run1_2018-05-22-13-28-51.ids_1,78,39909,39999,working_on_laptop,12
4,vp4/run1_2018-05-22-13-28-51.ids_1,78,39999,40089,working_on_laptop,13
4,vp4/run1_2018-05-22-13-28-51.ids_1,78,40089,40179,working_on_laptop,14
4,vp4/run1_2018-05-22-13-28-51.ids_1,78,40179,40269,working_on_laptop,15
4,vp4/run1_2018-05-22-13-28-51.ids_1,78,40269,40359,working_on_laptop,16
4,vp4/run1_2018-05-22-13-28-51.ids_1,78,40359,40370,working_on_laptop,17
4,vp4/run1_2018-05-22-13-28-51.ids_1,79,40370,40457,fetching_an_object,0
4,vp4/run1_2018-05-22-13-28-51.ids_1,80,40457,40547,interacting_with_phone,0
4,vp4/run1_2018-05-22-13-28-51.ids_1,80,40547,40637,interacting_with_phone,1
4,vp4/run1_2018-05-22-13-28-51.ids_1,80,40637,40727,interacting_with_phone,2
4,vp4/run1_2018-05-22-13-28-51.ids_1,80,40727,40817,interacting_with_phone,3
4,vp4/run1_2018-05-22-13-28-51.ids_1,80,40817,40907,interacting_with_phone,4
4,vp4/run1_2018-05-22-13-28-51.ids_1,80,40907,40997,interacting_with_phone,5
4,vp4/run1_2018-05-22-13-28-51.ids_1,80,40997,41087,interacting_with_phone,6
4,vp4/run1_2018-05-22-13-28-51.ids_1,80,41087,41177,interacting_with_phone,7
4,vp4/run1_2018-05-22-13-28-51.ids_1,80,41177,41267,interacting_with_phone,8
4,vp4/run1_2018-05-22-13-28-51.ids_1,80,41267,41357,interacting_with_phone,9
4,vp4/run1_2018-05-22-13-28-51.ids_1,80,41357,41447,interacting_with_phone,10
4,vp4/run1_2018-05-22-13-28-51.ids_1,80,41447,41537,interacting_with_phone,11
4,vp4/run1_2018-05-22-13-28-51.ids_1,80,41537,41627,interacting_with_phone,12
4,vp4/run1_2018-05-22-13-28-51.ids_1,80,41627,41717,interacting_with_phone,13
4,vp4/run1_2018-05-22-13-28-51.ids_1,80,41717,41807,interacting_with_phone,14
4,vp4/run1_2018-05-22-13-28-51.ids_1,80,41807,41897,interacting_with_phone,15
4,vp4/run1_2018-05-22-13-28-51.ids_1,80,41897,41987,interacting_with_phone,16
4,vp4/run1_2018-05-22-13-28-51.ids_1,80,41987,42077,interacting_with_phone,17
4,vp4/run1_2018-05-22-13-28-51.ids_1,80,42077,42167,interacting_with_phone,18
4,vp4/run1_2018-05-22-13-28-51.ids_1,80,42167,42257,interacting_with_phone,19
4,vp4/run1_2018-05-22-13-28-51.ids_1,80,42257,42347,interacting_with_phone,20
4,vp4/run1_2018-05-22-13-28-51.ids_1,80,42347,42437,interacting_with_phone,21
4,vp4/run1_2018-05-22-13-28-51.ids_1,80,42437,42454,interacting_with_phone,22
4,vp4/run1_2018-05-22-13-28-51.ids_1,81,42455,42545,placing_an_object,0
4,vp4/run1_2018-05-22-13-28-51.ids_1,82,42545,42635,working_on_laptop,0
4,vp4/run1_2018-05-22-13-28-51.ids_1,82,42635,42725,working_on_laptop,1
4,vp4/run1_2018-05-22-13-28-51.ids_1,82,42725,42815,working_on_laptop,2
4,vp4/run1_2018-05-22-13-28-51.ids_1,82,42815,42905,working_on_laptop,3
4,vp4/run1_2018-05-22-13-28-51.ids_1,82,42905,42916,working_on_laptop,4
4,vp4/run1_2018-05-22-13-28-51.ids_1,83,43046,43051,pressing_automation_button,0
4,vp4/run1_2018-05-22-13-28-51.ids_1,84,43118,43142,closing_laptop,0
4,vp4/run1_2018-05-22-13-28-51.ids_1,85,43142,43216,placing_an_object,0
4,vp4/run1_2018-05-22-13-28-51.ids_1,86,43291,43302,pressing_automation_button,0
4,vp4/run1_2018-05-22-13-28-51.ids_1,87,43346,43436,fetching_an_object,0
4,vp4/run1_2018-05-22-13-28-51.ids_1,87,43436,43459,fetching_an_object,1
4,vp4/run1_2018-05-22-13-28-51.ids_1,88,43459,43535,opening_laptop,0
4,vp4/run1_2018-05-22-13-28-51.ids_1,89,43535,43625,working_on_laptop,0
4,vp4/run1_2018-05-22-13-28-51.ids_1,89,43625,43683,working_on_laptop,1
4,vp4/run1_2018-05-22-13-28-51.ids_1,90,43683,43713,closing_laptop,0
4,vp4/run1_2018-05-22-13-28-51.ids_1,91,43713,43803,putting_laptop_into_backpack,0
4,vp4/run1_2018-05-22-13-28-51.ids_1,91,43803,43893,putting_laptop_into_backpack,1
4,vp4/run1_2018-05-22-13-28-51.ids_1,91,43893,43925,putting_laptop_into_backpack,2
4,vp4/run1_2018-05-22-13-28-51.ids_1,92,44011,44025,using_multimedia_display,0
4,vp4/run1_2018-05-22-13-28-51.ids_1,93,44055,44145,sitting_still,0
4,vp4/run1_2018-05-22-13-28-51.ids_1,93,44145,44235,sitting_still,1
4,vp4/run1_2018-05-22-13-28-51.ids_1,93,44235,44325,sitting_still,2
4,vp4/run1_2018-05-22-13-28-51.ids_1,93,44325,44415,sitting_still,3
4,vp4/run1_2018-05-22-13-28-51.ids_1,93,44415,44505,sitting_still,4
4,vp4/run1_2018-05-22-13-28-51.ids_1,93,44505,44570,sitting_still,5
4,vp4/run1_2018-05-22-13-28-51.ids_1,94,44607,44653,using_multimedia_display,0
4,vp4/run1_2018-05-22-13-28-51.ids_1,95,44700,44730,sitting_still,0
4,vp4/run1_2018-05-22-13-28-51.ids_1,96,44750,44798,using_multimedia_display,0
4,vp4/run1_2018-05-22-13-28-51.ids_1,97,44854,44944,fetching_an_object,0
4,vp4/run1_2018-05-22-13-28-51.ids_1,97,44944,44954,fetching_an_object,1
4,vp4/run1_2018-05-22-13-28-51.ids_1,98,44992,45082,placing_an_object,0
4,vp4/run1_2018-05-22-13-28-51.ids_1,99,45118,45171,fetching_an_object,0
4,vp4/run1_2018-05-22-13-28-51.ids_1,100,45171,45261,eating,0
4,vp4/run1_2018-05-22-13-28-51.ids_1,100,45261,45351,eating,1
4,vp4/run1_2018-05-22-13-28-51.ids_1,100,45351,45441,eating,2
4,vp4/run1_2018-05-22-13-28-51.ids_1,100,45441,45508,eating,3
4,vp4/run1_2018-05-22-13-28-51.ids_1,101,45508,45592,placing_an_object,0
4,vp4/run1_2018-05-22-13-28-51.ids_1,102,45621,45658,pressing_automation_button,0
4,vp4/run1_2018-05-22-13-28-51.ids_1,103,45921,45940,using_multimedia_display,0
4,vp4/run1_2018-05-22-13-28-51.ids_1,104,46745,46752,pressing_automation_button,0
4,vp4/run1_2018-05-22-13-28-51.ids_1,105,46789,46879,sitting_still,0
4,vp4/run1_2018-05-22-13-28-51.ids_1,105,46879,46969,sitting_still,1
4,vp4/run1_2018-05-22-13-28-51.ids_1,105,46969,47022,sitting_still,2
4,vp4/run1_2018-05-22-13-28-51.ids_1,106,47097,47132,using_multimedia_display,0
4,vp4/run1_2018-05-22-13-28-51.ids_1,107,47195,47285,sitting_still,0
4,vp4/run1_2018-05-22-13-28-51.ids_1,107,47285,47375,sitting_still,1
4,vp4/run1_2018-05-22-13-28-51.ids_1,107,47375,47465,sitting_still,2
4,vp4/run1_2018-05-22-13-28-51.ids_1,107,47465,47555,sitting_still,3
4,vp4/run1_2018-05-22-13-28-51.ids_1,107,47555,47645,sitting_still,4
4,vp4/run1_2018-05-22-13-28-51.ids_1,107,47645,47735,sitting_still,5
4,vp4/run1_2018-05-22-13-28-51.ids_1,107,47735,47787,sitting_still,6
4,vp4/run1_2018-05-22-13-28-51.ids_1,108,47825,47852,using_multimedia_display,0
4,vp4/run1_2018-05-22-13-28-51.ids_1,109,47922,47938,pressing_automation_button,0
4,vp4/run1_2018-05-22-13-28-51.ids_1,110,50019,50041,pressing_automation_button,0
4,vp4/run1_2018-05-22-13-28-51.ids_1,111,50173,50192,using_multimedia_display,0
4,vp4/run1_2018-05-22-13-28-51.ids_1,112,50260,50350,sitting_still,0
4,vp4/run1_2018-05-22-13-28-51.ids_1,112,50350,50440,sitting_still,1
4,vp4/run1_2018-05-22-13-28-51.ids_1,112,50440,50530,sitting_still,2
4,vp4/run1_2018-05-22-13-28-51.ids_1,112,50530,50620,sitting_still,3
4,vp4/run1_2018-05-22-13-28-51.ids_1,112,50620,50710,sitting_still,4
4,vp4/run1_2018-05-22-13-28-51.ids_1,112,50710,50800,sitting_still,5
4,vp4/run1_2018-05-22-13-28-51.ids_1,112,50800,50890,sitting_still,6
4,vp4/run1_2018-05-22-13-28-51.ids_1,112,50890,50980,sitting_still,7
4,vp4/run1_2018-05-22-13-28-51.ids_1,112,50980,51070,sitting_still,8
4,vp4/run1_2018-05-22-13-28-51.ids_1,112,51070,51160,sitting_still,9
4,vp4/run1_2018-05-22-13-28-51.ids_1,112,51160,51250,sitting_still,10
4,vp4/run1_2018-05-22-13-28-51.ids_1,112,51250,51340,sitting_still,11
4,vp4/run1_2018-05-22-13-28-51.ids_1,112,51340,51430,sitting_still,12
4,vp4/run1_2018-05-22-13-28-51.ids_1,112,51430,51520,sitting_still,13
4,vp4/run1_2018-05-22-13-28-51.ids_1,112,51520,51549,sitting_still,14
4,vp4/run1_2018-05-22-13-28-51.ids_1,113,51741,51752,pressing_automation_button,0
4,vp4/run1_2018-05-22-13-28-51.ids_1,114,52088,52126,using_multimedia_display,0
4,vp4/run1_2018-05-22-13-28-51.ids_1,115,52149,52239,sitting_still,0
4,vp4/run1_2018-05-22-13-28-51.ids_1,115,52239,52329,sitting_still,1
4,vp4/run1_2018-05-22-13-28-51.ids_1,115,52329,52419,sitting_still,2
4,vp4/run1_2018-05-22-13-28-51.ids_1,115,52419,52509,sitting_still,3
4,vp4/run1_2018-05-22-13-28-51.ids_1,115,52509,52599,sitting_still,4
4,vp4/run1_2018-05-22-13-28-51.ids_1,115,52599,52689,sitting_still,5
4,vp4/run1_2018-05-22-13-28-51.ids_1,115,52689,52779,sitting_still,6
4,vp4/run1_2018-05-22-13-28-51.ids_1,115,52779,52869,sitting_still,7
4,vp4/run1_2018-05-22-13-28-51.ids_1,115,52869,52959,sitting_still,8
4,vp4/run1_2018-05-22-13-28-51.ids_1,115,52959,53049,sitting_still,9
4,vp4/run1_2018-05-22-13-28-51.ids_1,115,53049,53139,sitting_still,10
4,vp4/run1_2018-05-22-13-28-51.ids_1,115,53139,53229,sitting_still,11
4,vp4/run1_2018-05-22-13-28-51.ids_1,115,53229,53319,sitting_still,12
4,vp4/run1_2018-05-22-13-28-51.ids_1,115,53319,53409,sitting_still,13
4,vp4/run1_2018-05-22-13-28-51.ids_1,115,53409,53499,sitting_still,14
4,vp4/run1_2018-05-22-13-28-51.ids_1,115,53499,53589,sitting_still,15
4,vp4/run1_2018-05-22-13-28-51.ids_1,115,53589,53679,sitting_still,16
4,vp4/run1_2018-05-22-13-28-51.ids_1,115,53679,53708,sitting_still,17
4,vp4/run1_2018-05-22-13-28-51.ids_1,116,53728,53733,pressing_automation_button,0
4,vp4/run1_2018-05-22-13-28-51.ids_1,117,53817,53836,using_multimedia_display,0
4,vp4/run1_2018-05-22-13-28-51.ids_1,118,53897,53987,sitting_still,0
4,vp4/run1_2018-05-22-13-28-51.ids_1,118,53987,54077,sitting_still,1
4,vp4/run1_2018-05-22-13-28-51.ids_1,118,54077,54167,sitting_still,2
4,vp4/run1_2018-05-22-13-28-51.ids_1,118,54167,54257,sitting_still,3
4,vp4/run1_2018-05-22-13-28-51.ids_1,118,54257,54347,sitting_still,4
4,vp4/run1_2018-05-22-13-28-51.ids_1,118,54347,54437,sitting_still,5
4,vp4/run1_2018-05-22-13-28-51.ids_1,118,54437,54527,sitting_still,6
4,vp4/run1_2018-05-22-13-28-51.ids_1,118,54527,54617,sitting_still,7
4,vp4/run1_2018-05-22-13-28-51.ids_1,118,54617,54707,sitting_still,8
4,vp4/run1_2018-05-22-13-28-51.ids_1,118,54707,54758,sitting_still,9
4,vp4/run1_2018-05-22-13-28-51.ids_1,119,54793,54822,using_multimedia_display,0
4,vp4/run1_2018-05-22-13-28-51.ids_1,120,54856,54946,sitting_still,0
4,vp4/run1_2018-05-22-13-28-51.ids_1,120,54946,55036,sitting_still,1
4,vp4/run1_2018-05-22-13-28-51.ids_1,120,55036,55126,sitting_still,2
4,vp4/run1_2018-05-22-13-28-51.ids_1,120,55126,55140,sitting_still,3
4,vp4/run1_2018-05-22-13-28-51.ids_1,121,55161,55251,unfastening_seat_belt,0
4,vp4/run1_2018-05-22-13-28-51.ids_1,121,55251,55267,unfastening_seat_belt,1
4,vp4/run1_2018-05-22-13-28-51.ids_1,122,55267,55357,taking_off_jacket,0
4,vp4/run1_2018-05-22-13-28-51.ids_1,122,55357,55447,taking_off_jacket,1
4,vp4/run1_2018-05-22-13-28-51.ids_1,122,55447,55537,taking_off_jacket,2
4,vp4/run1_2018-05-22-13-28-51.ids_1,122,55537,55627,taking_off_jacket,3
4,vp4/run1_2018-05-22-13-28-51.ids_1,122,55627,55717,taking_off_jacket,4
4,vp4/run1_2018-05-22-13-28-51.ids_1,122,55717,55766,taking_off_jacket,5
4,vp4/run1_2018-05-22-13-28-51.ids_1,123,55766,55782,placing_an_object,0
4,vp4/run1_2018-05-22-13-28-51.ids_1,124,55807,55897,fastening_seat_belt,0
4,vp4/run1_2018-05-22-13-28-51.ids_1,124,55897,55987,fastening_seat_belt,1
4,vp4/run1_2018-05-22-13-28-51.ids_1,124,55987,56032,fastening_seat_belt,2
4,vp4/run1_2018-05-22-13-28-51.ids_1,125,56041,56056,using_multimedia_display,0
4,vp4/run1_2018-05-22-13-28-51.ids_1,126,56113,56203,sitting_still,0
4,vp4/run1_2018-05-22-13-28-51.ids_1,126,56203,56293,sitting_still,1
4,vp4/run1_2018-05-22-13-28-51.ids_1,126,56293,56383,sitting_still,2
4,vp4/run1_2018-05-22-13-28-51.ids_1,126,56383,56473,sitting_still,3
4,vp4/run1_2018-05-22-13-28-51.ids_1,126,56473,56563,sitting_still,4
4,vp4/run1_2018-05-22-13-28-51.ids_1,126,56563,56653,sitting_still,5
4,vp4/run1_2018-05-22-13-28-51.ids_1,126,56653,56743,sitting_still,6
4,vp4/run1_2018-05-22-13-28-51.ids_1,126,56743,56833,sitting_still,7
4,vp4/run1_2018-05-22-13-28-51.ids_1,126,56833,56923,sitting_still,8
4,vp4/run1_2018-05-22-13-28-51.ids_1,126,56923,57013,sitting_still,9
4,vp4/run1_2018-05-22-13-28-51.ids_1,126,57013,57103,sitting_still,10
4,vp4/run1_2018-05-22-13-28-51.ids_1,126,57103,57193,sitting_still,11
4,vp4/run1_2018-05-22-13-28-51.ids_1,126,57193,57283,sitting_still,12
4,vp4/run1_2018-05-22-13-28-51.ids_1,126,57283,57373,sitting_still,13
4,vp4/run1_2018-05-22-13-28-51.ids_1,126,57373,57463,sitting_still,14
4,vp4/run1_2018-05-22-13-28-51.ids_1,126,57463,57553,sitting_still,15
4,vp4/run1_2018-05-22-13-28-51.ids_1,126,57553,57643,sitting_still,16
4,vp4/run1_2018-05-22-13-28-51.ids_1,126,57643,57733,sitting_still,17
4,vp4/run1_2018-05-22-13-28-51.ids_1,126,57733,57823,sitting_still,18
4,vp4/run1_2018-05-22-13-28-51.ids_1,126,57823,57913,sitting_still,19
4,vp4/run1_2018-05-22-13-28-51.ids_1,126,57913,58003,sitting_still,20
4,vp4/run1_2018-05-22-13-28-51.ids_1,126,58003,58093,sitting_still,21
4,vp4/run1_2018-05-22-13-28-51.ids_1,126,58093,58112,sitting_still,22
4,vp4/run1_2018-05-22-13-28-51.ids_1,127,58148,58238,fetching_an_object,0
4,vp4/run1_2018-05-22-13-28-51.ids_1,127,58238,58280,fetching_an_object,1
4,vp4/run1_2018-05-22-13-28-51.ids_1,128,58280,58370,reading_newspaper,0
4,vp4/run1_2018-05-22-13-28-51.ids_1,128,58370,58460,reading_newspaper,1
4,vp4/run1_2018-05-22-13-28-51.ids_1,128,58460,58550,reading_newspaper,2
4,vp4/run1_2018-05-22-13-28-51.ids_1,128,58550,58640,reading_newspaper,3
4,vp4/run1_2018-05-22-13-28-51.ids_1,128,58640,58730,reading_newspaper,4
4,vp4/run1_2018-05-22-13-28-51.ids_1,128,58730,58820,reading_newspaper,5
4,vp4/run1_2018-05-22-13-28-51.ids_1,128,58820,58910,reading_newspaper,6
4,vp4/run1_2018-05-22-13-28-51.ids_1,128,58910,59000,reading_newspaper,7
4,vp4/run1_2018-05-22-13-28-51.ids_1,128,59000,59090,reading_newspaper,8
4,vp4/run1_2018-05-22-13-28-51.ids_1,128,59090,59180,reading_newspaper,9
4,vp4/run1_2018-05-22-13-28-51.ids_1,128,59180,59270,reading_newspaper,10
4,vp4/run1_2018-05-22-13-28-51.ids_1,128,59270,59294,reading_newspaper,11
4,vp4/run1_2018-05-22-13-28-51.ids_1,129,59294,59318,placing_an_object,0
4,vp4/run1_2018-05-22-13-28-51.ids_1,130,59416,59421,pressing_automation_button,0
4,vp4/run1_2018-05-22-13-28-51.ids_1,131,60412,60421,pressing_automation_button,0
4,vp4/run1_2018-05-22-13-28-51.ids_1,132,60465,60555,fetching_an_object,0
4,vp4/run1_2018-05-22-13-28-51.ids_1,133,60555,60645,reading_newspaper,0
4,vp4/run1_2018-05-22-13-28-51.ids_1,133,60645,60735,reading_newspaper,1
4,vp4/run1_2018-05-22-13-28-51.ids_1,133,60735,60825,reading_newspaper,2
4,vp4/run1_2018-05-22-13-28-51.ids_1,133,60825,60915,reading_newspaper,3
4,vp4/run1_2018-05-22-13-28-51.ids_1,133,60915,61005,reading_newspaper,4
4,vp4/run1_2018-05-22-13-28-51.ids_1,133,61005,61095,reading_newspaper,5
4,vp4/run1_2018-05-22-13-28-51.ids_1,133,61095,61185,reading_newspaper,6
4,vp4/run1_2018-05-22-13-28-51.ids_1,133,61185,61275,reading_newspaper,7
4,vp4/run1_2018-05-22-13-28-51.ids_1,133,61275,61365,reading_newspaper,8
4,vp4/run1_2018-05-22-13-28-51.ids_1,133,61365,61455,reading_newspaper,9
4,vp4/run1_2018-05-22-13-28-51.ids_1,133,61455,61545,reading_newspaper,10
4,vp4/run1_2018-05-22-13-28-51.ids_1,133,61545,61635,reading_newspaper,11
4,vp4/run1_2018-05-22-13-28-51.ids_1,133,61635,61725,reading_newspaper,12
4,vp4/run1_2018-05-22-13-28-51.ids_1,133,61725,61815,reading_newspaper,13
4,vp4/run1_2018-05-22-13-28-51.ids_1,133,61815,61905,reading_newspaper,14
4,vp4/run1_2018-05-22-13-28-51.ids_1,133,61905,61995,reading_newspaper,15
4,vp4/run1_2018-05-22-13-28-51.ids_1,133,61995,62018,reading_newspaper,16
4,vp4/run1_2018-05-22-13-28-51.ids_1,134,62018,62040,placing_an_object,0
4,vp4/run1_2018-05-22-13-28-51.ids_1,135,62040,62130,fetching_an_object,0
4,vp4/run1_2018-05-22-13-28-51.ids_1,135,62130,62194,fetching_an_object,1
4,vp4/run1_2018-05-22-13-28-51.ids_1,136,62194,62284,fetching_an_object,0
4,vp4/run1_2018-05-22-13-28-51.ids_1,136,62284,62374,fetching_an_object,1
4,vp4/run1_2018-05-22-13-28-51.ids_1,136,62374,62386,fetching_an_object,2
4,vp4/run1_2018-05-22-13-28-51.ids_1,137,62386,62476,writing,0
4,vp4/run1_2018-05-22-13-28-51.ids_1,137,62476,62566,writing,1
4,vp4/run1_2018-05-22-13-28-51.ids_1,137,62566,62656,writing,2
4,vp4/run1_2018-05-22-13-28-51.ids_1,137,62656,62746,writing,3
4,vp4/run1_2018-05-22-13-28-51.ids_1,137,62746,62836,writing,4
4,vp4/run1_2018-05-22-13-28-51.ids_1,137,62836,62926,writing,5
4,vp4/run1_2018-05-22-13-28-51.ids_1,137,62926,62938,writing,6
4,vp4/run1_2018-05-22-13-28-51.ids_1,138,62938,62998,placing_an_object,0
4,vp4/run1_2018-05-22-13-28-51.ids_1,139,63024,63043,using_multimedia_display,0
4,vp4/run1_2018-05-22-13-28-51.ids_1,140,63080,63170,sitting_still,0
4,vp4/run1_2018-05-22-13-28-51.ids_1,140,63170,63260,sitting_still,1
4,vp4/run1_2018-05-22-13-28-51.ids_1,140,63260,63350,sitting_still,2
4,vp4/run1_2018-05-22-13-28-51.ids_1,140,63350,63440,sitting_still,3
4,vp4/run1_2018-05-22-13-28-51.ids_1,140,63440,63530,sitting_still,4
4,vp4/run1_2018-05-22-13-28-51.ids_1,140,63530,63620,sitting_still,5
4,vp4/run1_2018-05-22-13-28-51.ids_1,140,63620,63710,sitting_still,6
4,vp4/run1_2018-05-22-13-28-51.ids_1,140,63710,63800,sitting_still,7
4,vp4/run1_2018-05-22-13-28-51.ids_1,140,63800,63890,sitting_still,8
4,vp4/run1_2018-05-22-13-28-51.ids_1,140,63890,63980,sitting_still,9
4,vp4/run1_2018-05-22-13-28-51.ids_1,140,63980,64070,sitting_still,10
4,vp4/run1_2018-05-22-13-28-51.ids_1,140,64070,64160,sitting_still,11
4,vp4/run1_2018-05-22-13-28-51.ids_1,140,64160,64250,sitting_still,12
4,vp4/run1_2018-05-22-13-28-51.ids_1,140,64250,64340,sitting_still,13
4,vp4/run1_2018-05-22-13-28-51.ids_1,140,64340,64430,sitting_still,14
4,vp4/run1_2018-05-22-13-28-51.ids_1,140,64430,64520,sitting_still,15
4,vp4/run1_2018-05-22-13-28-51.ids_1,140,64520,64610,sitting_still,16
4,vp4/run1_2018-05-22-13-28-51.ids_1,140,64610,64700,sitting_still,17
4,vp4/run1_2018-05-22-13-28-51.ids_1,140,64700,64790,sitting_still,18
4,vp4/run1_2018-05-22-13-28-51.ids_1,140,64790,64880,sitting_still,19
4,vp4/run1_2018-05-22-13-28-51.ids_1,140,64880,64970,sitting_still,20
4,vp4/run1_2018-05-22-13-28-51.ids_1,140,64970,65054,sitting_still,21
4,vp4/run1_2018-05-22-13-28-51.ids_1,141,65102,65119,pressing_automation_button,0
4,vp4/run1_2018-05-22-13-28-51.ids_1,142,65505,65595,unfastening_seat_belt,0
4,vp4/run1_2018-05-22-13-28-51.ids_1,142,65595,65680,unfastening_seat_belt,1
4,vp4/run1_2018-05-22-13-28-51.ids_1,143,65702,65792,opening_door_inside,0
4,vp4/run1_2018-05-22-13-28-51.ids_1,143,65792,65858,opening_door_inside,1
4,vp4/run1_2018-05-22-13-28-51.ids_1,144,65858,65948,exiting_car,0
4,vp4/run1_2018-05-22-13-28-51.ids_1,144,65948,65968,exiting_car,1
4,vp4/run1_2018-05-22-13-28-51.ids_1,145,65968,66011,closing_door_outside,0
4,vp4/run2_2018-05-22-14-25-04.ids_1,0,126,188,opening_door_outside,0
4,vp4/run2_2018-05-22-14-25-04.ids_1,1,188,278,entering_car,0
4,vp4/run2_2018-05-22-14-25-04.ids_1,1,278,288,entering_car,1
4,vp4/run2_2018-05-22-14-25-04.ids_1,2,288,301,closing_door_inside,0
4,vp4/run2_2018-05-22-14-25-04.ids_1,3,411,501,fastening_seat_belt,0
4,vp4/run2_2018-05-22-14-25-04.ids_1,3,501,591,fastening_seat_belt,1
4,vp4/run2_2018-05-22-14-25-04.ids_1,3,591,645,fastening_seat_belt,2
4,vp4/run2_2018-05-22-14-25-04.ids_1,4,1916,1930,using_multimedia_display,0
4,vp4/run2_2018-05-22-14-25-04.ids_1,5,10214,10225,pressing_automation_button,0
4,vp4/run2_2018-05-22-14-25-04.ids_1,6,10276,10366,using_multimedia_display,0
4,vp4/run2_2018-05-22-14-25-04.ids_1,6,10366,10387,using_multimedia_display,1
4,vp4/run2_2018-05-22-14-25-04.ids_1,7,10430,10520,sitting_still,0
4,vp4/run2_2018-05-22-14-25-04.ids_1,7,10520,10610,sitting_still,1
4,vp4/run2_2018-05-22-14-25-04.ids_1,7,10610,10700,sitting_still,2
4,vp4/run2_2018-05-22-14-25-04.ids_1,7,10700,10790,sitting_still,3
4,vp4/run2_2018-05-22-14-25-04.ids_1,7,10790,10880,sitting_still,4
4,vp4/run2_2018-05-22-14-25-04.ids_1,7,10880,10970,sitting_still,5
4,vp4/run2_2018-05-22-14-25-04.ids_1,7,10970,11060,sitting_still,6
4,vp4/run2_2018-05-22-14-25-04.ids_1,7,11060,11092,sitting_still,7
4,vp4/run2_2018-05-22-14-25-04.ids_1,8,11153,11243,fetching_an_object,0
4,vp4/run2_2018-05-22-14-25-04.ids_1,8,11243,11259,fetching_an_object,1
4,vp4/run2_2018-05-22-14-25-04.ids_1,9,11259,11349,eating,0
4,vp4/run2_2018-05-22-14-25-04.ids_1,9,11349,11439,eating,1
4,vp4/run2_2018-05-22-14-25-04.ids_1,9,11439,11529,eating,2
4,vp4/run2_2018-05-22-14-25-04.ids_1,9,11529,11619,eating,3
4,vp4/run2_2018-05-22-14-25-04.ids_1,9,11619,11668,eating,4
4,vp4/run2_2018-05-22-14-25-04.ids_1,10,11668,11738,placing_an_object,0
4,vp4/run2_2018-05-22-14-25-04.ids_1,11,11738,11828,eating,0
4,vp4/run2_2018-05-22-14-25-04.ids_1,11,11828,11918,eating,1
4,vp4/run2_2018-05-22-14-25-04.ids_1,11,11918,12008,eating,2
4,vp4/run2_2018-05-22-14-25-04.ids_1,11,12008,12098,eating,3
4,vp4/run2_2018-05-22-14-25-04.ids_1,11,12098,12146,eating,4
4,vp4/run2_2018-05-22-14-25-04.ids_1,12,12146,12236,looking_or_moving_around (e.g. searching),0
4,vp4/run2_2018-05-22-14-25-04.ids_1,12,12236,12249,looking_or_moving_around (e.g. searching),1
4,vp4/run2_2018-05-22-14-25-04.ids_1,13,13258,13348,looking_or_moving_around (e.g. searching),0
4,vp4/run2_2018-05-22-14-25-04.ids_1,13,13348,13438,looking_or_moving_around (e.g. searching),1
4,vp4/run2_2018-05-22-14-25-04.ids_1,13,13438,13528,looking_or_moving_around (e.g. searching),2
4,vp4/run2_2018-05-22-14-25-04.ids_1,13,13528,13541,looking_or_moving_around (e.g. searching),3
4,vp4/run2_2018-05-22-14-25-04.ids_1,14,16542,16552,pressing_automation_button,0
4,vp4/run2_2018-05-22-14-25-04.ids_1,15,16654,16712,unfastening_seat_belt,0
4,vp4/run2_2018-05-22-14-25-04.ids_1,16,16712,16802,looking_or_moving_around (e.g. searching),0
4,vp4/run2_2018-05-22-14-25-04.ids_1,16,16802,16892,looking_or_moving_around (e.g. searching),1
4,vp4/run2_2018-05-22-14-25-04.ids_1,16,16892,16982,looking_or_moving_around (e.g. searching),2
4,vp4/run2_2018-05-22-14-25-04.ids_1,16,16982,17072,looking_or_moving_around (e.g. searching),3
4,vp4/run2_2018-05-22-14-25-04.ids_1,16,17072,17162,looking_or_moving_around (e.g. searching),4
4,vp4/run2_2018-05-22-14-25-04.ids_1,16,17162,17252,looking_or_moving_around (e.g. searching),5
4,vp4/run2_2018-05-22-14-25-04.ids_1,16,17252,17342,looking_or_moving_around (e.g. searching),6
4,vp4/run2_2018-05-22-14-25-04.ids_1,16,17342,17386,looking_or_moving_around (e.g. searching),7
4,vp4/run2_2018-05-22-14-25-04.ids_1,17,17386,17437,fetching_an_object,0
4,vp4/run2_2018-05-22-14-25-04.ids_1,18,17437,17510,opening_bottle,0
4,vp4/run2_2018-05-22-14-25-04.ids_1,19,17510,17600,drinking,0
4,vp4/run2_2018-05-22-14-25-04.ids_1,19,17600,17690,drinking,1
4,vp4/run2_2018-05-22-14-25-04.ids_1,19,17690,17746,drinking,2
4,vp4/run2_2018-05-22-14-25-04.ids_1,20,17746,17836,closing_bottle,0
4,vp4/run2_2018-05-22-14-25-04.ids_1,20,17836,17860,closing_bottle,1
4,vp4/run2_2018-05-22-14-25-04.ids_1,21,17886,17926,placing_an_object,0
4,vp4/run2_2018-05-22-14-25-04.ids_1,22,17926,18016,fastening_seat_belt,0
4,vp4/run2_2018-05-22-14-25-04.ids_1,22,18016,18106,fastening_seat_belt,1
4,vp4/run2_2018-05-22-14-25-04.ids_1,22,18106,18117,fastening_seat_belt,2
4,vp4/run2_2018-05-22-14-25-04.ids_1,23,18126,18148,using_multimedia_display,0
4,vp4/run2_2018-05-22-14-25-04.ids_1,24,18238,18328,sitting_still,0
4,vp4/run2_2018-05-22-14-25-04.ids_1,24,18328,18418,sitting_still,1
4,vp4/run2_2018-05-22-14-25-04.ids_1,24,18418,18508,sitting_still,2
4,vp4/run2_2018-05-22-14-25-04.ids_1,24,18508,18598,sitting_still,3
4,vp4/run2_2018-05-22-14-25-04.ids_1,24,18598,18688,sitting_still,4
4,vp4/run2_2018-05-22-14-25-04.ids_1,24,18688,18778,sitting_still,5
4,vp4/run2_2018-05-22-14-25-04.ids_1,24,18778,18868,sitting_still,6
4,vp4/run2_2018-05-22-14-25-04.ids_1,24,18868,18958,sitting_still,7
4,vp4/run2_2018-05-22-14-25-04.ids_1,24,18958,19048,sitting_still,8
4,vp4/run2_2018-05-22-14-25-04.ids_1,24,19048,19138,sitting_still,9
4,vp4/run2_2018-05-22-14-25-04.ids_1,24,19138,19228,sitting_still,10
4,vp4/run2_2018-05-22-14-25-04.ids_1,24,19228,19318,sitting_still,11
4,vp4/run2_2018-05-22-14-25-04.ids_1,24,19318,19408,sitting_still,12
4,vp4/run2_2018-05-22-14-25-04.ids_1,24,19408,19498,sitting_still,13
4,vp4/run2_2018-05-22-14-25-04.ids_1,24,19498,19588,sitting_still,14
4,vp4/run2_2018-05-22-14-25-04.ids_1,24,19588,19678,sitting_still,15
4,vp4/run2_2018-05-22-14-25-04.ids_1,24,19678,19768,sitting_still,16
4,vp4/run2_2018-05-22-14-25-04.ids_1,24,19768,19858,sitting_still,17
4,vp4/run2_2018-05-22-14-25-04.ids_1,24,19858,19948,sitting_still,18
4,vp4/run2_2018-05-22-14-25-04.ids_1,24,19948,20038,sitting_still,19
4,vp4/run2_2018-05-22-14-25-04.ids_1,24,20038,20128,sitting_still,20
4,vp4/run2_2018-05-22-14-25-04.ids_1,24,20128,20218,sitting_still,21
4,vp4/run2_2018-05-22-14-25-04.ids_1,24,20218,20308,sitting_still,22
4,vp4/run2_2018-05-22-14-25-04.ids_1,24,20308,20398,sitting_still,23
4,vp4/run2_2018-05-22-14-25-04.ids_1,24,20398,20488,sitting_still,24
4,vp4/run2_2018-05-22-14-25-04.ids_1,24,20488,20578,sitting_still,25
4,vp4/run2_2018-05-22-14-25-04.ids_1,24,20578,20668,sitting_still,26
4,vp4/run2_2018-05-22-14-25-04.ids_1,24,20668,20758,sitting_still,27
4,vp4/run2_2018-05-22-14-25-04.ids_1,24,20758,20848,sitting_still,28
4,vp4/run2_2018-05-22-14-25-04.ids_1,24,20848,20938,sitting_still,29
4,vp4/run2_2018-05-22-14-25-04.ids_1,24,20938,21028,sitting_still,30
4,vp4/run2_2018-05-22-14-25-04.ids_1,24,21028,21118,sitting_still,31
4,vp4/run2_2018-05-22-14-25-04.ids_1,24,21118,21208,sitting_still,32
4,vp4/run2_2018-05-22-14-25-04.ids_1,24,21208,21268,sitting_still,33
4,vp4/run2_2018-05-22-14-25-04.ids_1,25,21268,21358,fetching_an_object,0
4,vp4/run2_2018-05-22-14-25-04.ids_1,25,21358,21448,fetching_an_object,1
4,vp4/run2_2018-05-22-14-25-04.ids_1,25,21448,21467,fetching_an_object,2
4,vp4/run2_2018-05-22-14-25-04.ids_1,26,21470,21560,putting_on_sunglasses,0
4,vp4/run2_2018-05-22-14-25-04.ids_1,27,21560,21578,using_multimedia_display,0
4,vp4/run2_2018-05-22-14-25-04.ids_1,28,21614,21704,sitting_still,0
4,vp4/run2_2018-05-22-14-25-04.ids_1,28,21704,21794,sitting_still,1
4,vp4/run2_2018-05-22-14-25-04.ids_1,28,21794,21884,sitting_still,2
4,vp4/run2_2018-05-22-14-25-04.ids_1,28,21884,21974,sitting_still,3
4,vp4/run2_2018-05-22-14-25-04.ids_1,28,21974,22064,sitting_still,4
4,vp4/run2_2018-05-22-14-25-04.ids_1,28,22064,22154,sitting_still,5
4,vp4/run2_2018-05-22-14-25-04.ids_1,28,22154,22244,sitting_still,6
4,vp4/run2_2018-05-22-14-25-04.ids_1,28,22244,22255,sitting_still,7
4,vp4/run2_2018-05-22-14-25-04.ids_1,29,22372,22462,fetching_an_object,0
4,vp4/run2_2018-05-22-14-25-04.ids_1,29,22462,22536,fetching_an_object,1
4,vp4/run2_2018-05-22-14-25-04.ids_1,30,22536,22626,reading_magazine,0
4,vp4/run2_2018-05-22-14-25-04.ids_1,30,22626,22716,reading_magazine,1
4,vp4/run2_2018-05-22-14-25-04.ids_1,30,22716,22806,reading_magazine,2
4,vp4/run2_2018-05-22-14-25-04.ids_1,30,22806,22896,reading_magazine,3
4,vp4/run2_2018-05-22-14-25-04.ids_1,30,22896,22986,reading_magazine,4
4,vp4/run2_2018-05-22-14-25-04.ids_1,30,22986,23076,reading_magazine,5
4,vp4/run2_2018-05-22-14-25-04.ids_1,30,23076,23166,reading_magazine,6
4,vp4/run2_2018-05-22-14-25-04.ids_1,30,23166,23256,reading_magazine,7
4,vp4/run2_2018-05-22-14-25-04.ids_1,30,23256,23306,reading_magazine,8
4,vp4/run2_2018-05-22-14-25-04.ids_1,31,23306,23352,placing_an_object,0
4,vp4/run2_2018-05-22-14-25-04.ids_1,32,23352,23442,fetching_an_object,0
4,vp4/run2_2018-05-22-14-25-04.ids_1,32,23442,23504,fetching_an_object,1
4,vp4/run2_2018-05-22-14-25-04.ids_1,33,23504,23594,writing,0
4,vp4/run2_2018-05-22-14-25-04.ids_1,33,23594,23684,writing,1
4,vp4/run2_2018-05-22-14-25-04.ids_1,33,23684,23774,writing,2
4,vp4/run2_2018-05-22-14-25-04.ids_1,33,23774,23864,writing,3
4,vp4/run2_2018-05-22-14-25-04.ids_1,33,23864,23954,writing,4
4,vp4/run2_2018-05-22-14-25-04.ids_1,33,23954,24044,writing,5
4,vp4/run2_2018-05-22-14-25-04.ids_1,33,24044,24073,writing,6
4,vp4/run2_2018-05-22-14-25-04.ids_1,34,24073,24112,placing_an_object,0
4,vp4/run2_2018-05-22-14-25-04.ids_1,35,24112,24132,using_multimedia_display,0
4,vp4/run2_2018-05-22-14-25-04.ids_1,36,24175,24265,sitting_still,0
4,vp4/run2_2018-05-22-14-25-04.ids_1,36,24265,24355,sitting_still,1
4,vp4/run2_2018-05-22-14-25-04.ids_1,36,24355,24445,sitting_still,2
4,vp4/run2_2018-05-22-14-25-04.ids_1,36,24445,24535,sitting_still,3
4,vp4/run2_2018-05-22-14-25-04.ids_1,36,24535,24625,sitting_still,4
4,vp4/run2_2018-05-22-14-25-04.ids_1,36,24625,24715,sitting_still,5
4,vp4/run2_2018-05-22-14-25-04.ids_1,36,24715,24805,sitting_still,6
4,vp4/run2_2018-05-22-14-25-04.ids_1,36,24805,24895,sitting_still,7
4,vp4/run2_2018-05-22-14-25-04.ids_1,36,24895,24985,sitting_still,8
4,vp4/run2_2018-05-22-14-25-04.ids_1,36,24985,25006,sitting_still,9
4,vp4/run2_2018-05-22-14-25-04.ids_1,37,25006,25090,fetching_an_object,0
4,vp4/run2_2018-05-22-14-25-04.ids_1,38,25090,25180,putting_on_jacket,0
4,vp4/run2_2018-05-22-14-25-04.ids_1,38,25180,25270,putting_on_jacket,1
4,vp4/run2_2018-05-22-14-25-04.ids_1,38,25270,25360,putting_on_jacket,2
4,vp4/run2_2018-05-22-14-25-04.ids_1,38,25360,25450,putting_on_jacket,3
4,vp4/run2_2018-05-22-14-25-04.ids_1,38,25450,25540,putting_on_jacket,4
4,vp4/run2_2018-05-22-14-25-04.ids_1,38,25540,25630,putting_on_jacket,5
4,vp4/run2_2018-05-22-14-25-04.ids_1,38,25630,25650,putting_on_jacket,6
4,vp4/run2_2018-05-22-14-25-04.ids_1,39,25754,25844,sitting_still,0
4,vp4/run2_2018-05-22-14-25-04.ids_1,39,25844,25934,sitting_still,1
4,vp4/run2_2018-05-22-14-25-04.ids_1,39,25934,26024,sitting_still,2
4,vp4/run2_2018-05-22-14-25-04.ids_1,39,26024,26114,sitting_still,3
4,vp4/run2_2018-05-22-14-25-04.ids_1,39,26114,26204,sitting_still,4
4,vp4/run2_2018-05-22-14-25-04.ids_1,39,26204,26294,sitting_still,5
4,vp4/run2_2018-05-22-14-25-04.ids_1,39,26294,26384,sitting_still,6
4,vp4/run2_2018-05-22-14-25-04.ids_1,39,26384,26398,sitting_still,7
4,vp4/run2_2018-05-22-14-25-04.ids_1,40,26415,26430,using_multimedia_display,0
4,vp4/run2_2018-05-22-14-25-04.ids_1,41,26467,26557,sitting_still,0
4,vp4/run2_2018-05-22-14-25-04.ids_1,41,26557,26647,sitting_still,1
4,vp4/run2_2018-05-22-14-25-04.ids_1,41,26647,26737,sitting_still,2
4,vp4/run2_2018-05-22-14-25-04.ids_1,41,26737,26827,sitting_still,3
4,vp4/run2_2018-05-22-14-25-04.ids_1,41,26827,26917,sitting_still,4
4,vp4/run2_2018-05-22-14-25-04.ids_1,41,26917,26944,sitting_still,5
4,vp4/run2_2018-05-22-14-25-04.ids_1,42,26950,27040,looking_or_moving_around (e.g. searching),0
4,vp4/run2_2018-05-22-14-25-04.ids_1,42,27040,27130,looking_or_moving_around (e.g. searching),1
4,vp4/run2_2018-05-22-14-25-04.ids_1,42,27130,27173,looking_or_moving_around (e.g. searching),2
4,vp4/run2_2018-05-22-14-25-04.ids_1,43,27180,27270,unfastening_seat_belt,0
4,vp4/run2_2018-05-22-14-25-04.ids_1,43,27270,27346,unfastening_seat_belt,1
4,vp4/run2_2018-05-22-14-25-04.ids_1,44,27499,27589,fetching_an_object,0
4,vp4/run2_2018-05-22-14-25-04.ids_1,44,27589,27679,fetching_an_object,1
4,vp4/run2_2018-05-22-14-25-04.ids_1,44,27679,27726,fetching_an_object,2
4,vp4/run2_2018-05-22-14-25-04.ids_1,45,27826,27916,opening_backpack,0
4,vp4/run2_2018-05-22-14-25-04.ids_1,45,27916,28006,opening_backpack,1
4,vp4/run2_2018-05-22-14-25-04.ids_1,46,28006,28043,fetching_an_object,0
4,vp4/run2_2018-05-22-14-25-04.ids_1,47,28043,28096,placing_an_object,0
4,vp4/run2_2018-05-22-14-25-04.ids_1,48,28096,28152,placing_an_object,0
4,vp4/run2_2018-05-22-14-25-04.ids_1,49,28152,28236,fetching_an_object,0
4,vp4/run2_2018-05-22-14-25-04.ids_1,50,28236,28326,placing_an_object,0
4,vp4/run2_2018-05-22-14-25-04.ids_1,50,28326,28416,placing_an_object,1
4,vp4/run2_2018-05-22-14-25-04.ids_1,50,28416,28447,placing_an_object,2
4,vp4/run2_2018-05-22-14-25-04.ids_1,51,28447,28537,opening_laptop,0
4,vp4/run2_2018-05-22-14-25-04.ids_1,51,28537,28599,opening_laptop,1
4,vp4/run2_2018-05-22-14-25-04.ids_1,52,28599,28689,working_on_laptop,0
4,vp4/run2_2018-05-22-14-25-04.ids_1,52,28689,28779,working_on_laptop,1
4,vp4/run2_2018-05-22-14-25-04.ids_1,52,28779,28869,working_on_laptop,2
4,vp4/run2_2018-05-22-14-25-04.ids_1,52,28869,28959,working_on_laptop,3
4,vp4/run2_2018-05-22-14-25-04.ids_1,52,28959,29049,working_on_laptop,4
4,vp4/run2_2018-05-22-14-25-04.ids_1,52,29049,29104,working_on_laptop,5
4,vp4/run2_2018-05-22-14-25-04.ids_1,53,29104,29181,fetching_an_object,0
4,vp4/run2_2018-05-22-14-25-04.ids_1,54,29185,29275,interacting_with_phone,0
4,vp4/run2_2018-05-22-14-25-04.ids_1,54,29275,29365,interacting_with_phone,1
4,vp4/run2_2018-05-22-14-25-04.ids_1,54,29365,29455,interacting_with_phone,2
4,vp4/run2_2018-05-22-14-25-04.ids_1,54,29455,29545,interacting_with_phone,3
4,vp4/run2_2018-05-22-14-25-04.ids_1,54,29545,29635,interacting_with_phone,4
4,vp4/run2_2018-05-22-14-25-04.ids_1,54,29635,29725,interacting_with_phone,5
4,vp4/run2_2018-05-22-14-25-04.ids_1,54,29725,29815,interacting_with_phone,6
4,vp4/run2_2018-05-22-14-25-04.ids_1,54,29815,29905,interacting_with_phone,7
4,vp4/run2_2018-05-22-14-25-04.ids_1,54,29905,29995,interacting_with_phone,8
4,vp4/run2_2018-05-22-14-25-04.ids_1,54,29995,30085,interacting_with_phone,9
4,vp4/run2_2018-05-22-14-25-04.ids_1,54,30085,30175,interacting_with_phone,10
4,vp4/run2_2018-05-22-14-25-04.ids_1,54,30175,30265,interacting_with_phone,11
4,vp4/run2_2018-05-22-14-25-04.ids_1,54,30265,30355,interacting_with_phone,12
4,vp4/run2_2018-05-22-14-25-04.ids_1,54,30355,30445,interacting_with_phone,13
4,vp4/run2_2018-05-22-14-25-04.ids_1,55,30445,30535,placing_an_object,0
4,vp4/run2_2018-05-22-14-25-04.ids_1,55,30535,30542,placing_an_object,1
4,vp4/run2_2018-05-22-14-25-04.ids_1,56,30542,30632,working_on_laptop,0
4,vp4/run2_2018-05-22-14-25-04.ids_1,56,30632,30722,working_on_laptop,1
4,vp4/run2_2018-05-22-14-25-04.ids_1,56,30722,30812,working_on_laptop,2
4,vp4/run2_2018-05-22-14-25-04.ids_1,56,30812,30825,working_on_laptop,3
4,vp4/run2_2018-05-22-14-25-04.ids_1,57,30825,30915,closing_laptop,0
4,vp4/run2_2018-05-22-14-25-04.ids_1,57,30915,30967,closing_laptop,1
4,vp4/run2_2018-05-22-14-25-04.ids_1,58,30967,31057,fetching_an_object,0
4,vp4/run2_2018-05-22-14-25-04.ids_1,58,31057,31111,fetching_an_object,1
4,vp4/run2_2018-05-22-14-25-04.ids_1,59,31111,31201,placing_an_object,0
4,vp4/run2_2018-05-22-14-25-04.ids_1,59,31201,31291,placing_an_object,1
4,vp4/run2_2018-05-22-14-25-04.ids_1,59,31291,31323,placing_an_object,2
4,vp4/run2_2018-05-22-14-25-04.ids_1,60,31323,31385,placing_an_object,0
4,vp4/run2_2018-05-22-14-25-04.ids_1,61,31385,31404,using_multimedia_display,0
4,vp4/run2_2018-05-22-14-25-04.ids_1,62,31424,31514,fastening_seat_belt,0
4,vp4/run2_2018-05-22-14-25-04.ids_1,62,31514,31604,fastening_seat_belt,1
4,vp4/run2_2018-05-22-14-25-04.ids_1,62,31604,31694,fastening_seat_belt,2
4,vp4/run2_2018-05-22-14-25-04.ids_1,63,31694,31784,sitting_still,0
4,vp4/run2_2018-05-22-14-25-04.ids_1,63,31784,31874,sitting_still,1
4,vp4/run2_2018-05-22-14-25-04.ids_1,63,31874,31940,sitting_still,2
4,vp4/run2_2018-05-22-14-25-04.ids_1,64,31940,32030,taking_off_sunglasses,0
4,vp4/run2_2018-05-22-14-25-04.ids_1,64,32030,32052,taking_off_sunglasses,1
4,vp4/run2_2018-05-22-14-25-04.ids_1,65,32052,32102,placing_an_object,0
4,vp4/run2_2018-05-22-14-25-04.ids_1,66,32102,32117,using_multimedia_display,0
4,vp4/run2_2018-05-22-14-25-04.ids_1,67,32144,32234,sitting_still,0
4,vp4/run2_2018-05-22-14-25-04.ids_1,67,32234,32278,sitting_still,1
4,vp4/run2_2018-05-22-14-25-04.ids_1,68,33289,33351,pressing_automation_button,0
4,vp4/run2_2018-05-22-14-25-04.ids_1,69,33406,33496,sitting_still,0
4,vp4/run2_2018-05-22-14-25-04.ids_1,69,33496,33586,sitting_still,1
4,vp4/run2_2018-05-22-14-25-04.ids_1,69,33586,33676,sitting_still,2
4,vp4/run2_2018-05-22-14-25-04.ids_1,69,33676,33766,sitting_still,3
4,vp4/run2_2018-05-22-14-25-04.ids_1,69,33766,33771,sitting_still,4
4,vp4/run2_2018-05-22-14-25-04.ids_1,70,33771,33861,fetching_an_object,0
4,vp4/run2_2018-05-22-14-25-04.ids_1,70,33861,33891,fetching_an_object,1
4,vp4/run2_2018-05-22-14-25-04.ids_1,71,33891,33981,reading_newspaper,0
4,vp4/run2_2018-05-22-14-25-04.ids_1,71,33981,34071,reading_newspaper,1
4,vp4/run2_2018-05-22-14-25-04.ids_1,71,34071,34161,reading_newspaper,2
4,vp4/run2_2018-05-22-14-25-04.ids_1,71,34161,34251,reading_newspaper,3
4,vp4/run2_2018-05-22-14-25-04.ids_1,71,34251,34341,reading_newspaper,4
4,vp4/run2_2018-05-22-14-25-04.ids_1,71,34341,34431,reading_newspaper,5
4,vp4/run2_2018-05-22-14-25-04.ids_1,71,34431,34521,reading_newspaper,6
4,vp4/run2_2018-05-22-14-25-04.ids_1,71,34521,34611,reading_newspaper,7
4,vp4/run2_2018-05-22-14-25-04.ids_1,71,34611,34625,reading_newspaper,8
4,vp4/run2_2018-05-22-14-25-04.ids_1,72,34625,34655,placing_an_object,0
4,vp4/run2_2018-05-22-14-25-04.ids_1,73,35607,35697,fetching_an_object,0
4,vp4/run2_2018-05-22-14-25-04.ids_1,73,35697,35752,fetching_an_object,1
4,vp4/run2_2018-05-22-14-25-04.ids_1,74,35752,35842,writing,0
4,vp4/run2_2018-05-22-14-25-04.ids_1,74,35842,35932,writing,1
4,vp4/run2_2018-05-22-14-25-04.ids_1,74,35932,36022,writing,2
4,vp4/run2_2018-05-22-14-25-04.ids_1,74,36022,36112,writing,3
4,vp4/run2_2018-05-22-14-25-04.ids_1,74,36112,36202,writing,4
4,vp4/run2_2018-05-22-14-25-04.ids_1,74,36202,36292,writing,5
4,vp4/run2_2018-05-22-14-25-04.ids_1,74,36292,36382,writing,6
4,vp4/run2_2018-05-22-14-25-04.ids_1,74,36382,36437,writing,7
4,vp4/run2_2018-05-22-14-25-04.ids_1,75,36437,36475,placing_an_object,0
4,vp4/run2_2018-05-22-14-25-04.ids_1,76,36475,36501,using_multimedia_display,0
4,vp4/run2_2018-05-22-14-25-04.ids_1,77,36540,36630,sitting_still,0
4,vp4/run2_2018-05-22-14-25-04.ids_1,77,36630,36720,sitting_still,1
4,vp4/run2_2018-05-22-14-25-04.ids_1,77,36720,36795,sitting_still,2
4,vp4/run2_2018-05-22-14-25-04.ids_1,78,36795,36885,fetching_an_object,0
4,vp4/run2_2018-05-22-14-25-04.ids_1,78,36885,36915,fetching_an_object,1
4,vp4/run2_2018-05-22-14-25-04.ids_1,79,36915,37003,interacting_with_phone,0
4,vp4/run2_2018-05-22-14-25-04.ids_1,80,37003,37093,talking_on_phone,0
4,vp4/run2_2018-05-22-14-25-04.ids_1,80,37093,37183,talking_on_phone,1
4,vp4/run2_2018-05-22-14-25-04.ids_1,80,37183,37273,talking_on_phone,2
4,vp4/run2_2018-05-22-14-25-04.ids_1,80,37273,37363,talking_on_phone,3
4,vp4/run2_2018-05-22-14-25-04.ids_1,80,37363,37453,talking_on_phone,4
4,vp4/run2_2018-05-22-14-25-04.ids_1,80,37453,37543,talking_on_phone,5
4,vp4/run2_2018-05-22-14-25-04.ids_1,80,37543,37633,talking_on_phone,6
4,vp4/run2_2018-05-22-14-25-04.ids_1,80,37633,37723,talking_on_phone,7
4,vp4/run2_2018-05-22-14-25-04.ids_1,80,37723,37744,talking_on_phone,8
4,vp4/run2_2018-05-22-14-25-04.ids_1,81,37744,37834,interacting_with_phone,0
4,vp4/run2_2018-05-22-14-25-04.ids_1,81,37834,37881,interacting_with_phone,1
4,vp4/run2_2018-05-22-14-25-04.ids_1,82,37881,37966,placing_an_object,0
4,vp4/run2_2018-05-22-14-25-04.ids_1,83,37966,38056,using_multimedia_display,0
4,vp4/run2_2018-05-22-14-25-04.ids_1,83,38056,38139,using_multimedia_display,1
4,vp4/run2_2018-05-22-14-25-04.ids_1,84,38181,38271,sitting_still,0
4,vp4/run2_2018-05-22-14-25-04.ids_1,84,38271,38361,sitting_still,1
4,vp4/run2_2018-05-22-14-25-04.ids_1,84,38361,38451,sitting_still,2
4,vp4/run2_2018-05-22-14-25-04.ids_1,84,38451,38541,sitting_still,3
4,vp4/run2_2018-05-22-14-25-04.ids_1,84,38541,38631,sitting_still,4
4,vp4/run2_2018-05-22-14-25-04.ids_1,84,38631,38721,sitting_still,5
4,vp4/run2_2018-05-22-14-25-04.ids_1,84,38721,38811,sitting_still,6
4,vp4/run2_2018-05-22-14-25-04.ids_1,84,38811,38901,sitting_still,7
4,vp4/run2_2018-05-22-14-25-04.ids_1,84,38901,38991,sitting_still,8
4,vp4/run2_2018-05-22-14-25-04.ids_1,84,38991,39081,sitting_still,9
4,vp4/run2_2018-05-22-14-25-04.ids_1,84,39081,39116,sitting_still,10
4,vp4/run2_2018-05-22-14-25-04.ids_1,85,39304,39322,using_multimedia_display,0
4,vp4/run2_2018-05-22-14-25-04.ids_1,86,41235,41247,pressing_automation_button,0
4,vp4/run2_2018-05-22-14-25-04.ids_1,87,41302,41320,using_multimedia_display,0
4,vp4/run2_2018-05-22-14-25-04.ids_1,88,41364,41454,sitting_still,0
4,vp4/run2_2018-05-22-14-25-04.ids_1,88,41454,41544,sitting_still,1
4,vp4/run2_2018-05-22-14-25-04.ids_1,88,41544,41634,sitting_still,2
4,vp4/run2_2018-05-22-14-25-04.ids_1,88,41634,41724,sitting_still,3
4,vp4/run2_2018-05-22-14-25-04.ids_1,88,41724,41814,sitting_still,4
4,vp4/run2_2018-05-22-14-25-04.ids_1,88,41814,41904,sitting_still,5
4,vp4/run2_2018-05-22-14-25-04.ids_1,88,41904,41994,sitting_still,6
4,vp4/run2_2018-05-22-14-25-04.ids_1,88,41994,42084,sitting_still,7
4,vp4/run2_2018-05-22-14-25-04.ids_1,88,42084,42174,sitting_still,8
4,vp4/run2_2018-05-22-14-25-04.ids_1,88,42174,42264,sitting_still,9
4,vp4/run2_2018-05-22-14-25-04.ids_1,88,42264,42354,sitting_still,10
4,vp4/run2_2018-05-22-14-25-04.ids_1,88,42354,42444,sitting_still,11
4,vp4/run2_2018-05-22-14-25-04.ids_1,88,42444,42534,sitting_still,12
4,vp4/run2_2018-05-22-14-25-04.ids_1,88,42534,42624,sitting_still,13
4,vp4/run2_2018-05-22-14-25-04.ids_1,88,42624,42714,sitting_still,14
4,vp4/run2_2018-05-22-14-25-04.ids_1,88,42714,42804,sitting_still,15
4,vp4/run2_2018-05-22-14-25-04.ids_1,88,42804,42894,sitting_still,16
4,vp4/run2_2018-05-22-14-25-04.ids_1,88,42894,42984,sitting_still,17
4,vp4/run2_2018-05-22-14-25-04.ids_1,88,42984,43074,sitting_still,18
4,vp4/run2_2018-05-22-14-25-04.ids_1,88,43074,43164,sitting_still,19
4,vp4/run2_2018-05-22-14-25-04.ids_1,88,43164,43254,sitting_still,20
4,vp4/run2_2018-05-22-14-25-04.ids_1,88,43254,43344,sitting_still,21
4,vp4/run2_2018-05-22-14-25-04.ids_1,88,43344,43434,sitting_still,22
4,vp4/run2_2018-05-22-14-25-04.ids_1,88,43434,43524,sitting_still,23
4,vp4/run2_2018-05-22-14-25-04.ids_1,88,43524,43614,sitting_still,24
4,vp4/run2_2018-05-22-14-25-04.ids_1,88,43614,43704,sitting_still,25
4,vp4/run2_2018-05-22-14-25-04.ids_1,88,43704,43794,sitting_still,26
4,vp4/run2_2018-05-22-14-25-04.ids_1,88,43794,43884,sitting_still,27
4,vp4/run2_2018-05-22-14-25-04.ids_1,88,43884,43974,sitting_still,28
4,vp4/run2_2018-05-22-14-25-04.ids_1,88,43974,44025,sitting_still,29
4,vp4/run2_2018-05-22-14-25-04.ids_1,89,44428,44439,using_multimedia_display,0
4,vp4/run2_2018-05-22-14-25-04.ids_1,90,45124,45142,using_multimedia_display,0
4,vp4/run2_2018-05-22-14-25-04.ids_1,91,45194,45284,sitting_still,0
4,vp4/run2_2018-05-22-14-25-04.ids_1,91,45284,45374,sitting_still,1
4,vp4/run2_2018-05-22-14-25-04.ids_1,91,45374,45381,sitting_still,2
4,vp4/run2_2018-05-22-14-25-04.ids_1,92,45381,45471,fetching_an_object,0
4,vp4/run2_2018-05-22-14-25-04.ids_1,92,45471,45497,fetching_an_object,1
4,vp4/run2_2018-05-22-14-25-04.ids_1,93,45497,45510,using_multimedia_display,0
4,vp4/run2_2018-05-22-14-25-04.ids_1,94,45510,45600,interacting_with_phone,0
4,vp4/run2_2018-05-22-14-25-04.ids_1,94,45600,45635,interacting_with_phone,1
4,vp4/run2_2018-05-22-14-25-04.ids_1,95,45635,45725,talking_on_phone,0
4,vp4/run2_2018-05-22-14-25-04.ids_1,95,45725,45815,talking_on_phone,1
4,vp4/run2_2018-05-22-14-25-04.ids_1,95,45815,45905,talking_on_phone,2
4,vp4/run2_2018-05-22-14-25-04.ids_1,95,45905,45995,talking_on_phone,3
4,vp4/run2_2018-05-22-14-25-04.ids_1,95,45995,46085,talking_on_phone,4
4,vp4/run2_2018-05-22-14-25-04.ids_1,95,46085,46175,talking_on_phone,5
4,vp4/run2_2018-05-22-14-25-04.ids_1,95,46175,46226,talking_on_phone,6
4,vp4/run2_2018-05-22-14-25-04.ids_1,96,46226,46316,interacting_with_phone,0
4,vp4/run2_2018-05-22-14-25-04.ids_1,96,46316,46406,interacting_with_phone,1
4,vp4/run2_2018-05-22-14-25-04.ids_1,96,46406,46496,interacting_with_phone,2
4,vp4/run2_2018-05-22-14-25-04.ids_1,96,46496,46540,interacting_with_phone,3
4,vp4/run2_2018-05-22-14-25-04.ids_1,97,46540,46630,placing_an_object,0
4,vp4/run2_2018-05-22-14-25-04.ids_1,97,46630,46680,placing_an_object,1
4,vp4/run2_2018-05-22-14-25-04.ids_1,98,47500,47511,pressing_automation_button,0
4,vp4/run2_2018-05-22-14-25-04.ids_1,99,47575,47584,using_multimedia_display,0
4,vp4/run2_2018-05-22-14-25-04.ids_1,100,47584,47674,fetching_an_object,0
4,vp4/run2_2018-05-22-14-25-04.ids_1,100,47674,47716,fetching_an_object,1
4,vp4/run2_2018-05-22-14-25-04.ids_1,101,47716,47806,eating,0
4,vp4/run2_2018-05-22-14-25-04.ids_1,101,47806,47896,eating,1
4,vp4/run2_2018-05-22-14-25-04.ids_1,101,47896,47986,eating,2
4,vp4/run2_2018-05-22-14-25-04.ids_1,101,47986,48076,eating,3
4,vp4/run2_2018-05-22-14-25-04.ids_1,101,48076,48166,eating,4
4,vp4/run2_2018-05-22-14-25-04.ids_1,101,48166,48178,eating,5
4,vp4/run2_2018-05-22-14-25-04.ids_1,102,48178,48218,placing_an_object,0
4,vp4/run2_2018-05-22-14-25-04.ids_1,103,48219,48309,fetching_an_object,0
4,vp4/run2_2018-05-22-14-25-04.ids_1,104,48309,48399,eating,0
4,vp4/run2_2018-05-22-14-25-04.ids_1,104,48399,48489,eating,1
4,vp4/run2_2018-05-22-14-25-04.ids_1,104,48489,48579,eating,2
4,vp4/run2_2018-05-22-14-25-04.ids_1,104,48579,48669,eating,3
4,vp4/run2_2018-05-22-14-25-04.ids_1,104,48669,48759,eating,4
4,vp4/run2_2018-05-22-14-25-04.ids_1,104,48759,48849,eating,5
4,vp4/run2_2018-05-22-14-25-04.ids_1,104,48849,48939,eating,6
4,vp4/run2_2018-05-22-14-25-04.ids_1,104,48939,49029,eating,7
4,vp4/run2_2018-05-22-14-25-04.ids_1,104,49029,49119,eating,8
4,vp4/run2_2018-05-22-14-25-04.ids_1,104,49119,49160,eating,9
4,vp4/run2_2018-05-22-14-25-04.ids_1,105,49160,49183,using_multimedia_display,0
4,vp4/run2_2018-05-22-14-25-04.ids_1,106,49183,49273,eating,0
4,vp4/run2_2018-05-22-14-25-04.ids_1,106,49273,49363,eating,1
4,vp4/run2_2018-05-22-14-25-04.ids_1,106,49363,49400,eating,2
4,vp4/run2_2018-05-22-14-25-04.ids_1,107,49400,49455,placing_an_object,0
4,vp4/run2_2018-05-22-14-25-04.ids_1,108,49471,49483,using_multimedia_display,0
4,vp4/run2_2018-05-22-14-25-04.ids_1,109,49537,49627,sitting_still,0
4,vp4/run2_2018-05-22-14-25-04.ids_1,109,49627,49717,sitting_still,1
4,vp4/run2_2018-05-22-14-25-04.ids_1,109,49717,49807,sitting_still,2
4,vp4/run2_2018-05-22-14-25-04.ids_1,109,49807,49897,sitting_still,3
4,vp4/run2_2018-05-22-14-25-04.ids_1,109,49897,49987,sitting_still,4
4,vp4/run2_2018-05-22-14-25-04.ids_1,109,49987,50077,sitting_still,5
4,vp4/run2_2018-05-22-14-25-04.ids_1,109,50077,50167,sitting_still,6
4,vp4/run2_2018-05-22-14-25-04.ids_1,109,50167,50257,sitting_still,7
4,vp4/run2_2018-05-22-14-25-04.ids_1,109,50257,50347,sitting_still,8
4,vp4/run2_2018-05-22-14-25-04.ids_1,109,50347,50437,sitting_still,9
4,vp4/run2_2018-05-22-14-25-04.ids_1,109,50437,50464,sitting_still,10
4,vp4/run2_2018-05-22-14-25-04.ids_1,110,50481,50571,taking_off_jacket,0
4,vp4/run2_2018-05-22-14-25-04.ids_1,110,50571,50661,taking_off_jacket,1
4,vp4/run2_2018-05-22-14-25-04.ids_1,110,50661,50751,taking_off_jacket,2
4,vp4/run2_2018-05-22-14-25-04.ids_1,110,50751,50795,taking_off_jacket,3
4,vp4/run2_2018-05-22-14-25-04.ids_1,111,50795,50847,placing_an_object,0
4,vp4/run2_2018-05-22-14-25-04.ids_1,112,50847,50871,using_multimedia_display,0
4,vp4/run2_2018-05-22-14-25-04.ids_1,113,50900,50990,sitting_still,0
4,vp4/run2_2018-05-22-14-25-04.ids_1,113,50990,51080,sitting_still,1
4,vp4/run2_2018-05-22-14-25-04.ids_1,113,51080,51170,sitting_still,2
4,vp4/run2_2018-05-22-14-25-04.ids_1,113,51170,51260,sitting_still,3
4,vp4/run2_2018-05-22-14-25-04.ids_1,113,51260,51350,sitting_still,4
4,vp4/run2_2018-05-22-14-25-04.ids_1,113,51350,51440,sitting_still,5
4,vp4/run2_2018-05-22-14-25-04.ids_1,113,51440,51530,sitting_still,6
4,vp4/run2_2018-05-22-14-25-04.ids_1,113,51530,51620,sitting_still,7
4,vp4/run2_2018-05-22-14-25-04.ids_1,113,51620,51710,sitting_still,8
4,vp4/run2_2018-05-22-14-25-04.ids_1,113,51710,51800,sitting_still,9
4,vp4/run2_2018-05-22-14-25-04.ids_1,113,51800,51890,sitting_still,10
4,vp4/run2_2018-05-22-14-25-04.ids_1,113,51890,51980,sitting_still,11
4,vp4/run2_2018-05-22-14-25-04.ids_1,113,51980,52070,sitting_still,12
4,vp4/run2_2018-05-22-14-25-04.ids_1,113,52070,52160,sitting_still,13
4,vp4/run2_2018-05-22-14-25-04.ids_1,113,52160,52250,sitting_still,14
4,vp4/run2_2018-05-22-14-25-04.ids_1,113,52250,52340,sitting_still,15
4,vp4/run2_2018-05-22-14-25-04.ids_1,113,52340,52430,sitting_still,16
4,vp4/run2_2018-05-22-14-25-04.ids_1,113,52430,52520,sitting_still,17
4,vp4/run2_2018-05-22-14-25-04.ids_1,113,52520,52610,sitting_still,18
4,vp4/run2_2018-05-22-14-25-04.ids_1,113,52610,52700,sitting_still,19
4,vp4/run2_2018-05-22-14-25-04.ids_1,113,52700,52790,sitting_still,20
4,vp4/run2_2018-05-22-14-25-04.ids_1,113,52790,52880,sitting_still,21
4,vp4/run2_2018-05-22-14-25-04.ids_1,113,52880,52970,sitting_still,22
4,vp4/run2_2018-05-22-14-25-04.ids_1,113,52970,53060,sitting_still,23
4,vp4/run2_2018-05-22-14-25-04.ids_1,113,53060,53150,sitting_still,24
4,vp4/run2_2018-05-22-14-25-04.ids_1,113,53150,53240,sitting_still,25
4,vp4/run2_2018-05-22-14-25-04.ids_1,113,53240,53290,sitting_still,26
4,vp4/run2_2018-05-22-14-25-04.ids_1,114,53350,53357,pressing_automation_button,0
4,vp4/run2_2018-05-22-14-25-04.ids_1,115,53661,53751,unfastening_seat_belt,0
4,vp4/run2_2018-05-22-14-25-04.ids_1,115,53751,53774,unfastening_seat_belt,1
4,vp4/run2_2018-05-22-14-25-04.ids_1,116,53791,53809,using_multimedia_display,0
4,vp4/run2_2018-05-22-14-25-04.ids_1,117,53934,54024,opening_door_inside,0
4,vp4/run2_2018-05-22-14-25-04.ids_1,117,54024,54044,opening_door_inside,1
4,vp4/run2_2018-05-22-14-25-04.ids_1,118,54044,54132,exiting_car,0
4,vp4/run2_2018-05-22-14-25-04.ids_1,119,54132,54142,closing_door_outside,0
5,vp5/run1_2018-05-22-15-10-41.ids_1,0,91,139,opening_door_outside,0
5,vp5/run1_2018-05-22-15-10-41.ids_1,1,139,229,entering_car,0
5,vp5/run1_2018-05-22-15-10-41.ids_1,2,229,242,closing_door_inside,0
5,vp5/run1_2018-05-22-15-10-41.ids_1,3,486,576,fastening_seat_belt,0
5,vp5/run1_2018-05-22-15-10-41.ids_1,3,576,666,fastening_seat_belt,1
5,vp5/run1_2018-05-22-15-10-41.ids_1,3,666,684,fastening_seat_belt,2
5,vp5/run1_2018-05-22-15-10-41.ids_1,4,2228,2246,using_multimedia_display,0
5,vp5/run1_2018-05-22-15-10-41.ids_1,5,10435,10446,pressing_automation_button,0
5,vp5/run1_2018-05-22-15-10-41.ids_1,6,10467,10557,sitting_still,0
5,vp5/run1_2018-05-22-15-10-41.ids_1,6,10557,10588,sitting_still,1
5,vp5/run1_2018-05-22-15-10-41.ids_1,7,10604,10618,using_multimedia_display,0
5,vp5/run1_2018-05-22-15-10-41.ids_1,8,10652,10663,using_multimedia_display,0
5,vp5/run1_2018-05-22-15-10-41.ids_1,9,10695,10785,sitting_still,0
5,vp5/run1_2018-05-22-15-10-41.ids_1,9,10785,10844,sitting_still,1
5,vp5/run1_2018-05-22-15-10-41.ids_1,10,10921,11011,sitting_still,0
5,vp5/run1_2018-05-22-15-10-41.ids_1,10,11011,11101,sitting_still,1
5,vp5/run1_2018-05-22-15-10-41.ids_1,10,11101,11191,sitting_still,2
5,vp5/run1_2018-05-22-15-10-41.ids_1,10,11191,11281,sitting_still,3
5,vp5/run1_2018-05-22-15-10-41.ids_1,10,11281,11350,sitting_still,4
5,vp5/run1_2018-05-22-15-10-41.ids_1,11,11383,11473,placing_an_object,0
5,vp5/run1_2018-05-22-15-10-41.ids_1,11,11473,11509,placing_an_object,1
5,vp5/run1_2018-05-22-15-10-41.ids_1,12,11509,11599,opening_backpack,0
5,vp5/run1_2018-05-22-15-10-41.ids_1,12,11599,11651,opening_backpack,1
5,vp5/run1_2018-05-22-15-10-41.ids_1,13,11651,11741,fetching_an_object,0
5,vp5/run1_2018-05-22-15-10-41.ids_1,14,11741,11831,opening_laptop,0
5,vp5/run1_2018-05-22-15-10-41.ids_1,14,11831,11921,opening_laptop,1
5,vp5/run1_2018-05-22-15-10-41.ids_1,14,11921,12011,opening_laptop,2
5,vp5/run1_2018-05-22-15-10-41.ids_1,14,12011,12101,opening_laptop,3
5,vp5/run1_2018-05-22-15-10-41.ids_1,14,12101,12108,opening_laptop,4
5,vp5/run1_2018-05-22-15-10-41.ids_1,15,12108,12198,working_on_laptop,0
5,vp5/run1_2018-05-22-15-10-41.ids_1,15,12198,12288,working_on_laptop,1
5,vp5/run1_2018-05-22-15-10-41.ids_1,15,12288,12378,working_on_laptop,2
5,vp5/run1_2018-05-22-15-10-41.ids_1,15,12378,12468,working_on_laptop,3
5,vp5/run1_2018-05-22-15-10-41.ids_1,15,12468,12558,working_on_laptop,4
5,vp5/run1_2018-05-22-15-10-41.ids_1,15,12558,12648,working_on_laptop,5
5,vp5/run1_2018-05-22-15-10-41.ids_1,15,12648,12738,working_on_laptop,6
5,vp5/run1_2018-05-22-15-10-41.ids_1,15,12738,12828,working_on_laptop,7
5,vp5/run1_2018-05-22-15-10-41.ids_1,15,12828,12918,working_on_laptop,8
5,vp5/run1_2018-05-22-15-10-41.ids_1,15,12918,13008,working_on_laptop,9
5,vp5/run1_2018-05-22-15-10-41.ids_1,15,13008,13068,working_on_laptop,10
5,vp5/run1_2018-05-22-15-10-41.ids_1,16,13068,13158,fetching_an_object,0
5,vp5/run1_2018-05-22-15-10-41.ids_1,16,13158,13192,fetching_an_object,1
5,vp5/run1_2018-05-22-15-10-41.ids_1,17,13192,13282,interacting_with_phone,0
5,vp5/run1_2018-05-22-15-10-41.ids_1,17,13282,13372,interacting_with_phone,1
5,vp5/run1_2018-05-22-15-10-41.ids_1,17,13372,13462,interacting_with_phone,2
5,vp5/run1_2018-05-22-15-10-41.ids_1,17,13462,13552,interacting_with_phone,3
5,vp5/run1_2018-05-22-15-10-41.ids_1,17,13552,13642,interacting_with_phone,4
5,vp5/run1_2018-05-22-15-10-41.ids_1,17,13642,13710,interacting_with_phone,5
5,vp5/run1_2018-05-22-15-10-41.ids_1,18,13710,13779,placing_an_object,0
5,vp5/run1_2018-05-22-15-10-41.ids_1,19,13779,13853,closing_laptop,0
5,vp5/run1_2018-05-22-15-10-41.ids_1,20,13853,13943,placing_an_object,0
5,vp5/run1_2018-05-22-15-10-41.ids_1,20,13943,14033,placing_an_object,1
5,vp5/run1_2018-05-22-15-10-41.ids_1,20,14033,14123,placing_an_object,2
5,vp5/run1_2018-05-22-15-10-41.ids_1,20,14123,14136,placing_an_object,3
5,vp5/run1_2018-05-22-15-10-41.ids_1,21,14136,14175,closing_backpack,0
5,vp5/run1_2018-05-22-15-10-41.ids_1,22,14191,14201,using_multimedia_display,0
5,vp5/run1_2018-05-22-15-10-41.ids_1,23,14234,14324,sitting_still,0
5,vp5/run1_2018-05-22-15-10-41.ids_1,23,14324,14414,sitting_still,1
5,vp5/run1_2018-05-22-15-10-41.ids_1,23,14414,14504,sitting_still,2
5,vp5/run1_2018-05-22-15-10-41.ids_1,23,14504,14594,sitting_still,3
5,vp5/run1_2018-05-22-15-10-41.ids_1,23,14594,14684,sitting_still,4
5,vp5/run1_2018-05-22-15-10-41.ids_1,23,14684,14774,sitting_still,5
5,vp5/run1_2018-05-22-15-10-41.ids_1,23,14774,14864,sitting_still,6
5,vp5/run1_2018-05-22-15-10-41.ids_1,23,14864,14946,sitting_still,7
5,vp5/run1_2018-05-22-15-10-41.ids_1,24,14977,15030,pressing_automation_button,0
5,vp5/run1_2018-05-22-15-10-41.ids_1,25,15960,15969,pressing_automation_button,0
5,vp5/run1_2018-05-22-15-10-41.ids_1,26,16023,16113,sitting_still,0
5,vp5/run1_2018-05-22-15-10-41.ids_1,26,16113,16203,sitting_still,1
5,vp5/run1_2018-05-22-15-10-41.ids_1,26,16203,16293,sitting_still,2
5,vp5/run1_2018-05-22-15-10-41.ids_1,26,16293,16383,sitting_still,3
5,vp5/run1_2018-05-22-15-10-41.ids_1,26,16383,16473,sitting_still,4
5,vp5/run1_2018-05-22-15-10-41.ids_1,26,16473,16563,sitting_still,5
5,vp5/run1_2018-05-22-15-10-41.ids_1,26,16563,16653,sitting_still,6
5,vp5/run1_2018-05-22-15-10-41.ids_1,26,16653,16743,sitting_still,7
5,vp5/run1_2018-05-22-15-10-41.ids_1,26,16743,16833,sitting_still,8
5,vp5/run1_2018-05-22-15-10-41.ids_1,26,16833,16923,sitting_still,9
5,vp5/run1_2018-05-22-15-10-41.ids_1,26,16923,17013,sitting_still,10
5,vp5/run1_2018-05-22-15-10-41.ids_1,26,17013,17103,sitting_still,11
5,vp5/run1_2018-05-22-15-10-41.ids_1,26,17103,17193,sitting_still,12
5,vp5/run1_2018-05-22-15-10-41.ids_1,26,17193,17283,sitting_still,13
5,vp5/run1_2018-05-22-15-10-41.ids_1,26,17283,17323,sitting_still,14
5,vp5/run1_2018-05-22-15-10-41.ids_1,27,17329,17400,fetching_an_object,0
5,vp5/run1_2018-05-22-15-10-41.ids_1,28,17400,17436,fetching_an_object,0
5,vp5/run1_2018-05-22-15-10-41.ids_1,29,17436,17500,placing_an_object,0
5,vp5/run1_2018-05-22-15-10-41.ids_1,30,17500,17590,eating,0
5,vp5/run1_2018-05-22-15-10-41.ids_1,30,17590,17633,eating,1
5,vp5/run1_2018-05-22-15-10-41.ids_1,31,17633,17723,fetching_an_object,0
5,vp5/run1_2018-05-22-15-10-41.ids_1,31,17723,17763,fetching_an_object,1
5,vp5/run1_2018-05-22-15-10-41.ids_1,32,17763,17853,eating,0
5,vp5/run1_2018-05-22-15-10-41.ids_1,32,17853,17889,eating,1
5,vp5/run1_2018-05-22-15-10-41.ids_1,33,17889,17979,opening_bottle,0
5,vp5/run1_2018-05-22-15-10-41.ids_1,33,17979,18069,opening_bottle,1
5,vp5/run1_2018-05-22-15-10-41.ids_1,33,18069,18159,opening_bottle,2
5,vp5/run1_2018-05-22-15-10-41.ids_1,33,18159,18238,opening_bottle,3
5,vp5/run1_2018-05-22-15-10-41.ids_1,34,18238,18328,eating,0
5,vp5/run1_2018-05-22-15-10-41.ids_1,34,18328,18418,eating,1
5,vp5/run1_2018-05-22-15-10-41.ids_1,34,18418,18508,eating,2
5,vp5/run1_2018-05-22-15-10-41.ids_1,34,18508,18598,eating,3
5,vp5/run1_2018-05-22-15-10-41.ids_1,34,18598,18688,eating,4
5,vp5/run1_2018-05-22-15-10-41.ids_1,34,18688,18767,eating,5
5,vp5/run1_2018-05-22-15-10-41.ids_1,35,18767,18857,drinking,0
5,vp5/run1_2018-05-22-15-10-41.ids_1,35,18857,18947,drinking,1
5,vp5/run1_2018-05-22-15-10-41.ids_1,35,18947,18977,drinking,2
5,vp5/run1_2018-05-22-15-10-41.ids_1,36,18977,19067,closing_bottle,0
5,vp5/run1_2018-05-22-15-10-41.ids_1,36,19067,19153,closing_bottle,1
5,vp5/run1_2018-05-22-15-10-41.ids_1,37,19153,19243,placing_an_object,0
5,vp5/run1_2018-05-22-15-10-41.ids_1,37,19243,19255,placing_an_object,1
5,vp5/run1_2018-05-22-15-10-41.ids_1,38,19255,19345,eating,0
5,vp5/run1_2018-05-22-15-10-41.ids_1,38,19345,19353,eating,1
5,vp5/run1_2018-05-22-15-10-41.ids_1,39,19353,19414,placing_an_object,0
5,vp5/run1_2018-05-22-15-10-41.ids_1,40,19449,19456,pressing_automation_button,0
5,vp5/run1_2018-05-22-15-10-41.ids_1,41,19482,19490,pressing_automation_button,0
5,vp5/run1_2018-05-22-15-10-41.ids_1,42,20157,20166,pressing_automation_button,0
5,vp5/run1_2018-05-22-15-10-41.ids_1,43,20166,20256,fetching_an_object,0
5,vp5/run1_2018-05-22-15-10-41.ids_1,43,20256,20272,fetching_an_object,1
5,vp5/run1_2018-05-22-15-10-41.ids_1,44,20272,20362,eating,0
5,vp5/run1_2018-05-22-15-10-41.ids_1,44,20362,20452,eating,1
5,vp5/run1_2018-05-22-15-10-41.ids_1,44,20452,20512,eating,2
5,vp5/run1_2018-05-22-15-10-41.ids_1,45,20512,20567,fetching_an_object,0
5,vp5/run1_2018-05-22-15-10-41.ids_1,46,20567,20657,preparing_food,0
5,vp5/run1_2018-05-22-15-10-41.ids_1,46,20657,20747,preparing_food,1
5,vp5/run1_2018-05-22-15-10-41.ids_1,46,20747,20797,preparing_food,2
5,vp5/run1_2018-05-22-15-10-41.ids_1,47,20797,20876,eating,0
5,vp5/run1_2018-05-22-15-10-41.ids_1,48,20876,20931,placing_an_object,0
5,vp5/run1_2018-05-22-15-10-41.ids_1,49,20931,21021,eating,0
5,vp5/run1_2018-05-22-15-10-41.ids_1,49,21021,21111,eating,1
5,vp5/run1_2018-05-22-15-10-41.ids_1,49,21111,21201,eating,2
5,vp5/run1_2018-05-22-15-10-41.ids_1,49,21201,21291,eating,3
5,vp5/run1_2018-05-22-15-10-41.ids_1,49,21291,21381,eating,4
5,vp5/run1_2018-05-22-15-10-41.ids_1,49,21381,21471,eating,5
5,vp5/run1_2018-05-22-15-10-41.ids_1,49,21471,21561,eating,6
5,vp5/run1_2018-05-22-15-10-41.ids_1,49,21561,21651,eating,7
5,vp5/run1_2018-05-22-15-10-41.ids_1,49,21651,21741,eating,8
5,vp5/run1_2018-05-22-15-10-41.ids_1,49,21741,21831,eating,9
5,vp5/run1_2018-05-22-15-10-41.ids_1,49,21831,21921,eating,10
5,vp5/run1_2018-05-22-15-10-41.ids_1,49,21921,22011,eating,11
5,vp5/run1_2018-05-22-15-10-41.ids_1,49,22011,22101,eating,12
5,vp5/run1_2018-05-22-15-10-41.ids_1,49,22101,22191,eating,13
5,vp5/run1_2018-05-22-15-10-41.ids_1,49,22191,22281,eating,14
5,vp5/run1_2018-05-22-15-10-41.ids_1,49,22281,22371,eating,15
5,vp5/run1_2018-05-22-15-10-41.ids_1,49,22371,22461,eating,16
5,vp5/run1_2018-05-22-15-10-41.ids_1,49,22461,22551,eating,17
5,vp5/run1_2018-05-22-15-10-41.ids_1,49,22551,22641,eating,18
5,vp5/run1_2018-05-22-15-10-41.ids_1,49,22641,22731,eating,19
5,vp5/run1_2018-05-22-15-10-41.ids_1,49,22731,22821,eating,20
5,vp5/run1_2018-05-22-15-10-41.ids_1,49,22821,22911,eating,21
5,vp5/run1_2018-05-22-15-10-41.ids_1,49,22911,23001,eating,22
5,vp5/run1_2018-05-22-15-10-41.ids_1,49,23001,23091,eating,23
5,vp5/run1_2018-05-22-15-10-41.ids_1,49,23091,23181,eating,24
5,vp5/run1_2018-05-22-15-10-41.ids_1,49,23181,23271,eating,25
5,vp5/run1_2018-05-22-15-10-41.ids_1,49,23271,23361,eating,26
5,vp5/run1_2018-05-22-15-10-41.ids_1,49,23361,23451,eating,27
5,vp5/run1_2018-05-22-15-10-41.ids_1,49,23451,23541,eating,28
5,vp5/run1_2018-05-22-15-10-41.ids_1,49,23541,23631,eating,29
5,vp5/run1_2018-05-22-15-10-41.ids_1,49,23631,23721,eating,30
5,vp5/run1_2018-05-22-15-10-41.ids_1,49,23721,23811,eating,31
5,vp5/run1_2018-05-22-15-10-41.ids_1,49,23811,23901,eating,32
5,vp5/run1_2018-05-22-15-10-41.ids_1,49,23901,23979,eating,33
5,vp5/run1_2018-05-22-15-10-41.ids_1,50,23979,24069,fetching_an_object,0
5,vp5/run1_2018-05-22-15-10-41.ids_1,50,24069,24077,fetching_an_object,1
5,vp5/run1_2018-05-22-15-10-41.ids_1,51,24077,24167,eating,0
5,vp5/run1_2018-05-22-15-10-41.ids_1,51,24167,24257,eating,1
5,vp5/run1_2018-05-22-15-10-41.ids_1,51,24257,24347,eating,2
5,vp5/run1_2018-05-22-15-10-41.ids_1,51,24347,24437,eating,3
5,vp5/run1_2018-05-22-15-10-41.ids_1,51,24437,24527,eating,4
5,vp5/run1_2018-05-22-15-10-41.ids_1,51,24527,24617,eating,5
5,vp5/run1_2018-05-22-15-10-41.ids_1,51,24617,24707,eating,6
5,vp5/run1_2018-05-22-15-10-41.ids_1,51,24707,24797,eating,7
5,vp5/run1_2018-05-22-15-10-41.ids_1,51,24797,24887,eating,8
5,vp5/run1_2018-05-22-15-10-41.ids_1,51,24887,24963,eating,9
5,vp5/run1_2018-05-22-15-10-41.ids_1,52,24963,25029,fetching_an_object,0
5,vp5/run1_2018-05-22-15-10-41.ids_1,53,25029,25119,eating,0
5,vp5/run1_2018-05-22-15-10-41.ids_1,53,25119,25209,eating,1
5,vp5/run1_2018-05-22-15-10-41.ids_1,53,25209,25299,eating,2
5,vp5/run1_2018-05-22-15-10-41.ids_1,53,25299,25389,eating,3
5,vp5/run1_2018-05-22-15-10-41.ids_1,53,25389,25479,eating,4
5,vp5/run1_2018-05-22-15-10-41.ids_1,53,25479,25569,eating,5
5,vp5/run1_2018-05-22-15-10-41.ids_1,53,25569,25659,eating,6
5,vp5/run1_2018-05-22-15-10-41.ids_1,53,25659,25749,eating,7
5,vp5/run1_2018-05-22-15-10-41.ids_1,53,25749,25822,eating,8
5,vp5/run1_2018-05-22-15-10-41.ids_1,54,25822,25830,using_multimedia_display,0
5,vp5/run1_2018-05-22-15-10-41.ids_1,55,25860,25950,sitting_still,0
5,vp5/run1_2018-05-22-15-10-41.ids_1,55,25950,26040,sitting_still,1
5,vp5/run1_2018-05-22-15-10-41.ids_1,55,26040,26130,sitting_still,2
5,vp5/run1_2018-05-22-15-10-41.ids_1,55,26130,26220,sitting_still,3
5,vp5/run1_2018-05-22-15-10-41.ids_1,55,26220,26286,sitting_still,4
5,vp5/run1_2018-05-22-15-10-41.ids_1,56,26289,26361,fetching_an_object,0
5,vp5/run1_2018-05-22-15-10-41.ids_1,57,26361,26389,placing_an_object,0
5,vp5/run1_2018-05-22-15-10-41.ids_1,58,26400,26425,using_multimedia_display,0
5,vp5/run1_2018-05-22-15-10-41.ids_1,59,26479,26569,sitting_still,0
5,vp5/run1_2018-05-22-15-10-41.ids_1,59,26569,26659,sitting_still,1
5,vp5/run1_2018-05-22-15-10-41.ids_1,59,26659,26749,sitting_still,2
5,vp5/run1_2018-05-22-15-10-41.ids_1,59,26749,26839,sitting_still,3
5,vp5/run1_2018-05-22-15-10-41.ids_1,59,26839,26929,sitting_still,4
5,vp5/run1_2018-05-22-15-10-41.ids_1,59,26929,27019,sitting_still,5
5,vp5/run1_2018-05-22-15-10-41.ids_1,59,27019,27109,sitting_still,6
5,vp5/run1_2018-05-22-15-10-41.ids_1,59,27109,27199,sitting_still,7
5,vp5/run1_2018-05-22-15-10-41.ids_1,59,27199,27289,sitting_still,8
5,vp5/run1_2018-05-22-15-10-41.ids_1,59,27289,27379,sitting_still,9
5,vp5/run1_2018-05-22-15-10-41.ids_1,59,27379,27406,sitting_still,10
5,vp5/run1_2018-05-22-15-10-41.ids_1,60,27469,27522,fetching_an_object,0
5,vp5/run1_2018-05-22-15-10-41.ids_1,61,27522,27568,placing_an_object,0
5,vp5/run1_2018-05-22-15-10-41.ids_1,62,27568,27653,fetching_an_object,0
5,vp5/run1_2018-05-22-15-10-41.ids_1,63,27656,27746,placing_an_object,0
5,vp5/run1_2018-05-22-15-10-41.ids_1,64,27746,27836,reading_newspaper,0
5,vp5/run1_2018-05-22-15-10-41.ids_1,64,27836,27926,reading_newspaper,1
5,vp5/run1_2018-05-22-15-10-41.ids_1,64,27926,28016,reading_newspaper,2
5,vp5/run1_2018-05-22-15-10-41.ids_1,64,28016,28106,reading_newspaper,3
5,vp5/run1_2018-05-22-15-10-41.ids_1,64,28106,28196,reading_newspaper,4
5,vp5/run1_2018-05-22-15-10-41.ids_1,64,28196,28286,reading_newspaper,5
5,vp5/run1_2018-05-22-15-10-41.ids_1,64,28286,28376,reading_newspaper,6
5,vp5/run1_2018-05-22-15-10-41.ids_1,64,28376,28466,reading_newspaper,7
5,vp5/run1_2018-05-22-15-10-41.ids_1,64,28466,28556,reading_newspaper,8
5,vp5/run1_2018-05-22-15-10-41.ids_1,64,28556,28646,reading_newspaper,9
5,vp5/run1_2018-05-22-15-10-41.ids_1,64,28646,28736,reading_newspaper,10
5,vp5/run1_2018-05-22-15-10-41.ids_1,64,28736,28826,reading_newspaper,11
5,vp5/run1_2018-05-22-15-10-41.ids_1,64,28826,28916,reading_newspaper,12
5,vp5/run1_2018-05-22-15-10-41.ids_1,64,28916,29006,reading_newspaper,13
5,vp5/run1_2018-05-22-15-10-41.ids_1,64,29006,29096,reading_newspaper,14
5,vp5/run1_2018-05-22-15-10-41.ids_1,64,29096,29186,reading_newspaper,15
5,vp5/run1_2018-05-22-15-10-41.ids_1,64,29186,29276,reading_newspaper,16
5,vp5/run1_2018-05-22-15-10-41.ids_1,64,29276,29330,reading_newspaper,17
5,vp5/run1_2018-05-22-15-10-41.ids_1,65,29330,29412,fetching_an_object,0
5,vp5/run1_2018-05-22-15-10-41.ids_1,66,29576,29666,placing_an_object,0
5,vp5/run1_2018-05-22-15-10-41.ids_1,66,29666,29677,placing_an_object,1
5,vp5/run1_2018-05-22-15-10-41.ids_1,67,29677,29767,writing,0
5,vp5/run1_2018-05-22-15-10-41.ids_1,67,29767,29805,writing,1
5,vp5/run1_2018-05-22-15-10-41.ids_1,68,29805,29877,placing_an_object,0
5,vp5/run1_2018-05-22-15-10-41.ids_1,69,29877,29937,placing_an_object,0
5,vp5/run1_2018-05-22-15-10-41.ids_1,70,29955,29968,using_multimedia_display,0
5,vp5/run1_2018-05-22-15-10-41.ids_1,71,29993,30083,sitting_still,0
5,vp5/run1_2018-05-22-15-10-41.ids_1,71,30083,30173,sitting_still,1
5,vp5/run1_2018-05-22-15-10-41.ids_1,71,30173,30263,sitting_still,2
5,vp5/run1_2018-05-22-15-10-41.ids_1,71,30263,30353,sitting_still,3
5,vp5/run1_2018-05-22-15-10-41.ids_1,71,30353,30443,sitting_still,4
5,vp5/run1_2018-05-22-15-10-41.ids_1,71,30443,30533,sitting_still,5
5,vp5/run1_2018-05-22-15-10-41.ids_1,71,30533,30623,sitting_still,6
5,vp5/run1_2018-05-22-15-10-41.ids_1,71,30623,30713,sitting_still,7
5,vp5/run1_2018-05-22-15-10-41.ids_1,71,30713,30803,sitting_still,8
5,vp5/run1_2018-05-22-15-10-41.ids_1,71,30803,30893,sitting_still,9
5,vp5/run1_2018-05-22-15-10-41.ids_1,71,30893,30983,sitting_still,10
5,vp5/run1_2018-05-22-15-10-41.ids_1,71,30983,30988,sitting_still,11
5,vp5/run1_2018-05-22-15-10-41.ids_1,72,30988,31077,looking_or_moving_around (e.g. searching),0
5,vp5/run1_2018-05-22-15-10-41.ids_1,73,31077,31164,fetching_an_object,0
5,vp5/run1_2018-05-22-15-10-41.ids_1,74,31164,31202,taking_off_sunglasses,0
5,vp5/run1_2018-05-22-15-10-41.ids_1,75,31202,31232,placing_an_object,0
5,vp5/run1_2018-05-22-15-10-41.ids_1,76,31233,31323,putting_on_sunglasses,0
5,vp5/run1_2018-05-22-15-10-41.ids_1,77,31327,31346,using_multimedia_display,0
5,vp5/run1_2018-05-22-15-10-41.ids_1,78,31377,31467,sitting_still,0
5,vp5/run1_2018-05-22-15-10-41.ids_1,78,31467,31557,sitting_still,1
5,vp5/run1_2018-05-22-15-10-41.ids_1,78,31557,31647,sitting_still,2
5,vp5/run1_2018-05-22-15-10-41.ids_1,78,31647,31737,sitting_still,3
5,vp5/run1_2018-05-22-15-10-41.ids_1,78,31737,31827,sitting_still,4
5,vp5/run1_2018-05-22-15-10-41.ids_1,78,31827,31917,sitting_still,5
5,vp5/run1_2018-05-22-15-10-41.ids_1,78,31917,32007,sitting_still,6
5,vp5/run1_2018-05-22-15-10-41.ids_1,78,32007,32097,sitting_still,7
5,vp5/run1_2018-05-22-15-10-41.ids_1,78,32097,32187,sitting_still,8
5,vp5/run1_2018-05-22-15-10-41.ids_1,78,32187,32277,sitting_still,9
5,vp5/run1_2018-05-22-15-10-41.ids_1,78,32277,32367,sitting_still,10
5,vp5/run1_2018-05-22-15-10-41.ids_1,78,32367,32420,sitting_still,11
5,vp5/run1_2018-05-22-15-10-41.ids_1,79,32431,32506,fetching_an_object,0
5,vp5/run1_2018-05-22-15-10-41.ids_1,80,32506,32571,interacting_with_phone,0
5,vp5/run1_2018-05-22-15-10-41.ids_1,81,32571,32661,talking_on_phone,0
5,vp5/run1_2018-05-22-15-10-41.ids_1,81,32661,32751,talking_on_phone,1
5,vp5/run1_2018-05-22-15-10-41.ids_1,81,32751,32841,talking_on_phone,2
5,vp5/run1_2018-05-22-15-10-41.ids_1,81,32841,32931,talking_on_phone,3
5,vp5/run1_2018-05-22-15-10-41.ids_1,81,32931,33021,talking_on_phone,4
5,vp5/run1_2018-05-22-15-10-41.ids_1,81,33021,33111,talking_on_phone,5
5,vp5/run1_2018-05-22-15-10-41.ids_1,81,33111,33201,talking_on_phone,6
5,vp5/run1_2018-05-22-15-10-41.ids_1,81,33201,33291,talking_on_phone,7
5,vp5/run1_2018-05-22-15-10-41.ids_1,81,33291,33381,talking_on_phone,8
5,vp5/run1_2018-05-22-15-10-41.ids_1,81,33381,33471,talking_on_phone,9
5,vp5/run1_2018-05-22-15-10-41.ids_1,81,33471,33561,talking_on_phone,10
5,vp5/run1_2018-05-22-15-10-41.ids_1,81,33561,33651,talking_on_phone,11
5,vp5/run1_2018-05-22-15-10-41.ids_1,81,33651,33741,talking_on_phone,12
5,vp5/run1_2018-05-22-15-10-41.ids_1,81,33741,33831,talking_on_phone,13
5,vp5/run1_2018-05-22-15-10-41.ids_1,81,33831,33879,talking_on_phone,14
5,vp5/run1_2018-05-22-15-10-41.ids_1,82,33879,33969,interacting_with_phone,0
5,vp5/run1_2018-05-22-15-10-41.ids_1,82,33969,34012,interacting_with_phone,1
5,vp5/run1_2018-05-22-15-10-41.ids_1,83,34012,34044,placing_an_object,0
5,vp5/run1_2018-05-22-15-10-41.ids_1,84,34046,34055,pressing_automation_button,0
5,vp5/run1_2018-05-22-15-10-41.ids_1,85,34102,34120,pressing_automation_button,0
5,vp5/run1_2018-05-22-15-10-41.ids_1,86,34801,34807,pressing_automation_button,0
5,vp5/run1_2018-05-22-15-10-41.ids_1,87,34807,34897,fetching_an_object,0
5,vp5/run1_2018-05-22-15-10-41.ids_1,87,34897,34987,fetching_an_object,1
5,vp5/run1_2018-05-22-15-10-41.ids_1,87,34987,35006,fetching_an_object,2
5,vp5/run1_2018-05-22-15-10-41.ids_1,88,35006,35096,reading_magazine,0
5,vp5/run1_2018-05-22-15-10-41.ids_1,88,35096,35186,reading_magazine,1
5,vp5/run1_2018-05-22-15-10-41.ids_1,88,35186,35276,reading_magazine,2
5,vp5/run1_2018-05-22-15-10-41.ids_1,88,35276,35366,reading_magazine,3
5,vp5/run1_2018-05-22-15-10-41.ids_1,88,35366,35456,reading_magazine,4
5,vp5/run1_2018-05-22-15-10-41.ids_1,88,35456,35546,reading_magazine,5
5,vp5/run1_2018-05-22-15-10-41.ids_1,88,35546,35636,reading_magazine,6
5,vp5/run1_2018-05-22-15-10-41.ids_1,88,35636,35726,reading_magazine,7
5,vp5/run1_2018-05-22-15-10-41.ids_1,88,35726,35816,reading_magazine,8
5,vp5/run1_2018-05-22-15-10-41.ids_1,88,35816,35906,reading_magazine,9
5,vp5/run1_2018-05-22-15-10-41.ids_1,88,35906,35996,reading_magazine,10
5,vp5/run1_2018-05-22-15-10-41.ids_1,88,35996,36086,reading_magazine,11
5,vp5/run1_2018-05-22-15-10-41.ids_1,88,36086,36176,reading_magazine,12
5,vp5/run1_2018-05-22-15-10-41.ids_1,88,36176,36266,reading_magazine,13
5,vp5/run1_2018-05-22-15-10-41.ids_1,88,36266,36356,reading_magazine,14
5,vp5/run1_2018-05-22-15-10-41.ids_1,88,36356,36446,reading_magazine,15
5,vp5/run1_2018-05-22-15-10-41.ids_1,88,36446,36536,reading_magazine,16
5,vp5/run1_2018-05-22-15-10-41.ids_1,88,36536,36552,reading_magazine,17
5,vp5/run1_2018-05-22-15-10-41.ids_1,89,36552,36640,fetching_an_object,0
5,vp5/run1_2018-05-22-15-10-41.ids_1,90,36714,36804,fetching_an_object,0
5,vp5/run1_2018-05-22-15-10-41.ids_1,90,36804,36819,fetching_an_object,1
5,vp5/run1_2018-05-22-15-10-41.ids_1,91,36859,36949,writing,0
5,vp5/run1_2018-05-22-15-10-41.ids_1,91,36949,37039,writing,1
5,vp5/run1_2018-05-22-15-10-41.ids_1,91,37039,37129,writing,2
5,vp5/run1_2018-05-22-15-10-41.ids_1,91,37129,37219,writing,3
5,vp5/run1_2018-05-22-15-10-41.ids_1,91,37219,37228,writing,4
5,vp5/run1_2018-05-22-15-10-41.ids_1,92,37276,37360,placing_an_object,0
5,vp5/run1_2018-05-22-15-10-41.ids_1,93,37360,37450,placing_an_object,0
5,vp5/run1_2018-05-22-15-10-41.ids_1,93,37450,37490,placing_an_object,1
5,vp5/run1_2018-05-22-15-10-41.ids_1,94,37490,37545,placing_an_object,0
5,vp5/run1_2018-05-22-15-10-41.ids_1,95,37545,37556,using_multimedia_display,0
5,vp5/run1_2018-05-22-15-10-41.ids_1,96,37576,37666,sitting_still,0
5,vp5/run1_2018-05-22-15-10-41.ids_1,96,37666,37756,sitting_still,1
5,vp5/run1_2018-05-22-15-10-41.ids_1,96,37756,37846,sitting_still,2
5,vp5/run1_2018-05-22-15-10-41.ids_1,96,37846,37936,sitting_still,3
5,vp5/run1_2018-05-22-15-10-41.ids_1,96,37936,38026,sitting_still,4
5,vp5/run1_2018-05-22-15-10-41.ids_1,96,38026,38116,sitting_still,5
5,vp5/run1_2018-05-22-15-10-41.ids_1,96,38116,38206,sitting_still,6
5,vp5/run1_2018-05-22-15-10-41.ids_1,96,38206,38267,sitting_still,7
5,vp5/run1_2018-05-22-15-10-41.ids_1,97,38295,38385,fetching_an_object,0
5,vp5/run1_2018-05-22-15-10-41.ids_1,97,38385,38439,fetching_an_object,1
5,vp5/run1_2018-05-22-15-10-41.ids_1,98,38439,38529,putting_on_jacket,0
5,vp5/run1_2018-05-22-15-10-41.ids_1,98,38529,38619,putting_on_jacket,1
5,vp5/run1_2018-05-22-15-10-41.ids_1,98,38619,38709,putting_on_jacket,2
5,vp5/run1_2018-05-22-15-10-41.ids_1,98,38709,38799,putting_on_jacket,3
5,vp5/run1_2018-05-22-15-10-41.ids_1,98,38799,38889,putting_on_jacket,4
5,vp5/run1_2018-05-22-15-10-41.ids_1,98,38889,38979,putting_on_jacket,5
5,vp5/run1_2018-05-22-15-10-41.ids_1,98,38979,39069,putting_on_jacket,6
5,vp5/run1_2018-05-22-15-10-41.ids_1,98,39069,39118,putting_on_jacket,7
5,vp5/run1_2018-05-22-15-10-41.ids_1,99,39118,39132,using_multimedia_display,0
5,vp5/run1_2018-05-22-15-10-41.ids_1,100,39230,39244,using_multimedia_display,0
5,vp5/run1_2018-05-22-15-10-41.ids_1,101,39264,39354,sitting_still,0
5,vp5/run1_2018-05-22-15-10-41.ids_1,101,39354,39444,sitting_still,1
5,vp5/run1_2018-05-22-15-10-41.ids_1,101,39444,39534,sitting_still,2
5,vp5/run1_2018-05-22-15-10-41.ids_1,101,39534,39624,sitting_still,3
5,vp5/run1_2018-05-22-15-10-41.ids_1,101,39624,39714,sitting_still,4
5,vp5/run1_2018-05-22-15-10-41.ids_1,101,39714,39804,sitting_still,5
5,vp5/run1_2018-05-22-15-10-41.ids_1,101,39804,39894,sitting_still,6
5,vp5/run1_2018-05-22-15-10-41.ids_1,101,39894,39984,sitting_still,7
5,vp5/run1_2018-05-22-15-10-41.ids_1,101,39984,40074,sitting_still,8
5,vp5/run1_2018-05-22-15-10-41.ids_1,101,40074,40164,sitting_still,9
5,vp5/run1_2018-05-22-15-10-41.ids_1,101,40164,40219,sitting_still,10
5,vp5/run1_2018-05-22-15-10-41.ids_1,102,40427,40517,sitting_still,0
5,vp5/run1_2018-05-22-15-10-41.ids_1,102,40517,40607,sitting_still,1
5,vp5/run1_2018-05-22-15-10-41.ids_1,102,40607,40697,sitting_still,2
5,vp5/run1_2018-05-22-15-10-41.ids_1,102,40697,40787,sitting_still,3
5,vp5/run1_2018-05-22-15-10-41.ids_1,102,40787,40877,sitting_still,4
5,vp5/run1_2018-05-22-15-10-41.ids_1,102,40877,40909,sitting_still,5
5,vp5/run1_2018-05-22-15-10-41.ids_1,103,40927,40954,using_multimedia_display,0
5,vp5/run1_2018-05-22-15-10-41.ids_1,104,40954,41030,fetching_an_object,0
5,vp5/run1_2018-05-22-15-10-41.ids_1,105,41030,41120,eating,0
5,vp5/run1_2018-05-22-15-10-41.ids_1,105,41120,41210,eating,1
5,vp5/run1_2018-05-22-15-10-41.ids_1,105,41210,41300,eating,2
5,vp5/run1_2018-05-22-15-10-41.ids_1,105,41300,41390,eating,3
5,vp5/run1_2018-05-22-15-10-41.ids_1,105,41390,41480,eating,4
5,vp5/run1_2018-05-22-15-10-41.ids_1,105,41480,41570,eating,5
5,vp5/run1_2018-05-22-15-10-41.ids_1,105,41570,41660,eating,6
5,vp5/run1_2018-05-22-15-10-41.ids_1,105,41660,41750,eating,7
5,vp5/run1_2018-05-22-15-10-41.ids_1,105,41750,41840,eating,8
5,vp5/run1_2018-05-22-15-10-41.ids_1,105,41840,41930,eating,9
5,vp5/run1_2018-05-22-15-10-41.ids_1,105,41930,42020,eating,10
5,vp5/run1_2018-05-22-15-10-41.ids_1,105,42020,42110,eating,11
5,vp5/run1_2018-05-22-15-10-41.ids_1,105,42110,42200,eating,12
5,vp5/run1_2018-05-22-15-10-41.ids_1,105,42200,42290,eating,13
5,vp5/run1_2018-05-22-15-10-41.ids_1,105,42290,42380,eating,14
5,vp5/run1_2018-05-22-15-10-41.ids_1,105,42380,42394,eating,15
5,vp5/run1_2018-05-22-15-10-41.ids_1,106,42394,42446,placing_an_object,0
5,vp5/run1_2018-05-22-15-10-41.ids_1,107,42446,42459,pressing_automation_button,0
5,vp5/run1_2018-05-22-15-10-41.ids_1,108,43153,43160,pressing_automation_button,0
5,vp5/run1_2018-05-22-15-10-41.ids_1,109,43160,43247,fetching_an_object,0
5,vp5/run1_2018-05-22-15-10-41.ids_1,110,43256,43272,using_multimedia_display,0
5,vp5/run1_2018-05-22-15-10-41.ids_1,111,43272,43362,eating,0
5,vp5/run1_2018-05-22-15-10-41.ids_1,111,43362,43452,eating,1
5,vp5/run1_2018-05-22-15-10-41.ids_1,111,43452,43542,eating,2
5,vp5/run1_2018-05-22-15-10-41.ids_1,111,43542,43632,eating,3
5,vp5/run1_2018-05-22-15-10-41.ids_1,111,43632,43693,eating,4
5,vp5/run1_2018-05-22-15-10-41.ids_1,112,43693,43700,pressing_automation_button,0
5,vp5/run1_2018-05-22-15-10-41.ids_1,113,43700,43764,eating,0
5,vp5/run1_2018-05-22-15-10-41.ids_1,114,43764,43773,pressing_automation_button,0
5,vp5/run1_2018-05-22-15-10-41.ids_1,115,43773,43844,eating,0
5,vp5/run1_2018-05-22-15-10-41.ids_1,116,43844,43881,placing_an_object,0
5,vp5/run1_2018-05-22-15-10-41.ids_1,117,43962,43974,pressing_automation_button,0
5,vp5/run1_2018-05-22-15-10-41.ids_1,118,43974,44036,fetching_an_object,0
5,vp5/run1_2018-05-22-15-10-41.ids_1,119,44036,44126,eating,0
5,vp5/run1_2018-05-22-15-10-41.ids_1,119,44126,44216,eating,1
5,vp5/run1_2018-05-22-15-10-41.ids_1,119,44216,44306,eating,2
5,vp5/run1_2018-05-22-15-10-41.ids_1,119,44306,44396,eating,3
5,vp5/run1_2018-05-22-15-10-41.ids_1,119,44396,44486,eating,4
5,vp5/run1_2018-05-22-15-10-41.ids_1,119,44486,44545,eating,5
5,vp5/run1_2018-05-22-15-10-41.ids_1,120,44545,44635,fetching_an_object,0
5,vp5/run1_2018-05-22-15-10-41.ids_1,120,44635,44712,fetching_an_object,1
5,vp5/run1_2018-05-22-15-10-41.ids_1,121,44712,44802,eating,0
5,vp5/run1_2018-05-22-15-10-41.ids_1,121,44802,44892,eating,1
5,vp5/run1_2018-05-22-15-10-41.ids_1,121,44892,44982,eating,2
5,vp5/run1_2018-05-22-15-10-41.ids_1,121,44982,45072,eating,3
5,vp5/run1_2018-05-22-15-10-41.ids_1,121,45072,45162,eating,4
5,vp5/run1_2018-05-22-15-10-41.ids_1,121,45162,45252,eating,5
5,vp5/run1_2018-05-22-15-10-41.ids_1,121,45252,45342,eating,6
5,vp5/run1_2018-05-22-15-10-41.ids_1,121,45342,45432,eating,7
5,vp5/run1_2018-05-22-15-10-41.ids_1,121,45432,45522,eating,8
5,vp5/run1_2018-05-22-15-10-41.ids_1,121,45522,45549,eating,9
5,vp5/run1_2018-05-22-15-10-41.ids_1,122,45549,45639,fetching_an_object,0
5,vp5/run1_2018-05-22-15-10-41.ids_1,122,45639,45676,fetching_an_object,1
5,vp5/run1_2018-05-22-15-10-41.ids_1,123,45676,45766,eating,0
5,vp5/run1_2018-05-22-15-10-41.ids_1,123,45766,45856,eating,1
5,vp5/run1_2018-05-22-15-10-41.ids_1,123,45856,45946,eating,2
5,vp5/run1_2018-05-22-15-10-41.ids_1,123,45946,46036,eating,3
5,vp5/run1_2018-05-22-15-10-41.ids_1,123,46036,46126,eating,4
5,vp5/run1_2018-05-22-15-10-41.ids_1,123,46126,46216,eating,5
5,vp5/run1_2018-05-22-15-10-41.ids_1,123,46216,46268,eating,6
5,vp5/run1_2018-05-22-15-10-41.ids_1,124,46268,46358,fetching_an_object,0
5,vp5/run1_2018-05-22-15-10-41.ids_1,124,46358,46376,fetching_an_object,1
5,vp5/run1_2018-05-22-15-10-41.ids_1,125,46376,46466,eating,0
5,vp5/run1_2018-05-22-15-10-41.ids_1,125,46466,46556,eating,1
5,vp5/run1_2018-05-22-15-10-41.ids_1,125,46556,46646,eating,2
5,vp5/run1_2018-05-22-15-10-41.ids_1,125,46646,46736,eating,3
5,vp5/run1_2018-05-22-15-10-41.ids_1,125,46736,46826,eating,4
5,vp5/run1_2018-05-22-15-10-41.ids_1,125,46826,46916,eating,5
5,vp5/run1_2018-05-22-15-10-41.ids_1,125,46916,47006,eating,6
5,vp5/run1_2018-05-22-15-10-41.ids_1,125,47006,47096,eating,7
5,vp5/run1_2018-05-22-15-10-41.ids_1,125,47096,47186,eating,8
5,vp5/run1_2018-05-22-15-10-41.ids_1,125,47186,47276,eating,9
5,vp5/run1_2018-05-22-15-10-41.ids_1,125,47276,47366,eating,10
5,vp5/run1_2018-05-22-15-10-41.ids_1,125,47366,47456,eating,11
5,vp5/run1_2018-05-22-15-10-41.ids_1,125,47456,47498,eating,12
5,vp5/run1_2018-05-22-15-10-41.ids_1,126,47499,47589,fetching_an_object,0
5,vp5/run1_2018-05-22-15-10-41.ids_1,126,47589,47679,fetching_an_object,1
5,vp5/run1_2018-05-22-15-10-41.ids_1,126,47679,47769,fetching_an_object,2
5,vp5/run1_2018-05-22-15-10-41.ids_1,127,47769,47859,eating,0
5,vp5/run1_2018-05-22-15-10-41.ids_1,127,47859,47949,eating,1
5,vp5/run1_2018-05-22-15-10-41.ids_1,127,47949,48039,eating,2
5,vp5/run1_2018-05-22-15-10-41.ids_1,127,48039,48129,eating,3
5,vp5/run1_2018-05-22-15-10-41.ids_1,127,48129,48219,eating,4
5,vp5/run1_2018-05-22-15-10-41.ids_1,127,48219,48268,eating,5
5,vp5/run1_2018-05-22-15-10-41.ids_1,128,48268,48326,placing_an_object,0
5,vp5/run1_2018-05-22-15-10-41.ids_1,129,48326,48416,eating,0
5,vp5/run1_2018-05-22-15-10-41.ids_1,130,48416,48453,placing_an_object,0
5,vp5/run1_2018-05-22-15-10-41.ids_1,131,48463,48476,using_multimedia_display,0
5,vp5/run1_2018-05-22-15-10-41.ids_1,132,48519,48609,sitting_still,0
5,vp5/run1_2018-05-22-15-10-41.ids_1,132,48609,48699,sitting_still,1
5,vp5/run1_2018-05-22-15-10-41.ids_1,132,48699,48789,sitting_still,2
5,vp5/run1_2018-05-22-15-10-41.ids_1,132,48789,48879,sitting_still,3
5,vp5/run1_2018-05-22-15-10-41.ids_1,132,48879,48969,sitting_still,4
5,vp5/run1_2018-05-22-15-10-41.ids_1,132,48969,49059,sitting_still,5
5,vp5/run1_2018-05-22-15-10-41.ids_1,132,49059,49149,sitting_still,6
5,vp5/run1_2018-05-22-15-10-41.ids_1,132,49149,49239,sitting_still,7
5,vp5/run1_2018-05-22-15-10-41.ids_1,132,49239,49329,sitting_still,8
5,vp5/run1_2018-05-22-15-10-41.ids_1,132,49329,49419,sitting_still,9
5,vp5/run1_2018-05-22-15-10-41.ids_1,132,49419,49509,sitting_still,10
5,vp5/run1_2018-05-22-15-10-41.ids_1,132,49509,49599,sitting_still,11
5,vp5/run1_2018-05-22-15-10-41.ids_1,132,49599,49689,sitting_still,12
5,vp5/run1_2018-05-22-15-10-41.ids_1,132,49689,49777,sitting_still,13
5,vp5/run1_2018-05-22-15-10-41.ids_1,133,49792,49882,taking_off_jacket,0
5,vp5/run1_2018-05-22-15-10-41.ids_1,133,49882,49972,taking_off_jacket,1
5,vp5/run1_2018-05-22-15-10-41.ids_1,133,49972,50062,taking_off_jacket,2
5,vp5/run1_2018-05-22-15-10-41.ids_1,133,50062,50089,taking_off_jacket,3
5,vp5/run1_2018-05-22-15-10-41.ids_1,134,50089,50132,placing_an_object,0
5,vp5/run1_2018-05-22-15-10-41.ids_1,135,50138,50152,using_multimedia_display,0
5,vp5/run1_2018-05-22-15-10-41.ids_1,136,50176,50266,sitting_still,0
5,vp5/run1_2018-05-22-15-10-41.ids_1,136,50266,50356,sitting_still,1
5,vp5/run1_2018-05-22-15-10-41.ids_1,136,50356,50446,sitting_still,2
5,vp5/run1_2018-05-22-15-10-41.ids_1,136,50446,50511,sitting_still,3
5,vp5/run1_2018-05-22-15-10-41.ids_1,137,50645,50735,sitting_still,0
5,vp5/run1_2018-05-22-15-10-41.ids_1,137,50735,50825,sitting_still,1
5,vp5/run1_2018-05-22-15-10-41.ids_1,137,50825,50915,sitting_still,2
5,vp5/run1_2018-05-22-15-10-41.ids_1,137,50915,51005,sitting_still,3
5,vp5/run1_2018-05-22-15-10-41.ids_1,137,51005,51095,sitting_still,4
5,vp5/run1_2018-05-22-15-10-41.ids_1,137,51095,51185,sitting_still,5
5,vp5/run1_2018-05-22-15-10-41.ids_1,137,51185,51230,sitting_still,6
5,vp5/run1_2018-05-22-15-10-41.ids_1,138,51230,51320,taking_off_sunglasses,0
5,vp5/run1_2018-05-22-15-10-41.ids_1,138,51320,51343,taking_off_sunglasses,1
5,vp5/run1_2018-05-22-15-10-41.ids_1,139,51343,51391,looking_or_moving_around (e.g. searching),0
5,vp5/run1_2018-05-22-15-10-41.ids_1,140,51391,51477,placing_an_object,0
5,vp5/run1_2018-05-22-15-10-41.ids_1,141,51477,51542,putting_on_sunglasses,0
5,vp5/run1_2018-05-22-15-10-41.ids_1,142,51542,51556,using_multimedia_display,0
5,vp5/run1_2018-05-22-15-10-41.ids_1,143,51577,51667,sitting_still,0
5,vp5/run1_2018-05-22-15-10-41.ids_1,143,51667,51757,sitting_still,1
5,vp5/run1_2018-05-22-15-10-41.ids_1,143,51757,51847,sitting_still,2
5,vp5/run1_2018-05-22-15-10-41.ids_1,143,51847,51937,sitting_still,3
5,vp5/run1_2018-05-22-15-10-41.ids_1,143,51937,51947,sitting_still,4
5,vp5/run1_2018-05-22-15-10-41.ids_1,144,52085,52094,pressing_automation_button,0
5,vp5/run1_2018-05-22-15-10-41.ids_1,145,52442,52532,unfastening_seat_belt,0
5,vp5/run1_2018-05-22-15-10-41.ids_1,145,52532,52622,unfastening_seat_belt,1
5,vp5/run1_2018-05-22-15-10-41.ids_1,145,52622,52630,unfastening_seat_belt,2
5,vp5/run1_2018-05-22-15-10-41.ids_1,146,52630,52636,using_multimedia_display,0
5,vp5/run1_2018-05-22-15-10-41.ids_1,147,52678,52750,opening_door_inside,0
5,vp5/run1_2018-05-22-15-10-41.ids_1,148,52750,52840,exiting_car,0
5,vp5/run1_2018-05-22-15-10-41.ids_1,148,52840,52916,exiting_car,1
5,vp5/run2b_2018-05-22-15-50-07.ids_1,0,175,219,opening_door_outside,0
5,vp5/run2b_2018-05-22-15-50-07.ids_1,1,219,309,entering_car,0
5,vp5/run2b_2018-05-22-15-50-07.ids_1,1,309,319,entering_car,1
5,vp5/run2b_2018-05-22-15-50-07.ids_1,2,319,355,closing_door_inside,0
5,vp5/run2b_2018-05-22-15-50-07.ids_1,3,355,445,fastening_seat_belt,0
5,vp5/run2b_2018-05-22-15-50-07.ids_1,3,445,516,fastening_seat_belt,1
5,vp5/run2b_2018-05-22-15-50-07.ids_1,4,1038,1062,using_multimedia_display,0
5,vp5/run2b_2018-05-22-15-50-07.ids_1,5,6548,6553,pressing_automation_button,0
5,vp5/run2b_2018-05-22-15-50-07.ids_1,6,6661,6687,using_multimedia_display,0
5,vp5/run2b_2018-05-22-15-50-07.ids_1,7,6740,6747,pressing_automation_button,0
5,vp5/run2b_2018-05-22-15-50-07.ids_1,8,6828,6838,using_multimedia_display,0
5,vp5/run2b_2018-05-22-15-50-07.ids_1,9,7310,7323,pressing_automation_button,0
5,vp5/run2b_2018-05-22-15-50-07.ids_1,10,7352,7366,using_multimedia_display,0
5,vp5/run2b_2018-05-22-15-50-07.ids_1,11,7395,7485,looking_or_moving_around (e.g. searching),0
5,vp5/run2b_2018-05-22-15-50-07.ids_1,11,7485,7554,looking_or_moving_around (e.g. searching),1
5,vp5/run2b_2018-05-22-15-50-07.ids_1,12,7554,7644,fetching_an_object,0
5,vp5/run2b_2018-05-22-15-50-07.ids_1,12,7644,7734,fetching_an_object,1
5,vp5/run2b_2018-05-22-15-50-07.ids_1,12,7734,7784,fetching_an_object,2
5,vp5/run2b_2018-05-22-15-50-07.ids_1,13,7784,7874,reading_magazine,0
5,vp5/run2b_2018-05-22-15-50-07.ids_1,13,7874,7892,reading_magazine,1
5,vp5/run2b_2018-05-22-15-50-07.ids_1,16,8204,8209,pressing_automation_button,0
5,vp5/run2b_2018-05-22-15-50-07.ids_1,17,8481,8491,pressing_automation_button,0
5,vp5/run2b_2018-05-22-15-50-07.ids_1,18,8557,8619,reading_newspaper,0
5,vp5/run2b_2018-05-22-15-50-07.ids_1,19,8619,8709,fetching_an_object,0
5,vp5/run2b_2018-05-22-15-50-07.ids_1,19,8709,8732,fetching_an_object,1
5,vp5/run2b_2018-05-22-15-50-07.ids_1,20,8822,8830,pressing_automation_button,0
5,vp5/run2b_2018-05-22-15-50-07.ids_1,21,8873,8884,pressing_automation_button,0
5,vp5/run2b_2018-05-22-15-50-07.ids_1,22,8943,9011,placing_an_object,0
5,vp5/run2b_2018-05-22-15-50-07.ids_1,23,9011,9101,reading_magazine,0
5,vp5/run2b_2018-05-22-15-50-07.ids_1,23,9101,9118,reading_magazine,1
5,vp5/run2b_2018-05-22-15-50-07.ids_1,24,9266,9356,reading_magazine,0
5,vp5/run2b_2018-05-22-15-50-07.ids_1,24,9356,9446,reading_magazine,1
5,vp5/run2b_2018-05-22-15-50-07.ids_1,24,9446,9536,reading_magazine,2
5,vp5/run2b_2018-05-22-15-50-07.ids_1,24,9536,9626,reading_magazine,3
5,vp5/run2b_2018-05-22-15-50-07.ids_1,24,9626,9710,reading_magazine,4
5,vp5/run2b_2018-05-22-15-50-07.ids_1,25,9710,9778,placing_an_object,0
5,vp5/run2b_2018-05-22-15-50-07.ids_1,26,9778,9868,writing,0
5,vp5/run2b_2018-05-22-15-50-07.ids_1,26,9868,9884,writing,1
5,vp5/run2b_2018-05-22-15-50-07.ids_1,27,9884,9963,placing_an_object,0
5,vp5/run2b_2018-05-22-15-50-07.ids_1,28,9963,10053,fetching_an_object,0
5,vp5/run2b_2018-05-22-15-50-07.ids_1,28,10053,10143,fetching_an_object,1
5,vp5/run2b_2018-05-22-15-50-07.ids_1,28,10143,10233,fetching_an_object,2
5,vp5/run2b_2018-05-22-15-50-07.ids_1,28,10233,10315,fetching_an_object,3
5,vp5/run2b_2018-05-22-15-50-07.ids_1,29,10315,10405,placing_an_object,0
5,vp5/run2b_2018-05-22-15-50-07.ids_1,29,10405,10495,placing_an_object,1
5,vp5/run2b_2018-05-22-15-50-07.ids_1,29,10495,10521,placing_an_object,2
5,vp5/run2b_2018-05-22-15-50-07.ids_1,30,10521,10598,placing_an_object,0
5,vp5/run2b_2018-05-22-15-50-07.ids_1,31,10615,10630,using_multimedia_display,0
5,vp5/run2b_2018-05-22-15-50-07.ids_1,32,10732,10822,sitting_still,0
5,vp5/run2b_2018-05-22-15-50-07.ids_1,32,10822,10912,sitting_still,1
5,vp5/run2b_2018-05-22-15-50-07.ids_1,32,10912,11002,sitting_still,2
5,vp5/run2b_2018-05-22-15-50-07.ids_1,32,11002,11092,sitting_still,3
5,vp5/run2b_2018-05-22-15-50-07.ids_1,32,11092,11182,sitting_still,4
5,vp5/run2b_2018-05-22-15-50-07.ids_1,32,11182,11272,sitting_still,5
5,vp5/run2b_2018-05-22-15-50-07.ids_1,32,11272,11362,sitting_still,6
5,vp5/run2b_2018-05-22-15-50-07.ids_1,32,11362,11395,sitting_still,7
5,vp5/run2b_2018-05-22-15-50-07.ids_1,33,11395,11485,fetching_an_object,0
5,vp5/run2b_2018-05-22-15-50-07.ids_1,33,11485,11563,fetching_an_object,1
5,vp5/run2b_2018-05-22-15-50-07.ids_1,34,11563,11653,interacting_with_phone,0
5,vp5/run2b_2018-05-22-15-50-07.ids_1,34,11653,11672,interacting_with_phone,1
5,vp5/run2b_2018-05-22-15-50-07.ids_1,35,11672,11762,talking_on_phone,0
5,vp5/run2b_2018-05-22-15-50-07.ids_1,35,11762,11852,talking_on_phone,1
5,vp5/run2b_2018-05-22-15-50-07.ids_1,35,11852,11942,talking_on_phone,2
5,vp5/run2b_2018-05-22-15-50-07.ids_1,35,11942,12032,talking_on_phone,3
5,vp5/run2b_2018-05-22-15-50-07.ids_1,35,12032,12122,talking_on_phone,4
5,vp5/run2b_2018-05-22-15-50-07.ids_1,35,12122,12212,talking_on_phone,5
5,vp5/run2b_2018-05-22-15-50-07.ids_1,35,12212,12302,talking_on_phone,6
5,vp5/run2b_2018-05-22-15-50-07.ids_1,35,12302,12392,talking_on_phone,7
5,vp5/run2b_2018-05-22-15-50-07.ids_1,35,12392,12482,talking_on_phone,8
5,vp5/run2b_2018-05-22-15-50-07.ids_1,35,12482,12572,talking_on_phone,9
5,vp5/run2b_2018-05-22-15-50-07.ids_1,35,12572,12622,talking_on_phone,10
5,vp5/run2b_2018-05-22-15-50-07.ids_1,36,12622,12662,interacting_with_phone,0
5,vp5/run2b_2018-05-22-15-50-07.ids_1,37,12662,12733,placing_an_object,0
5,vp5/run2b_2018-05-22-15-50-07.ids_1,38,13269,13285,pressing_automation_button,0
5,vp5/run2b_2018-05-22-15-50-07.ids_1,39,13326,13416,sitting_still,0
5,vp5/run2b_2018-05-22-15-50-07.ids_1,39,13416,13506,sitting_still,1
5,vp5/run2b_2018-05-22-15-50-07.ids_1,39,13506,13596,sitting_still,2
5,vp5/run2b_2018-05-22-15-50-07.ids_1,39,13596,13665,sitting_still,3
5,vp5/run2b_2018-05-22-15-50-07.ids_1,40,13903,13936,using_multimedia_display,0
5,vp5/run2b_2018-05-22-15-50-07.ids_1,41,13993,14083,sitting_still,0
5,vp5/run2b_2018-05-22-15-50-07.ids_1,41,14083,14173,sitting_still,1
5,vp5/run2b_2018-05-22-15-50-07.ids_1,41,14173,14263,sitting_still,2
5,vp5/run2b_2018-05-22-15-50-07.ids_1,41,14263,14353,sitting_still,3
5,vp5/run2b_2018-05-22-15-50-07.ids_1,41,14353,14443,sitting_still,4
5,vp5/run2b_2018-05-22-15-50-07.ids_1,41,14443,14533,sitting_still,5
5,vp5/run2b_2018-05-22-15-50-07.ids_1,41,14533,14623,sitting_still,6
5,vp5/run2b_2018-05-22-15-50-07.ids_1,41,14623,14713,sitting_still,7
5,vp5/run2b_2018-05-22-15-50-07.ids_1,41,14713,14803,sitting_still,8
5,vp5/run2b_2018-05-22-15-50-07.ids_1,41,14803,14893,sitting_still,9
5,vp5/run2b_2018-05-22-15-50-07.ids_1,41,14893,14983,sitting_still,10
5,vp5/run2b_2018-05-22-15-50-07.ids_1,41,14983,15073,sitting_still,11
5,vp5/run2b_2018-05-22-15-50-07.ids_1,41,15073,15163,sitting_still,12
5,vp5/run2b_2018-05-22-15-50-07.ids_1,41,15163,15253,sitting_still,13
5,vp5/run2b_2018-05-22-15-50-07.ids_1,41,15253,15331,sitting_still,14
5,vp5/run2b_2018-05-22-15-50-07.ids_1,42,15349,15360,pressing_automation_button,0
5,vp5/run2b_2018-05-22-15-50-07.ids_1,43,16005,16011,pressing_automation_button,0
5,vp5/run2b_2018-05-22-15-50-07.ids_1,44,16045,16071,using_multimedia_display,0
5,vp5/run2b_2018-05-22-15-50-07.ids_1,45,16108,16198,sitting_still,0
5,vp5/run2b_2018-05-22-15-50-07.ids_1,45,16198,16288,sitting_still,1
5,vp5/run2b_2018-05-22-15-50-07.ids_1,45,16288,16378,sitting_still,2
5,vp5/run2b_2018-05-22-15-50-07.ids_1,45,16378,16468,sitting_still,3
5,vp5/run2b_2018-05-22-15-50-07.ids_1,45,16468,16558,sitting_still,4
5,vp5/run2b_2018-05-22-15-50-07.ids_1,45,16558,16648,sitting_still,5
5,vp5/run2b_2018-05-22-15-50-07.ids_1,45,16648,16738,sitting_still,6
5,vp5/run2b_2018-05-22-15-50-07.ids_1,45,16738,16828,sitting_still,7
5,vp5/run2b_2018-05-22-15-50-07.ids_1,45,16828,16918,sitting_still,8
5,vp5/run2b_2018-05-22-15-50-07.ids_1,45,16918,17008,sitting_still,9
5,vp5/run2b_2018-05-22-15-50-07.ids_1,45,17008,17098,sitting_still,10
5,vp5/run2b_2018-05-22-15-50-07.ids_1,45,17098,17188,sitting_still,11
5,vp5/run2b_2018-05-22-15-50-07.ids_1,45,17188,17278,sitting_still,12
5,vp5/run2b_2018-05-22-15-50-07.ids_1,45,17278,17368,sitting_still,13
5,vp5/run2b_2018-05-22-15-50-07.ids_1,45,17368,17458,sitting_still,14
5,vp5/run2b_2018-05-22-15-50-07.ids_1,45,17458,17548,sitting_still,15
5,vp5/run2b_2018-05-22-15-50-07.ids_1,45,17548,17638,sitting_still,16
5,vp5/run2b_2018-05-22-15-50-07.ids_1,45,17638,17728,sitting_still,17
5,vp5/run2b_2018-05-22-15-50-07.ids_1,45,17728,17818,sitting_still,18
5,vp5/run2b_2018-05-22-15-50-07.ids_1,45,17818,17908,sitting_still,19
5,vp5/run2b_2018-05-22-15-50-07.ids_1,45,17908,17998,sitting_still,20
5,vp5/run2b_2018-05-22-15-50-07.ids_1,45,17998,18088,sitting_still,21
5,vp5/run2b_2018-05-22-15-50-07.ids_1,45,18088,18178,sitting_still,22
5,vp5/run2b_2018-05-22-15-50-07.ids_1,45,18178,18268,sitting_still,23
5,vp5/run2b_2018-05-22-15-50-07.ids_1,45,18268,18358,sitting_still,24
5,vp5/run2b_2018-05-22-15-50-07.ids_1,45,18358,18448,sitting_still,25
5,vp5/run2b_2018-05-22-15-50-07.ids_1,45,18448,18538,sitting_still,26
5,vp5/run2b_2018-05-22-15-50-07.ids_1,45,18538,18628,sitting_still,27
5,vp5/run2b_2018-05-22-15-50-07.ids_1,45,18628,18718,sitting_still,28
5,vp5/run2b_2018-05-22-15-50-07.ids_1,45,18718,18808,sitting_still,29
5,vp5/run2b_2018-05-22-15-50-07.ids_1,45,18808,18898,sitting_still,30
5,vp5/run2b_2018-05-22-15-50-07.ids_1,45,18898,18988,sitting_still,31
5,vp5/run2b_2018-05-22-15-50-07.ids_1,45,18988,19078,sitting_still,32
5,vp5/run2b_2018-05-22-15-50-07.ids_1,45,19078,19168,sitting_still,33
5,vp5/run2b_2018-05-22-15-50-07.ids_1,45,19168,19258,sitting_still,34
5,vp5/run2b_2018-05-22-15-50-07.ids_1,45,19258,19348,sitting_still,35
5,vp5/run2b_2018-05-22-15-50-07.ids_1,45,19348,19438,sitting_still,36
5,vp5/run2b_2018-05-22-15-50-07.ids_1,45,19438,19447,sitting_still,37
5,vp5/run2b_2018-05-22-15-50-07.ids_1,46,19462,19482,using_multimedia_display,0
5,vp5/run2b_2018-05-22-15-50-07.ids_1,47,19512,19602,sitting_still,0
5,vp5/run2b_2018-05-22-15-50-07.ids_1,47,19602,19692,sitting_still,1
5,vp5/run2b_2018-05-22-15-50-07.ids_1,47,19692,19782,sitting_still,2
5,vp5/run2b_2018-05-22-15-50-07.ids_1,47,19782,19830,sitting_still,3
5,vp5/run2b_2018-05-22-15-50-07.ids_1,48,19856,19861,pressing_automation_button,0
5,vp5/run2b_2018-05-22-15-50-07.ids_1,49,20535,20545,pressing_automation_button,0
5,vp5/run2b_2018-05-22-15-50-07.ids_1,50,20587,20677,sitting_still,0
5,vp5/run2b_2018-05-22-15-50-07.ids_1,50,20677,20709,sitting_still,1
5,vp5/run2b_2018-05-22-15-50-07.ids_1,51,20736,20792,fetching_an_object,0
5,vp5/run2b_2018-05-22-15-50-07.ids_1,52,20792,20882,putting_on_jacket,0
5,vp5/run2b_2018-05-22-15-50-07.ids_1,52,20882,20972,putting_on_jacket,1
5,vp5/run2b_2018-05-22-15-50-07.ids_1,52,20972,21062,putting_on_jacket,2
5,vp5/run2b_2018-05-22-15-50-07.ids_1,52,21062,21152,putting_on_jacket,3
5,vp5/run2b_2018-05-22-15-50-07.ids_1,52,21152,21242,putting_on_jacket,4
5,vp5/run2b_2018-05-22-15-50-07.ids_1,52,21242,21332,putting_on_jacket,5
5,vp5/run2b_2018-05-22-15-50-07.ids_1,52,21332,21422,putting_on_jacket,6
5,vp5/run2b_2018-05-22-15-50-07.ids_1,52,21422,21484,putting_on_jacket,7
5,vp5/run2b_2018-05-22-15-50-07.ids_1,53,21494,21502,using_multimedia_display,0
5,vp5/run2b_2018-05-22-15-50-07.ids_1,54,21535,21625,sitting_still,0
5,vp5/run2b_2018-05-22-15-50-07.ids_1,54,21625,21715,sitting_still,1
5,vp5/run2b_2018-05-22-15-50-07.ids_1,54,21715,21805,sitting_still,2
5,vp5/run2b_2018-05-22-15-50-07.ids_1,54,21805,21895,sitting_still,3
5,vp5/run2b_2018-05-22-15-50-07.ids_1,54,21895,21985,sitting_still,4
5,vp5/run2b_2018-05-22-15-50-07.ids_1,54,21985,22075,sitting_still,5
5,vp5/run2b_2018-05-22-15-50-07.ids_1,54,22075,22165,sitting_still,6
5,vp5/run2b_2018-05-22-15-50-07.ids_1,54,22165,22255,sitting_still,7
5,vp5/run2b_2018-05-22-15-50-07.ids_1,54,22255,22345,sitting_still,8
5,vp5/run2b_2018-05-22-15-50-07.ids_1,54,22345,22435,sitting_still,9
5,vp5/run2b_2018-05-22-15-50-07.ids_1,54,22435,22525,sitting_still,10
5,vp5/run2b_2018-05-22-15-50-07.ids_1,54,22525,22615,sitting_still,11
5,vp5/run2b_2018-05-22-15-50-07.ids_1,54,22615,22705,sitting_still,12
5,vp5/run2b_2018-05-22-15-50-07.ids_1,54,22705,22795,sitting_still,13
5,vp5/run2b_2018-05-22-15-50-07.ids_1,54,22795,22885,sitting_still,14
5,vp5/run2b_2018-05-22-15-50-07.ids_1,54,22885,22975,sitting_still,15
5,vp5/run2b_2018-05-22-15-50-07.ids_1,54,22975,23065,sitting_still,16
5,vp5/run2b_2018-05-22-15-50-07.ids_1,54,23065,23155,sitting_still,17
5,vp5/run2b_2018-05-22-15-50-07.ids_1,54,23155,23229,sitting_still,18
5,vp5/run2b_2018-05-22-15-50-07.ids_1,55,23276,23366,taking_off_jacket,0
5,vp5/run2b_2018-05-22-15-50-07.ids_1,55,23366,23456,taking_off_jacket,1
5,vp5/run2b_2018-05-22-15-50-07.ids_1,55,23456,23546,taking_off_jacket,2
5,vp5/run2b_2018-05-22-15-50-07.ids_1,55,23546,23580,taking_off_jacket,3
5,vp5/run2b_2018-05-22-15-50-07.ids_1,56,23580,23618,placing_an_object,0
5,vp5/run2b_2018-05-22-15-50-07.ids_1,57,23627,23638,using_multimedia_display,0
5,vp5/run2b_2018-05-22-15-50-07.ids_1,58,23878,23968,sitting_still,0
5,vp5/run2b_2018-05-22-15-50-07.ids_1,58,23968,24058,sitting_still,1
5,vp5/run2b_2018-05-22-15-50-07.ids_1,58,24058,24148,sitting_still,2
5,vp5/run2b_2018-05-22-15-50-07.ids_1,58,24148,24238,sitting_still,3
5,vp5/run2b_2018-05-22-15-50-07.ids_1,58,24238,24328,sitting_still,4
5,vp5/run2b_2018-05-22-15-50-07.ids_1,58,24328,24418,sitting_still,5
5,vp5/run2b_2018-05-22-15-50-07.ids_1,58,24418,24508,sitting_still,6
5,vp5/run2b_2018-05-22-15-50-07.ids_1,58,24508,24598,sitting_still,7
5,vp5/run2b_2018-05-22-15-50-07.ids_1,58,24598,24688,sitting_still,8
5,vp5/run2b_2018-05-22-15-50-07.ids_1,58,24688,24778,sitting_still,9
5,vp5/run2b_2018-05-22-15-50-07.ids_1,58,24778,24868,sitting_still,10
5,vp5/run2b_2018-05-22-15-50-07.ids_1,58,24868,24958,sitting_still,11
5,vp5/run2b_2018-05-22-15-50-07.ids_1,58,24958,25043,sitting_still,12
5,vp5/run2b_2018-05-22-15-50-07.ids_1,59,25046,25136,taking_off_sunglasses,0
5,vp5/run2b_2018-05-22-15-50-07.ids_1,59,25136,25148,taking_off_sunglasses,1
5,vp5/run2b_2018-05-22-15-50-07.ids_1,60,25148,25180,placing_an_object,0
5,vp5/run2b_2018-05-22-15-50-07.ids_1,61,25180,25260,fetching_an_object,0
5,vp5/run2b_2018-05-22-15-50-07.ids_1,62,25260,25350,putting_on_sunglasses,0
5,vp5/run2b_2018-05-22-15-50-07.ids_1,62,25350,25362,putting_on_sunglasses,1
5,vp5/run2b_2018-05-22-15-50-07.ids_1,63,25372,25384,using_multimedia_display,0
5,vp5/run2b_2018-05-22-15-50-07.ids_1,64,25420,25510,sitting_still,0
5,vp5/run2b_2018-05-22-15-50-07.ids_1,64,25510,25600,sitting_still,1
5,vp5/run2b_2018-05-22-15-50-07.ids_1,64,25600,25659,sitting_still,2
5,vp5/run2b_2018-05-22-15-50-07.ids_1,65,25742,25832,fetching_an_object,0
5,vp5/run2b_2018-05-22-15-50-07.ids_1,65,25832,25922,fetching_an_object,1
5,vp5/run2b_2018-05-22-15-50-07.ids_1,65,25922,25970,fetching_an_object,2
5,vp5/run2b_2018-05-22-15-50-07.ids_1,66,25970,26060,preparing_food,0
5,vp5/run2b_2018-05-22-15-50-07.ids_1,66,26060,26146,preparing_food,1
5,vp5/run2b_2018-05-22-15-50-07.ids_1,67,26146,26192,eating,0
5,vp5/run2b_2018-05-22-15-50-07.ids_1,68,26192,26269,placing_an_object,0
5,vp5/run2b_2018-05-22-15-50-07.ids_1,69,26269,26359,fetching_an_object,0
5,vp5/run2b_2018-05-22-15-50-07.ids_1,69,26359,26374,fetching_an_object,1
5,vp5/run2b_2018-05-22-15-50-07.ids_1,70,26374,26464,eating,0
5,vp5/run2b_2018-05-22-15-50-07.ids_1,70,26464,26554,eating,1
5,vp5/run2b_2018-05-22-15-50-07.ids_1,70,26554,26644,eating,2
5,vp5/run2b_2018-05-22-15-50-07.ids_1,70,26644,26734,eating,3
5,vp5/run2b_2018-05-22-15-50-07.ids_1,70,26734,26824,eating,4
5,vp5/run2b_2018-05-22-15-50-07.ids_1,70,26824,26914,eating,5
5,vp5/run2b_2018-05-22-15-50-07.ids_1,70,26914,27004,eating,6
5,vp5/run2b_2018-05-22-15-50-07.ids_1,70,27004,27094,eating,7
5,vp5/run2b_2018-05-22-15-50-07.ids_1,70,27094,27184,eating,8
5,vp5/run2b_2018-05-22-15-50-07.ids_1,70,27184,27218,eating,9
5,vp5/run2b_2018-05-22-15-50-07.ids_1,71,27233,27312,opening_bottle,0
5,vp5/run2b_2018-05-22-15-50-07.ids_1,72,27405,27495,drinking,0
5,vp5/run2b_2018-05-22-15-50-07.ids_1,72,27495,27544,drinking,1
5,vp5/run2b_2018-05-22-15-50-07.ids_1,73,27544,27614,closing_bottle,0
5,vp5/run2b_2018-05-22-15-50-07.ids_1,74,27614,27683,fetching_an_object,0
5,vp5/run2b_2018-05-22-15-50-07.ids_1,75,27683,27753,placing_an_object,0
5,vp5/run2b_2018-05-22-15-50-07.ids_1,76,27753,27843,eating,0
5,vp5/run2b_2018-05-22-15-50-07.ids_1,76,27843,27933,eating,1
5,vp5/run2b_2018-05-22-15-50-07.ids_1,76,27933,28023,eating,2
5,vp5/run2b_2018-05-22-15-50-07.ids_1,76,28023,28113,eating,3
5,vp5/run2b_2018-05-22-15-50-07.ids_1,76,28113,28203,eating,4
5,vp5/run2b_2018-05-22-15-50-07.ids_1,76,28203,28293,eating,5
5,vp5/run2b_2018-05-22-15-50-07.ids_1,76,28293,28383,eating,6
5,vp5/run2b_2018-05-22-15-50-07.ids_1,76,28383,28473,eating,7
5,vp5/run2b_2018-05-22-15-50-07.ids_1,76,28473,28563,eating,8
5,vp5/run2b_2018-05-22-15-50-07.ids_1,76,28563,28653,eating,9
5,vp5/run2b_2018-05-22-15-50-07.ids_1,76,28653,28743,eating,10
5,vp5/run2b_2018-05-22-15-50-07.ids_1,76,28743,28765,eating,11
5,vp5/run2b_2018-05-22-15-50-07.ids_1,77,28765,28833,fetching_an_object,0
5,vp5/run2b_2018-05-22-15-50-07.ids_1,78,28909,28995,opening_bottle,0
5,vp5/run2b_2018-05-22-15-50-07.ids_1,79,29054,29144,drinking,0
5,vp5/run2b_2018-05-22-15-50-07.ids_1,79,29144,29196,drinking,1
5,vp5/run2b_2018-05-22-15-50-07.ids_1,80,29196,29265,closing_bottle,0
5,vp5/run2b_2018-05-22-15-50-07.ids_1,81,29265,29333,placing_an_object,0
5,vp5/run2b_2018-05-22-15-50-07.ids_1,82,29340,29348,pressing_automation_button,0
5,vp5/run2b_2018-05-22-15-50-07.ids_1,83,30003,30017,pressing_automation_button,0
5,vp5/run2b_2018-05-22-15-50-07.ids_1,84,30057,30079,using_multimedia_display,0
5,vp5/run2b_2018-05-22-15-50-07.ids_1,85,30106,30196,sitting_still,0
5,vp5/run2b_2018-05-22-15-50-07.ids_1,85,30196,30286,sitting_still,1
5,vp5/run2b_2018-05-22-15-50-07.ids_1,85,30286,30376,sitting_still,2
5,vp5/run2b_2018-05-22-15-50-07.ids_1,85,30376,30466,sitting_still,3
5,vp5/run2b_2018-05-22-15-50-07.ids_1,85,30466,30556,sitting_still,4
5,vp5/run2b_2018-05-22-15-50-07.ids_1,85,30556,30646,sitting_still,5
5,vp5/run2b_2018-05-22-15-50-07.ids_1,85,30646,30694,sitting_still,6
5,vp5/run2b_2018-05-22-15-50-07.ids_1,86,30698,30788,fetching_an_object,0
5,vp5/run2b_2018-05-22-15-50-07.ids_1,86,30788,30805,fetching_an_object,1
5,vp5/run2b_2018-05-22-15-50-07.ids_1,87,30805,30895,reading_newspaper,0
5,vp5/run2b_2018-05-22-15-50-07.ids_1,87,30895,30985,reading_newspaper,1
5,vp5/run2b_2018-05-22-15-50-07.ids_1,87,30985,31075,reading_newspaper,2
5,vp5/run2b_2018-05-22-15-50-07.ids_1,87,31075,31165,reading_newspaper,3
5,vp5/run2b_2018-05-22-15-50-07.ids_1,87,31165,31255,reading_newspaper,4
5,vp5/run2b_2018-05-22-15-50-07.ids_1,87,31255,31345,reading_newspaper,5
5,vp5/run2b_2018-05-22-15-50-07.ids_1,87,31345,31435,reading_newspaper,6
5,vp5/run2b_2018-05-22-15-50-07.ids_1,87,31435,31525,reading_newspaper,7
5,vp5/run2b_2018-05-22-15-50-07.ids_1,87,31525,31615,reading_newspaper,8
5,vp5/run2b_2018-05-22-15-50-07.ids_1,87,31615,31705,reading_newspaper,9
5,vp5/run2b_2018-05-22-15-50-07.ids_1,87,31705,31726,reading_newspaper,10
5,vp5/run2b_2018-05-22-15-50-07.ids_1,88,31726,31816,fetching_an_object,0
5,vp5/run2b_2018-05-22-15-50-07.ids_1,88,31816,31843,fetching_an_object,1
5,vp5/run2b_2018-05-22-15-50-07.ids_1,89,31843,31933,writing,0
5,vp5/run2b_2018-05-22-15-50-07.ids_1,90,31933,32023,placing_an_object,0
5,vp5/run2b_2018-05-22-15-50-07.ids_1,90,32023,32094,placing_an_object,1
5,vp5/run2b_2018-05-22-15-50-07.ids_1,91,32094,32184,placing_an_object,0
5,vp5/run2b_2018-05-22-15-50-07.ids_1,91,32184,32270,placing_an_object,1
5,vp5/run2b_2018-05-22-15-50-07.ids_1,92,32278,32293,using_multimedia_display,0
5,vp5/run2b_2018-05-22-15-50-07.ids_1,93,32361,32451,sitting_still,0
5,vp5/run2b_2018-05-22-15-50-07.ids_1,93,32451,32541,sitting_still,1
5,vp5/run2b_2018-05-22-15-50-07.ids_1,93,32541,32631,sitting_still,2
5,vp5/run2b_2018-05-22-15-50-07.ids_1,93,32631,32721,sitting_still,3
5,vp5/run2b_2018-05-22-15-50-07.ids_1,93,32721,32811,sitting_still,4
5,vp5/run2b_2018-05-22-15-50-07.ids_1,93,32811,32901,sitting_still,5
5,vp5/run2b_2018-05-22-15-50-07.ids_1,93,32901,32991,sitting_still,6
5,vp5/run2b_2018-05-22-15-50-07.ids_1,93,32991,33081,sitting_still,7
5,vp5/run2b_2018-05-22-15-50-07.ids_1,93,33081,33171,sitting_still,8
5,vp5/run2b_2018-05-22-15-50-07.ids_1,93,33171,33261,sitting_still,9
5,vp5/run2b_2018-05-22-15-50-07.ids_1,93,33261,33351,sitting_still,10
5,vp5/run2b_2018-05-22-15-50-07.ids_1,93,33351,33441,sitting_still,11
5,vp5/run2b_2018-05-22-15-50-07.ids_1,93,33441,33531,sitting_still,12
5,vp5/run2b_2018-05-22-15-50-07.ids_1,93,33531,33621,sitting_still,13
5,vp5/run2b_2018-05-22-15-50-07.ids_1,93,33621,33711,sitting_still,14
5,vp5/run2b_2018-05-22-15-50-07.ids_1,93,33711,33751,sitting_still,15
5,vp5/run2b_2018-05-22-15-50-07.ids_1,94,33836,33886,taking_off_sunglasses,0
5,vp5/run2b_2018-05-22-15-50-07.ids_1,95,33886,33926,placing_an_object,0
5,vp5/run2b_2018-05-22-15-50-07.ids_1,96,33926,33984,fetching_an_object,0
5,vp5/run2b_2018-05-22-15-50-07.ids_1,97,33984,34037,putting_on_sunglasses,0
5,vp5/run2b_2018-05-22-15-50-07.ids_1,98,34037,34059,using_multimedia_display,0
5,vp5/run2b_2018-05-22-15-50-07.ids_1,99,34112,34202,sitting_still,0
5,vp5/run2b_2018-05-22-15-50-07.ids_1,99,34202,34292,sitting_still,1
5,vp5/run2b_2018-05-22-15-50-07.ids_1,99,34292,34382,sitting_still,2
5,vp5/run2b_2018-05-22-15-50-07.ids_1,99,34382,34472,sitting_still,3
5,vp5/run2b_2018-05-22-15-50-07.ids_1,99,34472,34486,sitting_still,4
5,vp5/run2b_2018-05-22-15-50-07.ids_1,100,34505,34595,fetching_an_object,0
5,vp5/run2b_2018-05-22-15-50-07.ids_1,100,34595,34685,fetching_an_object,1
5,vp5/run2b_2018-05-22-15-50-07.ids_1,100,34685,34775,fetching_an_object,2
5,vp5/run2b_2018-05-22-15-50-07.ids_1,100,34775,34865,fetching_an_object,3
5,vp5/run2b_2018-05-22-15-50-07.ids_1,100,34865,34955,fetching_an_object,4
5,vp5/run2b_2018-05-22-15-50-07.ids_1,100,34955,35025,fetching_an_object,5
5,vp5/run2b_2018-05-22-15-50-07.ids_1,101,35025,35115,opening_backpack,0
5,vp5/run2b_2018-05-22-15-50-07.ids_1,101,35115,35205,opening_backpack,1
5,vp5/run2b_2018-05-22-15-50-07.ids_1,101,35205,35264,opening_backpack,2
5,vp5/run2b_2018-05-22-15-50-07.ids_1,102,35267,35357,fetching_an_object,0
5,vp5/run2b_2018-05-22-15-50-07.ids_1,103,35357,35447,placing_an_object,0
5,vp5/run2b_2018-05-22-15-50-07.ids_1,103,35447,35522,placing_an_object,1
5,vp5/run2b_2018-05-22-15-50-07.ids_1,104,35522,35612,opening_laptop,0
5,vp5/run2b_2018-05-22-15-50-07.ids_1,104,35612,35656,opening_laptop,1
5,vp5/run2b_2018-05-22-15-50-07.ids_1,105,35656,35746,working_on_laptop,0
5,vp5/run2b_2018-05-22-15-50-07.ids_1,105,35746,35836,working_on_laptop,1
5,vp5/run2b_2018-05-22-15-50-07.ids_1,105,35836,35926,working_on_laptop,2
5,vp5/run2b_2018-05-22-15-50-07.ids_1,105,35926,36016,working_on_laptop,3
5,vp5/run2b_2018-05-22-15-50-07.ids_1,105,36016,36106,working_on_laptop,4
5,vp5/run2b_2018-05-22-15-50-07.ids_1,105,36106,36196,working_on_laptop,5
5,vp5/run2b_2018-05-22-15-50-07.ids_1,105,36196,36254,working_on_laptop,6
5,vp5/run2b_2018-05-22-15-50-07.ids_1,106,36254,36344,fetching_an_object,0
5,vp5/run2b_2018-05-22-15-50-07.ids_1,106,36344,36364,fetching_an_object,1
5,vp5/run2b_2018-05-22-15-50-07.ids_1,107,36367,36457,interacting_with_phone,0
5,vp5/run2b_2018-05-22-15-50-07.ids_1,107,36457,36547,interacting_with_phone,1
5,vp5/run2b_2018-05-22-15-50-07.ids_1,107,36547,36637,interacting_with_phone,2
5,vp5/run2b_2018-05-22-15-50-07.ids_1,107,36637,36727,interacting_with_phone,3
5,vp5/run2b_2018-05-22-15-50-07.ids_1,107,36727,36817,interacting_with_phone,4
5,vp5/run2b_2018-05-22-15-50-07.ids_1,107,36817,36907,interacting_with_phone,5
5,vp5/run2b_2018-05-22-15-50-07.ids_1,108,36907,36968,placing_an_object,0
5,vp5/run2b_2018-05-22-15-50-07.ids_1,109,36968,37009,closing_laptop,0
5,vp5/run2b_2018-05-22-15-50-07.ids_1,110,37009,37099,placing_an_object,0
5,vp5/run2b_2018-05-22-15-50-07.ids_1,110,37099,37189,placing_an_object,1
5,vp5/run2b_2018-05-22-15-50-07.ids_1,110,37189,37279,placing_an_object,2
5,vp5/run2b_2018-05-22-15-50-07.ids_1,110,37279,37366,placing_an_object,3
5,vp5/run2b_2018-05-22-15-50-07.ids_1,111,37366,37456,placing_an_object,0
5,vp5/run2b_2018-05-22-15-50-07.ids_1,111,37456,37483,placing_an_object,1
5,vp5/run2b_2018-05-22-15-50-07.ids_1,112,37483,37497,using_multimedia_display,0
5,vp5/run2b_2018-05-22-15-50-07.ids_1,113,37550,37640,sitting_still,0
5,vp5/run2b_2018-05-22-15-50-07.ids_1,113,37640,37730,sitting_still,1
5,vp5/run2b_2018-05-22-15-50-07.ids_1,113,37730,37820,sitting_still,2
5,vp5/run2b_2018-05-22-15-50-07.ids_1,113,37820,37910,sitting_still,3
5,vp5/run2b_2018-05-22-15-50-07.ids_1,113,37910,38000,sitting_still,4
5,vp5/run2b_2018-05-22-15-50-07.ids_1,113,38000,38014,sitting_still,5
5,vp5/run2b_2018-05-22-15-50-07.ids_1,114,38149,38160,pressing_automation_button,0
5,vp5/run2b_2018-05-22-15-50-07.ids_1,115,38377,38467,unfastening_seat_belt,0
5,vp5/run2b_2018-05-22-15-50-07.ids_1,115,38467,38477,unfastening_seat_belt,1
5,vp5/run2b_2018-05-22-15-50-07.ids_1,116,38477,38532,opening_door_inside,0
5,vp5/run2b_2018-05-22-15-50-07.ids_1,117,38532,38622,exiting_car,0
5,vp5/run2b_2018-05-22-15-50-07.ids_1,117,38622,38685,exiting_car,1
6,vp6/run1_2018-05-23-10-21-45.ids_1,0,163,240,opening_door_outside,0
6,vp6/run1_2018-05-23-10-21-45.ids_1,1,240,330,entering_car,0
6,vp6/run1_2018-05-23-10-21-45.ids_1,1,330,344,entering_car,1
6,vp6/run1_2018-05-23-10-21-45.ids_1,2,344,372,closing_door_inside,0
6,vp6/run1_2018-05-23-10-21-45.ids_1,3,372,462,fastening_seat_belt,0
6,vp6/run1_2018-05-23-10-21-45.ids_1,3,462,540,fastening_seat_belt,1
6,vp6/run1_2018-05-23-10-21-45.ids_1,4,3078,3093,using_multimedia_display,0
6,vp6/run1_2018-05-23-10-21-45.ids_1,5,8681,8702,pressing_automation_button,0
6,vp6/run1_2018-05-23-10-21-45.ids_1,6,8736,8793,using_multimedia_display,0
6,vp6/run1_2018-05-23-10-21-45.ids_1,7,8963,9053,sitting_still,0
6,vp6/run1_2018-05-23-10-21-45.ids_1,7,9053,9143,sitting_still,1
6,vp6/run1_2018-05-23-10-21-45.ids_1,7,9143,9233,sitting_still,2
6,vp6/run1_2018-05-23-10-21-45.ids_1,7,9233,9323,sitting_still,3
6,vp6/run1_2018-05-23-10-21-45.ids_1,7,9323,9397,sitting_still,4
6,vp6/run1_2018-05-23-10-21-45.ids_1,8,9397,9459,fetching_an_object,0
6,vp6/run1_2018-05-23-10-21-45.ids_1,9,9459,9549,putting_on_jacket,0
6,vp6/run1_2018-05-23-10-21-45.ids_1,9,9549,9639,putting_on_jacket,1
6,vp6/run1_2018-05-23-10-21-45.ids_1,9,9639,9729,putting_on_jacket,2
6,vp6/run1_2018-05-23-10-21-45.ids_1,9,9729,9819,putting_on_jacket,3
6,vp6/run1_2018-05-23-10-21-45.ids_1,9,9819,9909,putting_on_jacket,4
6,vp6/run1_2018-05-23-10-21-45.ids_1,9,9909,9999,putting_on_jacket,5
6,vp6/run1_2018-05-23-10-21-45.ids_1,9,9999,10089,putting_on_jacket,6
6,vp6/run1_2018-05-23-10-21-45.ids_1,9,10089,10179,putting_on_jacket,7
6,vp6/run1_2018-05-23-10-21-45.ids_1,9,10179,10269,putting_on_jacket,8
6,vp6/run1_2018-05-23-10-21-45.ids_1,9,10269,10359,putting_on_jacket,9
6,vp6/run1_2018-05-23-10-21-45.ids_1,9,10359,10387,putting_on_jacket,10
6,vp6/run1_2018-05-23-10-21-45.ids_1,10,10432,10450,using_multimedia_display,0
6,vp6/run1_2018-05-23-10-21-45.ids_1,11,10472,10562,sitting_still,0
6,vp6/run1_2018-05-23-10-21-45.ids_1,11,10562,10652,sitting_still,1
6,vp6/run1_2018-05-23-10-21-45.ids_1,11,10652,10742,sitting_still,2
6,vp6/run1_2018-05-23-10-21-45.ids_1,11,10742,10756,sitting_still,3
6,vp6/run1_2018-05-23-10-21-45.ids_1,12,10776,10789,using_multimedia_display,0
6,vp6/run1_2018-05-23-10-21-45.ids_1,13,11053,11143,sitting_still,0
6,vp6/run1_2018-05-23-10-21-45.ids_1,13,11143,11233,sitting_still,1
6,vp6/run1_2018-05-23-10-21-45.ids_1,13,11233,11323,sitting_still,2
6,vp6/run1_2018-05-23-10-21-45.ids_1,13,11323,11413,sitting_still,3
6,vp6/run1_2018-05-23-10-21-45.ids_1,13,11413,11503,sitting_still,4
6,vp6/run1_2018-05-23-10-21-45.ids_1,13,11503,11593,sitting_still,5
6,vp6/run1_2018-05-23-10-21-45.ids_1,13,11593,11683,sitting_still,6
6,vp6/run1_2018-05-23-10-21-45.ids_1,13,11683,11773,sitting_still,7
6,vp6/run1_2018-05-23-10-21-45.ids_1,13,11773,11863,sitting_still,8
6,vp6/run1_2018-05-23-10-21-45.ids_1,13,11863,11953,sitting_still,9
6,vp6/run1_2018-05-23-10-21-45.ids_1,13,11953,12043,sitting_still,10
6,vp6/run1_2018-05-23-10-21-45.ids_1,13,12043,12133,sitting_still,11
6,vp6/run1_2018-05-23-10-21-45.ids_1,13,12133,12223,sitting_still,12
6,vp6/run1_2018-05-23-10-21-45.ids_1,13,12223,12313,sitting_still,13
6,vp6/run1_2018-05-23-10-21-45.ids_1,13,12313,12403,sitting_still,14
6,vp6/run1_2018-05-23-10-21-45.ids_1,13,12403,12493,sitting_still,15
6,vp6/run1_2018-05-23-10-21-45.ids_1,13,12493,12583,sitting_still,16
6,vp6/run1_2018-05-23-10-21-45.ids_1,13,12583,12673,sitting_still,17
6,vp6/run1_2018-05-23-10-21-45.ids_1,13,12673,12729,sitting_still,18
6,vp6/run1_2018-05-23-10-21-45.ids_1,14,12729,12794,looking_back_right_shoulder,0
6,vp6/run1_2018-05-23-10-21-45.ids_1,15,12794,12884,fetching_an_object,0
6,vp6/run1_2018-05-23-10-21-45.ids_1,15,12884,12966,fetching_an_object,1
6,vp6/run1_2018-05-23-10-21-45.ids_1,16,12966,13056,placing_an_object,0
6,vp6/run1_2018-05-23-10-21-45.ids_1,16,13056,13080,placing_an_object,1
6,vp6/run1_2018-05-23-10-21-45.ids_1,17,13080,13170,reading_newspaper,0
6,vp6/run1_2018-05-23-10-21-45.ids_1,17,13170,13260,reading_newspaper,1
6,vp6/run1_2018-05-23-10-21-45.ids_1,17,13260,13350,reading_newspaper,2
6,vp6/run1_2018-05-23-10-21-45.ids_1,17,13350,13440,reading_newspaper,3
6,vp6/run1_2018-05-23-10-21-45.ids_1,17,13440,13530,reading_newspaper,4
6,vp6/run1_2018-05-23-10-21-45.ids_1,17,13530,13620,reading_newspaper,5
6,vp6/run1_2018-05-23-10-21-45.ids_1,17,13620,13650,reading_newspaper,6
6,vp6/run1_2018-05-23-10-21-45.ids_1,18,13650,13705,placing_an_object,0
6,vp6/run1_2018-05-23-10-21-45.ids_1,19,13705,13795,reading_newspaper,0
6,vp6/run1_2018-05-23-10-21-45.ids_1,19,13795,13885,reading_newspaper,1
6,vp6/run1_2018-05-23-10-21-45.ids_1,19,13885,13975,reading_newspaper,2
6,vp6/run1_2018-05-23-10-21-45.ids_1,19,13975,14065,reading_newspaper,3
6,vp6/run1_2018-05-23-10-21-45.ids_1,19,14065,14155,reading_newspaper,4
6,vp6/run1_2018-05-23-10-21-45.ids_1,19,14155,14160,reading_newspaper,5
6,vp6/run1_2018-05-23-10-21-45.ids_1,20,14160,14248,placing_an_object,0
6,vp6/run1_2018-05-23-10-21-45.ids_1,21,14248,14338,reading_newspaper,0
6,vp6/run1_2018-05-23-10-21-45.ids_1,21,14338,14428,reading_newspaper,1
6,vp6/run1_2018-05-23-10-21-45.ids_1,21,14428,14518,reading_newspaper,2
6,vp6/run1_2018-05-23-10-21-45.ids_1,21,14518,14608,reading_newspaper,3
6,vp6/run1_2018-05-23-10-21-45.ids_1,21,14608,14698,reading_newspaper,4
6,vp6/run1_2018-05-23-10-21-45.ids_1,21,14698,14788,reading_newspaper,5
6,vp6/run1_2018-05-23-10-21-45.ids_1,21,14788,14878,reading_newspaper,6
6,vp6/run1_2018-05-23-10-21-45.ids_1,21,14878,14968,reading_newspaper,7
6,vp6/run1_2018-05-23-10-21-45.ids_1,21,14968,15058,reading_newspaper,8
6,vp6/run1_2018-05-23-10-21-45.ids_1,21,15058,15148,reading_newspaper,9
6,vp6/run1_2018-05-23-10-21-45.ids_1,21,15148,15238,reading_newspaper,10
6,vp6/run1_2018-05-23-10-21-45.ids_1,21,15238,15328,reading_newspaper,11
6,vp6/run1_2018-05-23-10-21-45.ids_1,21,15328,15418,reading_newspaper,12
6,vp6/run1_2018-05-23-10-21-45.ids_1,21,15418,15508,reading_newspaper,13
6,vp6/run1_2018-05-23-10-21-45.ids_1,21,15508,15598,reading_newspaper,14
6,vp6/run1_2018-05-23-10-21-45.ids_1,21,15598,15667,reading_newspaper,15
6,vp6/run1_2018-05-23-10-21-45.ids_1,22,15667,15757,placing_an_object,0
6,vp6/run1_2018-05-23-10-21-45.ids_1,22,15757,15820,placing_an_object,1
6,vp6/run1_2018-05-23-10-21-45.ids_1,23,15820,15910,reading_newspaper,0
6,vp6/run1_2018-05-23-10-21-45.ids_1,23,15910,16000,reading_newspaper,1
6,vp6/run1_2018-05-23-10-21-45.ids_1,23,16000,16090,reading_newspaper,2
6,vp6/run1_2018-05-23-10-21-45.ids_1,23,16090,16180,reading_newspaper,3
6,vp6/run1_2018-05-23-10-21-45.ids_1,23,16180,16200,reading_newspaper,4
6,vp6/run1_2018-05-23-10-21-45.ids_1,24,16200,16290,fetching_an_object,0
6,vp6/run1_2018-05-23-10-21-45.ids_1,24,16290,16341,fetching_an_object,1
6,vp6/run1_2018-05-23-10-21-45.ids_1,25,16341,16420,placing_an_object,0
6,vp6/run1_2018-05-23-10-21-45.ids_1,26,16422,16512,writing,0
6,vp6/run1_2018-05-23-10-21-45.ids_1,26,16512,16602,writing,1
6,vp6/run1_2018-05-23-10-21-45.ids_1,26,16602,16692,writing,2
6,vp6/run1_2018-05-23-10-21-45.ids_1,27,16692,16741,placing_an_object,0
6,vp6/run1_2018-05-23-10-21-45.ids_1,28,16741,16808,placing_an_object,0
6,vp6/run1_2018-05-23-10-21-45.ids_1,29,16808,16849,fetching_an_object,0
6,vp6/run1_2018-05-23-10-21-45.ids_1,30,16933,16952,fetching_an_object,0
6,vp6/run1_2018-05-23-10-21-45.ids_1,31,16952,17031,placing_an_object,0
6,vp6/run1_2018-05-23-10-21-45.ids_1,32,17042,17101,using_multimedia_display,0
6,vp6/run1_2018-05-23-10-21-45.ids_1,33,17215,17305,sitting_still,0
6,vp6/run1_2018-05-23-10-21-45.ids_1,33,17305,17395,sitting_still,1
6,vp6/run1_2018-05-23-10-21-45.ids_1,33,17395,17485,sitting_still,2
6,vp6/run1_2018-05-23-10-21-45.ids_1,33,17485,17575,sitting_still,3
6,vp6/run1_2018-05-23-10-21-45.ids_1,33,17575,17665,sitting_still,4
6,vp6/run1_2018-05-23-10-21-45.ids_1,33,17665,17755,sitting_still,5
6,vp6/run1_2018-05-23-10-21-45.ids_1,33,17755,17845,sitting_still,6
6,vp6/run1_2018-05-23-10-21-45.ids_1,33,17845,17935,sitting_still,7
6,vp6/run1_2018-05-23-10-21-45.ids_1,33,17935,18025,sitting_still,8
6,vp6/run1_2018-05-23-10-21-45.ids_1,33,18025,18115,sitting_still,9
6,vp6/run1_2018-05-23-10-21-45.ids_1,33,18115,18166,sitting_still,10
6,vp6/run1_2018-05-23-10-21-45.ids_1,34,18291,18381,pressing_automation_button,0
6,vp6/run1_2018-05-23-10-21-45.ids_1,34,18381,18406,pressing_automation_button,1
6,vp6/run1_2018-05-23-10-21-45.ids_1,35,21420,21510,looking_or_moving_around (e.g. searching),0
6,vp6/run1_2018-05-23-10-21-45.ids_1,35,21510,21574,looking_or_moving_around (e.g. searching),1
6,vp6/run1_2018-05-23-10-21-45.ids_1,36,21914,22004,pressing_automation_button,0
6,vp6/run1_2018-05-23-10-21-45.ids_1,36,22004,22094,pressing_automation_button,1
6,vp6/run1_2018-05-23-10-21-45.ids_1,36,22094,22184,pressing_automation_button,2
6,vp6/run1_2018-05-23-10-21-45.ids_1,36,22184,22206,pressing_automation_button,3
6,vp6/run1_2018-05-23-10-21-45.ids_1,37,22221,22297,fetching_an_object,0
6,vp6/run1_2018-05-23-10-21-45.ids_1,38,22297,22357,interacting_with_phone,0
6,vp6/run1_2018-05-23-10-21-45.ids_1,39,22357,22440,placing_an_object,0
6,vp6/run1_2018-05-23-10-21-45.ids_1,40,22547,22628,fetching_an_object,0
6,vp6/run1_2018-05-23-10-21-45.ids_1,41,22628,22718,opening_backpack,0
6,vp6/run1_2018-05-23-10-21-45.ids_1,41,22718,22808,opening_backpack,1
6,vp6/run1_2018-05-23-10-21-45.ids_1,41,22808,22825,opening_backpack,2
6,vp6/run1_2018-05-23-10-21-45.ids_1,42,22825,22915,taking_laptop_from_backpack,0
6,vp6/run1_2018-05-23-10-21-45.ids_1,42,22915,22928,taking_laptop_from_backpack,1
6,vp6/run1_2018-05-23-10-21-45.ids_1,43,23010,23065,placing_an_object,0
6,vp6/run1_2018-05-23-10-21-45.ids_1,44,23065,23155,opening_laptop,0
6,vp6/run1_2018-05-23-10-21-45.ids_1,44,23155,23217,opening_laptop,1
6,vp6/run1_2018-05-23-10-21-45.ids_1,45,23217,23307,working_on_laptop,0
6,vp6/run1_2018-05-23-10-21-45.ids_1,45,23307,23397,working_on_laptop,1
6,vp6/run1_2018-05-23-10-21-45.ids_1,45,23397,23487,working_on_laptop,2
6,vp6/run1_2018-05-23-10-21-45.ids_1,45,23487,23577,working_on_laptop,3
6,vp6/run1_2018-05-23-10-21-45.ids_1,45,23577,23667,working_on_laptop,4
6,vp6/run1_2018-05-23-10-21-45.ids_1,45,23667,23757,working_on_laptop,5
6,vp6/run1_2018-05-23-10-21-45.ids_1,45,23757,23847,working_on_laptop,6
6,vp6/run1_2018-05-23-10-21-45.ids_1,45,23847,23937,working_on_laptop,7
6,vp6/run1_2018-05-23-10-21-45.ids_1,45,23937,24027,working_on_laptop,8
6,vp6/run1_2018-05-23-10-21-45.ids_1,45,24027,24117,working_on_laptop,9
6,vp6/run1_2018-05-23-10-21-45.ids_1,45,24117,24207,working_on_laptop,10
6,vp6/run1_2018-05-23-10-21-45.ids_1,45,24207,24297,working_on_laptop,11
6,vp6/run1_2018-05-23-10-21-45.ids_1,45,24297,24387,working_on_laptop,12
6,vp6/run1_2018-05-23-10-21-45.ids_1,45,24387,24477,working_on_laptop,13
6,vp6/run1_2018-05-23-10-21-45.ids_1,45,24477,24540,working_on_laptop,14
6,vp6/run1_2018-05-23-10-21-45.ids_1,46,24597,24672,fetching_an_object,0
6,vp6/run1_2018-05-23-10-21-45.ids_1,47,24672,24762,interacting_with_phone,0
6,vp6/run1_2018-05-23-10-21-45.ids_1,47,24762,24852,interacting_with_phone,1
6,vp6/run1_2018-05-23-10-21-45.ids_1,47,24852,24942,interacting_with_phone,2
6,vp6/run1_2018-05-23-10-21-45.ids_1,47,24942,25032,interacting_with_phone,3
6,vp6/run1_2018-05-23-10-21-45.ids_1,47,25032,25122,interacting_with_phone,4
6,vp6/run1_2018-05-23-10-21-45.ids_1,47,25122,25212,interacting_with_phone,5
6,vp6/run1_2018-05-23-10-21-45.ids_1,47,25212,25302,interacting_with_phone,6
6,vp6/run1_2018-05-23-10-21-45.ids_1,47,25302,25392,interacting_with_phone,7
6,vp6/run1_2018-05-23-10-21-45.ids_1,47,25392,25482,interacting_with_phone,8
6,vp6/run1_2018-05-23-10-21-45.ids_1,47,25482,25572,interacting_with_phone,9
6,vp6/run1_2018-05-23-10-21-45.ids_1,47,25572,25662,interacting_with_phone,10
6,vp6/run1_2018-05-23-10-21-45.ids_1,47,25662,25752,interacting_with_phone,11
6,vp6/run1_2018-05-23-10-21-45.ids_1,47,25752,25842,interacting_with_phone,12
6,vp6/run1_2018-05-23-10-21-45.ids_1,47,25842,25899,interacting_with_phone,13
6,vp6/run1_2018-05-23-10-21-45.ids_1,48,25899,25960,placing_an_object,0
6,vp6/run1_2018-05-23-10-21-45.ids_1,49,25989,26079,working_on_laptop,0
6,vp6/run1_2018-05-23-10-21-45.ids_1,49,26079,26169,working_on_laptop,1
6,vp6/run1_2018-05-23-10-21-45.ids_1,49,26169,26259,working_on_laptop,2
6,vp6/run1_2018-05-23-10-21-45.ids_1,49,26259,26337,working_on_laptop,3
6,vp6/run1_2018-05-23-10-21-45.ids_1,50,26337,26427,closing_laptop,0
6,vp6/run1_2018-05-23-10-21-45.ids_1,50,26427,26452,closing_laptop,1
6,vp6/run1_2018-05-23-10-21-45.ids_1,51,26452,26542,putting_laptop_into_backpack,0
6,vp6/run1_2018-05-23-10-21-45.ids_1,51,26542,26592,putting_laptop_into_backpack,1
6,vp6/run1_2018-05-23-10-21-45.ids_1,52,26592,26682,closing_backpack,0
6,vp6/run1_2018-05-23-10-21-45.ids_1,52,26682,26700,closing_backpack,1
6,vp6/run1_2018-05-23-10-21-45.ids_1,53,26734,26797,using_multimedia_display,0
6,vp6/run1_2018-05-23-10-21-45.ids_1,54,26858,26948,sitting_still,0
6,vp6/run1_2018-05-23-10-21-45.ids_1,54,26948,27038,sitting_still,1
6,vp6/run1_2018-05-23-10-21-45.ids_1,54,27038,27128,sitting_still,2
6,vp6/run1_2018-05-23-10-21-45.ids_1,54,27128,27218,sitting_still,3
6,vp6/run1_2018-05-23-10-21-45.ids_1,54,27218,27308,sitting_still,4
6,vp6/run1_2018-05-23-10-21-45.ids_1,54,27308,27385,sitting_still,5
6,vp6/run1_2018-05-23-10-21-45.ids_1,55,27403,27493,fetching_an_object,0
6,vp6/run1_2018-05-23-10-21-45.ids_1,55,27493,27583,fetching_an_object,1
6,vp6/run1_2018-05-23-10-21-45.ids_1,55,27583,27673,fetching_an_object,2
6,vp6/run1_2018-05-23-10-21-45.ids_1,55,27673,27727,fetching_an_object,3
6,vp6/run1_2018-05-23-10-21-45.ids_1,56,27727,27792,placing_an_object,0
6,vp6/run1_2018-05-23-10-21-45.ids_1,57,27792,27882,reading_magazine,0
6,vp6/run1_2018-05-23-10-21-45.ids_1,57,27882,27972,reading_magazine,1
6,vp6/run1_2018-05-23-10-21-45.ids_1,57,27972,28062,reading_magazine,2
6,vp6/run1_2018-05-23-10-21-45.ids_1,57,28062,28152,reading_magazine,3
6,vp6/run1_2018-05-23-10-21-45.ids_1,57,28152,28242,reading_magazine,4
6,vp6/run1_2018-05-23-10-21-45.ids_1,57,28242,28332,reading_magazine,5
6,vp6/run1_2018-05-23-10-21-45.ids_1,57,28332,28422,reading_magazine,6
6,vp6/run1_2018-05-23-10-21-45.ids_1,57,28422,28512,reading_magazine,7
6,vp6/run1_2018-05-23-10-21-45.ids_1,57,28512,28602,reading_magazine,8
6,vp6/run1_2018-05-23-10-21-45.ids_1,57,28602,28692,reading_magazine,9
6,vp6/run1_2018-05-23-10-21-45.ids_1,57,28692,28782,reading_magazine,10
6,vp6/run1_2018-05-23-10-21-45.ids_1,57,28782,28872,reading_magazine,11
6,vp6/run1_2018-05-23-10-21-45.ids_1,57,28872,28962,reading_magazine,12
6,vp6/run1_2018-05-23-10-21-45.ids_1,57,28962,29052,reading_magazine,13
6,vp6/run1_2018-05-23-10-21-45.ids_1,57,29052,29142,reading_magazine,14
6,vp6/run1_2018-05-23-10-21-45.ids_1,57,29142,29232,reading_magazine,15
6,vp6/run1_2018-05-23-10-21-45.ids_1,57,29232,29322,reading_magazine,16
6,vp6/run1_2018-05-23-10-21-45.ids_1,57,29322,29412,reading_magazine,17
6,vp6/run1_2018-05-23-10-21-45.ids_1,57,29412,29502,reading_magazine,18
6,vp6/run1_2018-05-23-10-21-45.ids_1,57,29502,29592,reading_magazine,19
6,vp6/run1_2018-05-23-10-21-45.ids_1,57,29592,29682,reading_magazine,20
6,vp6/run1_2018-05-23-10-21-45.ids_1,57,29682,29772,reading_magazine,21
6,vp6/run1_2018-05-23-10-21-45.ids_1,57,29772,29862,reading_magazine,22
6,vp6/run1_2018-05-23-10-21-45.ids_1,57,29862,29931,reading_magazine,23
6,vp6/run1_2018-05-23-10-21-45.ids_1,58,29931,30003,fetching_an_object,0
6,vp6/run1_2018-05-23-10-21-45.ids_1,59,30003,30093,writing,0
6,vp6/run1_2018-05-23-10-21-45.ids_1,59,30093,30183,writing,1
6,vp6/run1_2018-05-23-10-21-45.ids_1,59,30183,30273,writing,2
6,vp6/run1_2018-05-23-10-21-45.ids_1,59,30273,30346,writing,3
6,vp6/run1_2018-05-23-10-21-45.ids_1,60,30346,30409,placing_an_object,0
6,vp6/run1_2018-05-23-10-21-45.ids_1,61,30495,30559,fetching_an_object,0
6,vp6/run1_2018-05-23-10-21-45.ids_1,62,30559,30649,placing_an_object,0
6,vp6/run1_2018-05-23-10-21-45.ids_1,62,30649,30672,placing_an_object,1
6,vp6/run1_2018-05-23-10-21-45.ids_1,63,30683,30707,using_multimedia_display,0
6,vp6/run1_2018-05-23-10-21-45.ids_1,64,30727,30817,sitting_still,0
6,vp6/run1_2018-05-23-10-21-45.ids_1,64,30817,30907,sitting_still,1
6,vp6/run1_2018-05-23-10-21-45.ids_1,64,30907,30997,sitting_still,2
6,vp6/run1_2018-05-23-10-21-45.ids_1,64,30997,31087,sitting_still,3
6,vp6/run1_2018-05-23-10-21-45.ids_1,64,31087,31177,sitting_still,4
6,vp6/run1_2018-05-23-10-21-45.ids_1,64,31177,31267,sitting_still,5
6,vp6/run1_2018-05-23-10-21-45.ids_1,64,31267,31357,sitting_still,6
6,vp6/run1_2018-05-23-10-21-45.ids_1,64,31357,31447,sitting_still,7
6,vp6/run1_2018-05-23-10-21-45.ids_1,64,31447,31537,sitting_still,8
6,vp6/run1_2018-05-23-10-21-45.ids_1,64,31537,31627,sitting_still,9
6,vp6/run1_2018-05-23-10-21-45.ids_1,64,31627,31717,sitting_still,10
6,vp6/run1_2018-05-23-10-21-45.ids_1,64,31717,31807,sitting_still,11
6,vp6/run1_2018-05-23-10-21-45.ids_1,64,31807,31897,sitting_still,12
6,vp6/run1_2018-05-23-10-21-45.ids_1,64,31897,31987,sitting_still,13
6,vp6/run1_2018-05-23-10-21-45.ids_1,64,31987,32004,sitting_still,14
6,vp6/run1_2018-05-23-10-21-45.ids_1,65,32004,32094,fetching_an_object,0
6,vp6/run1_2018-05-23-10-21-45.ids_1,65,32094,32154,fetching_an_object,1
6,vp6/run1_2018-05-23-10-21-45.ids_1,66,32157,32247,putting_on_sunglasses,0
6,vp6/run1_2018-05-23-10-21-45.ids_1,66,32247,32337,putting_on_sunglasses,1
6,vp6/run1_2018-05-23-10-21-45.ids_1,67,32373,32386,using_multimedia_display,0
6,vp6/run1_2018-05-23-10-21-45.ids_1,68,32630,32720,sitting_still,0
6,vp6/run1_2018-05-23-10-21-45.ids_1,68,32720,32810,sitting_still,1
6,vp6/run1_2018-05-23-10-21-45.ids_1,68,32810,32900,sitting_still,2
6,vp6/run1_2018-05-23-10-21-45.ids_1,68,32900,32931,sitting_still,3
6,vp6/run1_2018-05-23-10-21-45.ids_1,69,33012,33102,sitting_still,0
6,vp6/run1_2018-05-23-10-21-45.ids_1,69,33102,33192,sitting_still,1
6,vp6/run1_2018-05-23-10-21-45.ids_1,69,33192,33282,sitting_still,2
6,vp6/run1_2018-05-23-10-21-45.ids_1,69,33282,33310,sitting_still,3
6,vp6/run1_2018-05-23-10-21-45.ids_1,70,33922,33954,using_multimedia_display,0
6,vp6/run1_2018-05-23-10-21-45.ids_1,71,34144,34234,sitting_still,0
6,vp6/run1_2018-05-23-10-21-45.ids_1,71,34234,34324,sitting_still,1
6,vp6/run1_2018-05-23-10-21-45.ids_1,71,34324,34414,sitting_still,2
6,vp6/run1_2018-05-23-10-21-45.ids_1,71,34414,34504,sitting_still,3
6,vp6/run1_2018-05-23-10-21-45.ids_1,71,34504,34594,sitting_still,4
6,vp6/run1_2018-05-23-10-21-45.ids_1,71,34594,34684,sitting_still,5
6,vp6/run1_2018-05-23-10-21-45.ids_1,71,34684,34774,sitting_still,6
6,vp6/run1_2018-05-23-10-21-45.ids_1,71,34774,34864,sitting_still,7
6,vp6/run1_2018-05-23-10-21-45.ids_1,71,34864,34954,sitting_still,8
6,vp6/run1_2018-05-23-10-21-45.ids_1,71,34954,35044,sitting_still,9
6,vp6/run1_2018-05-23-10-21-45.ids_1,71,35044,35070,sitting_still,10
6,vp6/run1_2018-05-23-10-21-45.ids_1,72,37579,37591,pressing_automation_button,0
6,vp6/run1_2018-05-23-10-21-45.ids_1,73,37824,37914,placing_an_object,0
6,vp6/run1_2018-05-23-10-21-45.ids_1,73,37914,37992,placing_an_object,1
6,vp6/run1_2018-05-23-10-21-45.ids_1,74,38542,38632,sitting_still,0
6,vp6/run1_2018-05-23-10-21-45.ids_1,74,38632,38722,sitting_still,1
6,vp6/run1_2018-05-23-10-21-45.ids_1,74,38722,38812,sitting_still,2
6,vp6/run1_2018-05-23-10-21-45.ids_1,74,38812,38902,sitting_still,3
6,vp6/run1_2018-05-23-10-21-45.ids_1,74,38902,38992,sitting_still,4
6,vp6/run1_2018-05-23-10-21-45.ids_1,74,38992,39082,sitting_still,5
6,vp6/run1_2018-05-23-10-21-45.ids_1,74,39082,39172,sitting_still,6
6,vp6/run1_2018-05-23-10-21-45.ids_1,74,39172,39204,sitting_still,7
6,vp6/run1_2018-05-23-10-21-45.ids_1,75,39204,39294,fetching_an_object,0
6,vp6/run1_2018-05-23-10-21-45.ids_1,75,39294,39307,fetching_an_object,1
6,vp6/run1_2018-05-23-10-21-45.ids_1,76,39307,39397,preparing_food,0
6,vp6/run1_2018-05-23-10-21-45.ids_1,76,39397,39487,preparing_food,1
6,vp6/run1_2018-05-23-10-21-45.ids_1,76,39487,39572,preparing_food,2
6,vp6/run1_2018-05-23-10-21-45.ids_1,77,39572,39662,fetching_an_object,0
6,vp6/run1_2018-05-23-10-21-45.ids_1,77,39662,39715,fetching_an_object,1
6,vp6/run1_2018-05-23-10-21-45.ids_1,78,39715,39805,eating,0
6,vp6/run1_2018-05-23-10-21-45.ids_1,78,39805,39895,eating,1
6,vp6/run1_2018-05-23-10-21-45.ids_1,78,39895,39985,eating,2
6,vp6/run1_2018-05-23-10-21-45.ids_1,78,39985,40075,eating,3
6,vp6/run1_2018-05-23-10-21-45.ids_1,78,40075,40165,eating,4
6,vp6/run1_2018-05-23-10-21-45.ids_1,78,40165,40255,eating,5
6,vp6/run1_2018-05-23-10-21-45.ids_1,78,40255,40345,eating,6
6,vp6/run1_2018-05-23-10-21-45.ids_1,78,40345,40435,eating,7
6,vp6/run1_2018-05-23-10-21-45.ids_1,78,40435,40525,eating,8
6,vp6/run1_2018-05-23-10-21-45.ids_1,78,40525,40615,eating,9
6,vp6/run1_2018-05-23-10-21-45.ids_1,78,40615,40664,eating,10
6,vp6/run1_2018-05-23-10-21-45.ids_1,79,40664,40754,placing_an_object,0
6,vp6/run1_2018-05-23-10-21-45.ids_1,80,40754,40844,eating,0
6,vp6/run1_2018-05-23-10-21-45.ids_1,80,40844,40934,eating,1
6,vp6/run1_2018-05-23-10-21-45.ids_1,80,40934,41024,eating,2
6,vp6/run1_2018-05-23-10-21-45.ids_1,80,41024,41114,eating,3
6,vp6/run1_2018-05-23-10-21-45.ids_1,80,41114,41204,eating,4
6,vp6/run1_2018-05-23-10-21-45.ids_1,80,41204,41294,eating,5
6,vp6/run1_2018-05-23-10-21-45.ids_1,80,41294,41300,eating,6
6,vp6/run1_2018-05-23-10-21-45.ids_1,81,41326,41344,using_multimedia_display,0
6,vp6/run1_2018-05-23-10-21-45.ids_1,82,41359,41449,sitting_still,0
6,vp6/run1_2018-05-23-10-21-45.ids_1,82,41449,41539,sitting_still,1
6,vp6/run1_2018-05-23-10-21-45.ids_1,82,41539,41629,sitting_still,2
6,vp6/run1_2018-05-23-10-21-45.ids_1,82,41629,41719,sitting_still,3
6,vp6/run1_2018-05-23-10-21-45.ids_1,82,41719,41809,sitting_still,4
6,vp6/run1_2018-05-23-10-21-45.ids_1,82,41809,41840,sitting_still,5
6,vp6/run1_2018-05-23-10-21-45.ids_1,83,41864,41954,fetching_an_object,0
6,vp6/run1_2018-05-23-10-21-45.ids_1,83,41954,41973,fetching_an_object,1
6,vp6/run1_2018-05-23-10-21-45.ids_1,84,41973,42063,preparing_food,0
6,vp6/run1_2018-05-23-10-21-45.ids_1,84,42063,42109,preparing_food,1
6,vp6/run1_2018-05-23-10-21-45.ids_1,85,42109,42199,eating,0
6,vp6/run1_2018-05-23-10-21-45.ids_1,85,42199,42289,eating,1
6,vp6/run1_2018-05-23-10-21-45.ids_1,85,42289,42310,eating,2
6,vp6/run1_2018-05-23-10-21-45.ids_1,86,42391,42458,placing_an_object,0
6,vp6/run1_2018-05-23-10-21-45.ids_1,87,45476,45566,pressing_automation_button,0
6,vp6/run1_2018-05-23-10-21-45.ids_1,87,45566,45616,pressing_automation_button,1
6,vp6/run1_2018-05-23-10-21-45.ids_1,88,45916,46006,fetching_an_object,0
6,vp6/run1_2018-05-23-10-21-45.ids_1,88,46006,46096,fetching_an_object,1
6,vp6/run1_2018-05-23-10-21-45.ids_1,88,46096,46186,fetching_an_object,2
6,vp6/run1_2018-05-23-10-21-45.ids_1,88,46186,46203,fetching_an_object,3
6,vp6/run1_2018-05-23-10-21-45.ids_1,89,46203,46293,opening_bottle,0
6,vp6/run1_2018-05-23-10-21-45.ids_1,89,46293,46348,opening_bottle,1
6,vp6/run1_2018-05-23-10-21-45.ids_1,90,46348,46438,drinking,0
6,vp6/run1_2018-05-23-10-21-45.ids_1,90,46438,46504,drinking,1
6,vp6/run1_2018-05-23-10-21-45.ids_1,91,46504,46594,closing_bottle,0
6,vp6/run1_2018-05-23-10-21-45.ids_1,91,46594,46605,closing_bottle,1
6,vp6/run1_2018-05-23-10-21-45.ids_1,92,46605,46685,placing_an_object,0
6,vp6/run1_2018-05-23-10-21-45.ids_1,93,46685,46753,using_multimedia_display,0
6,vp6/run1_2018-05-23-10-21-45.ids_1,94,47288,47378,fetching_an_object,0
6,vp6/run1_2018-05-23-10-21-45.ids_1,94,47378,47387,fetching_an_object,1
6,vp6/run1_2018-05-23-10-21-45.ids_1,95,47387,47477,talking_on_phone,0
6,vp6/run1_2018-05-23-10-21-45.ids_1,95,47477,47567,talking_on_phone,1
6,vp6/run1_2018-05-23-10-21-45.ids_1,95,47567,47657,talking_on_phone,2
6,vp6/run1_2018-05-23-10-21-45.ids_1,95,47657,47747,talking_on_phone,3
6,vp6/run1_2018-05-23-10-21-45.ids_1,95,47747,47784,talking_on_phone,4
6,vp6/run1_2018-05-23-10-21-45.ids_1,96,47784,47859,fetching_an_object,0
6,vp6/run1_2018-05-23-10-21-45.ids_1,97,47859,47949,putting_on_sunglasses,0
6,vp6/run1_2018-05-23-10-21-45.ids_1,97,47949,47998,putting_on_sunglasses,1
6,vp6/run1_2018-05-23-10-21-45.ids_1,98,48017,48107,placing_an_object,0
6,vp6/run1_2018-05-23-10-21-45.ids_1,98,48107,48197,placing_an_object,1
6,vp6/run1_2018-05-23-10-21-45.ids_1,98,48197,48202,placing_an_object,2
6,vp6/run1_2018-05-23-10-21-45.ids_1,99,48579,48603,pressing_automation_button,0
6,vp6/run1_2018-05-23-10-21-45.ids_1,100,48627,48674,taking_off_sunglasses,0
6,vp6/run1_2018-05-23-10-21-45.ids_1,101,48674,48733,placing_an_object,0
6,vp6/run1_2018-05-23-10-21-45.ids_1,102,48733,48823,using_multimedia_display,0
6,vp6/run1_2018-05-23-10-21-45.ids_1,102,48823,48873,using_multimedia_display,1
6,vp6/run1_2018-05-23-10-21-45.ids_1,103,48973,49063,sitting_still,0
6,vp6/run1_2018-05-23-10-21-45.ids_1,103,49063,49153,sitting_still,1
6,vp6/run1_2018-05-23-10-21-45.ids_1,103,49153,49243,sitting_still,2
6,vp6/run1_2018-05-23-10-21-45.ids_1,103,49243,49333,sitting_still,3
6,vp6/run1_2018-05-23-10-21-45.ids_1,103,49333,49423,sitting_still,4
6,vp6/run1_2018-05-23-10-21-45.ids_1,103,49423,49513,sitting_still,5
6,vp6/run1_2018-05-23-10-21-45.ids_1,103,49513,49603,sitting_still,6
6,vp6/run1_2018-05-23-10-21-45.ids_1,103,49603,49693,sitting_still,7
6,vp6/run1_2018-05-23-10-21-45.ids_1,103,49693,49783,sitting_still,8
6,vp6/run1_2018-05-23-10-21-45.ids_1,103,49783,49873,sitting_still,9
6,vp6/run1_2018-05-23-10-21-45.ids_1,103,49873,49963,sitting_still,10
6,vp6/run1_2018-05-23-10-21-45.ids_1,103,49963,50053,sitting_still,11
6,vp6/run1_2018-05-23-10-21-45.ids_1,103,50053,50143,sitting_still,12
6,vp6/run1_2018-05-23-10-21-45.ids_1,103,50143,50233,sitting_still,13
6,vp6/run1_2018-05-23-10-21-45.ids_1,103,50233,50323,sitting_still,14
6,vp6/run1_2018-05-23-10-21-45.ids_1,103,50323,50338,sitting_still,15
6,vp6/run1_2018-05-23-10-21-45.ids_1,104,50338,50428,taking_off_jacket,0
6,vp6/run1_2018-05-23-10-21-45.ids_1,104,50428,50518,taking_off_jacket,1
6,vp6/run1_2018-05-23-10-21-45.ids_1,104,50518,50608,taking_off_jacket,2
6,vp6/run1_2018-05-23-10-21-45.ids_1,104,50608,50698,taking_off_jacket,3
6,vp6/run1_2018-05-23-10-21-45.ids_1,104,50698,50754,taking_off_jacket,4
6,vp6/run1_2018-05-23-10-21-45.ids_1,105,50754,50844,fetching_an_object,0
6,vp6/run1_2018-05-23-10-21-45.ids_1,105,50844,50862,fetching_an_object,1
6,vp6/run1_2018-05-23-10-21-45.ids_1,106,50887,50907,using_multimedia_display,0
6,vp6/run1_2018-05-23-10-21-45.ids_1,107,50998,51017,using_multimedia_display,0
6,vp6/run1_2018-05-23-10-21-45.ids_1,108,51044,51134,sitting_still,0
6,vp6/run1_2018-05-23-10-21-45.ids_1,108,51134,51224,sitting_still,1
6,vp6/run1_2018-05-23-10-21-45.ids_1,108,51224,51314,sitting_still,2
6,vp6/run1_2018-05-23-10-21-45.ids_1,108,51314,51404,sitting_still,3
6,vp6/run1_2018-05-23-10-21-45.ids_1,108,51404,51494,sitting_still,4
6,vp6/run1_2018-05-23-10-21-45.ids_1,108,51494,51584,sitting_still,5
6,vp6/run1_2018-05-23-10-21-45.ids_1,108,51584,51674,sitting_still,6
6,vp6/run1_2018-05-23-10-21-45.ids_1,108,51674,51764,sitting_still,7
6,vp6/run1_2018-05-23-10-21-45.ids_1,108,51764,51854,sitting_still,8
6,vp6/run1_2018-05-23-10-21-45.ids_1,108,51854,51944,sitting_still,9
6,vp6/run1_2018-05-23-10-21-45.ids_1,108,51944,52034,sitting_still,10
6,vp6/run1_2018-05-23-10-21-45.ids_1,108,52034,52124,sitting_still,11
6,vp6/run1_2018-05-23-10-21-45.ids_1,108,52124,52214,sitting_still,12
6,vp6/run1_2018-05-23-10-21-45.ids_1,108,52214,52261,sitting_still,13
6,vp6/run1_2018-05-23-10-21-45.ids_1,109,52299,52333,pressing_automation_button,0
6,vp6/run1_2018-05-23-10-21-45.ids_1,110,52885,52975,looking_or_moving_around (e.g. searching),0
6,vp6/run1_2018-05-23-10-21-45.ids_1,110,52975,53065,looking_or_moving_around (e.g. searching),1
6,vp6/run1_2018-05-23-10-21-45.ids_1,110,53065,53101,looking_or_moving_around (e.g. searching),2
6,vp6/run1_2018-05-23-10-21-45.ids_1,111,53128,53210,unfastening_seat_belt,0
6,vp6/run1_2018-05-23-10-21-45.ids_1,112,53240,53254,using_multimedia_display,0
6,vp6/run1_2018-05-23-10-21-45.ids_1,113,53271,53352,opening_door_inside,0
6,vp6/run1_2018-05-23-10-21-45.ids_1,114,53352,53442,exiting_car,0
6,vp6/run1_2018-05-23-10-21-45.ids_1,114,53442,53476,exiting_car,1
6,vp6/run2_2018-05-23-11-05-00.ids_1,0,163,211,opening_door_outside,0
6,vp6/run2_2018-05-23-11-05-00.ids_1,1,211,289,entering_car,0
6,vp6/run2_2018-05-23-11-05-00.ids_1,2,289,316,closing_door_inside,0
6,vp6/run2_2018-05-23-11-05-00.ids_1,3,366,456,fastening_seat_belt,0
6,vp6/run2_2018-05-23-11-05-00.ids_1,3,456,498,fastening_seat_belt,1
6,vp6/run2_2018-05-23-11-05-00.ids_1,4,1254,1267,using_multimedia_display,0
6,vp6/run2_2018-05-23-11-05-00.ids_1,5,6741,6753,pressing_automation_button,0
6,vp6/run2_2018-05-23-11-05-00.ids_1,6,6922,6936,using_multimedia_display,0
6,vp6/run2_2018-05-23-11-05-00.ids_1,7,6957,7047,sitting_still,0
6,vp6/run2_2018-05-23-11-05-00.ids_1,7,7047,7137,sitting_still,1
6,vp6/run2_2018-05-23-11-05-00.ids_1,7,7137,7227,sitting_still,2
6,vp6/run2_2018-05-23-11-05-00.ids_1,7,7227,7317,sitting_still,3
6,vp6/run2_2018-05-23-11-05-00.ids_1,7,7317,7407,sitting_still,4
6,vp6/run2_2018-05-23-11-05-00.ids_1,7,7407,7497,sitting_still,5
6,vp6/run2_2018-05-23-11-05-00.ids_1,7,7497,7587,sitting_still,6
6,vp6/run2_2018-05-23-11-05-00.ids_1,7,7587,7669,sitting_still,7
6,vp6/run2_2018-05-23-11-05-00.ids_1,8,8476,8488,pressing_automation_button,0
6,vp6/run2_2018-05-23-11-05-00.ids_1,9,8653,8743,fetching_an_object,0
6,vp6/run2_2018-05-23-11-05-00.ids_1,9,8743,8761,fetching_an_object,1
6,vp6/run2_2018-05-23-11-05-00.ids_1,10,8761,8851,fetching_an_object,0
6,vp6/run2_2018-05-23-11-05-00.ids_1,10,8851,8895,fetching_an_object,1
6,vp6/run2_2018-05-23-11-05-00.ids_1,11,8938,8974,placing_an_object,0
6,vp6/run2_2018-05-23-11-05-00.ids_1,12,8974,9064,reading_magazine,0
6,vp6/run2_2018-05-23-11-05-00.ids_1,12,9064,9154,reading_magazine,1
6,vp6/run2_2018-05-23-11-05-00.ids_1,12,9154,9244,reading_magazine,2
6,vp6/run2_2018-05-23-11-05-00.ids_1,12,9244,9334,reading_magazine,3
6,vp6/run2_2018-05-23-11-05-00.ids_1,12,9334,9424,reading_magazine,4
6,vp6/run2_2018-05-23-11-05-00.ids_1,12,9424,9514,reading_magazine,5
6,vp6/run2_2018-05-23-11-05-00.ids_1,12,9514,9604,reading_magazine,6
6,vp6/run2_2018-05-23-11-05-00.ids_1,12,9604,9626,reading_magazine,7
6,vp6/run2_2018-05-23-11-05-00.ids_1,13,9626,9678,placing_an_object,0
6,vp6/run2_2018-05-23-11-05-00.ids_1,14,9688,9778,writing,0
6,vp6/run2_2018-05-23-11-05-00.ids_1,14,9778,9868,writing,1
6,vp6/run2_2018-05-23-11-05-00.ids_1,14,9868,9958,writing,2
6,vp6/run2_2018-05-23-11-05-00.ids_1,14,9958,10048,writing,3
6,vp6/run2_2018-05-23-11-05-00.ids_1,14,10048,10138,writing,4
6,vp6/run2_2018-05-23-11-05-00.ids_1,14,10138,10171,writing,5
6,vp6/run2_2018-05-23-11-05-00.ids_1,15,10171,10195,fetching_an_object,0
6,vp6/run2_2018-05-23-11-05-00.ids_1,16,10331,10416,placing_an_object,0
6,vp6/run2_2018-05-23-11-05-00.ids_1,17,10431,10450,using_multimedia_display,0
6,vp6/run2_2018-05-23-11-05-00.ids_1,18,10489,10579,sitting_still,0
6,vp6/run2_2018-05-23-11-05-00.ids_1,18,10579,10669,sitting_still,1
6,vp6/run2_2018-05-23-11-05-00.ids_1,18,10669,10759,sitting_still,2
6,vp6/run2_2018-05-23-11-05-00.ids_1,18,10759,10849,sitting_still,3
6,vp6/run2_2018-05-23-11-05-00.ids_1,18,10849,10930,sitting_still,4
6,vp6/run2_2018-05-23-11-05-00.ids_1,19,10930,11014,fetching_an_object,0
6,vp6/run2_2018-05-23-11-05-00.ids_1,20,11014,11104,putting_on_jacket,0
6,vp6/run2_2018-05-23-11-05-00.ids_1,20,11104,11194,putting_on_jacket,1
6,vp6/run2_2018-05-23-11-05-00.ids_1,20,11194,11284,putting_on_jacket,2
6,vp6/run2_2018-05-23-11-05-00.ids_1,20,11284,11374,putting_on_jacket,3
6,vp6/run2_2018-05-23-11-05-00.ids_1,20,11374,11464,putting_on_jacket,4
6,vp6/run2_2018-05-23-11-05-00.ids_1,20,11464,11554,putting_on_jacket,5
6,vp6/run2_2018-05-23-11-05-00.ids_1,20,11554,11644,putting_on_jacket,6
6,vp6/run2_2018-05-23-11-05-00.ids_1,20,11644,11734,putting_on_jacket,7
6,vp6/run2_2018-05-23-11-05-00.ids_1,20,11734,11824,putting_on_jacket,8
6,vp6/run2_2018-05-23-11-05-00.ids_1,20,11824,11914,putting_on_jacket,9
6,vp6/run2_2018-05-23-11-05-00.ids_1,20,11914,11930,putting_on_jacket,10
6,vp6/run2_2018-05-23-11-05-00.ids_1,21,11930,12020,sitting_still,0
6,vp6/run2_2018-05-23-11-05-00.ids_1,21,12020,12110,sitting_still,1
6,vp6/run2_2018-05-23-11-05-00.ids_1,21,12110,12200,sitting_still,2
6,vp6/run2_2018-05-23-11-05-00.ids_1,21,12200,12213,sitting_still,3
6,vp6/run2_2018-05-23-11-05-00.ids_1,22,12230,12248,using_multimedia_display,0
6,vp6/run2_2018-05-23-11-05-00.ids_1,23,13060,13150,fetching_an_object,0
6,vp6/run2_2018-05-23-11-05-00.ids_1,23,13150,13165,fetching_an_object,1
6,vp6/run2_2018-05-23-11-05-00.ids_1,24,13165,13255,putting_on_sunglasses,0
6,vp6/run2_2018-05-23-11-05-00.ids_1,24,13255,13345,putting_on_sunglasses,1
6,vp6/run2_2018-05-23-11-05-00.ids_1,24,13345,13435,putting_on_sunglasses,2
6,vp6/run2_2018-05-23-11-05-00.ids_1,24,13435,13479,putting_on_sunglasses,3
6,vp6/run2_2018-05-23-11-05-00.ids_1,25,13557,13571,using_multimedia_display,0
6,vp6/run2_2018-05-23-11-05-00.ids_1,26,13600,13675,placing_an_object,0
6,vp6/run2_2018-05-23-11-05-00.ids_1,27,13675,13765,sitting_still,0
6,vp6/run2_2018-05-23-11-05-00.ids_1,27,13765,13855,sitting_still,1
6,vp6/run2_2018-05-23-11-05-00.ids_1,27,13855,13945,sitting_still,2
6,vp6/run2_2018-05-23-11-05-00.ids_1,27,13945,14035,sitting_still,3
6,vp6/run2_2018-05-23-11-05-00.ids_1,27,14035,14125,sitting_still,4
6,vp6/run2_2018-05-23-11-05-00.ids_1,27,14125,14215,sitting_still,5
6,vp6/run2_2018-05-23-11-05-00.ids_1,27,14215,14305,sitting_still,6
6,vp6/run2_2018-05-23-11-05-00.ids_1,27,14305,14395,sitting_still,7
6,vp6/run2_2018-05-23-11-05-00.ids_1,27,14395,14485,sitting_still,8
6,vp6/run2_2018-05-23-11-05-00.ids_1,27,14485,14497,sitting_still,9
6,vp6/run2_2018-05-23-11-05-00.ids_1,28,14497,14587,looking_or_moving_around (e.g. searching),0
6,vp6/run2_2018-05-23-11-05-00.ids_1,28,14587,14613,looking_or_moving_around (e.g. searching),1
6,vp6/run2_2018-05-23-11-05-00.ids_1,29,14613,14703,fetching_an_object,0
6,vp6/run2_2018-05-23-11-05-00.ids_1,29,14703,14766,fetching_an_object,1
6,vp6/run2_2018-05-23-11-05-00.ids_1,30,14766,14856,eating,0
6,vp6/run2_2018-05-23-11-05-00.ids_1,30,14856,14946,eating,1
6,vp6/run2_2018-05-23-11-05-00.ids_1,30,14946,15036,eating,2
6,vp6/run2_2018-05-23-11-05-00.ids_1,30,15036,15126,eating,3
6,vp6/run2_2018-05-23-11-05-00.ids_1,30,15126,15216,eating,4
6,vp6/run2_2018-05-23-11-05-00.ids_1,30,15216,15306,eating,5
6,vp6/run2_2018-05-23-11-05-00.ids_1,30,15306,15396,eating,6
6,vp6/run2_2018-05-23-11-05-00.ids_1,30,15396,15486,eating,7
6,vp6/run2_2018-05-23-11-05-00.ids_1,30,15486,15576,eating,8
6,vp6/run2_2018-05-23-11-05-00.ids_1,30,15576,15666,eating,9
6,vp6/run2_2018-05-23-11-05-00.ids_1,30,15666,15756,eating,10
6,vp6/run2_2018-05-23-11-05-00.ids_1,30,15756,15812,eating,11
6,vp6/run2_2018-05-23-11-05-00.ids_1,31,15812,15884,placing_an_object,0
6,vp6/run2_2018-05-23-11-05-00.ids_1,32,16652,16669,pressing_automation_button,0
6,vp6/run2_2018-05-23-11-05-00.ids_1,33,17297,17387,opening_bottle,0
6,vp6/run2_2018-05-23-11-05-00.ids_1,33,17387,17419,opening_bottle,1
6,vp6/run2_2018-05-23-11-05-00.ids_1,34,17419,17509,drinking,0
6,vp6/run2_2018-05-23-11-05-00.ids_1,34,17509,17599,drinking,1
6,vp6/run2_2018-05-23-11-05-00.ids_1,34,17599,17642,drinking,2
6,vp6/run2_2018-05-23-11-05-00.ids_1,35,17642,17732,closing_bottle,0
6,vp6/run2_2018-05-23-11-05-00.ids_1,35,17732,17747,closing_bottle,1
6,vp6/run2_2018-05-23-11-05-00.ids_1,36,17747,17837,placing_an_object,0
6,vp6/run2_2018-05-23-11-05-00.ids_1,36,17837,17880,placing_an_object,1
6,vp6/run2_2018-05-23-11-05-00.ids_1,37,17896,17912,using_multimedia_display,0
6,vp6/run2_2018-05-23-11-05-00.ids_1,38,18088,18178,taking_off_sunglasses,0
6,vp6/run2_2018-05-23-11-05-00.ids_1,38,18178,18244,taking_off_sunglasses,1
6,vp6/run2_2018-05-23-11-05-00.ids_1,39,18244,18334,putting_on_sunglasses,0
6,vp6/run2_2018-05-23-11-05-00.ids_1,39,18334,18418,putting_on_sunglasses,1
6,vp6/run2_2018-05-23-11-05-00.ids_1,40,18547,18573,using_multimedia_display,0
6,vp6/run2_2018-05-23-11-05-00.ids_1,41,18600,18690,sitting_still,0
6,vp6/run2_2018-05-23-11-05-00.ids_1,41,18690,18780,sitting_still,1
6,vp6/run2_2018-05-23-11-05-00.ids_1,41,18780,18870,sitting_still,2
6,vp6/run2_2018-05-23-11-05-00.ids_1,41,18870,18960,sitting_still,3
6,vp6/run2_2018-05-23-11-05-00.ids_1,41,18960,19050,sitting_still,4
6,vp6/run2_2018-05-23-11-05-00.ids_1,41,19050,19140,sitting_still,5
6,vp6/run2_2018-05-23-11-05-00.ids_1,41,19140,19230,sitting_still,6
6,vp6/run2_2018-05-23-11-05-00.ids_1,41,19230,19320,sitting_still,7
6,vp6/run2_2018-05-23-11-05-00.ids_1,41,19320,19410,sitting_still,8
6,vp6/run2_2018-05-23-11-05-00.ids_1,41,19410,19500,sitting_still,9
6,vp6/run2_2018-05-23-11-05-00.ids_1,41,19500,19590,sitting_still,10
6,vp6/run2_2018-05-23-11-05-00.ids_1,41,19590,19680,sitting_still,11
6,vp6/run2_2018-05-23-11-05-00.ids_1,41,19680,19770,sitting_still,12
6,vp6/run2_2018-05-23-11-05-00.ids_1,41,19770,19860,sitting_still,13
6,vp6/run2_2018-05-23-11-05-00.ids_1,41,19860,19918,sitting_still,14
6,vp6/run2_2018-05-23-11-05-00.ids_1,42,20722,20749,pressing_automation_button,0
6,vp6/run2_2018-05-23-11-05-00.ids_1,43,21002,21025,using_multimedia_display,0
6,vp6/run2_2018-05-23-11-05-00.ids_1,44,21098,21188,sitting_still,0
6,vp6/run2_2018-05-23-11-05-00.ids_1,44,21188,21278,sitting_still,1
6,vp6/run2_2018-05-23-11-05-00.ids_1,44,21278,21368,sitting_still,2
6,vp6/run2_2018-05-23-11-05-00.ids_1,44,21368,21458,sitting_still,3
6,vp6/run2_2018-05-23-11-05-00.ids_1,44,21458,21548,sitting_still,4
6,vp6/run2_2018-05-23-11-05-00.ids_1,44,21548,21638,sitting_still,5
6,vp6/run2_2018-05-23-11-05-00.ids_1,44,21638,21728,sitting_still,6
6,vp6/run2_2018-05-23-11-05-00.ids_1,44,21728,21818,sitting_still,7
6,vp6/run2_2018-05-23-11-05-00.ids_1,44,21818,21908,sitting_still,8
6,vp6/run2_2018-05-23-11-05-00.ids_1,44,21908,21998,sitting_still,9
6,vp6/run2_2018-05-23-11-05-00.ids_1,44,21998,22088,sitting_still,10
6,vp6/run2_2018-05-23-11-05-00.ids_1,44,22088,22178,sitting_still,11
6,vp6/run2_2018-05-23-11-05-00.ids_1,44,22178,22268,sitting_still,12
6,vp6/run2_2018-05-23-11-05-00.ids_1,44,22268,22358,sitting_still,13
6,vp6/run2_2018-05-23-11-05-00.ids_1,44,22358,22448,sitting_still,14
6,vp6/run2_2018-05-23-11-05-00.ids_1,44,22448,22538,sitting_still,15
6,vp6/run2_2018-05-23-11-05-00.ids_1,44,22538,22628,sitting_still,16
6,vp6/run2_2018-05-23-11-05-00.ids_1,44,22628,22718,sitting_still,17
6,vp6/run2_2018-05-23-11-05-00.ids_1,44,22718,22790,sitting_still,18
6,vp6/run2_2018-05-23-11-05-00.ids_1,45,22934,23024,sitting_still,0
6,vp6/run2_2018-05-23-11-05-00.ids_1,45,23024,23114,sitting_still,1
6,vp6/run2_2018-05-23-11-05-00.ids_1,45,23114,23204,sitting_still,2
6,vp6/run2_2018-05-23-11-05-00.ids_1,45,23204,23294,sitting_still,3
6,vp6/run2_2018-05-23-11-05-00.ids_1,45,23294,23384,sitting_still,4
6,vp6/run2_2018-05-23-11-05-00.ids_1,45,23384,23474,sitting_still,5
6,vp6/run2_2018-05-23-11-05-00.ids_1,45,23474,23564,sitting_still,6
6,vp6/run2_2018-05-23-11-05-00.ids_1,45,23564,23654,sitting_still,7
6,vp6/run2_2018-05-23-11-05-00.ids_1,45,23654,23744,sitting_still,8
6,vp6/run2_2018-05-23-11-05-00.ids_1,45,23744,23834,sitting_still,9
6,vp6/run2_2018-05-23-11-05-00.ids_1,45,23834,23924,sitting_still,10
6,vp6/run2_2018-05-23-11-05-00.ids_1,45,23924,24014,sitting_still,11
6,vp6/run2_2018-05-23-11-05-00.ids_1,45,24014,24104,sitting_still,12
6,vp6/run2_2018-05-23-11-05-00.ids_1,45,24104,24194,sitting_still,13
6,vp6/run2_2018-05-23-11-05-00.ids_1,45,24194,24284,sitting_still,14
6,vp6/run2_2018-05-23-11-05-00.ids_1,45,24284,24374,sitting_still,15
6,vp6/run2_2018-05-23-11-05-00.ids_1,45,24374,24464,sitting_still,16
6,vp6/run2_2018-05-23-11-05-00.ids_1,45,24464,24554,sitting_still,17
6,vp6/run2_2018-05-23-11-05-00.ids_1,45,24554,24644,sitting_still,18
6,vp6/run2_2018-05-23-11-05-00.ids_1,45,24644,24734,sitting_still,19
6,vp6/run2_2018-05-23-11-05-00.ids_1,45,24734,24824,sitting_still,20
6,vp6/run2_2018-05-23-11-05-00.ids_1,45,24824,24914,sitting_still,21
6,vp6/run2_2018-05-23-11-05-00.ids_1,45,24914,25004,sitting_still,22
6,vp6/run2_2018-05-23-11-05-00.ids_1,45,25004,25094,sitting_still,23
6,vp6/run2_2018-05-23-11-05-00.ids_1,45,25094,25184,sitting_still,24
6,vp6/run2_2018-05-23-11-05-00.ids_1,45,25184,25274,sitting_still,25
6,vp6/run2_2018-05-23-11-05-00.ids_1,45,25274,25364,sitting_still,26
6,vp6/run2_2018-05-23-11-05-00.ids_1,45,25364,25454,sitting_still,27
6,vp6/run2_2018-05-23-11-05-00.ids_1,45,25454,25544,sitting_still,28
6,vp6/run2_2018-05-23-11-05-00.ids_1,45,25544,25634,sitting_still,29
6,vp6/run2_2018-05-23-11-05-00.ids_1,45,25634,25724,sitting_still,30
6,vp6/run2_2018-05-23-11-05-00.ids_1,45,25724,25814,sitting_still,31
6,vp6/run2_2018-05-23-11-05-00.ids_1,45,25814,25904,sitting_still,32
6,vp6/run2_2018-05-23-11-05-00.ids_1,45,25904,25913,sitting_still,33
6,vp6/run2_2018-05-23-11-05-00.ids_1,46,25942,25969,using_multimedia_display,0
6,vp6/run2_2018-05-23-11-05-00.ids_1,47,25981,26071,fetching_an_object,0
6,vp6/run2_2018-05-23-11-05-00.ids_1,47,26071,26143,fetching_an_object,1
6,vp6/run2_2018-05-23-11-05-00.ids_1,48,26143,26216,opening_bottle,0
6,vp6/run2_2018-05-23-11-05-00.ids_1,49,26216,26306,drinking,0
6,vp6/run2_2018-05-23-11-05-00.ids_1,49,26306,26332,drinking,1
6,vp6/run2_2018-05-23-11-05-00.ids_1,50,26332,26419,closing_bottle,0
6,vp6/run2_2018-05-23-11-05-00.ids_1,51,26419,26474,placing_an_object,0
6,vp6/run2_2018-05-23-11-05-00.ids_1,52,26474,26564,fetching_an_object,0
6,vp6/run2_2018-05-23-11-05-00.ids_1,52,26564,26576,fetching_an_object,1
6,vp6/run2_2018-05-23-11-05-00.ids_1,53,26576,26666,eating,0
6,vp6/run2_2018-05-23-11-05-00.ids_1,53,26666,26731,eating,1
6,vp6/run2_2018-05-23-11-05-00.ids_1,54,26731,26809,placing_an_object,0
6,vp6/run2_2018-05-23-11-05-00.ids_1,55,26839,26856,using_multimedia_display,0
6,vp6/run2_2018-05-23-11-05-00.ids_1,56,26890,26980,sitting_still,0
6,vp6/run2_2018-05-23-11-05-00.ids_1,56,26980,27070,sitting_still,1
6,vp6/run2_2018-05-23-11-05-00.ids_1,56,27070,27160,sitting_still,2
6,vp6/run2_2018-05-23-11-05-00.ids_1,56,27160,27250,sitting_still,3
6,vp6/run2_2018-05-23-11-05-00.ids_1,56,27250,27340,sitting_still,4
6,vp6/run2_2018-05-23-11-05-00.ids_1,56,27340,27361,sitting_still,5
6,vp6/run2_2018-05-23-11-05-00.ids_1,57,27409,27499,fetching_an_object,0
6,vp6/run2_2018-05-23-11-05-00.ids_1,58,27499,27589,interacting_with_phone,0
6,vp6/run2_2018-05-23-11-05-00.ids_1,58,27589,27631,interacting_with_phone,1
6,vp6/run2_2018-05-23-11-05-00.ids_1,59,27631,27715,placing_an_object,0
6,vp6/run2_2018-05-23-11-05-00.ids_1,60,28272,28362,sitting_still,0
6,vp6/run2_2018-05-23-11-05-00.ids_1,60,28362,28452,sitting_still,1
6,vp6/run2_2018-05-23-11-05-00.ids_1,60,28452,28542,sitting_still,2
6,vp6/run2_2018-05-23-11-05-00.ids_1,60,28542,28632,sitting_still,3
6,vp6/run2_2018-05-23-11-05-00.ids_1,60,28632,28665,sitting_still,4
6,vp6/run2_2018-05-23-11-05-00.ids_1,61,28710,28800,interacting_with_phone,0
6,vp6/run2_2018-05-23-11-05-00.ids_1,62,28800,28890,placing_an_object,0
6,vp6/run2_2018-05-23-11-05-00.ids_1,62,28890,28957,placing_an_object,1
6,vp6/run2_2018-05-23-11-05-00.ids_1,63,28957,29047,sitting_still,0
6,vp6/run2_2018-05-23-11-05-00.ids_1,63,29047,29137,sitting_still,1
6,vp6/run2_2018-05-23-11-05-00.ids_1,63,29137,29227,sitting_still,2
6,vp6/run2_2018-05-23-11-05-00.ids_1,63,29227,29317,sitting_still,3
6,vp6/run2_2018-05-23-11-05-00.ids_1,63,29317,29407,sitting_still,4
6,vp6/run2_2018-05-23-11-05-00.ids_1,63,29407,29445,sitting_still,5
6,vp6/run2_2018-05-23-11-05-00.ids_1,64,29445,29535,fetching_an_object,0
6,vp6/run2_2018-05-23-11-05-00.ids_1,64,29535,29543,fetching_an_object,1
6,vp6/run2_2018-05-23-11-05-00.ids_1,65,29543,29633,eating,0
6,vp6/run2_2018-05-23-11-05-00.ids_1,65,29633,29723,eating,1
6,vp6/run2_2018-05-23-11-05-00.ids_1,65,29723,29813,eating,2
6,vp6/run2_2018-05-23-11-05-00.ids_1,65,29813,29903,eating,3
6,vp6/run2_2018-05-23-11-05-00.ids_1,65,29903,29993,eating,4
6,vp6/run2_2018-05-23-11-05-00.ids_1,65,29993,30039,eating,5
6,vp6/run2_2018-05-23-11-05-00.ids_1,66,30164,30254,fetching_an_object,0
6,vp6/run2_2018-05-23-11-05-00.ids_1,66,30254,30331,fetching_an_object,1
6,vp6/run2_2018-05-23-11-05-00.ids_1,67,30331,30421,placing_an_object,0
6,vp6/run2_2018-05-23-11-05-00.ids_1,67,30421,30443,placing_an_object,1
6,vp6/run2_2018-05-23-11-05-00.ids_1,68,30868,30939,opening_backpack,0
6,vp6/run2_2018-05-23-11-05-00.ids_1,69,30939,31029,taking_laptop_from_backpack,0
6,vp6/run2_2018-05-23-11-05-00.ids_1,69,31029,31078,taking_laptop_from_backpack,1
6,vp6/run2_2018-05-23-11-05-00.ids_1,70,31078,31168,placing_an_object,0
6,vp6/run2_2018-05-23-11-05-00.ids_1,70,31168,31258,placing_an_object,1
6,vp6/run2_2018-05-23-11-05-00.ids_1,70,31258,31264,placing_an_object,2
6,vp6/run2_2018-05-23-11-05-00.ids_1,71,31264,31354,opening_laptop,0
6,vp6/run2_2018-05-23-11-05-00.ids_1,71,31354,31438,opening_laptop,1
6,vp6/run2_2018-05-23-11-05-00.ids_1,72,31438,31528,working_on_laptop,0
6,vp6/run2_2018-05-23-11-05-00.ids_1,72,31528,31618,working_on_laptop,1
6,vp6/run2_2018-05-23-11-05-00.ids_1,72,31618,31708,working_on_laptop,2
6,vp6/run2_2018-05-23-11-05-00.ids_1,72,31708,31798,working_on_laptop,3
6,vp6/run2_2018-05-23-11-05-00.ids_1,72,31798,31888,working_on_laptop,4
6,vp6/run2_2018-05-23-11-05-00.ids_1,72,31888,31978,working_on_laptop,5
6,vp6/run2_2018-05-23-11-05-00.ids_1,72,31978,32068,working_on_laptop,6
6,vp6/run2_2018-05-23-11-05-00.ids_1,72,32068,32073,working_on_laptop,7
6,vp6/run2_2018-05-23-11-05-00.ids_1,73,32154,32244,fetching_an_object,0
6,vp6/run2_2018-05-23-11-05-00.ids_1,73,32244,32267,fetching_an_object,1
6,vp6/run2_2018-05-23-11-05-00.ids_1,74,32267,32357,interacting_with_phone,0
6,vp6/run2_2018-05-23-11-05-00.ids_1,74,32357,32447,interacting_with_phone,1
6,vp6/run2_2018-05-23-11-05-00.ids_1,74,32447,32537,interacting_with_phone,2
6,vp6/run2_2018-05-23-11-05-00.ids_1,74,32537,32627,interacting_with_phone,3
6,vp6/run2_2018-05-23-11-05-00.ids_1,74,32627,32717,interacting_with_phone,4
6,vp6/run2_2018-05-23-11-05-00.ids_1,74,32717,32807,interacting_with_phone,5
6,vp6/run2_2018-05-23-11-05-00.ids_1,74,32807,32897,interacting_with_phone,6
6,vp6/run2_2018-05-23-11-05-00.ids_1,74,32897,32987,interacting_with_phone,7
6,vp6/run2_2018-05-23-11-05-00.ids_1,74,32987,33077,interacting_with_phone,8
6,vp6/run2_2018-05-23-11-05-00.ids_1,74,33077,33146,interacting_with_phone,9
6,vp6/run2_2018-05-23-11-05-00.ids_1,75,33146,33236,placing_an_object,0
6,vp6/run2_2018-05-23-11-05-00.ids_1,75,33236,33248,placing_an_object,1
6,vp6/run2_2018-05-23-11-05-00.ids_1,76,33285,33375,working_on_laptop,0
6,vp6/run2_2018-05-23-11-05-00.ids_1,76,33375,33465,working_on_laptop,1
6,vp6/run2_2018-05-23-11-05-00.ids_1,76,33465,33532,working_on_laptop,2
6,vp6/run2_2018-05-23-11-05-00.ids_1,77,33532,33622,closing_laptop,0
6,vp6/run2_2018-05-23-11-05-00.ids_1,77,33622,33660,closing_laptop,1
6,vp6/run2_2018-05-23-11-05-00.ids_1,78,33660,33750,putting_laptop_into_backpack,0
6,vp6/run2_2018-05-23-11-05-00.ids_1,78,33750,33840,putting_laptop_into_backpack,1
6,vp6/run2_2018-05-23-11-05-00.ids_1,78,33840,33930,putting_laptop_into_backpack,2
6,vp6/run2_2018-05-23-11-05-00.ids_1,78,33930,34020,putting_laptop_into_backpack,3
6,vp6/run2_2018-05-23-11-05-00.ids_1,78,34020,34060,putting_laptop_into_backpack,4
6,vp6/run2_2018-05-23-11-05-00.ids_1,79,34062,34152,closing_backpack,0
6,vp6/run2_2018-05-23-11-05-00.ids_1,79,34152,34242,closing_backpack,1
6,vp6/run2_2018-05-23-11-05-00.ids_1,79,34242,34332,closing_backpack,2
6,vp6/run2_2018-05-23-11-05-00.ids_1,80,34498,34512,using_multimedia_display,0
6,vp6/run2_2018-05-23-11-05-00.ids_1,81,34563,34624,fetching_an_object,0
6,vp6/run2_2018-05-23-11-05-00.ids_1,82,34624,34714,putting_on_sunglasses,0
6,vp6/run2_2018-05-23-11-05-00.ids_1,82,34714,34790,putting_on_sunglasses,1
6,vp6/run2_2018-05-23-11-05-00.ids_1,83,34790,34880,sitting_still,0
6,vp6/run2_2018-05-23-11-05-00.ids_1,83,34880,34970,sitting_still,1
6,vp6/run2_2018-05-23-11-05-00.ids_1,83,34970,35060,sitting_still,2
6,vp6/run2_2018-05-23-11-05-00.ids_1,83,35060,35150,sitting_still,3
6,vp6/run2_2018-05-23-11-05-00.ids_1,83,35150,35240,sitting_still,4
6,vp6/run2_2018-05-23-11-05-00.ids_1,83,35240,35330,sitting_still,5
6,vp6/run2_2018-05-23-11-05-00.ids_1,83,35330,35420,sitting_still,6
6,vp6/run2_2018-05-23-11-05-00.ids_1,83,35420,35449,sitting_still,7
6,vp6/run2_2018-05-23-11-05-00.ids_1,84,35474,35564,taking_off_sunglasses,0
6,vp6/run2_2018-05-23-11-05-00.ids_1,84,35564,35575,taking_off_sunglasses,1
6,vp6/run2_2018-05-23-11-05-00.ids_1,85,35575,35661,placing_an_object,0
6,vp6/run2_2018-05-23-11-05-00.ids_1,86,35690,35707,using_multimedia_display,0
6,vp6/run2_2018-05-23-11-05-00.ids_1,87,35725,35815,sitting_still,0
6,vp6/run2_2018-05-23-11-05-00.ids_1,87,35815,35905,sitting_still,1
6,vp6/run2_2018-05-23-11-05-00.ids_1,87,35905,35995,sitting_still,2
6,vp6/run2_2018-05-23-11-05-00.ids_1,87,35995,36085,sitting_still,3
6,vp6/run2_2018-05-23-11-05-00.ids_1,87,36085,36175,sitting_still,4
6,vp6/run2_2018-05-23-11-05-00.ids_1,87,36175,36265,sitting_still,5
6,vp6/run2_2018-05-23-11-05-00.ids_1,87,36265,36270,sitting_still,6
6,vp6/run2_2018-05-23-11-05-00.ids_1,88,36270,36360,fetching_an_object,0
6,vp6/run2_2018-05-23-11-05-00.ids_1,88,36360,36394,fetching_an_object,1
6,vp6/run2_2018-05-23-11-05-00.ids_1,89,36394,36484,reading_newspaper,0
6,vp6/run2_2018-05-23-11-05-00.ids_1,89,36484,36574,reading_newspaper,1
6,vp6/run2_2018-05-23-11-05-00.ids_1,89,36574,36664,reading_newspaper,2
6,vp6/run2_2018-05-23-11-05-00.ids_1,89,36664,36754,reading_newspaper,3
6,vp6/run2_2018-05-23-11-05-00.ids_1,89,36754,36844,reading_newspaper,4
6,vp6/run2_2018-05-23-11-05-00.ids_1,89,36844,36934,reading_newspaper,5
6,vp6/run2_2018-05-23-11-05-00.ids_1,89,36934,37024,reading_newspaper,6
6,vp6/run2_2018-05-23-11-05-00.ids_1,89,37024,37114,reading_newspaper,7
6,vp6/run2_2018-05-23-11-05-00.ids_1,89,37114,37204,reading_newspaper,8
6,vp6/run2_2018-05-23-11-05-00.ids_1,89,37204,37294,reading_newspaper,9
6,vp6/run2_2018-05-23-11-05-00.ids_1,89,37294,37384,reading_newspaper,10
6,vp6/run2_2018-05-23-11-05-00.ids_1,89,37384,37474,reading_newspaper,11
6,vp6/run2_2018-05-23-11-05-00.ids_1,89,37474,37564,reading_newspaper,12
6,vp6/run2_2018-05-23-11-05-00.ids_1,89,37564,37616,reading_newspaper,13
6,vp6/run2_2018-05-23-11-05-00.ids_1,90,37616,37683,fetching_an_object,0
6,vp6/run2_2018-05-23-11-05-00.ids_1,91,37683,37773,writing,0
6,vp6/run2_2018-05-23-11-05-00.ids_1,91,37773,37863,writing,1
6,vp6/run2_2018-05-23-11-05-00.ids_1,91,37863,37953,writing,2
6,vp6/run2_2018-05-23-11-05-00.ids_1,91,37953,38043,writing,3
6,vp6/run2_2018-05-23-11-05-00.ids_1,91,38043,38122,writing,4
6,vp6/run2_2018-05-23-11-05-00.ids_1,92,38122,38185,placing_an_object,0
6,vp6/run2_2018-05-23-11-05-00.ids_1,93,38223,38232,using_multimedia_display,0
6,vp6/run2_2018-05-23-11-05-00.ids_1,94,38247,38337,sitting_still,0
6,vp6/run2_2018-05-23-11-05-00.ids_1,94,38337,38427,sitting_still,1
6,vp6/run2_2018-05-23-11-05-00.ids_1,94,38427,38517,sitting_still,2
6,vp6/run2_2018-05-23-11-05-00.ids_1,94,38517,38607,sitting_still,3
6,vp6/run2_2018-05-23-11-05-00.ids_1,94,38607,38697,sitting_still,4
6,vp6/run2_2018-05-23-11-05-00.ids_1,94,38697,38752,sitting_still,5
6,vp6/run2_2018-05-23-11-05-00.ids_1,95,38752,38842,putting_on_jacket,0
6,vp6/run2_2018-05-23-11-05-00.ids_1,95,38842,38932,putting_on_jacket,1
6,vp6/run2_2018-05-23-11-05-00.ids_1,95,38932,39022,putting_on_jacket,2
6,vp6/run2_2018-05-23-11-05-00.ids_1,95,39022,39112,putting_on_jacket,3
6,vp6/run2_2018-05-23-11-05-00.ids_1,95,39112,39202,putting_on_jacket,4
6,vp6/run2_2018-05-23-11-05-00.ids_1,95,39202,39292,putting_on_jacket,5
6,vp6/run2_2018-05-23-11-05-00.ids_1,95,39292,39370,putting_on_jacket,6
6,vp6/run2_2018-05-23-11-05-00.ids_1,96,39370,39460,placing_an_object,0
6,vp6/run2_2018-05-23-11-05-00.ids_1,96,39460,39497,placing_an_object,1
6,vp6/run2_2018-05-23-11-05-00.ids_1,97,39532,39538,using_multimedia_display,0
6,vp6/run2_2018-05-23-11-05-00.ids_1,98,39592,39682,sitting_still,0
6,vp6/run2_2018-05-23-11-05-00.ids_1,98,39682,39772,sitting_still,1
6,vp6/run2_2018-05-23-11-05-00.ids_1,98,39772,39862,sitting_still,2
6,vp6/run2_2018-05-23-11-05-00.ids_1,98,39862,39952,sitting_still,3
6,vp6/run2_2018-05-23-11-05-00.ids_1,98,39952,40042,sitting_still,4
6,vp6/run2_2018-05-23-11-05-00.ids_1,98,40042,40132,sitting_still,5
6,vp6/run2_2018-05-23-11-05-00.ids_1,98,40132,40222,sitting_still,6
6,vp6/run2_2018-05-23-11-05-00.ids_1,98,40222,40312,sitting_still,7
6,vp6/run2_2018-05-23-11-05-00.ids_1,98,40312,40402,sitting_still,8
6,vp6/run2_2018-05-23-11-05-00.ids_1,98,40402,40492,sitting_still,9
6,vp6/run2_2018-05-23-11-05-00.ids_1,98,40492,40525,sitting_still,10
6,vp6/run2_2018-05-23-11-05-00.ids_1,99,40615,40642,pressing_automation_button,0
6,vp6/run2_2018-05-23-11-05-00.ids_1,100,41184,41234,using_multimedia_display,0
6,vp6/run2_2018-05-23-11-05-00.ids_1,101,41525,41554,pressing_automation_button,0
6,vp6/run2_2018-05-23-11-05-00.ids_1,102,41576,41638,using_multimedia_display,0
6,vp6/run2_2018-05-23-11-05-00.ids_1,103,41674,41764,pressing_automation_button,0
6,vp6/run2_2018-05-23-11-05-00.ids_1,104,41786,41798,using_multimedia_display,0
6,vp6/run2_2018-05-23-11-05-00.ids_1,105,41825,41870,pressing_automation_button,0
6,vp6/run2_2018-05-23-11-05-00.ids_1,106,41894,41979,unfastening_seat_belt,0
6,vp6/run2_2018-05-23-11-05-00.ids_1,107,41992,42082,opening_door_inside,0
6,vp6/run2_2018-05-23-11-05-00.ids_1,107,42082,42132,opening_door_inside,1
6,vp6/run2_2018-05-23-11-05-00.ids_1,108,42132,42196,fetching_an_object,0
6,vp6/run2_2018-05-23-11-05-00.ids_1,109,42196,42286,exiting_car,0
6,vp6/run2_2018-05-23-11-05-00.ids_1,109,42286,42331,exiting_car,1
7,vp7/run1_2018-05-23-13-16-52.ids_1,0,214,242,opening_door_outside,0
7,vp7/run1_2018-05-23-13-16-52.ids_1,1,242,309,entering_car,0
7,vp7/run1_2018-05-23-13-16-52.ids_1,2,309,325,closing_door_inside,0
7,vp7/run1_2018-05-23-13-16-52.ids_1,3,981,1071,fastening_seat_belt,0
7,vp7/run1_2018-05-23-13-16-52.ids_1,3,1071,1161,fastening_seat_belt,1
7,vp7/run1_2018-05-23-13-16-52.ids_1,3,1161,1251,fastening_seat_belt,2
7,vp7/run1_2018-05-23-13-16-52.ids_1,3,1251,1341,fastening_seat_belt,3
7,vp7/run1_2018-05-23-13-16-52.ids_1,3,1341,1425,fastening_seat_belt,4
7,vp7/run1_2018-05-23-13-16-52.ids_1,4,1467,1485,using_multimedia_display,0
7,vp7/run1_2018-05-23-13-16-52.ids_1,5,6793,6808,pressing_automation_button,0
7,vp7/run1_2018-05-23-13-16-52.ids_1,6,7063,7071,pressing_automation_button,0
7,vp7/run1_2018-05-23-13-16-52.ids_1,7,8030,8044,pressing_automation_button,0
7,vp7/run1_2018-05-23-13-16-52.ids_1,8,8103,8114,using_multimedia_display,0
7,vp7/run1_2018-05-23-13-16-52.ids_1,9,8153,8243,sitting_still,0
7,vp7/run1_2018-05-23-13-16-52.ids_1,9,8243,8333,sitting_still,1
7,vp7/run1_2018-05-23-13-16-52.ids_1,9,8333,8423,sitting_still,2
7,vp7/run1_2018-05-23-13-16-52.ids_1,9,8423,8513,sitting_still,3
7,vp7/run1_2018-05-23-13-16-52.ids_1,9,8513,8568,sitting_still,4
7,vp7/run1_2018-05-23-13-16-52.ids_1,10,8586,8676,fetching_an_object,0
7,vp7/run1_2018-05-23-13-16-52.ids_1,10,8676,8766,fetching_an_object,1
7,vp7/run1_2018-05-23-13-16-52.ids_1,10,8766,8850,fetching_an_object,2
7,vp7/run1_2018-05-23-13-16-52.ids_1,11,8850,8940,eating,0
7,vp7/run1_2018-05-23-13-16-52.ids_1,11,8940,9030,eating,1
7,vp7/run1_2018-05-23-13-16-52.ids_1,11,9030,9120,eating,2
7,vp7/run1_2018-05-23-13-16-52.ids_1,11,9120,9210,eating,3
7,vp7/run1_2018-05-23-13-16-52.ids_1,11,9210,9300,eating,4
7,vp7/run1_2018-05-23-13-16-52.ids_1,11,9300,9390,eating,5
7,vp7/run1_2018-05-23-13-16-52.ids_1,11,9390,9480,eating,6
7,vp7/run1_2018-05-23-13-16-52.ids_1,11,9480,9495,eating,7
7,vp7/run1_2018-05-23-13-16-52.ids_1,12,9495,9579,fetching_an_object,0
7,vp7/run1_2018-05-23-13-16-52.ids_1,13,9579,9669,opening_bottle,0
7,vp7/run1_2018-05-23-13-16-52.ids_1,13,9669,9759,opening_bottle,1
7,vp7/run1_2018-05-23-13-16-52.ids_1,13,9759,9766,opening_bottle,2
7,vp7/run1_2018-05-23-13-16-52.ids_1,14,9766,9856,placing_an_object,0
7,vp7/run1_2018-05-23-13-16-52.ids_1,14,9856,9863,placing_an_object,1
7,vp7/run1_2018-05-23-13-16-52.ids_1,15,9863,9953,opening_bottle,0
7,vp7/run1_2018-05-23-13-16-52.ids_1,15,9953,9993,opening_bottle,1
7,vp7/run1_2018-05-23-13-16-52.ids_1,16,9993,10083,drinking,0
7,vp7/run1_2018-05-23-13-16-52.ids_1,16,10083,10173,drinking,1
7,vp7/run1_2018-05-23-13-16-52.ids_1,16,10173,10263,drinking,2
7,vp7/run1_2018-05-23-13-16-52.ids_1,16,10263,10330,drinking,3
7,vp7/run1_2018-05-23-13-16-52.ids_1,17,10330,10420,closing_bottle,0
7,vp7/run1_2018-05-23-13-16-52.ids_1,18,10420,10492,placing_an_object,0
7,vp7/run1_2018-05-23-13-16-52.ids_1,19,10536,10567,using_multimedia_display,0
7,vp7/run1_2018-05-23-13-16-52.ids_1,20,10608,10620,pressing_automation_button,0
7,vp7/run1_2018-05-23-13-16-52.ids_1,21,10662,10669,pressing_automation_button,0
7,vp7/run1_2018-05-23-13-16-52.ids_1,22,11229,11311,fetching_an_object,0
7,vp7/run1_2018-05-23-13-16-52.ids_1,23,11397,11487,reading_magazine,0
7,vp7/run1_2018-05-23-13-16-52.ids_1,23,11487,11577,reading_magazine,1
7,vp7/run1_2018-05-23-13-16-52.ids_1,23,11577,11667,reading_magazine,2
7,vp7/run1_2018-05-23-13-16-52.ids_1,23,11667,11757,reading_magazine,3
7,vp7/run1_2018-05-23-13-16-52.ids_1,24,11757,11812,using_multimedia_display,0
7,vp7/run1_2018-05-23-13-16-52.ids_1,25,11836,11850,pressing_automation_button,0
7,vp7/run1_2018-05-23-13-16-52.ids_1,26,11889,11913,using_multimedia_display,0
7,vp7/run1_2018-05-23-13-16-52.ids_1,27,11943,12033,reading_magazine,0
7,vp7/run1_2018-05-23-13-16-52.ids_1,27,12033,12108,reading_magazine,1
7,vp7/run1_2018-05-23-13-16-52.ids_1,28,12163,12242,reading_magazine,0
7,vp7/run1_2018-05-23-13-16-52.ids_1,29,12242,12332,placing_an_object,0
7,vp7/run1_2018-05-23-13-16-52.ids_1,30,12350,12440,sitting_still,0
7,vp7/run1_2018-05-23-13-16-52.ids_1,30,12440,12530,sitting_still,1
7,vp7/run1_2018-05-23-13-16-52.ids_1,30,12530,12620,sitting_still,2
7,vp7/run1_2018-05-23-13-16-52.ids_1,30,12620,12643,sitting_still,3
7,vp7/run1_2018-05-23-13-16-52.ids_1,31,12763,12823,fetching_an_object,0
7,vp7/run1_2018-05-23-13-16-52.ids_1,32,12823,12913,putting_on_sunglasses,0
7,vp7/run1_2018-05-23-13-16-52.ids_1,32,12913,12990,putting_on_sunglasses,1
7,vp7/run1_2018-05-23-13-16-52.ids_1,33,13038,13051,using_multimedia_display,0
7,vp7/run1_2018-05-23-13-16-52.ids_1,34,13078,13168,sitting_still,0
7,vp7/run1_2018-05-23-13-16-52.ids_1,34,13168,13258,sitting_still,1
7,vp7/run1_2018-05-23-13-16-52.ids_1,34,13258,13348,sitting_still,2
7,vp7/run1_2018-05-23-13-16-52.ids_1,34,13348,13438,sitting_still,3
7,vp7/run1_2018-05-23-13-16-52.ids_1,34,13438,13528,sitting_still,4
7,vp7/run1_2018-05-23-13-16-52.ids_1,34,13528,13618,sitting_still,5
7,vp7/run1_2018-05-23-13-16-52.ids_1,34,13618,13708,sitting_still,6
7,vp7/run1_2018-05-23-13-16-52.ids_1,34,13708,13798,sitting_still,7
7,vp7/run1_2018-05-23-13-16-52.ids_1,34,13798,13888,sitting_still,8
7,vp7/run1_2018-05-23-13-16-52.ids_1,34,13888,13978,sitting_still,9
7,vp7/run1_2018-05-23-13-16-52.ids_1,34,13978,14068,sitting_still,10
7,vp7/run1_2018-05-23-13-16-52.ids_1,34,14068,14158,sitting_still,11
7,vp7/run1_2018-05-23-13-16-52.ids_1,34,14158,14248,sitting_still,12
7,vp7/run1_2018-05-23-13-16-52.ids_1,34,14248,14330,sitting_still,13
7,vp7/run1_2018-05-23-13-16-52.ids_1,35,14344,14434,fetching_an_object,0
7,vp7/run1_2018-05-23-13-16-52.ids_1,35,14434,14441,fetching_an_object,1
7,vp7/run1_2018-05-23-13-16-52.ids_1,36,14441,14531,interacting_with_phone,0
7,vp7/run1_2018-05-23-13-16-52.ids_1,36,14531,14596,interacting_with_phone,1
7,vp7/run1_2018-05-23-13-16-52.ids_1,37,14596,14686,talking_on_phone,0
7,vp7/run1_2018-05-23-13-16-52.ids_1,37,14686,14776,talking_on_phone,1
7,vp7/run1_2018-05-23-13-16-52.ids_1,37,14776,14824,talking_on_phone,2
7,vp7/run1_2018-05-23-13-16-52.ids_1,38,14828,14918,interacting_with_phone,0
7,vp7/run1_2018-05-23-13-16-52.ids_1,38,14918,15008,interacting_with_phone,1
7,vp7/run1_2018-05-23-13-16-52.ids_1,38,15008,15098,interacting_with_phone,2
7,vp7/run1_2018-05-23-13-16-52.ids_1,39,15098,15177,placing_an_object,0
7,vp7/run1_2018-05-23-13-16-52.ids_1,40,15177,15267,fetching_an_object,0
7,vp7/run1_2018-05-23-13-16-52.ids_1,40,15267,15289,fetching_an_object,1
7,vp7/run1_2018-05-23-13-16-52.ids_1,41,15289,15379,reading_newspaper,0
7,vp7/run1_2018-05-23-13-16-52.ids_1,41,15379,15428,reading_newspaper,1
7,vp7/run1_2018-05-23-13-16-52.ids_1,42,15428,15490,taking_off_sunglasses,0
7,vp7/run1_2018-05-23-13-16-52.ids_1,43,15490,15580,placing_an_object,0
7,vp7/run1_2018-05-23-13-16-52.ids_1,43,15580,15670,placing_an_object,1
7,vp7/run1_2018-05-23-13-16-52.ids_1,43,15670,15681,placing_an_object,2
7,vp7/run1_2018-05-23-13-16-52.ids_1,44,15681,15771,reading_newspaper,0
7,vp7/run1_2018-05-23-13-16-52.ids_1,44,15771,15861,reading_newspaper,1
7,vp7/run1_2018-05-23-13-16-52.ids_1,44,15861,15951,reading_newspaper,2
7,vp7/run1_2018-05-23-13-16-52.ids_1,44,15951,16041,reading_newspaper,3
7,vp7/run1_2018-05-23-13-16-52.ids_1,44,16041,16131,reading_newspaper,4
7,vp7/run1_2018-05-23-13-16-52.ids_1,44,16131,16221,reading_newspaper,5
7,vp7/run1_2018-05-23-13-16-52.ids_1,44,16221,16311,reading_newspaper,6
7,vp7/run1_2018-05-23-13-16-52.ids_1,44,16311,16401,reading_newspaper,7
7,vp7/run1_2018-05-23-13-16-52.ids_1,44,16401,16491,reading_newspaper,8
7,vp7/run1_2018-05-23-13-16-52.ids_1,44,16491,16581,reading_newspaper,9
7,vp7/run1_2018-05-23-13-16-52.ids_1,44,16581,16671,reading_newspaper,10
7,vp7/run1_2018-05-23-13-16-52.ids_1,44,16671,16761,reading_newspaper,11
7,vp7/run1_2018-05-23-13-16-52.ids_1,44,16761,16851,reading_newspaper,12
7,vp7/run1_2018-05-23-13-16-52.ids_1,44,16851,16941,reading_newspaper,13
7,vp7/run1_2018-05-23-13-16-52.ids_1,44,16941,16983,reading_newspaper,14
7,vp7/run1_2018-05-23-13-16-52.ids_1,45,17001,17036,using_multimedia_display,0
7,vp7/run1_2018-05-23-13-16-52.ids_1,46,17062,17142,using_multimedia_display,0
7,vp7/run1_2018-05-23-13-16-52.ids_1,47,17425,17499,using_multimedia_display,0
7,vp7/run1_2018-05-23-13-16-52.ids_1,48,17632,17715,reading_newspaper,0
7,vp7/run1_2018-05-23-13-16-52.ids_1,49,17715,17805,placing_an_object,0
7,vp7/run1_2018-05-23-13-16-52.ids_1,49,17805,17840,placing_an_object,1
7,vp7/run1_2018-05-23-13-16-52.ids_1,50,17840,17872,using_multimedia_display,0
7,vp7/run1_2018-05-23-13-16-52.ids_1,51,18195,18263,fetching_an_object,0
7,vp7/run1_2018-05-23-13-16-52.ids_1,52,18331,18403,fetching_an_object,0
7,vp7/run1_2018-05-23-13-16-52.ids_1,53,18403,18493,reading_newspaper,0
7,vp7/run1_2018-05-23-13-16-52.ids_1,53,18493,18583,reading_newspaper,1
7,vp7/run1_2018-05-23-13-16-52.ids_1,53,18583,18673,reading_newspaper,2
7,vp7/run1_2018-05-23-13-16-52.ids_1,53,18673,18692,reading_newspaper,3
7,vp7/run1_2018-05-23-13-16-52.ids_1,54,18692,18752,placing_an_object,0
7,vp7/run1_2018-05-23-13-16-52.ids_1,55,18752,18842,writing,0
7,vp7/run1_2018-05-23-13-16-52.ids_1,55,18842,18932,writing,1
7,vp7/run1_2018-05-23-13-16-52.ids_1,55,18932,19004,writing,2
7,vp7/run1_2018-05-23-13-16-52.ids_1,56,19004,19094,placing_an_object,0
7,vp7/run1_2018-05-23-13-16-52.ids_1,56,19094,19167,placing_an_object,1
7,vp7/run1_2018-05-23-13-16-52.ids_1,57,19167,19179,using_multimedia_display,0
7,vp7/run1_2018-05-23-13-16-52.ids_1,58,19204,19294,sitting_still,0
7,vp7/run1_2018-05-23-13-16-52.ids_1,58,19294,19384,sitting_still,1
7,vp7/run1_2018-05-23-13-16-52.ids_1,58,19384,19454,sitting_still,2
7,vp7/run1_2018-05-23-13-16-52.ids_1,59,19482,19572,fetching_an_object,0
7,vp7/run1_2018-05-23-13-16-52.ids_1,59,19572,19593,fetching_an_object,1
7,vp7/run1_2018-05-23-13-16-52.ids_1,60,19593,19683,eating,0
7,vp7/run1_2018-05-23-13-16-52.ids_1,60,19683,19773,eating,1
7,vp7/run1_2018-05-23-13-16-52.ids_1,60,19773,19863,eating,2
7,vp7/run1_2018-05-23-13-16-52.ids_1,60,19863,19953,eating,3
7,vp7/run1_2018-05-23-13-16-52.ids_1,60,19953,20043,eating,4
7,vp7/run1_2018-05-23-13-16-52.ids_1,60,20043,20133,eating,5
7,vp7/run1_2018-05-23-13-16-52.ids_1,60,20133,20223,eating,6
7,vp7/run1_2018-05-23-13-16-52.ids_1,60,20223,20292,eating,7
7,vp7/run1_2018-05-23-13-16-52.ids_1,61,20292,20382,placing_an_object,0
7,vp7/run1_2018-05-23-13-16-52.ids_1,61,20382,20391,placing_an_object,1
7,vp7/run1_2018-05-23-13-16-52.ids_1,62,20562,20652,looking_or_moving_around (e.g. searching),0
7,vp7/run1_2018-05-23-13-16-52.ids_1,62,20652,20687,looking_or_moving_around (e.g. searching),1
7,vp7/run1_2018-05-23-13-16-52.ids_1,63,20740,20830,opening_backpack,0
7,vp7/run1_2018-05-23-13-16-52.ids_1,63,20830,20845,opening_backpack,1
7,vp7/run1_2018-05-23-13-16-52.ids_1,64,20846,20936,fetching_an_object,0
7,vp7/run1_2018-05-23-13-16-52.ids_1,65,20936,21016,placing_an_object,0
7,vp7/run1_2018-05-23-13-16-52.ids_1,66,21016,21106,opening_laptop,0
7,vp7/run1_2018-05-23-13-16-52.ids_1,66,21106,21180,opening_laptop,1
7,vp7/run1_2018-05-23-13-16-52.ids_1,67,21180,21270,working_on_laptop,0
7,vp7/run1_2018-05-23-13-16-52.ids_1,67,21270,21360,working_on_laptop,1
7,vp7/run1_2018-05-23-13-16-52.ids_1,67,21360,21450,working_on_laptop,2
7,vp7/run1_2018-05-23-13-16-52.ids_1,67,21450,21540,working_on_laptop,3
7,vp7/run1_2018-05-23-13-16-52.ids_1,67,21540,21630,working_on_laptop,4
7,vp7/run1_2018-05-23-13-16-52.ids_1,67,21630,21720,working_on_laptop,5
7,vp7/run1_2018-05-23-13-16-52.ids_1,67,21720,21810,working_on_laptop,6
7,vp7/run1_2018-05-23-13-16-52.ids_1,67,21810,21900,working_on_laptop,7
7,vp7/run1_2018-05-23-13-16-52.ids_1,67,21900,21990,working_on_laptop,8
7,vp7/run1_2018-05-23-13-16-52.ids_1,67,21990,22080,working_on_laptop,9
7,vp7/run1_2018-05-23-13-16-52.ids_1,67,22080,22105,working_on_laptop,10
7,vp7/run1_2018-05-23-13-16-52.ids_1,68,22105,22159,fetching_an_object,0
7,vp7/run1_2018-05-23-13-16-52.ids_1,69,22159,22249,interacting_with_phone,0
7,vp7/run1_2018-05-23-13-16-52.ids_1,69,22249,22339,interacting_with_phone,1
7,vp7/run1_2018-05-23-13-16-52.ids_1,69,22339,22429,interacting_with_phone,2
7,vp7/run1_2018-05-23-13-16-52.ids_1,69,22429,22519,interacting_with_phone,3
7,vp7/run1_2018-05-23-13-16-52.ids_1,69,22519,22609,interacting_with_phone,4
7,vp7/run1_2018-05-23-13-16-52.ids_1,69,22609,22699,interacting_with_phone,5
7,vp7/run1_2018-05-23-13-16-52.ids_1,69,22699,22789,interacting_with_phone,6
7,vp7/run1_2018-05-23-13-16-52.ids_1,69,22789,22879,interacting_with_phone,7
7,vp7/run1_2018-05-23-13-16-52.ids_1,69,22879,22969,interacting_with_phone,8
7,vp7/run1_2018-05-23-13-16-52.ids_1,69,22969,22977,interacting_with_phone,9
7,vp7/run1_2018-05-23-13-16-52.ids_1,70,22980,23070,placing_an_object,0
7,vp7/run1_2018-05-23-13-16-52.ids_1,71,23073,23163,working_on_laptop,0
7,vp7/run1_2018-05-23-13-16-52.ids_1,71,23163,23253,working_on_laptop,1
7,vp7/run1_2018-05-23-13-16-52.ids_1,72,23253,23295,closing_laptop,0
7,vp7/run1_2018-05-23-13-16-52.ids_1,73,23295,23385,placing_an_object,0
7,vp7/run1_2018-05-23-13-16-52.ids_1,73,23385,23401,placing_an_object,1
7,vp7/run1_2018-05-23-13-16-52.ids_1,74,23401,23491,closing_backpack,0
7,vp7/run1_2018-05-23-13-16-52.ids_1,74,23491,23521,closing_backpack,1
7,vp7/run1_2018-05-23-13-16-52.ids_1,75,23552,23567,using_multimedia_display,0
7,vp7/run1_2018-05-23-13-16-52.ids_1,76,23594,23684,sitting_still,0
7,vp7/run1_2018-05-23-13-16-52.ids_1,76,23684,23774,sitting_still,1
7,vp7/run1_2018-05-23-13-16-52.ids_1,76,23774,23864,sitting_still,2
7,vp7/run1_2018-05-23-13-16-52.ids_1,76,23864,23954,sitting_still,3
7,vp7/run1_2018-05-23-13-16-52.ids_1,76,23954,23959,sitting_still,4
7,vp7/run1_2018-05-23-13-16-52.ids_1,77,24092,24097,pressing_automation_button,0
7,vp7/run1_2018-05-23-13-16-52.ids_1,78,24182,24272,sitting_still,0
7,vp7/run1_2018-05-23-13-16-52.ids_1,78,24272,24362,sitting_still,1
7,vp7/run1_2018-05-23-13-16-52.ids_1,78,24362,24434,sitting_still,2
7,vp7/run1_2018-05-23-13-16-52.ids_1,79,24467,24544,using_multimedia_display,0
7,vp7/run1_2018-05-23-13-16-52.ids_1,80,24580,24652,fetching_an_object,0
7,vp7/run1_2018-05-23-13-16-52.ids_1,81,24652,24742,eating,0
7,vp7/run1_2018-05-23-13-16-52.ids_1,81,24742,24832,eating,1
7,vp7/run1_2018-05-23-13-16-52.ids_1,81,24832,24922,eating,2
7,vp7/run1_2018-05-23-13-16-52.ids_1,81,24922,25012,eating,3
7,vp7/run1_2018-05-23-13-16-52.ids_1,81,25012,25102,eating,4
7,vp7/run1_2018-05-23-13-16-52.ids_1,81,25102,25192,eating,5
7,vp7/run1_2018-05-23-13-16-52.ids_1,81,25192,25282,eating,6
7,vp7/run1_2018-05-23-13-16-52.ids_1,81,25282,25372,eating,7
7,vp7/run1_2018-05-23-13-16-52.ids_1,81,25372,25462,eating,8
7,vp7/run1_2018-05-23-13-16-52.ids_1,81,25462,25552,eating,9
7,vp7/run1_2018-05-23-13-16-52.ids_1,81,25552,25642,eating,10
7,vp7/run1_2018-05-23-13-16-52.ids_1,81,25642,25732,eating,11
7,vp7/run1_2018-05-23-13-16-52.ids_1,81,25732,25822,eating,12
7,vp7/run1_2018-05-23-13-16-52.ids_1,81,25822,25912,eating,13
7,vp7/run1_2018-05-23-13-16-52.ids_1,81,25912,26002,eating,14
7,vp7/run1_2018-05-23-13-16-52.ids_1,81,26002,26092,eating,15
7,vp7/run1_2018-05-23-13-16-52.ids_1,81,26092,26182,eating,16
7,vp7/run1_2018-05-23-13-16-52.ids_1,81,26182,26272,eating,17
7,vp7/run1_2018-05-23-13-16-52.ids_1,81,26272,26362,eating,18
7,vp7/run1_2018-05-23-13-16-52.ids_1,81,26362,26374,eating,19
7,vp7/run1_2018-05-23-13-16-52.ids_1,82,26374,26464,fetching_an_object,0
7,vp7/run1_2018-05-23-13-16-52.ids_1,82,26464,26486,fetching_an_object,1
7,vp7/run1_2018-05-23-13-16-52.ids_1,83,26520,26610,opening_bottle,0
7,vp7/run1_2018-05-23-13-16-52.ids_1,83,26610,26700,opening_bottle,1
7,vp7/run1_2018-05-23-13-16-52.ids_1,83,26700,26790,opening_bottle,2
7,vp7/run1_2018-05-23-13-16-52.ids_1,83,26790,26880,opening_bottle,3
7,vp7/run1_2018-05-23-13-16-52.ids_1,83,26880,26970,opening_bottle,4
7,vp7/run1_2018-05-23-13-16-52.ids_1,83,26970,26983,opening_bottle,5
7,vp7/run1_2018-05-23-13-16-52.ids_1,84,27121,27211,drinking,0
7,vp7/run1_2018-05-23-13-16-52.ids_1,84,27211,27301,drinking,1
7,vp7/run1_2018-05-23-13-16-52.ids_1,84,27301,27372,drinking,2
7,vp7/run1_2018-05-23-13-16-52.ids_1,85,27372,27462,closing_bottle,0
7,vp7/run1_2018-05-23-13-16-52.ids_1,85,27462,27552,closing_bottle,1
7,vp7/run1_2018-05-23-13-16-52.ids_1,85,27552,27632,closing_bottle,2
7,vp7/run1_2018-05-23-13-16-52.ids_1,86,27685,27775,placing_an_object,0
7,vp7/run1_2018-05-23-13-16-52.ids_1,87,27956,27964,pressing_automation_button,0
7,vp7/run1_2018-05-23-13-16-52.ids_1,88,28660,28731,using_multimedia_display,0
7,vp7/run1_2018-05-23-13-16-52.ids_1,89,28804,28820,using_multimedia_display,0
7,vp7/run1_2018-05-23-13-16-52.ids_1,90,29433,29446,pressing_automation_button,0
7,vp7/run1_2018-05-23-13-16-52.ids_1,91,29547,29583,using_multimedia_display,0
7,vp7/run1_2018-05-23-13-16-52.ids_1,92,29940,29974,using_multimedia_display,0
7,vp7/run1_2018-05-23-13-16-52.ids_1,93,30007,30097,sitting_still,0
7,vp7/run1_2018-05-23-13-16-52.ids_1,93,30097,30187,sitting_still,1
7,vp7/run1_2018-05-23-13-16-52.ids_1,93,30187,30277,sitting_still,2
7,vp7/run1_2018-05-23-13-16-52.ids_1,93,30277,30367,sitting_still,3
7,vp7/run1_2018-05-23-13-16-52.ids_1,93,30367,30383,sitting_still,4
7,vp7/run1_2018-05-23-13-16-52.ids_1,94,30489,30497,using_multimedia_display,0
7,vp7/run1_2018-05-23-13-16-52.ids_1,95,30540,30630,sitting_still,0
7,vp7/run1_2018-05-23-13-16-52.ids_1,95,30630,30720,sitting_still,1
7,vp7/run1_2018-05-23-13-16-52.ids_1,95,30720,30810,sitting_still,2
7,vp7/run1_2018-05-23-13-16-52.ids_1,95,30810,30900,sitting_still,3
7,vp7/run1_2018-05-23-13-16-52.ids_1,95,30900,30990,sitting_still,4
7,vp7/run1_2018-05-23-13-16-52.ids_1,95,30990,31024,sitting_still,5
7,vp7/run1_2018-05-23-13-16-52.ids_1,96,31039,31129,fetching_an_object,0
7,vp7/run1_2018-05-23-13-16-52.ids_1,96,31129,31152,fetching_an_object,1
7,vp7/run1_2018-05-23-13-16-52.ids_1,97,31152,31242,putting_on_jacket,0
7,vp7/run1_2018-05-23-13-16-52.ids_1,97,31242,31257,putting_on_jacket,1
7,vp7/run1_2018-05-23-13-16-52.ids_1,98,31257,31347,unfastening_seat_belt,0
7,vp7/run1_2018-05-23-13-16-52.ids_1,98,31347,31375,unfastening_seat_belt,1
7,vp7/run1_2018-05-23-13-16-52.ids_1,99,31375,31465,putting_on_jacket,0
7,vp7/run1_2018-05-23-13-16-52.ids_1,99,31465,31555,putting_on_jacket,1
7,vp7/run1_2018-05-23-13-16-52.ids_1,99,31555,31593,putting_on_jacket,2
7,vp7/run1_2018-05-23-13-16-52.ids_1,100,31593,31683,fastening_seat_belt,0
7,vp7/run1_2018-05-23-13-16-52.ids_1,100,31683,31773,fastening_seat_belt,1
7,vp7/run1_2018-05-23-13-16-52.ids_1,100,31773,31797,fastening_seat_belt,2
7,vp7/run1_2018-05-23-13-16-52.ids_1,101,31797,31851,fetching_an_object,0
7,vp7/run1_2018-05-23-13-16-52.ids_1,102,31851,31941,interacting_with_phone,0
7,vp7/run1_2018-05-23-13-16-52.ids_1,102,31941,31953,interacting_with_phone,1
7,vp7/run1_2018-05-23-13-16-52.ids_1,103,31953,32037,placing_an_object,0
7,vp7/run1_2018-05-23-13-16-52.ids_1,104,32037,32047,using_multimedia_display,0
7,vp7/run1_2018-05-23-13-16-52.ids_1,105,32067,32157,sitting_still,0
7,vp7/run1_2018-05-23-13-16-52.ids_1,105,32157,32182,sitting_still,1
7,vp7/run1_2018-05-23-13-16-52.ids_1,106,32182,32272,fetching_an_object,0
7,vp7/run1_2018-05-23-13-16-52.ids_1,106,32272,32278,fetching_an_object,1
7,vp7/run1_2018-05-23-13-16-52.ids_1,107,32278,32368,interacting_with_phone,0
7,vp7/run1_2018-05-23-13-16-52.ids_1,107,32368,32455,interacting_with_phone,1
7,vp7/run1_2018-05-23-13-16-52.ids_1,108,32455,32545,talking_on_phone,0
7,vp7/run1_2018-05-23-13-16-52.ids_1,108,32545,32635,talking_on_phone,1
7,vp7/run1_2018-05-23-13-16-52.ids_1,108,32635,32725,talking_on_phone,2
7,vp7/run1_2018-05-23-13-16-52.ids_1,108,32725,32815,talking_on_phone,3
7,vp7/run1_2018-05-23-13-16-52.ids_1,108,32815,32905,talking_on_phone,4
7,vp7/run1_2018-05-23-13-16-52.ids_1,108,32905,32995,talking_on_phone,5
7,vp7/run1_2018-05-23-13-16-52.ids_1,108,32995,33085,talking_on_phone,6
7,vp7/run1_2018-05-23-13-16-52.ids_1,108,33085,33175,talking_on_phone,7
7,vp7/run1_2018-05-23-13-16-52.ids_1,108,33175,33213,talking_on_phone,8
7,vp7/run1_2018-05-23-13-16-52.ids_1,109,33213,33223,pressing_automation_button,0
7,vp7/run1_2018-05-23-13-16-52.ids_1,110,33223,33313,talking_on_phone,0
7,vp7/run1_2018-05-23-13-16-52.ids_1,110,33313,33361,talking_on_phone,1
7,vp7/run1_2018-05-23-13-16-52.ids_1,111,33361,33448,interacting_with_phone,0
7,vp7/run1_2018-05-23-13-16-52.ids_1,112,33448,33527,placing_an_object,0
7,vp7/run1_2018-05-23-13-16-52.ids_1,113,36770,36776,pressing_automation_button,0
7,vp7/run1_2018-05-23-13-16-52.ids_1,114,36819,36880,unfastening_seat_belt,0
7,vp7/run1_2018-05-23-13-16-52.ids_1,115,36880,36970,taking_off_jacket,0
7,vp7/run1_2018-05-23-13-16-52.ids_1,115,36970,37060,taking_off_jacket,1
7,vp7/run1_2018-05-23-13-16-52.ids_1,115,37060,37150,taking_off_jacket,2
7,vp7/run1_2018-05-23-13-16-52.ids_1,115,37150,37240,taking_off_jacket,3
7,vp7/run1_2018-05-23-13-16-52.ids_1,115,37240,37298,taking_off_jacket,4
7,vp7/run1_2018-05-23-13-16-52.ids_1,116,37298,37340,placing_an_object,0
7,vp7/run1_2018-05-23-13-16-52.ids_1,117,37340,37430,fastening_seat_belt,0
7,vp7/run1_2018-05-23-13-16-52.ids_1,117,37430,37449,fastening_seat_belt,1
7,vp7/run1_2018-05-23-13-16-52.ids_1,118,38041,38059,using_multimedia_display,0
7,vp7/run1_2018-05-23-13-16-52.ids_1,119,38985,38997,pressing_automation_button,0
7,vp7/run1_2018-05-23-13-16-52.ids_1,120,39334,39390,unfastening_seat_belt,0
7,vp7/run1_2018-05-23-13-16-52.ids_1,121,39390,39397,using_multimedia_display,0
7,vp7/run1_2018-05-23-13-16-52.ids_1,122,39488,39578,fetching_an_object,0
7,vp7/run1_2018-05-23-13-16-52.ids_1,123,39740,39782,opening_door_inside,0
7,vp7/run1_2018-05-23-13-16-52.ids_1,124,39782,39823,placing_an_object,0
7,vp7/run1_2018-05-23-13-16-52.ids_1,125,39867,39935,exiting_car,0
7,vp7/run2b_2018-05-23-13-54-07.ids_1,0,166,194,opening_door_outside,0
7,vp7/run2b_2018-05-23-13-54-07.ids_1,1,194,255,entering_car,0
7,vp7/run2b_2018-05-23-13-54-07.ids_1,2,255,262,closing_door_inside,0
7,vp7/run2b_2018-05-23-13-54-07.ids_1,3,946,962,using_multimedia_display,0
7,vp7/run2b_2018-05-23-13-54-07.ids_1,4,972,1062,fastening_seat_belt,0
7,vp7/run2b_2018-05-23-13-54-07.ids_1,4,1062,1149,fastening_seat_belt,1
7,vp7/run2b_2018-05-23-13-54-07.ids_1,5,6272,6292,pressing_automation_button,0
7,vp7/run2b_2018-05-23-13-54-07.ids_1,6,6322,6339,using_multimedia_display,0
7,vp7/run2b_2018-05-23-13-54-07.ids_1,7,6583,6673,fetching_an_object,0
7,vp7/run2b_2018-05-23-13-54-07.ids_1,8,6673,6736,putting_on_sunglasses,0
7,vp7/run2b_2018-05-23-13-54-07.ids_1,9,6736,6754,using_multimedia_display,0
7,vp7/run2b_2018-05-23-13-54-07.ids_1,10,6766,6778,using_multimedia_display,0
7,vp7/run2b_2018-05-23-13-54-07.ids_1,11,6810,6900,sitting_still,0
7,vp7/run2b_2018-05-23-13-54-07.ids_1,11,6900,6990,sitting_still,1
7,vp7/run2b_2018-05-23-13-54-07.ids_1,11,6990,7080,sitting_still,2
7,vp7/run2b_2018-05-23-13-54-07.ids_1,11,7080,7170,sitting_still,3
7,vp7/run2b_2018-05-23-13-54-07.ids_1,11,7170,7260,sitting_still,4
7,vp7/run2b_2018-05-23-13-54-07.ids_1,11,7260,7350,sitting_still,5
7,vp7/run2b_2018-05-23-13-54-07.ids_1,11,7350,7440,sitting_still,6
7,vp7/run2b_2018-05-23-13-54-07.ids_1,11,7440,7530,sitting_still,7
7,vp7/run2b_2018-05-23-13-54-07.ids_1,11,7530,7620,sitting_still,8
7,vp7/run2b_2018-05-23-13-54-07.ids_1,11,7620,7710,sitting_still,9
7,vp7/run2b_2018-05-23-13-54-07.ids_1,11,7710,7800,sitting_still,10
7,vp7/run2b_2018-05-23-13-54-07.ids_1,11,7800,7890,sitting_still,11
7,vp7/run2b_2018-05-23-13-54-07.ids_1,11,7890,7973,sitting_still,12
7,vp7/run2b_2018-05-23-13-54-07.ids_1,12,8036,8126,fetching_an_object,0
7,vp7/run2b_2018-05-23-13-54-07.ids_1,12,8126,8200,fetching_an_object,1
7,vp7/run2b_2018-05-23-13-54-07.ids_1,13,8200,8290,reading_newspaper,0
7,vp7/run2b_2018-05-23-13-54-07.ids_1,13,8290,8380,reading_newspaper,1
7,vp7/run2b_2018-05-23-13-54-07.ids_1,13,8380,8470,reading_newspaper,2
7,vp7/run2b_2018-05-23-13-54-07.ids_1,13,8470,8560,reading_newspaper,3
7,vp7/run2b_2018-05-23-13-54-07.ids_1,13,8560,8650,reading_newspaper,4
7,vp7/run2b_2018-05-23-13-54-07.ids_1,13,8650,8720,reading_newspaper,5
7,vp7/run2b_2018-05-23-13-54-07.ids_1,14,8720,8810,placing_an_object,0
7,vp7/run2b_2018-05-23-13-54-07.ids_1,14,8810,8838,placing_an_object,1
7,vp7/run2b_2018-05-23-13-54-07.ids_1,15,8838,8919,fetching_an_object,0
7,vp7/run2b_2018-05-23-13-54-07.ids_1,16,8919,9009,writing,0
7,vp7/run2b_2018-05-23-13-54-07.ids_1,16,9009,9099,writing,1
7,vp7/run2b_2018-05-23-13-54-07.ids_1,16,9099,9128,writing,2
7,vp7/run2b_2018-05-23-13-54-07.ids_1,17,9128,9182,placing_an_object,0
7,vp7/run2b_2018-05-23-13-54-07.ids_1,18,9182,9196,using_multimedia_display,0
7,vp7/run2b_2018-05-23-13-54-07.ids_1,19,9220,9310,sitting_still,0
7,vp7/run2b_2018-05-23-13-54-07.ids_1,19,9310,9400,sitting_still,1
7,vp7/run2b_2018-05-23-13-54-07.ids_1,19,9400,9490,sitting_still,2
7,vp7/run2b_2018-05-23-13-54-07.ids_1,19,9490,9580,sitting_still,3
7,vp7/run2b_2018-05-23-13-54-07.ids_1,19,9580,9670,sitting_still,4
7,vp7/run2b_2018-05-23-13-54-07.ids_1,19,9670,9760,sitting_still,5
7,vp7/run2b_2018-05-23-13-54-07.ids_1,19,9760,9850,sitting_still,6
7,vp7/run2b_2018-05-23-13-54-07.ids_1,19,9850,9940,sitting_still,7
7,vp7/run2b_2018-05-23-13-54-07.ids_1,19,9940,10030,sitting_still,8
7,vp7/run2b_2018-05-23-13-54-07.ids_1,19,10030,10120,sitting_still,9
7,vp7/run2b_2018-05-23-13-54-07.ids_1,19,10120,10210,sitting_still,10
7,vp7/run2b_2018-05-23-13-54-07.ids_1,19,10210,10300,sitting_still,11
7,vp7/run2b_2018-05-23-13-54-07.ids_1,19,10300,10390,sitting_still,12
7,vp7/run2b_2018-05-23-13-54-07.ids_1,19,10390,10461,sitting_still,13
7,vp7/run2b_2018-05-23-13-54-07.ids_1,20,10492,10582,looking_or_moving_around (e.g. searching),0
7,vp7/run2b_2018-05-23-13-54-07.ids_1,20,10582,10672,looking_or_moving_around (e.g. searching),1
7,vp7/run2b_2018-05-23-13-54-07.ids_1,20,10672,10695,looking_or_moving_around (e.g. searching),2
7,vp7/run2b_2018-05-23-13-54-07.ids_1,21,10695,10785,fetching_an_object,0
7,vp7/run2b_2018-05-23-13-54-07.ids_1,21,10785,10875,fetching_an_object,1
7,vp7/run2b_2018-05-23-13-54-07.ids_1,21,10875,10954,fetching_an_object,2
7,vp7/run2b_2018-05-23-13-54-07.ids_1,22,10954,11044,reading_magazine,0
7,vp7/run2b_2018-05-23-13-54-07.ids_1,22,11044,11134,reading_magazine,1
7,vp7/run2b_2018-05-23-13-54-07.ids_1,22,11134,11224,reading_magazine,2
7,vp7/run2b_2018-05-23-13-54-07.ids_1,22,11224,11314,reading_magazine,3
7,vp7/run2b_2018-05-23-13-54-07.ids_1,22,11314,11404,reading_magazine,4
7,vp7/run2b_2018-05-23-13-54-07.ids_1,22,11404,11494,reading_magazine,5
7,vp7/run2b_2018-05-23-13-54-07.ids_1,22,11494,11584,reading_magazine,6
7,vp7/run2b_2018-05-23-13-54-07.ids_1,22,11584,11674,reading_magazine,7
7,vp7/run2b_2018-05-23-13-54-07.ids_1,22,11674,11764,reading_magazine,8
7,vp7/run2b_2018-05-23-13-54-07.ids_1,22,11764,11854,reading_magazine,9
7,vp7/run2b_2018-05-23-13-54-07.ids_1,22,11854,11944,reading_magazine,10
7,vp7/run2b_2018-05-23-13-54-07.ids_1,22,11944,12034,reading_magazine,11
7,vp7/run2b_2018-05-23-13-54-07.ids_1,22,12034,12097,reading_magazine,12
7,vp7/run2b_2018-05-23-13-54-07.ids_1,23,12123,12199,placing_an_object,0
7,vp7/run2b_2018-05-23-13-54-07.ids_1,24,12199,12256,fetching_an_object,0
7,vp7/run2b_2018-05-23-13-54-07.ids_1,25,12256,12346,writing,0
7,vp7/run2b_2018-05-23-13-54-07.ids_1,25,12346,12436,writing,1
7,vp7/run2b_2018-05-23-13-54-07.ids_1,25,12436,12480,writing,2
7,vp7/run2b_2018-05-23-13-54-07.ids_1,26,12480,12570,placing_an_object,0
7,vp7/run2b_2018-05-23-13-54-07.ids_1,26,12570,12660,placing_an_object,1
7,vp7/run2b_2018-05-23-13-54-07.ids_1,26,12660,12736,placing_an_object,2
7,vp7/run2b_2018-05-23-13-54-07.ids_1,27,12736,12750,using_multimedia_display,0
7,vp7/run2b_2018-05-23-13-54-07.ids_1,28,12783,12873,sitting_still,0
7,vp7/run2b_2018-05-23-13-54-07.ids_1,28,12873,12963,sitting_still,1
7,vp7/run2b_2018-05-23-13-54-07.ids_1,28,12963,13053,sitting_still,2
7,vp7/run2b_2018-05-23-13-54-07.ids_1,28,13053,13143,sitting_still,3
7,vp7/run2b_2018-05-23-13-54-07.ids_1,28,13143,13233,sitting_still,4
7,vp7/run2b_2018-05-23-13-54-07.ids_1,28,13233,13275,sitting_still,5
7,vp7/run2b_2018-05-23-13-54-07.ids_1,29,13293,13376,taking_off_sunglasses,0
7,vp7/run2b_2018-05-23-13-54-07.ids_1,30,13376,13450,placing_an_object,0
7,vp7/run2b_2018-05-23-13-54-07.ids_1,31,13450,13468,using_multimedia_display,0
7,vp7/run2b_2018-05-23-13-54-07.ids_1,32,13501,13591,sitting_still,0
7,vp7/run2b_2018-05-23-13-54-07.ids_1,32,13591,13681,sitting_still,1
7,vp7/run2b_2018-05-23-13-54-07.ids_1,32,13681,13703,sitting_still,2
7,vp7/run2b_2018-05-23-13-54-07.ids_1,33,13735,13767,using_multimedia_display,0
7,vp7/run2b_2018-05-23-13-54-07.ids_1,34,13821,13911,sitting_still,0
7,vp7/run2b_2018-05-23-13-54-07.ids_1,34,13911,14001,sitting_still,1
7,vp7/run2b_2018-05-23-13-54-07.ids_1,34,14001,14091,sitting_still,2
7,vp7/run2b_2018-05-23-13-54-07.ids_1,34,14091,14181,sitting_still,3
7,vp7/run2b_2018-05-23-13-54-07.ids_1,34,14181,14224,sitting_still,4
7,vp7/run2b_2018-05-23-13-54-07.ids_1,35,14245,14310,fetching_an_object,0
7,vp7/run2b_2018-05-23-13-54-07.ids_1,36,14310,14356,opening_bottle,0
7,vp7/run2b_2018-05-23-13-54-07.ids_1,37,14356,14446,drinking,0
7,vp7/run2b_2018-05-23-13-54-07.ids_1,37,14446,14536,drinking,1
7,vp7/run2b_2018-05-23-13-54-07.ids_1,37,14536,14626,drinking,2
7,vp7/run2b_2018-05-23-13-54-07.ids_1,37,14626,14716,drinking,3
7,vp7/run2b_2018-05-23-13-54-07.ids_1,37,14716,14791,drinking,4
7,vp7/run2b_2018-05-23-13-54-07.ids_1,38,14791,14881,closing_bottle,0
7,vp7/run2b_2018-05-23-13-54-07.ids_1,38,14881,14924,closing_bottle,1
7,vp7/run2b_2018-05-23-13-54-07.ids_1,39,14924,15003,placing_an_object,0
7,vp7/run2b_2018-05-23-13-54-07.ids_1,40,15218,15231,pressing_automation_button,0
7,vp7/run2b_2018-05-23-13-54-07.ids_1,41,15370,15447,using_multimedia_display,0
7,vp7/run2b_2018-05-23-13-54-07.ids_1,42,15471,15478,pressing_automation_button,0
7,vp7/run2b_2018-05-23-13-54-07.ids_1,43,16735,16792,fetching_an_object,0
7,vp7/run2b_2018-05-23-13-54-07.ids_1,44,16792,16882,interacting_with_phone,0
7,vp7/run2b_2018-05-23-13-54-07.ids_1,44,16882,16972,interacting_with_phone,1
7,vp7/run2b_2018-05-23-13-54-07.ids_1,44,16972,16984,interacting_with_phone,2
7,vp7/run2b_2018-05-23-13-54-07.ids_1,45,16984,17074,talking_on_phone,0
7,vp7/run2b_2018-05-23-13-54-07.ids_1,45,17074,17164,talking_on_phone,1
7,vp7/run2b_2018-05-23-13-54-07.ids_1,45,17164,17254,talking_on_phone,2
7,vp7/run2b_2018-05-23-13-54-07.ids_1,45,17254,17344,talking_on_phone,3
7,vp7/run2b_2018-05-23-13-54-07.ids_1,45,17344,17434,talking_on_phone,4
7,vp7/run2b_2018-05-23-13-54-07.ids_1,45,17434,17524,talking_on_phone,5
7,vp7/run2b_2018-05-23-13-54-07.ids_1,45,17524,17563,talking_on_phone,6
7,vp7/run2b_2018-05-23-13-54-07.ids_1,46,17563,17626,interacting_with_phone,0
7,vp7/run2b_2018-05-23-13-54-07.ids_1,47,17626,17661,placing_an_object,0
7,vp7/run2b_2018-05-23-13-54-07.ids_1,48,17661,17668,pressing_automation_button,0
7,vp7/run2b_2018-05-23-13-54-07.ids_1,49,17719,17809,sitting_still,0
7,vp7/run2b_2018-05-23-13-54-07.ids_1,49,17809,17899,sitting_still,1
7,vp7/run2b_2018-05-23-13-54-07.ids_1,49,17899,17989,sitting_still,2
7,vp7/run2b_2018-05-23-13-54-07.ids_1,49,17989,18079,sitting_still,3
7,vp7/run2b_2018-05-23-13-54-07.ids_1,49,18079,18169,sitting_still,4
7,vp7/run2b_2018-05-23-13-54-07.ids_1,49,18169,18259,sitting_still,5
7,vp7/run2b_2018-05-23-13-54-07.ids_1,49,18259,18349,sitting_still,6
7,vp7/run2b_2018-05-23-13-54-07.ids_1,49,18349,18439,sitting_still,7
7,vp7/run2b_2018-05-23-13-54-07.ids_1,49,18439,18529,sitting_still,8
7,vp7/run2b_2018-05-23-13-54-07.ids_1,50,18529,18619,unfastening_seat_belt,0
7,vp7/run2b_2018-05-23-13-54-07.ids_1,50,18619,18645,unfastening_seat_belt,1
7,vp7/run2b_2018-05-23-13-54-07.ids_1,51,18645,18679,fetching_an_object,0
7,vp7/run2b_2018-05-23-13-54-07.ids_1,52,18679,18769,putting_on_jacket,0
7,vp7/run2b_2018-05-23-13-54-07.ids_1,52,18769,18859,putting_on_jacket,1
7,vp7/run2b_2018-05-23-13-54-07.ids_1,52,18859,18949,putting_on_jacket,2
7,vp7/run2b_2018-05-23-13-54-07.ids_1,52,18949,19039,putting_on_jacket,3
7,vp7/run2b_2018-05-23-13-54-07.ids_1,52,19039,19101,putting_on_jacket,4
7,vp7/run2b_2018-05-23-13-54-07.ids_1,53,19101,19191,fastening_seat_belt,0
7,vp7/run2b_2018-05-23-13-54-07.ids_1,53,19191,19234,fastening_seat_belt,1
7,vp7/run2b_2018-05-23-13-54-07.ids_1,54,19234,19253,using_multimedia_display,0
7,vp7/run2b_2018-05-23-13-54-07.ids_1,55,19282,19293,using_multimedia_display,0
7,vp7/run2b_2018-05-23-13-54-07.ids_1,56,19354,19365,using_multimedia_display,0
7,vp7/run2b_2018-05-23-13-54-07.ids_1,57,19402,19492,sitting_still,0
7,vp7/run2b_2018-05-23-13-54-07.ids_1,57,19492,19582,sitting_still,1
7,vp7/run2b_2018-05-23-13-54-07.ids_1,57,19582,19672,sitting_still,2
7,vp7/run2b_2018-05-23-13-54-07.ids_1,57,19672,19684,sitting_still,3
7,vp7/run2b_2018-05-23-13-54-07.ids_1,58,19702,19792,fetching_an_object,0
7,vp7/run2b_2018-05-23-13-54-07.ids_1,58,19792,19882,fetching_an_object,1
7,vp7/run2b_2018-05-23-13-54-07.ids_1,58,19882,19927,fetching_an_object,2
7,vp7/run2b_2018-05-23-13-54-07.ids_1,59,19927,19952,placing_an_object,0
7,vp7/run2b_2018-05-23-13-54-07.ids_1,60,20127,20217,opening_backpack,0
7,vp7/run2b_2018-05-23-13-54-07.ids_1,60,20217,20235,opening_backpack,1
7,vp7/run2b_2018-05-23-13-54-07.ids_1,61,20235,20307,fetching_an_object,0
7,vp7/run2b_2018-05-23-13-54-07.ids_1,62,20307,20397,opening_laptop,0
7,vp7/run2b_2018-05-23-13-54-07.ids_1,62,20397,20409,opening_laptop,1
7,vp7/run2b_2018-05-23-13-54-07.ids_1,63,20409,20499,working_on_laptop,0
7,vp7/run2b_2018-05-23-13-54-07.ids_1,63,20499,20589,working_on_laptop,1
7,vp7/run2b_2018-05-23-13-54-07.ids_1,63,20589,20679,working_on_laptop,2
7,vp7/run2b_2018-05-23-13-54-07.ids_1,63,20679,20769,working_on_laptop,3
7,vp7/run2b_2018-05-23-13-54-07.ids_1,63,20769,20859,working_on_laptop,4
7,vp7/run2b_2018-05-23-13-54-07.ids_1,63,20859,20949,working_on_laptop,5
7,vp7/run2b_2018-05-23-13-54-07.ids_1,63,20949,21039,working_on_laptop,6
7,vp7/run2b_2018-05-23-13-54-07.ids_1,63,21039,21129,working_on_laptop,7
7,vp7/run2b_2018-05-23-13-54-07.ids_1,63,21129,21219,working_on_laptop,8
7,vp7/run2b_2018-05-23-13-54-07.ids_1,63,21219,21226,working_on_laptop,9
7,vp7/run2b_2018-05-23-13-54-07.ids_1,64,21226,21261,closing_laptop,0
7,vp7/run2b_2018-05-23-13-54-07.ids_1,65,21261,21351,placing_an_object,0
7,vp7/run2b_2018-05-23-13-54-07.ids_1,65,21351,21411,placing_an_object,1
7,vp7/run2b_2018-05-23-13-54-07.ids_1,66,21411,21465,closing_backpack,0
7,vp7/run2b_2018-05-23-13-54-07.ids_1,67,21465,21514,placing_an_object,0
7,vp7/run2b_2018-05-23-13-54-07.ids_1,68,21514,21555,fetching_an_object,0
7,vp7/run2b_2018-05-23-13-54-07.ids_1,69,21559,21649,interacting_with_phone,0
7,vp7/run2b_2018-05-23-13-54-07.ids_1,69,21649,21739,interacting_with_phone,1
7,vp7/run2b_2018-05-23-13-54-07.ids_1,69,21739,21829,interacting_with_phone,2
7,vp7/run2b_2018-05-23-13-54-07.ids_1,69,21829,21919,interacting_with_phone,3
7,vp7/run2b_2018-05-23-13-54-07.ids_1,69,21919,22009,interacting_with_phone,4
7,vp7/run2b_2018-05-23-13-54-07.ids_1,70,22009,22065,placing_an_object,0
7,vp7/run2b_2018-05-23-13-54-07.ids_1,71,22065,22072,using_multimedia_display,0
7,vp7/run2b_2018-05-23-13-54-07.ids_1,72,22072,22124,fetching_an_object,0
7,vp7/run2b_2018-05-23-13-54-07.ids_1,73,22124,22214,placing_an_object,0
7,vp7/run2b_2018-05-23-13-54-07.ids_1,73,22214,22238,placing_an_object,1
7,vp7/run2b_2018-05-23-13-54-07.ids_1,74,22238,22258,using_multimedia_display,0
7,vp7/run2b_2018-05-23-13-54-07.ids_1,75,22283,22373,sitting_still,0
7,vp7/run2b_2018-05-23-13-54-07.ids_1,75,22373,22463,sitting_still,1
7,vp7/run2b_2018-05-23-13-54-07.ids_1,75,22463,22553,sitting_still,2
7,vp7/run2b_2018-05-23-13-54-07.ids_1,75,22553,22569,sitting_still,3
7,vp7/run2b_2018-05-23-13-54-07.ids_1,76,22697,22755,fetching_an_object,0
7,vp7/run2b_2018-05-23-13-54-07.ids_1,77,22755,22817,fetching_an_object,0
7,vp7/run2b_2018-05-23-13-54-07.ids_1,78,22817,22880,interacting_with_phone,0
7,vp7/run2b_2018-05-23-13-54-07.ids_1,79,22880,22970,talking_on_phone,0
7,vp7/run2b_2018-05-23-13-54-07.ids_1,79,22970,23060,talking_on_phone,1
7,vp7/run2b_2018-05-23-13-54-07.ids_1,79,23060,23150,talking_on_phone,2
7,vp7/run2b_2018-05-23-13-54-07.ids_1,79,23150,23240,talking_on_phone,3
7,vp7/run2b_2018-05-23-13-54-07.ids_1,79,23240,23307,talking_on_phone,4
7,vp7/run2b_2018-05-23-13-54-07.ids_1,80,23307,23340,interacting_with_phone,0
7,vp7/run2b_2018-05-23-13-54-07.ids_1,81,23340,23376,talking_on_phone,0
7,vp7/run2b_2018-05-23-13-54-07.ids_1,82,23376,23404,interacting_with_phone,0
7,vp7/run2b_2018-05-23-13-54-07.ids_1,83,23404,23475,placing_an_object,0
7,vp7/run2b_2018-05-23-13-54-07.ids_1,84,23479,23507,pressing_automation_button,0
7,vp7/run2b_2018-05-23-13-54-07.ids_1,85,23589,23617,placing_an_object,0
7,vp7/run2b_2018-05-23-13-54-07.ids_1,86,23807,23815,using_multimedia_display,0
7,vp7/run2b_2018-05-23-13-54-07.ids_1,87,24727,24743,pressing_automation_button,0
7,vp7/run2b_2018-05-23-13-54-07.ids_1,88,24827,24909,unfastening_seat_belt,0
7,vp7/run2b_2018-05-23-13-54-07.ids_1,89,24909,24999,taking_off_jacket,0
7,vp7/run2b_2018-05-23-13-54-07.ids_1,89,24999,25089,taking_off_jacket,1
7,vp7/run2b_2018-05-23-13-54-07.ids_1,89,25089,25171,taking_off_jacket,2
7,vp7/run2b_2018-05-23-13-54-07.ids_1,90,25171,25255,placing_an_object,0
7,vp7/run2b_2018-05-23-13-54-07.ids_1,91,25266,25279,using_multimedia_display,0
7,vp7/run2b_2018-05-23-13-54-07.ids_1,92,25300,25390,sitting_still,0
7,vp7/run2b_2018-05-23-13-54-07.ids_1,92,25390,25480,sitting_still,1
7,vp7/run2b_2018-05-23-13-54-07.ids_1,92,25480,25570,sitting_still,2
7,vp7/run2b_2018-05-23-13-54-07.ids_1,92,25570,25660,sitting_still,3
7,vp7/run2b_2018-05-23-13-54-07.ids_1,92,25660,25750,sitting_still,4
7,vp7/run2b_2018-05-23-13-54-07.ids_1,92,25750,25840,sitting_still,5
7,vp7/run2b_2018-05-23-13-54-07.ids_1,92,25840,25851,sitting_still,6
7,vp7/run2b_2018-05-23-13-54-07.ids_1,93,25872,25899,pressing_automation_button,0
7,vp7/run2b_2018-05-23-13-54-07.ids_1,94,26160,26181,using_multimedia_display,0
7,vp7/run2b_2018-05-23-13-54-07.ids_1,95,26243,26269,opening_door_inside,0
7,vp7/run2b_2018-05-23-13-54-07.ids_1,96,26269,26357,fetching_an_object,0
7,vp7/run2b_2018-05-23-13-54-07.ids_1,97,26357,26387,opening_door_inside,0
7,vp7/run2b_2018-05-23-13-54-07.ids_1,98,26387,26451,exiting_car,0
7,vp7/run2b_2018-05-23-13-54-07.ids_1,99,26451,26476,closing_door_outside,0
8,vp8/run1d_2018-05-23-14-54-38.ids_1,0,393,454,opening_door_outside,0
8,vp8/run1d_2018-05-23-14-54-38.ids_1,1,454,519,entering_car,0
8,vp8/run1d_2018-05-23-14-54-38.ids_1,2,519,550,closing_door_inside,0
8,vp8/run1d_2018-05-23-14-54-38.ids_1,3,550,640,fastening_seat_belt,0
8,vp8/run1d_2018-05-23-14-54-38.ids_1,3,640,730,fastening_seat_belt,1
8,vp8/run1d_2018-05-23-14-54-38.ids_1,3,730,820,fastening_seat_belt,2
8,vp8/run1d_2018-05-23-14-54-38.ids_1,3,820,885,fastening_seat_belt,3
8,vp8/run1d_2018-05-23-14-54-38.ids_1,4,979,993,using_multimedia_display,0
8,vp8/run1d_2018-05-23-14-54-38.ids_1,5,1480,1570,sitting_still,0
8,vp8/run1d_2018-05-23-14-54-38.ids_1,5,1570,1660,sitting_still,1
8,vp8/run1d_2018-05-23-14-54-38.ids_1,6,6513,6559,pressing_automation_button,0
8,vp8/run1d_2018-05-23-14-54-38.ids_1,7,6639,6655,using_multimedia_display,0
8,vp8/run1d_2018-05-23-14-54-38.ids_1,8,7179,7269,looking_or_moving_around (e.g. searching),0
8,vp8/run1d_2018-05-23-14-54-38.ids_1,8,7269,7278,looking_or_moving_around (e.g. searching),1
8,vp8/run1d_2018-05-23-14-54-38.ids_1,9,7278,7347,fetching_an_object,0
8,vp8/run1d_2018-05-23-14-54-38.ids_1,10,7347,7437,reading_newspaper,0
8,vp8/run1d_2018-05-23-14-54-38.ids_1,10,7437,7527,reading_newspaper,1
8,vp8/run1d_2018-05-23-14-54-38.ids_1,10,7527,7617,reading_newspaper,2
8,vp8/run1d_2018-05-23-14-54-38.ids_1,10,7617,7707,reading_newspaper,3
8,vp8/run1d_2018-05-23-14-54-38.ids_1,10,7707,7797,reading_newspaper,4
8,vp8/run1d_2018-05-23-14-54-38.ids_1,10,7797,7887,reading_newspaper,5
8,vp8/run1d_2018-05-23-14-54-38.ids_1,10,7887,7977,reading_newspaper,6
8,vp8/run1d_2018-05-23-14-54-38.ids_1,10,7977,8067,reading_newspaper,7
8,vp8/run1d_2018-05-23-14-54-38.ids_1,10,8067,8157,reading_newspaper,8
8,vp8/run1d_2018-05-23-14-54-38.ids_1,10,8157,8247,reading_newspaper,9
8,vp8/run1d_2018-05-23-14-54-38.ids_1,10,8247,8337,reading_newspaper,10
8,vp8/run1d_2018-05-23-14-54-38.ids_1,10,8337,8427,reading_newspaper,11
8,vp8/run1d_2018-05-23-14-54-38.ids_1,10,8427,8517,reading_newspaper,12
8,vp8/run1d_2018-05-23-14-54-38.ids_1,10,8517,8607,reading_newspaper,13
8,vp8/run1d_2018-05-23-14-54-38.ids_1,10,8607,8697,reading_newspaper,14
8,vp8/run1d_2018-05-23-14-54-38.ids_1,10,8697,8787,reading_newspaper,15
8,vp8/run1d_2018-05-23-14-54-38.ids_1,10,8787,8870,reading_newspaper,16
8,vp8/run1d_2018-05-23-14-54-38.ids_1,11,8870,8960,placing_an_object,0
8,vp8/run1d_2018-05-23-14-54-38.ids_1,11,8960,8978,placing_an_object,1
8,vp8/run1d_2018-05-23-14-54-38.ids_1,12,8978,9068,fetching_an_object,0
8,vp8/run1d_2018-05-23-14-54-38.ids_1,13,9068,9158,writing,0
8,vp8/run1d_2018-05-23-14-54-38.ids_1,13,9158,9248,writing,1
8,vp8/run1d_2018-05-23-14-54-38.ids_1,13,9248,9338,writing,2
8,vp8/run1d_2018-05-23-14-54-38.ids_1,13,9338,9428,writing,3
8,vp8/run1d_2018-05-23-14-54-38.ids_1,13,9428,9518,writing,4
8,vp8/run1d_2018-05-23-14-54-38.ids_1,13,9518,9536,writing,5
8,vp8/run1d_2018-05-23-14-54-38.ids_1,14,9536,9626,placing_an_object,0
8,vp8/run1d_2018-05-23-14-54-38.ids_1,14,9626,9685,placing_an_object,1
8,vp8/run1d_2018-05-23-14-54-38.ids_1,15,9710,9718,using_multimedia_display,0
8,vp8/run1d_2018-05-23-14-54-38.ids_1,16,10020,10110,sitting_still,0
8,vp8/run1d_2018-05-23-14-54-38.ids_1,16,10110,10200,sitting_still,1
8,vp8/run1d_2018-05-23-14-54-38.ids_1,16,10200,10290,sitting_still,2
8,vp8/run1d_2018-05-23-14-54-38.ids_1,16,10290,10340,sitting_still,3
8,vp8/run1d_2018-05-23-14-54-38.ids_1,17,11194,11273,pressing_automation_button,0
8,vp8/run1d_2018-05-23-14-54-38.ids_1,18,11428,11518,opening_backpack,0
8,vp8/run1d_2018-05-23-14-54-38.ids_1,18,11518,11608,opening_backpack,1
8,vp8/run1d_2018-05-23-14-54-38.ids_1,18,11608,11698,opening_backpack,2
8,vp8/run1d_2018-05-23-14-54-38.ids_1,18,11698,11720,opening_backpack,3
8,vp8/run1d_2018-05-23-14-54-38.ids_1,19,11720,11810,taking_laptop_from_backpack,0
8,vp8/run1d_2018-05-23-14-54-38.ids_1,19,11810,11816,taking_laptop_from_backpack,1
8,vp8/run1d_2018-05-23-14-54-38.ids_1,20,12173,12263,opening_laptop,0
8,vp8/run1d_2018-05-23-14-54-38.ids_1,20,12263,12292,opening_laptop,1
8,vp8/run1d_2018-05-23-14-54-38.ids_1,21,12292,12382,working_on_laptop,0
8,vp8/run1d_2018-05-23-14-54-38.ids_1,21,12382,12472,working_on_laptop,1
8,vp8/run1d_2018-05-23-14-54-38.ids_1,21,12472,12562,working_on_laptop,2
8,vp8/run1d_2018-05-23-14-54-38.ids_1,21,12562,12652,working_on_laptop,3
8,vp8/run1d_2018-05-23-14-54-38.ids_1,21,12652,12742,working_on_laptop,4
8,vp8/run1d_2018-05-23-14-54-38.ids_1,21,12742,12832,working_on_laptop,5
8,vp8/run1d_2018-05-23-14-54-38.ids_1,21,12832,12922,working_on_laptop,6
8,vp8/run1d_2018-05-23-14-54-38.ids_1,21,12922,13012,working_on_laptop,7
8,vp8/run1d_2018-05-23-14-54-38.ids_1,21,13012,13102,working_on_laptop,8
8,vp8/run1d_2018-05-23-14-54-38.ids_1,21,13102,13192,working_on_laptop,9
8,vp8/run1d_2018-05-23-14-54-38.ids_1,21,13192,13282,working_on_laptop,10
8,vp8/run1d_2018-05-23-14-54-38.ids_1,21,13282,13372,working_on_laptop,11
8,vp8/run1d_2018-05-23-14-54-38.ids_1,21,13372,13462,working_on_laptop,12
8,vp8/run1d_2018-05-23-14-54-38.ids_1,21,13462,13552,working_on_laptop,13
8,vp8/run1d_2018-05-23-14-54-38.ids_1,21,13552,13642,working_on_laptop,14
8,vp8/run1d_2018-05-23-14-54-38.ids_1,21,13642,13732,working_on_laptop,15
8,vp8/run1d_2018-05-23-14-54-38.ids_1,21,13732,13822,working_on_laptop,16
8,vp8/run1d_2018-05-23-14-54-38.ids_1,21,13822,13912,working_on_laptop,17
8,vp8/run1d_2018-05-23-14-54-38.ids_1,21,13912,14002,working_on_laptop,18
8,vp8/run1d_2018-05-23-14-54-38.ids_1,21,14002,14092,working_on_laptop,19
8,vp8/run1d_2018-05-23-14-54-38.ids_1,21,14092,14182,working_on_laptop,20
8,vp8/run1d_2018-05-23-14-54-38.ids_1,21,14182,14272,working_on_laptop,21
8,vp8/run1d_2018-05-23-14-54-38.ids_1,21,14272,14362,working_on_laptop,22
8,vp8/run1d_2018-05-23-14-54-38.ids_1,21,14362,14452,working_on_laptop,23
8,vp8/run1d_2018-05-23-14-54-38.ids_1,21,14452,14542,working_on_laptop,24
8,vp8/run1d_2018-05-23-14-54-38.ids_1,21,14542,14632,working_on_laptop,25
8,vp8/run1d_2018-05-23-14-54-38.ids_1,21,14632,14722,working_on_laptop,26
8,vp8/run1d_2018-05-23-14-54-38.ids_1,21,14722,14812,working_on_laptop,27
8,vp8/run1d_2018-05-23-14-54-38.ids_1,21,14812,14902,working_on_laptop,28
8,vp8/run1d_2018-05-23-14-54-38.ids_1,21,14902,14992,working_on_laptop,29
8,vp8/run1d_2018-05-23-14-54-38.ids_1,21,14992,15082,working_on_laptop,30
8,vp8/run1d_2018-05-23-14-54-38.ids_1,21,15082,15172,working_on_laptop,31
8,vp8/run1d_2018-05-23-14-54-38.ids_1,21,15172,15262,working_on_laptop,32
8,vp8/run1d_2018-05-23-14-54-38.ids_1,21,15262,15352,working_on_laptop,33
8,vp8/run1d_2018-05-23-14-54-38.ids_1,21,15352,15442,working_on_laptop,34
8,vp8/run1d_2018-05-23-14-54-38.ids_1,21,15442,15532,working_on_laptop,35
8,vp8/run1d_2018-05-23-14-54-38.ids_1,21,15532,15617,working_on_laptop,36
8,vp8/run1d_2018-05-23-14-54-38.ids_1,22,15617,15692,fetching_an_object,0
8,vp8/run1d_2018-05-23-14-54-38.ids_1,23,15692,15782,interacting_with_phone,0
8,vp8/run1d_2018-05-23-14-54-38.ids_1,23,15782,15872,interacting_with_phone,1
8,vp8/run1d_2018-05-23-14-54-38.ids_1,23,15872,15962,interacting_with_phone,2
8,vp8/run1d_2018-05-23-14-54-38.ids_1,23,15962,16052,interacting_with_phone,3
8,vp8/run1d_2018-05-23-14-54-38.ids_1,23,16052,16142,interacting_with_phone,4
8,vp8/run1d_2018-05-23-14-54-38.ids_1,23,16142,16232,interacting_with_phone,5
8,vp8/run1d_2018-05-23-14-54-38.ids_1,23,16232,16322,interacting_with_phone,6
8,vp8/run1d_2018-05-23-14-54-38.ids_1,23,16322,16412,interacting_with_phone,7
8,vp8/run1d_2018-05-23-14-54-38.ids_1,23,16412,16502,interacting_with_phone,8
8,vp8/run1d_2018-05-23-14-54-38.ids_1,23,16502,16560,interacting_with_phone,9
8,vp8/run1d_2018-05-23-14-54-38.ids_1,24,16560,16650,placing_an_object,0
8,vp8/run1d_2018-05-23-14-54-38.ids_1,24,16650,16681,placing_an_object,1
8,vp8/run1d_2018-05-23-14-54-38.ids_1,25,16681,16757,closing_laptop,0
8,vp8/run1d_2018-05-23-14-54-38.ids_1,26,16757,16847,putting_laptop_into_backpack,0
8,vp8/run1d_2018-05-23-14-54-38.ids_1,26,16847,16937,putting_laptop_into_backpack,1
8,vp8/run1d_2018-05-23-14-54-38.ids_1,26,16937,17027,putting_laptop_into_backpack,2
8,vp8/run1d_2018-05-23-14-54-38.ids_1,26,17027,17093,putting_laptop_into_backpack,3
8,vp8/run1d_2018-05-23-14-54-38.ids_1,27,17093,17138,closing_backpack,0
8,vp8/run1d_2018-05-23-14-54-38.ids_1,28,17206,17245,using_multimedia_display,0
8,vp8/run1d_2018-05-23-14-54-38.ids_1,29,17447,17537,sitting_still,0
8,vp8/run1d_2018-05-23-14-54-38.ids_1,29,17537,17627,sitting_still,1
8,vp8/run1d_2018-05-23-14-54-38.ids_1,29,17627,17717,sitting_still,2
8,vp8/run1d_2018-05-23-14-54-38.ids_1,29,17717,17807,sitting_still,3
8,vp8/run1d_2018-05-23-14-54-38.ids_1,29,17807,17897,sitting_still,4
8,vp8/run1d_2018-05-23-14-54-38.ids_1,29,17897,17987,sitting_still,5
8,vp8/run1d_2018-05-23-14-54-38.ids_1,29,17987,18077,sitting_still,6
8,vp8/run1d_2018-05-23-14-54-38.ids_1,29,18077,18167,sitting_still,7
8,vp8/run1d_2018-05-23-14-54-38.ids_1,29,18167,18257,sitting_still,8
8,vp8/run1d_2018-05-23-14-54-38.ids_1,29,18257,18347,sitting_still,9
8,vp8/run1d_2018-05-23-14-54-38.ids_1,29,18347,18437,sitting_still,10
8,vp8/run1d_2018-05-23-14-54-38.ids_1,29,18437,18527,sitting_still,11
8,vp8/run1d_2018-05-23-14-54-38.ids_1,29,18527,18617,sitting_still,12
8,vp8/run1d_2018-05-23-14-54-38.ids_1,29,18617,18707,sitting_still,13
8,vp8/run1d_2018-05-23-14-54-38.ids_1,29,18707,18797,sitting_still,14
8,vp8/run1d_2018-05-23-14-54-38.ids_1,29,18797,18887,sitting_still,15
8,vp8/run1d_2018-05-23-14-54-38.ids_1,29,18887,18893,sitting_still,16
8,vp8/run1d_2018-05-23-14-54-38.ids_1,30,18893,18968,fetching_an_object,0
8,vp8/run1d_2018-05-23-14-54-38.ids_1,31,18968,19058,talking_on_phone,0
8,vp8/run1d_2018-05-23-14-54-38.ids_1,31,19058,19148,talking_on_phone,1
8,vp8/run1d_2018-05-23-14-54-38.ids_1,31,19148,19238,talking_on_phone,2
8,vp8/run1d_2018-05-23-14-54-38.ids_1,31,19238,19328,talking_on_phone,3
8,vp8/run1d_2018-05-23-14-54-38.ids_1,31,19328,19418,talking_on_phone,4
8,vp8/run1d_2018-05-23-14-54-38.ids_1,31,19418,19508,talking_on_phone,5
8,vp8/run1d_2018-05-23-14-54-38.ids_1,31,19508,19598,talking_on_phone,6
8,vp8/run1d_2018-05-23-14-54-38.ids_1,31,19598,19688,talking_on_phone,7
8,vp8/run1d_2018-05-23-14-54-38.ids_1,31,19688,19778,talking_on_phone,8
8,vp8/run1d_2018-05-23-14-54-38.ids_1,31,19778,19819,talking_on_phone,9
8,vp8/run1d_2018-05-23-14-54-38.ids_1,32,19819,19909,placing_an_object,0
8,vp8/run1d_2018-05-23-14-54-38.ids_1,32,19909,19918,placing_an_object,1
8,vp8/run1d_2018-05-23-14-54-38.ids_1,33,20518,20532,pressing_automation_button,0
8,vp8/run1d_2018-05-23-14-54-38.ids_1,34,20560,20650,looking_or_moving_around (e.g. searching),0
8,vp8/run1d_2018-05-23-14-54-38.ids_1,34,20650,20740,looking_or_moving_around (e.g. searching),1
8,vp8/run1d_2018-05-23-14-54-38.ids_1,34,20740,20762,looking_or_moving_around (e.g. searching),2
8,vp8/run1d_2018-05-23-14-54-38.ids_1,35,20764,20854,fetching_an_object,0
8,vp8/run1d_2018-05-23-14-54-38.ids_1,36,20854,20944,placing_an_object,0
8,vp8/run1d_2018-05-23-14-54-38.ids_1,36,20944,20953,placing_an_object,1
8,vp8/run1d_2018-05-23-14-54-38.ids_1,37,20953,21043,putting_on_sunglasses,0
8,vp8/run1d_2018-05-23-14-54-38.ids_1,37,21043,21098,putting_on_sunglasses,1
8,vp8/run1d_2018-05-23-14-54-38.ids_1,38,21159,21167,using_multimedia_display,0
8,vp8/run1d_2018-05-23-14-54-38.ids_1,39,21889,21977,fetching_an_object,0
8,vp8/run1d_2018-05-23-14-54-38.ids_1,40,21977,22067,reading_magazine,0
8,vp8/run1d_2018-05-23-14-54-38.ids_1,40,22067,22157,reading_magazine,1
8,vp8/run1d_2018-05-23-14-54-38.ids_1,40,22157,22247,reading_magazine,2
8,vp8/run1d_2018-05-23-14-54-38.ids_1,40,22247,22337,reading_magazine,3
8,vp8/run1d_2018-05-23-14-54-38.ids_1,40,22337,22427,reading_magazine,4
8,vp8/run1d_2018-05-23-14-54-38.ids_1,40,22427,22517,reading_magazine,5
8,vp8/run1d_2018-05-23-14-54-38.ids_1,40,22517,22607,reading_magazine,6
8,vp8/run1d_2018-05-23-14-54-38.ids_1,40,22607,22697,reading_magazine,7
8,vp8/run1d_2018-05-23-14-54-38.ids_1,40,22697,22787,reading_magazine,8
8,vp8/run1d_2018-05-23-14-54-38.ids_1,40,22787,22877,reading_magazine,9
8,vp8/run1d_2018-05-23-14-54-38.ids_1,40,22877,22967,reading_magazine,10
8,vp8/run1d_2018-05-23-14-54-38.ids_1,40,22967,23057,reading_magazine,11
8,vp8/run1d_2018-05-23-14-54-38.ids_1,40,23057,23147,reading_magazine,12
8,vp8/run1d_2018-05-23-14-54-38.ids_1,40,23147,23237,reading_magazine,13
8,vp8/run1d_2018-05-23-14-54-38.ids_1,40,23237,23327,reading_magazine,14
8,vp8/run1d_2018-05-23-14-54-38.ids_1,40,23327,23417,reading_magazine,15
8,vp8/run1d_2018-05-23-14-54-38.ids_1,40,23417,23507,reading_magazine,16
8,vp8/run1d_2018-05-23-14-54-38.ids_1,40,23507,23597,reading_magazine,17
8,vp8/run1d_2018-05-23-14-54-38.ids_1,40,23597,23687,reading_magazine,18
8,vp8/run1d_2018-05-23-14-54-38.ids_1,40,23687,23777,reading_magazine,19
8,vp8/run1d_2018-05-23-14-54-38.ids_1,40,23777,23867,reading_magazine,20
8,vp8/run1d_2018-05-23-14-54-38.ids_1,40,23867,23957,reading_magazine,21
8,vp8/run1d_2018-05-23-14-54-38.ids_1,40,23957,24047,reading_magazine,22
8,vp8/run1d_2018-05-23-14-54-38.ids_1,40,24047,24137,reading_magazine,23
8,vp8/run1d_2018-05-23-14-54-38.ids_1,40,24137,24227,reading_magazine,24
8,vp8/run1d_2018-05-23-14-54-38.ids_1,40,24227,24317,reading_magazine,25
8,vp8/run1d_2018-05-23-14-54-38.ids_1,40,24317,24407,reading_magazine,26
8,vp8/run1d_2018-05-23-14-54-38.ids_1,40,24407,24497,reading_magazine,27
8,vp8/run1d_2018-05-23-14-54-38.ids_1,40,24497,24544,reading_magazine,28
8,vp8/run1d_2018-05-23-14-54-38.ids_1,41,24544,24634,placing_an_object,0
8,vp8/run1d_2018-05-23-14-54-38.ids_1,41,24634,24645,placing_an_object,1
8,vp8/run1d_2018-05-23-14-54-38.ids_1,42,24645,24732,fetching_an_object,0
8,vp8/run1d_2018-05-23-14-54-38.ids_1,43,24732,24822,writing,0
8,vp8/run1d_2018-05-23-14-54-38.ids_1,43,24822,24912,writing,1
8,vp8/run1d_2018-05-23-14-54-38.ids_1,43,24912,25002,writing,2
8,vp8/run1d_2018-05-23-14-54-38.ids_1,43,25002,25092,writing,3
8,vp8/run1d_2018-05-23-14-54-38.ids_1,43,25092,25182,writing,4
8,vp8/run1d_2018-05-23-14-54-38.ids_1,43,25182,25219,writing,5
8,vp8/run1d_2018-05-23-14-54-38.ids_1,44,25219,25309,placing_an_object,0
8,vp8/run1d_2018-05-23-14-54-38.ids_1,44,25309,25337,placing_an_object,1
8,vp8/run1d_2018-05-23-14-54-38.ids_1,46,25399,25489,sitting_still,0
8,vp8/run1d_2018-05-23-14-54-38.ids_1,46,25489,25579,sitting_still,1
8,vp8/run1d_2018-05-23-14-54-38.ids_1,46,25579,25669,sitting_still,2
8,vp8/run1d_2018-05-23-14-54-38.ids_1,46,25669,25759,sitting_still,3
8,vp8/run1d_2018-05-23-14-54-38.ids_1,46,25759,25849,sitting_still,4
8,vp8/run1d_2018-05-23-14-54-38.ids_1,46,25849,25939,sitting_still,5
8,vp8/run1d_2018-05-23-14-54-38.ids_1,46,25939,26029,sitting_still,6
8,vp8/run1d_2018-05-23-14-54-38.ids_1,46,26029,26119,sitting_still,7
8,vp8/run1d_2018-05-23-14-54-38.ids_1,46,26119,26209,sitting_still,8
8,vp8/run1d_2018-05-23-14-54-38.ids_1,46,26209,26266,sitting_still,9
8,vp8/run1d_2018-05-23-14-54-38.ids_1,47,26316,26406,fetching_an_object,0
8,vp8/run1d_2018-05-23-14-54-38.ids_1,47,26406,26472,fetching_an_object,1
8,vp8/run1d_2018-05-23-14-54-38.ids_1,48,26472,26562,placing_an_object,0
8,vp8/run1d_2018-05-23-14-54-38.ids_1,48,26562,26608,placing_an_object,1
8,vp8/run1d_2018-05-23-14-54-38.ids_1,49,26623,26674,unfastening_seat_belt,0
8,vp8/run1d_2018-05-23-14-54-38.ids_1,50,26693,26783,putting_on_jacket,0
8,vp8/run1d_2018-05-23-14-54-38.ids_1,50,26783,26873,putting_on_jacket,1
8,vp8/run1d_2018-05-23-14-54-38.ids_1,50,26873,26963,putting_on_jacket,2
8,vp8/run1d_2018-05-23-14-54-38.ids_1,50,26963,27053,putting_on_jacket,3
8,vp8/run1d_2018-05-23-14-54-38.ids_1,50,27053,27143,putting_on_jacket,4
8,vp8/run1d_2018-05-23-14-54-38.ids_1,50,27143,27233,putting_on_jacket,5
8,vp8/run1d_2018-05-23-14-54-38.ids_1,50,27233,27323,putting_on_jacket,6
8,vp8/run1d_2018-05-23-14-54-38.ids_1,50,27323,27413,putting_on_jacket,7
8,vp8/run1d_2018-05-23-14-54-38.ids_1,50,27413,27503,putting_on_jacket,8
8,vp8/run1d_2018-05-23-14-54-38.ids_1,50,27503,27593,putting_on_jacket,9
8,vp8/run1d_2018-05-23-14-54-38.ids_1,50,27593,27683,putting_on_jacket,10
8,vp8/run1d_2018-05-23-14-54-38.ids_1,50,27683,27740,putting_on_jacket,11
8,vp8/run1d_2018-05-23-14-54-38.ids_1,51,27740,27830,fastening_seat_belt,0
8,vp8/run1d_2018-05-23-14-54-38.ids_1,51,27830,27891,fastening_seat_belt,1
8,vp8/run1d_2018-05-23-14-54-38.ids_1,52,27907,27921,using_multimedia_display,0
8,vp8/run1d_2018-05-23-14-54-38.ids_1,53,28000,28020,using_multimedia_display,0
8,vp8/run1d_2018-05-23-14-54-38.ids_1,54,28041,28131,sitting_still,0
8,vp8/run1d_2018-05-23-14-54-38.ids_1,54,28131,28221,sitting_still,1
8,vp8/run1d_2018-05-23-14-54-38.ids_1,54,28221,28311,sitting_still,2
8,vp8/run1d_2018-05-23-14-54-38.ids_1,54,28311,28401,sitting_still,3
8,vp8/run1d_2018-05-23-14-54-38.ids_1,54,28401,28491,sitting_still,4
8,vp8/run1d_2018-05-23-14-54-38.ids_1,54,28491,28580,sitting_still,5
8,vp8/run1d_2018-05-23-14-54-38.ids_1,55,28612,28702,fetching_an_object,0
8,vp8/run1d_2018-05-23-14-54-38.ids_1,55,28702,28783,fetching_an_object,1
8,vp8/run1d_2018-05-23-14-54-38.ids_1,56,28783,28814,placing_an_object,0
8,vp8/run1d_2018-05-23-14-54-38.ids_1,57,28937,29010,fetching_an_object,0
8,vp8/run1d_2018-05-23-14-54-38.ids_1,58,29010,29100,eating,0
8,vp8/run1d_2018-05-23-14-54-38.ids_1,58,29100,29190,eating,1
8,vp8/run1d_2018-05-23-14-54-38.ids_1,58,29190,29280,eating,2
8,vp8/run1d_2018-05-23-14-54-38.ids_1,58,29280,29370,eating,3
8,vp8/run1d_2018-05-23-14-54-38.ids_1,58,29370,29460,eating,4
8,vp8/run1d_2018-05-23-14-54-38.ids_1,58,29460,29550,eating,5
8,vp8/run1d_2018-05-23-14-54-38.ids_1,58,29550,29640,eating,6
8,vp8/run1d_2018-05-23-14-54-38.ids_1,58,29640,29730,eating,7
8,vp8/run1d_2018-05-23-14-54-38.ids_1,58,29730,29820,eating,8
8,vp8/run1d_2018-05-23-14-54-38.ids_1,58,29820,29910,eating,9
8,vp8/run1d_2018-05-23-14-54-38.ids_1,58,29910,30000,eating,10
8,vp8/run1d_2018-05-23-14-54-38.ids_1,58,30000,30090,eating,11
8,vp8/run1d_2018-05-23-14-54-38.ids_1,58,30090,30180,eating,12
8,vp8/run1d_2018-05-23-14-54-38.ids_1,58,30180,30270,eating,13
8,vp8/run1d_2018-05-23-14-54-38.ids_1,58,30270,30360,eating,14
8,vp8/run1d_2018-05-23-14-54-38.ids_1,58,30360,30450,eating,15
8,vp8/run1d_2018-05-23-14-54-38.ids_1,58,30450,30540,eating,16
8,vp8/run1d_2018-05-23-14-54-38.ids_1,58,30540,30630,eating,17
8,vp8/run1d_2018-05-23-14-54-38.ids_1,58,30630,30720,eating,18
8,vp8/run1d_2018-05-23-14-54-38.ids_1,58,30720,30810,eating,19
8,vp8/run1d_2018-05-23-14-54-38.ids_1,58,30810,30900,eating,20
8,vp8/run1d_2018-05-23-14-54-38.ids_1,58,30900,30990,eating,21
8,vp8/run1d_2018-05-23-14-54-38.ids_1,58,30990,31080,eating,22
8,vp8/run1d_2018-05-23-14-54-38.ids_1,58,31080,31170,eating,23
8,vp8/run1d_2018-05-23-14-54-38.ids_1,58,31170,31260,eating,24
8,vp8/run1d_2018-05-23-14-54-38.ids_1,58,31260,31350,eating,25
8,vp8/run1d_2018-05-23-14-54-38.ids_1,58,31350,31440,eating,26
8,vp8/run1d_2018-05-23-14-54-38.ids_1,58,31440,31530,eating,27
8,vp8/run1d_2018-05-23-14-54-38.ids_1,58,31530,31620,eating,28
8,vp8/run1d_2018-05-23-14-54-38.ids_1,58,31620,31710,eating,29
8,vp8/run1d_2018-05-23-14-54-38.ids_1,58,31710,31800,eating,30
8,vp8/run1d_2018-05-23-14-54-38.ids_1,58,31800,31890,eating,31
8,vp8/run1d_2018-05-23-14-54-38.ids_1,58,31890,31980,eating,32
8,vp8/run1d_2018-05-23-14-54-38.ids_1,58,31980,32070,eating,33
8,vp8/run1d_2018-05-23-14-54-38.ids_1,58,32070,32075,eating,34
8,vp8/run1d_2018-05-23-14-54-38.ids_1,59,32075,32162,placing_an_object,0
8,vp8/run1d_2018-05-23-14-54-38.ids_1,60,32578,32612,pressing_automation_button,0
8,vp8/run1d_2018-05-23-14-54-38.ids_1,61,32660,32716,fetching_an_object,0
8,vp8/run1d_2018-05-23-14-54-38.ids_1,62,32864,32892,placing_an_object,0
8,vp8/run1d_2018-05-23-14-54-38.ids_1,63,32892,32929,fetching_an_object,0
8,vp8/run1d_2018-05-23-14-54-38.ids_1,64,32929,33010,opening_bottle,0
8,vp8/run1d_2018-05-23-14-54-38.ids_1,65,33010,33100,drinking,0
8,vp8/run1d_2018-05-23-14-54-38.ids_1,65,33100,33190,drinking,1
8,vp8/run1d_2018-05-23-14-54-38.ids_1,65,33190,33267,drinking,2
8,vp8/run1d_2018-05-23-14-54-38.ids_1,66,33267,33351,closing_bottle,0
8,vp8/run1d_2018-05-23-14-54-38.ids_1,67,33369,33388,using_multimedia_display,0
8,vp8/run1d_2018-05-23-14-54-38.ids_1,68,33420,33502,placing_an_object,0
8,vp8/run1d_2018-05-23-14-54-38.ids_1,69,33502,33592,sitting_still,0
8,vp8/run1d_2018-05-23-14-54-38.ids_1,69,33592,33682,sitting_still,1
8,vp8/run1d_2018-05-23-14-54-38.ids_1,69,33682,33772,sitting_still,2
8,vp8/run1d_2018-05-23-14-54-38.ids_1,69,33772,33862,sitting_still,3
8,vp8/run1d_2018-05-23-14-54-38.ids_1,69,33862,33952,sitting_still,4
8,vp8/run1d_2018-05-23-14-54-38.ids_1,69,33952,34042,sitting_still,5
8,vp8/run1d_2018-05-23-14-54-38.ids_1,69,34042,34132,sitting_still,6
8,vp8/run1d_2018-05-23-14-54-38.ids_1,69,34132,34222,sitting_still,7
8,vp8/run1d_2018-05-23-14-54-38.ids_1,69,34222,34312,sitting_still,8
8,vp8/run1d_2018-05-23-14-54-38.ids_1,69,34312,34402,sitting_still,9
8,vp8/run1d_2018-05-23-14-54-38.ids_1,69,34402,34440,sitting_still,10
8,vp8/run1d_2018-05-23-14-54-38.ids_1,70,34468,34515,unfastening_seat_belt,0
8,vp8/run1d_2018-05-23-14-54-38.ids_1,71,34515,34605,taking_off_jacket,0
8,vp8/run1d_2018-05-23-14-54-38.ids_1,71,34605,34695,taking_off_jacket,1
8,vp8/run1d_2018-05-23-14-54-38.ids_1,71,34695,34785,taking_off_jacket,2
8,vp8/run1d_2018-05-23-14-54-38.ids_1,71,34785,34875,taking_off_jacket,3
8,vp8/run1d_2018-05-23-14-54-38.ids_1,71,34875,34952,taking_off_jacket,4
8,vp8/run1d_2018-05-23-14-54-38.ids_1,72,34952,35042,placing_an_object,0
8,vp8/run1d_2018-05-23-14-54-38.ids_1,72,35042,35132,placing_an_object,1
8,vp8/run1d_2018-05-23-14-54-38.ids_1,72,35132,35222,placing_an_object,2
8,vp8/run1d_2018-05-23-14-54-38.ids_1,72,35222,35312,placing_an_object,3
8,vp8/run1d_2018-05-23-14-54-38.ids_1,72,35312,35402,placing_an_object,4
8,vp8/run1d_2018-05-23-14-54-38.ids_1,72,35402,35424,placing_an_object,5
8,vp8/run1d_2018-05-23-14-54-38.ids_1,73,35440,35458,using_multimedia_display,0
8,vp8/run1d_2018-05-23-14-54-38.ids_1,74,35470,35560,fastening_seat_belt,0
8,vp8/run1d_2018-05-23-14-54-38.ids_1,74,35560,35641,fastening_seat_belt,1
8,vp8/run1d_2018-05-23-14-54-38.ids_1,75,35761,35851,sitting_still,0
8,vp8/run1d_2018-05-23-14-54-38.ids_1,75,35851,35941,sitting_still,1
8,vp8/run1d_2018-05-23-14-54-38.ids_1,75,35941,36031,sitting_still,2
8,vp8/run1d_2018-05-23-14-54-38.ids_1,75,36031,36121,sitting_still,3
8,vp8/run1d_2018-05-23-14-54-38.ids_1,75,36121,36211,sitting_still,4
8,vp8/run1d_2018-05-23-14-54-38.ids_1,75,36211,36301,sitting_still,5
8,vp8/run1d_2018-05-23-14-54-38.ids_1,75,36301,36391,sitting_still,6
8,vp8/run1d_2018-05-23-14-54-38.ids_1,75,36391,36466,sitting_still,7
8,vp8/run1d_2018-05-23-14-54-38.ids_1,76,36662,36720,using_multimedia_display,0
8,vp8/run1d_2018-05-23-14-54-38.ids_1,77,36981,37071,fetching_an_object,0
8,vp8/run1d_2018-05-23-14-54-38.ids_1,77,37071,37161,fetching_an_object,1
8,vp8/run1d_2018-05-23-14-54-38.ids_1,77,37161,37177,fetching_an_object,2
8,vp8/run1d_2018-05-23-14-54-38.ids_1,78,37177,37267,eating,0
8,vp8/run1d_2018-05-23-14-54-38.ids_1,78,37267,37357,eating,1
8,vp8/run1d_2018-05-23-14-54-38.ids_1,78,37357,37447,eating,2
8,vp8/run1d_2018-05-23-14-54-38.ids_1,78,37447,37537,eating,3
8,vp8/run1d_2018-05-23-14-54-38.ids_1,78,37537,37627,eating,4
8,vp8/run1d_2018-05-23-14-54-38.ids_1,78,37627,37717,eating,5
8,vp8/run1d_2018-05-23-14-54-38.ids_1,78,37717,37807,eating,6
8,vp8/run1d_2018-05-23-14-54-38.ids_1,78,37807,37897,eating,7
8,vp8/run1d_2018-05-23-14-54-38.ids_1,78,37897,37987,eating,8
8,vp8/run1d_2018-05-23-14-54-38.ids_1,78,37987,38077,eating,9
8,vp8/run1d_2018-05-23-14-54-38.ids_1,78,38077,38167,eating,10
8,vp8/run1d_2018-05-23-14-54-38.ids_1,78,38167,38257,eating,11
8,vp8/run1d_2018-05-23-14-54-38.ids_1,78,38257,38347,eating,12
8,vp8/run1d_2018-05-23-14-54-38.ids_1,78,38347,38437,eating,13
8,vp8/run1d_2018-05-23-14-54-38.ids_1,78,38437,38527,eating,14
8,vp8/run1d_2018-05-23-14-54-38.ids_1,78,38527,38617,eating,15
8,vp8/run1d_2018-05-23-14-54-38.ids_1,78,38617,38707,eating,16
8,vp8/run1d_2018-05-23-14-54-38.ids_1,78,38707,38797,eating,17
8,vp8/run1d_2018-05-23-14-54-38.ids_1,78,38797,38887,eating,18
8,vp8/run1d_2018-05-23-14-54-38.ids_1,78,38887,38977,eating,19
8,vp8/run1d_2018-05-23-14-54-38.ids_1,78,38977,39067,eating,20
8,vp8/run1d_2018-05-23-14-54-38.ids_1,78,39067,39157,eating,21
8,vp8/run1d_2018-05-23-14-54-38.ids_1,78,39157,39211,eating,22
8,vp8/run1d_2018-05-23-14-54-38.ids_1,79,39211,39301,placing_an_object,0
8,vp8/run1d_2018-05-23-14-54-38.ids_1,79,39301,39317,placing_an_object,1
8,vp8/run1d_2018-05-23-14-54-38.ids_1,80,40276,40297,pressing_automation_button,0
8,vp8/run1d_2018-05-23-14-54-38.ids_1,82,40689,40760,fetching_an_object,0
8,vp8/run1d_2018-05-23-14-54-38.ids_1,83,40760,40850,placing_an_object,0
8,vp8/run1d_2018-05-23-14-54-38.ids_1,83,40850,40861,placing_an_object,1
8,vp8/run1d_2018-05-23-14-54-38.ids_1,84,40861,40909,fetching_an_object,0
8,vp8/run1d_2018-05-23-14-54-38.ids_1,85,40909,40996,opening_bottle,0
8,vp8/run1d_2018-05-23-14-54-38.ids_1,86,40996,41086,drinking,0
8,vp8/run1d_2018-05-23-14-54-38.ids_1,86,41086,41176,drinking,1
8,vp8/run1d_2018-05-23-14-54-38.ids_1,86,41176,41266,drinking,2
8,vp8/run1d_2018-05-23-14-54-38.ids_1,86,41266,41344,drinking,3
8,vp8/run1d_2018-05-23-14-54-38.ids_1,87,41344,41431,closing_bottle,0
8,vp8/run1d_2018-05-23-14-54-38.ids_1,88,41431,41521,placing_an_object,0
8,vp8/run1d_2018-05-23-14-54-38.ids_1,88,41521,41534,placing_an_object,1
8,vp8/run1d_2018-05-23-14-54-38.ids_1,89,41664,41754,using_multimedia_display,0
8,vp8/run1d_2018-05-23-14-54-38.ids_1,89,41754,41815,using_multimedia_display,1
8,vp8/run1d_2018-05-23-14-54-38.ids_1,90,41865,41955,sitting_still,0
8,vp8/run1d_2018-05-23-14-54-38.ids_1,90,41955,42045,sitting_still,1
8,vp8/run1d_2018-05-23-14-54-38.ids_1,90,42045,42135,sitting_still,2
8,vp8/run1d_2018-05-23-14-54-38.ids_1,90,42135,42225,sitting_still,3
8,vp8/run1d_2018-05-23-14-54-38.ids_1,90,42225,42315,sitting_still,4
8,vp8/run1d_2018-05-23-14-54-38.ids_1,90,42315,42405,sitting_still,5
8,vp8/run1d_2018-05-23-14-54-38.ids_1,90,42405,42417,sitting_still,6
8,vp8/run1d_2018-05-23-14-54-38.ids_1,91,42446,42454,using_multimedia_display,0
8,vp8/run1d_2018-05-23-14-54-38.ids_1,92,42484,42574,sitting_still,0
8,vp8/run1d_2018-05-23-14-54-38.ids_1,92,42574,42664,sitting_still,1
8,vp8/run1d_2018-05-23-14-54-38.ids_1,92,42664,42754,sitting_still,2
8,vp8/run1d_2018-05-23-14-54-38.ids_1,92,42754,42844,sitting_still,3
8,vp8/run1d_2018-05-23-14-54-38.ids_1,92,42844,42934,sitting_still,4
8,vp8/run1d_2018-05-23-14-54-38.ids_1,92,42934,43024,sitting_still,5
8,vp8/run1d_2018-05-23-14-54-38.ids_1,92,43024,43114,sitting_still,6
8,vp8/run1d_2018-05-23-14-54-38.ids_1,92,43114,43204,sitting_still,7
8,vp8/run1d_2018-05-23-14-54-38.ids_1,92,43204,43294,sitting_still,8
8,vp8/run1d_2018-05-23-14-54-38.ids_1,92,43294,43384,sitting_still,9
8,vp8/run1d_2018-05-23-14-54-38.ids_1,92,43384,43474,sitting_still,10
8,vp8/run1d_2018-05-23-14-54-38.ids_1,92,43474,43564,sitting_still,11
8,vp8/run1d_2018-05-23-14-54-38.ids_1,92,43564,43654,sitting_still,12
8,vp8/run1d_2018-05-23-14-54-38.ids_1,92,43654,43705,sitting_still,13
8,vp8/run1d_2018-05-23-14-54-38.ids_1,93,43705,43795,taking_off_sunglasses,0
8,vp8/run1d_2018-05-23-14-54-38.ids_1,93,43795,43819,taking_off_sunglasses,1
8,vp8/run1d_2018-05-23-14-54-38.ids_1,94,43819,43909,placing_an_object,0
8,vp8/run1d_2018-05-23-14-54-38.ids_1,94,43909,43999,placing_an_object,1
8,vp8/run1d_2018-05-23-14-54-38.ids_1,94,43999,44007,placing_an_object,2
8,vp8/run1d_2018-05-23-14-54-38.ids_1,95,44035,44061,using_multimedia_display,0
8,vp8/run1d_2018-05-23-14-54-38.ids_1,96,44080,44170,sitting_still,0
8,vp8/run1d_2018-05-23-14-54-38.ids_1,96,44170,44260,sitting_still,1
8,vp8/run1d_2018-05-23-14-54-38.ids_1,96,44260,44350,sitting_still,2
8,vp8/run1d_2018-05-23-14-54-38.ids_1,96,44350,44440,sitting_still,3
8,vp8/run1d_2018-05-23-14-54-38.ids_1,96,44440,44530,sitting_still,4
8,vp8/run1d_2018-05-23-14-54-38.ids_1,96,44530,44610,sitting_still,5
8,vp8/run1d_2018-05-23-14-54-38.ids_1,97,44647,44697,pressing_automation_button,0
8,vp8/run1d_2018-05-23-14-54-38.ids_1,98,45196,45260,using_multimedia_display,0
8,vp8/run1d_2018-05-23-14-54-38.ids_1,99,45338,45412,unfastening_seat_belt,0
8,vp8/run1d_2018-05-23-14-54-38.ids_1,100,45490,45540,opening_door_inside,0
8,vp8/run1d_2018-05-23-14-54-38.ids_1,101,45540,45630,exiting_car,0
8,vp8/run1d_2018-05-23-14-54-38.ids_1,101,45630,45676,exiting_car,1
8,vp8/run2_2018-05-23-15-30-27.ids_1,0,195,212,opening_door_outside,0
8,vp8/run2_2018-05-23-15-30-27.ids_1,1,212,249,moving_towards_door,0
8,vp8/run2_2018-05-23-15-30-27.ids_1,2,249,303,entering_car,0
8,vp8/run2_2018-05-23-15-30-27.ids_1,3,303,346,closing_door_inside,0
8,vp8/run2_2018-05-23-15-30-27.ids_1,4,362,452,fastening_seat_belt,0
8,vp8/run2_2018-05-23-15-30-27.ids_1,4,452,490,fastening_seat_belt,1
8,vp8/run2_2018-05-23-15-30-27.ids_1,5,547,580,using_multimedia_display,0
8,vp8/run2_2018-05-23-15-30-27.ids_1,6,1156,1214,sitting_still,0
8,vp8/run2_2018-05-23-15-30-27.ids_1,7,4931,4941,sitting_still,0
8,vp8/run2_2018-05-23-15-30-27.ids_1,8,5698,5709,sitting_still,0
8,vp8/run2_2018-05-23-15-30-27.ids_1,9,6054,6061,pressing_automation_button,0
8,vp8/run2_2018-05-23-15-30-27.ids_1,10,6103,6122,using_multimedia_display,0
8,vp8/run2_2018-05-23-15-30-27.ids_1,11,6145,6235,sitting_still,0
8,vp8/run2_2018-05-23-15-30-27.ids_1,11,6235,6318,sitting_still,1
8,vp8/run2_2018-05-23-15-30-27.ids_1,12,6428,6518,sitting_still,0
8,vp8/run2_2018-05-23-15-30-27.ids_1,12,6518,6608,sitting_still,1
8,vp8/run2_2018-05-23-15-30-27.ids_1,12,6608,6667,sitting_still,2
8,vp8/run2_2018-05-23-15-30-27.ids_1,13,6901,6991,sitting_still,0
8,vp8/run2_2018-05-23-15-30-27.ids_1,13,6991,7081,sitting_still,1
8,vp8/run2_2018-05-23-15-30-27.ids_1,13,7081,7130,sitting_still,2
8,vp8/run2_2018-05-23-15-30-27.ids_1,14,7161,7251,fetching_an_object,0
8,vp8/run2_2018-05-23-15-30-27.ids_1,14,7251,7273,fetching_an_object,1
8,vp8/run2_2018-05-23-15-30-27.ids_1,15,7273,7363,preparing_food,0
8,vp8/run2_2018-05-23-15-30-27.ids_1,15,7363,7387,preparing_food,1
8,vp8/run2_2018-05-23-15-30-27.ids_1,16,7387,7477,eating,0
8,vp8/run2_2018-05-23-15-30-27.ids_1,16,7477,7567,eating,1
8,vp8/run2_2018-05-23-15-30-27.ids_1,16,7567,7657,eating,2
8,vp8/run2_2018-05-23-15-30-27.ids_1,16,7657,7747,eating,3
8,vp8/run2_2018-05-23-15-30-27.ids_1,16,7747,7837,eating,4
8,vp8/run2_2018-05-23-15-30-27.ids_1,16,7837,7927,eating,5
8,vp8/run2_2018-05-23-15-30-27.ids_1,16,7927,7969,eating,6
8,vp8/run2_2018-05-23-15-30-27.ids_1,17,8077,8167,placing_an_object,0
8,vp8/run2_2018-05-23-15-30-27.ids_1,17,8167,8196,placing_an_object,1
8,vp8/run2_2018-05-23-15-30-27.ids_1,18,8794,8804,pressing_automation_button,0
8,vp8/run2_2018-05-23-15-30-27.ids_1,19,8863,8936,fetching_an_object,0
8,vp8/run2_2018-05-23-15-30-27.ids_1,20,8936,9014,opening_bottle,0
8,vp8/run2_2018-05-23-15-30-27.ids_1,21,9014,9104,drinking,0
8,vp8/run2_2018-05-23-15-30-27.ids_1,21,9104,9194,drinking,1
8,vp8/run2_2018-05-23-15-30-27.ids_1,21,9194,9206,drinking,2
8,vp8/run2_2018-05-23-15-30-27.ids_1,22,9206,9272,closing_bottle,0
8,vp8/run2_2018-05-23-15-30-27.ids_1,23,9272,9307,placing_an_object,0
8,vp8/run2_2018-05-23-15-30-27.ids_1,24,9307,9397,fetching_an_object,0
8,vp8/run2_2018-05-23-15-30-27.ids_1,24,9397,9418,fetching_an_object,1
8,vp8/run2_2018-05-23-15-30-27.ids_1,25,9418,9438,preparing_food,0
8,vp8/run2_2018-05-23-15-30-27.ids_1,26,9438,9528,eating,0
8,vp8/run2_2018-05-23-15-30-27.ids_1,26,9528,9618,eating,1
8,vp8/run2_2018-05-23-15-30-27.ids_1,26,9618,9708,eating,2
8,vp8/run2_2018-05-23-15-30-27.ids_1,26,9708,9798,eating,3
8,vp8/run2_2018-05-23-15-30-27.ids_1,26,9798,9888,eating,4
8,vp8/run2_2018-05-23-15-30-27.ids_1,26,9888,9978,eating,5
8,vp8/run2_2018-05-23-15-30-27.ids_1,26,9978,10068,eating,6
8,vp8/run2_2018-05-23-15-30-27.ids_1,26,10068,10158,eating,7
8,vp8/run2_2018-05-23-15-30-27.ids_1,26,10158,10248,eating,8
8,vp8/run2_2018-05-23-15-30-27.ids_1,26,10248,10288,eating,9
8,vp8/run2_2018-05-23-15-30-27.ids_1,27,10288,10345,placing_an_object,0
8,vp8/run2_2018-05-23-15-30-27.ids_1,28,10354,10378,using_multimedia_display,0
8,vp8/run2_2018-05-23-15-30-27.ids_1,29,10396,10486,sitting_still,0
8,vp8/run2_2018-05-23-15-30-27.ids_1,29,10486,10576,sitting_still,1
8,vp8/run2_2018-05-23-15-30-27.ids_1,29,10576,10612,sitting_still,2
8,vp8/run2_2018-05-23-15-30-27.ids_1,30,10818,10858,sitting_still,0
8,vp8/run2_2018-05-23-15-30-27.ids_1,31,10878,10920,looking_back_left_shoulder,0
8,vp8/run2_2018-05-23-15-30-27.ids_1,32,10963,11053,sitting_still,0
8,vp8/run2_2018-05-23-15-30-27.ids_1,32,11053,11143,sitting_still,1
8,vp8/run2_2018-05-23-15-30-27.ids_1,32,11143,11166,sitting_still,2
8,vp8/run2_2018-05-23-15-30-27.ids_1,33,11192,11282,fetching_an_object,0
8,vp8/run2_2018-05-23-15-30-27.ids_1,33,11282,11296,fetching_an_object,1
8,vp8/run2_2018-05-23-15-30-27.ids_1,34,11296,11386,interacting_with_phone,0
8,vp8/run2_2018-05-23-15-30-27.ids_1,34,11386,11476,interacting_with_phone,1
8,vp8/run2_2018-05-23-15-30-27.ids_1,34,11476,11561,interacting_with_phone,2
8,vp8/run2_2018-05-23-15-30-27.ids_1,35,11561,11651,placing_an_object,0
8,vp8/run2_2018-05-23-15-30-27.ids_1,35,11651,11667,placing_an_object,1
8,vp8/run2_2018-05-23-15-30-27.ids_1,36,11667,11744,fetching_an_object,0
8,vp8/run2_2018-05-23-15-30-27.ids_1,37,11744,11824,interacting_with_phone,0
8,vp8/run2_2018-05-23-15-30-27.ids_1,38,11824,11914,talking_on_phone,0
8,vp8/run2_2018-05-23-15-30-27.ids_1,38,11914,12004,talking_on_phone,1
8,vp8/run2_2018-05-23-15-30-27.ids_1,38,12004,12094,talking_on_phone,2
8,vp8/run2_2018-05-23-15-30-27.ids_1,38,12094,12184,talking_on_phone,3
8,vp8/run2_2018-05-23-15-30-27.ids_1,38,12184,12274,talking_on_phone,4
8,vp8/run2_2018-05-23-15-30-27.ids_1,38,12274,12364,talking_on_phone,5
8,vp8/run2_2018-05-23-15-30-27.ids_1,38,12364,12454,talking_on_phone,6
8,vp8/run2_2018-05-23-15-30-27.ids_1,38,12454,12544,talking_on_phone,7
8,vp8/run2_2018-05-23-15-30-27.ids_1,38,12544,12634,talking_on_phone,8
8,vp8/run2_2018-05-23-15-30-27.ids_1,38,12634,12724,talking_on_phone,9
8,vp8/run2_2018-05-23-15-30-27.ids_1,38,12724,12814,talking_on_phone,10
8,vp8/run2_2018-05-23-15-30-27.ids_1,38,12814,12904,talking_on_phone,11
8,vp8/run2_2018-05-23-15-30-27.ids_1,38,12904,12994,talking_on_phone,12
8,vp8/run2_2018-05-23-15-30-27.ids_1,38,12994,13084,talking_on_phone,13
8,vp8/run2_2018-05-23-15-30-27.ids_1,38,13084,13174,talking_on_phone,14
8,vp8/run2_2018-05-23-15-30-27.ids_1,38,13174,13264,talking_on_phone,15
8,vp8/run2_2018-05-23-15-30-27.ids_1,38,13264,13354,talking_on_phone,16
8,vp8/run2_2018-05-23-15-30-27.ids_1,38,13354,13430,talking_on_phone,17
8,vp8/run2_2018-05-23-15-30-27.ids_1,39,13430,13440,interacting_with_phone,0
8,vp8/run2_2018-05-23-15-30-27.ids_1,40,13440,13530,placing_an_object,0
8,vp8/run2_2018-05-23-15-30-27.ids_1,40,13530,13603,placing_an_object,1
8,vp8/run2_2018-05-23-15-30-27.ids_1,41,13858,13885,sitting_still,0
8,vp8/run2_2018-05-23-15-30-27.ids_1,42,14116,14128,pressing_automation_button,0
8,vp8/run2_2018-05-23-15-30-27.ids_1,43,14160,14222,sitting_still,0
8,vp8/run2_2018-05-23-15-30-27.ids_1,44,14270,14360,fetching_an_object,0
8,vp8/run2_2018-05-23-15-30-27.ids_1,44,14360,14425,fetching_an_object,1
8,vp8/run2_2018-05-23-15-30-27.ids_1,45,14425,14455,placing_an_object,0
8,vp8/run2_2018-05-23-15-30-27.ids_1,46,14455,14512,fetching_an_object,0
8,vp8/run2_2018-05-23-15-30-27.ids_1,47,14512,14602,reading_newspaper,0
8,vp8/run2_2018-05-23-15-30-27.ids_1,47,14602,14692,reading_newspaper,1
8,vp8/run2_2018-05-23-15-30-27.ids_1,47,14692,14782,reading_newspaper,2
8,vp8/run2_2018-05-23-15-30-27.ids_1,47,14782,14872,reading_newspaper,3
8,vp8/run2_2018-05-23-15-30-27.ids_1,47,14872,14962,reading_newspaper,4
8,vp8/run2_2018-05-23-15-30-27.ids_1,47,14962,15052,reading_newspaper,5
8,vp8/run2_2018-05-23-15-30-27.ids_1,47,15052,15142,reading_newspaper,6
8,vp8/run2_2018-05-23-15-30-27.ids_1,47,15142,15232,reading_newspaper,7
8,vp8/run2_2018-05-23-15-30-27.ids_1,47,15232,15322,reading_newspaper,8
8,vp8/run2_2018-05-23-15-30-27.ids_1,47,15322,15412,reading_newspaper,9
8,vp8/run2_2018-05-23-15-30-27.ids_1,47,15412,15477,reading_newspaper,10
8,vp8/run2_2018-05-23-15-30-27.ids_1,48,15477,15532,placing_an_object,0
8,vp8/run2_2018-05-23-15-30-27.ids_1,49,15532,15590,fetching_an_object,0
8,vp8/run2_2018-05-23-15-30-27.ids_1,50,15590,15680,writing,0
8,vp8/run2_2018-05-23-15-30-27.ids_1,50,15680,15770,writing,1
8,vp8/run2_2018-05-23-15-30-27.ids_1,50,15770,15860,writing,2
8,vp8/run2_2018-05-23-15-30-27.ids_1,50,15860,15950,writing,3
8,vp8/run2_2018-05-23-15-30-27.ids_1,50,15950,16040,writing,4
8,vp8/run2_2018-05-23-15-30-27.ids_1,50,16040,16105,writing,5
8,vp8/run2_2018-05-23-15-30-27.ids_1,51,16107,16197,placing_an_object,0
8,vp8/run2_2018-05-23-15-30-27.ids_1,52,16213,16275,using_multimedia_display,0
8,vp8/run2_2018-05-23-15-30-27.ids_1,53,16287,16377,sitting_still,0
8,vp8/run2_2018-05-23-15-30-27.ids_1,53,16377,16429,sitting_still,1
8,vp8/run2_2018-05-23-15-30-27.ids_1,54,16576,16666,sitting_still,0
8,vp8/run2_2018-05-23-15-30-27.ids_1,55,16692,16782,fetching_an_object,0
8,vp8/run2_2018-05-23-15-30-27.ids_1,55,16782,16864,fetching_an_object,1
8,vp8/run2_2018-05-23-15-30-27.ids_1,56,16864,16954,reading_magazine,0
8,vp8/run2_2018-05-23-15-30-27.ids_1,56,16954,17044,reading_magazine,1
8,vp8/run2_2018-05-23-15-30-27.ids_1,56,17044,17134,reading_magazine,2
8,vp8/run2_2018-05-23-15-30-27.ids_1,56,17134,17224,reading_magazine,3
8,vp8/run2_2018-05-23-15-30-27.ids_1,56,17224,17314,reading_magazine,4
8,vp8/run2_2018-05-23-15-30-27.ids_1,56,17314,17404,reading_magazine,5
8,vp8/run2_2018-05-23-15-30-27.ids_1,56,17404,17494,reading_magazine,6
8,vp8/run2_2018-05-23-15-30-27.ids_1,56,17494,17584,reading_magazine,7
8,vp8/run2_2018-05-23-15-30-27.ids_1,56,17584,17674,reading_magazine,8
8,vp8/run2_2018-05-23-15-30-27.ids_1,56,17674,17764,reading_magazine,9
8,vp8/run2_2018-05-23-15-30-27.ids_1,56,17764,17854,reading_magazine,10
8,vp8/run2_2018-05-23-15-30-27.ids_1,56,17854,17944,reading_magazine,11
8,vp8/run2_2018-05-23-15-30-27.ids_1,56,17944,18034,reading_magazine,12
8,vp8/run2_2018-05-23-15-30-27.ids_1,56,18034,18124,reading_magazine,13
8,vp8/run2_2018-05-23-15-30-27.ids_1,56,18124,18214,reading_magazine,14
8,vp8/run2_2018-05-23-15-30-27.ids_1,56,18214,18304,reading_magazine,15
8,vp8/run2_2018-05-23-15-30-27.ids_1,56,18304,18394,reading_magazine,16
8,vp8/run2_2018-05-23-15-30-27.ids_1,56,18394,18484,reading_magazine,17
8,vp8/run2_2018-05-23-15-30-27.ids_1,56,18484,18574,reading_magazine,18
8,vp8/run2_2018-05-23-15-30-27.ids_1,56,18574,18591,reading_magazine,19
8,vp8/run2_2018-05-23-15-30-27.ids_1,57,18591,18656,placing_an_object,0
8,vp8/run2_2018-05-23-15-30-27.ids_1,58,18656,18705,fetching_an_object,0
8,vp8/run2_2018-05-23-15-30-27.ids_1,59,18705,18756,fetching_an_object,0
8,vp8/run2_2018-05-23-15-30-27.ids_1,60,18756,18846,writing,0
8,vp8/run2_2018-05-23-15-30-27.ids_1,60,18846,18936,writing,1
8,vp8/run2_2018-05-23-15-30-27.ids_1,60,18936,19026,writing,2
8,vp8/run2_2018-05-23-15-30-27.ids_1,60,19026,19116,writing,3
8,vp8/run2_2018-05-23-15-30-27.ids_1,60,19116,19206,writing,4
8,vp8/run2_2018-05-23-15-30-27.ids_1,60,19206,19240,writing,5
8,vp8/run2_2018-05-23-15-30-27.ids_1,61,19240,19288,placing_an_object,0
8,vp8/run2_2018-05-23-15-30-27.ids_1,62,19297,19316,using_multimedia_display,0
8,vp8/run2_2018-05-23-15-30-27.ids_1,63,19370,19460,sitting_still,0
8,vp8/run2_2018-05-23-15-30-27.ids_1,63,19460,19550,sitting_still,1
8,vp8/run2_2018-05-23-15-30-27.ids_1,63,19550,19640,sitting_still,2
8,vp8/run2_2018-05-23-15-30-27.ids_1,63,19640,19680,sitting_still,3
8,vp8/run2_2018-05-23-15-30-27.ids_1,64,19891,19981,sitting_still,0
8,vp8/run2_2018-05-23-15-30-27.ids_1,65,20083,20157,using_multimedia_display,0
8,vp8/run2_2018-05-23-15-30-27.ids_1,66,20287,20338,sitting_still,0
8,vp8/run2_2018-05-23-15-30-27.ids_1,67,20338,20428,fetching_an_object,0
8,vp8/run2_2018-05-23-15-30-27.ids_1,67,20428,20447,fetching_an_object,1
8,vp8/run2_2018-05-23-15-30-27.ids_1,68,20447,20516,preparing_food,0
8,vp8/run2_2018-05-23-15-30-27.ids_1,69,20516,20606,eating,0
8,vp8/run2_2018-05-23-15-30-27.ids_1,69,20606,20696,eating,1
8,vp8/run2_2018-05-23-15-30-27.ids_1,69,20696,20786,eating,2
8,vp8/run2_2018-05-23-15-30-27.ids_1,69,20786,20876,eating,3
8,vp8/run2_2018-05-23-15-30-27.ids_1,69,20876,20966,eating,4
8,vp8/run2_2018-05-23-15-30-27.ids_1,69,20966,21056,eating,5
8,vp8/run2_2018-05-23-15-30-27.ids_1,69,21056,21146,eating,6
8,vp8/run2_2018-05-23-15-30-27.ids_1,69,21146,21236,eating,7
8,vp8/run2_2018-05-23-15-30-27.ids_1,69,21236,21326,eating,8
8,vp8/run2_2018-05-23-15-30-27.ids_1,69,21326,21416,eating,9
8,vp8/run2_2018-05-23-15-30-27.ids_1,69,21416,21506,eating,10
8,vp8/run2_2018-05-23-15-30-27.ids_1,69,21506,21596,eating,11
8,vp8/run2_2018-05-23-15-30-27.ids_1,69,21596,21606,eating,12
8,vp8/run2_2018-05-23-15-30-27.ids_1,70,21606,21657,placing_an_object,0
8,vp8/run2_2018-05-23-15-30-27.ids_1,71,21657,21747,eating,0
8,vp8/run2_2018-05-23-15-30-27.ids_1,71,21747,21837,eating,1
8,vp8/run2_2018-05-23-15-30-27.ids_1,71,21837,21927,eating,2
8,vp8/run2_2018-05-23-15-30-27.ids_1,71,21927,22009,eating,3
8,vp8/run2_2018-05-23-15-30-27.ids_1,72,22065,22136,sitting_still,0
8,vp8/run2_2018-05-23-15-30-27.ids_1,73,22250,22340,sitting_still,0
8,vp8/run2_2018-05-23-15-30-27.ids_1,74,22453,22543,sitting_still,0
8,vp8/run2_2018-05-23-15-30-27.ids_1,74,22543,22633,sitting_still,1
8,vp8/run2_2018-05-23-15-30-27.ids_1,74,22633,22723,sitting_still,2
8,vp8/run2_2018-05-23-15-30-27.ids_1,74,22723,22813,sitting_still,3
8,vp8/run2_2018-05-23-15-30-27.ids_1,74,22813,22903,sitting_still,4
8,vp8/run2_2018-05-23-15-30-27.ids_1,74,22903,22993,sitting_still,5
8,vp8/run2_2018-05-23-15-30-27.ids_1,74,22993,23083,sitting_still,6
8,vp8/run2_2018-05-23-15-30-27.ids_1,74,23083,23173,sitting_still,7
8,vp8/run2_2018-05-23-15-30-27.ids_1,75,23230,23320,sitting_still,0
8,vp8/run2_2018-05-23-15-30-27.ids_1,75,23320,23410,sitting_still,1
8,vp8/run2_2018-05-23-15-30-27.ids_1,75,23410,23500,sitting_still,2
8,vp8/run2_2018-05-23-15-30-27.ids_1,75,23500,23590,sitting_still,3
8,vp8/run2_2018-05-23-15-30-27.ids_1,75,23590,23680,sitting_still,4
8,vp8/run2_2018-05-23-15-30-27.ids_1,75,23680,23770,sitting_still,5
8,vp8/run2_2018-05-23-15-30-27.ids_1,75,23770,23860,sitting_still,6
8,vp8/run2_2018-05-23-15-30-27.ids_1,75,23860,23950,sitting_still,7
8,vp8/run2_2018-05-23-15-30-27.ids_1,75,23950,24003,sitting_still,8
8,vp8/run2_2018-05-23-15-30-27.ids_1,76,24096,24158,sitting_still,0
8,vp8/run2_2018-05-23-15-30-27.ids_1,77,24170,24235,fetching_an_object,0
8,vp8/run2_2018-05-23-15-30-27.ids_1,78,24235,24276,opening_bottle,0
8,vp8/run2_2018-05-23-15-30-27.ids_1,79,24276,24319,placing_an_object,0
8,vp8/run2_2018-05-23-15-30-27.ids_1,80,25560,25568,pressing_automation_button,0
8,vp8/run2_2018-05-23-15-30-27.ids_1,81,25587,25636,sitting_still,0
8,vp8/run2_2018-05-23-15-30-27.ids_1,82,25659,25706,using_multimedia_display,0
8,vp8/run2_2018-05-23-15-30-27.ids_1,83,25727,25817,sitting_still,0
8,vp8/run2_2018-05-23-15-30-27.ids_1,83,25817,25907,sitting_still,1
8,vp8/run2_2018-05-23-15-30-27.ids_1,83,25907,25997,sitting_still,2
8,vp8/run2_2018-05-23-15-30-27.ids_1,83,25997,26087,sitting_still,3
8,vp8/run2_2018-05-23-15-30-27.ids_1,83,26087,26177,sitting_still,4
8,vp8/run2_2018-05-23-15-30-27.ids_1,83,26177,26251,sitting_still,5
8,vp8/run2_2018-05-23-15-30-27.ids_1,84,26272,26362,using_multimedia_display,0
8,vp8/run2_2018-05-23-15-30-27.ids_1,84,26362,26452,using_multimedia_display,1
8,vp8/run2_2018-05-23-15-30-27.ids_1,84,26452,26458,using_multimedia_display,2
8,vp8/run2_2018-05-23-15-30-27.ids_1,85,26504,26510,using_multimedia_display,0
8,vp8/run2_2018-05-23-15-30-27.ids_1,86,26524,26614,sitting_still,0
8,vp8/run2_2018-05-23-15-30-27.ids_1,86,26614,26704,sitting_still,1
8,vp8/run2_2018-05-23-15-30-27.ids_1,86,26704,26794,sitting_still,2
8,vp8/run2_2018-05-23-15-30-27.ids_1,86,26794,26884,sitting_still,3
8,vp8/run2_2018-05-23-15-30-27.ids_1,86,26884,26900,sitting_still,4
8,vp8/run2_2018-05-23-15-30-27.ids_1,87,26930,26955,using_multimedia_display,0
8,vp8/run2_2018-05-23-15-30-27.ids_1,88,26984,27074,sitting_still,0
8,vp8/run2_2018-05-23-15-30-27.ids_1,88,27074,27164,sitting_still,1
8,vp8/run2_2018-05-23-15-30-27.ids_1,88,27164,27197,sitting_still,2
8,vp8/run2_2018-05-23-15-30-27.ids_1,89,27913,27930,pressing_automation_button,0
8,vp8/run2_2018-05-23-15-30-27.ids_1,90,27953,28043,fetching_an_object,0
8,vp8/run2_2018-05-23-15-30-27.ids_1,90,28043,28062,fetching_an_object,1
8,vp8/run2_2018-05-23-15-30-27.ids_1,91,28062,28152,putting_on_sunglasses,0
8,vp8/run2_2018-05-23-15-30-27.ids_1,91,28152,28177,putting_on_sunglasses,1
8,vp8/run2_2018-05-23-15-30-27.ids_1,92,28177,28232,sitting_still,0
8,vp8/run2_2018-05-23-15-30-27.ids_1,93,28264,28354,sitting_still,0
8,vp8/run2_2018-05-23-15-30-27.ids_1,93,28354,28444,sitting_still,1
8,vp8/run2_2018-05-23-15-30-27.ids_1,93,28444,28534,sitting_still,2
8,vp8/run2_2018-05-23-15-30-27.ids_1,93,28534,28616,sitting_still,3
8,vp8/run2_2018-05-23-15-30-27.ids_1,94,28634,28652,using_multimedia_display,0
8,vp8/run2_2018-05-23-15-30-27.ids_1,95,28665,28755,sitting_still,0
8,vp8/run2_2018-05-23-15-30-27.ids_1,95,28755,28845,sitting_still,1
8,vp8/run2_2018-05-23-15-30-27.ids_1,95,28845,28935,sitting_still,2
8,vp8/run2_2018-05-23-15-30-27.ids_1,95,28935,29025,sitting_still,3
8,vp8/run2_2018-05-23-15-30-27.ids_1,95,29025,29091,sitting_still,4
8,vp8/run2_2018-05-23-15-30-27.ids_1,96,29175,29232,sitting_still,0
8,vp8/run2_2018-05-23-15-30-27.ids_1,97,29278,29317,looking_back_left_shoulder,0
8,vp8/run2_2018-05-23-15-30-27.ids_1,98,29361,29430,sitting_still,0
8,vp8/run2_2018-05-23-15-30-27.ids_1,99,29430,29520,fetching_an_object,0
8,vp8/run2_2018-05-23-15-30-27.ids_1,99,29520,29610,fetching_an_object,1
8,vp8/run2_2018-05-23-15-30-27.ids_1,99,29610,29616,fetching_an_object,2
8,vp8/run2_2018-05-23-15-30-27.ids_1,100,29616,29706,unfastening_seat_belt,0
8,vp8/run2_2018-05-23-15-30-27.ids_1,101,29706,29796,putting_on_jacket,0
8,vp8/run2_2018-05-23-15-30-27.ids_1,101,29796,29886,putting_on_jacket,1
8,vp8/run2_2018-05-23-15-30-27.ids_1,101,29886,29976,putting_on_jacket,2
8,vp8/run2_2018-05-23-15-30-27.ids_1,101,29976,30066,putting_on_jacket,3
8,vp8/run2_2018-05-23-15-30-27.ids_1,101,30066,30086,putting_on_jacket,4
8,vp8/run2_2018-05-23-15-30-27.ids_1,102,30093,30105,using_multimedia_display,0
8,vp8/run2_2018-05-23-15-30-27.ids_1,103,30160,30250,fastening_seat_belt,0
8,vp8/run2_2018-05-23-15-30-27.ids_1,103,30250,30321,fastening_seat_belt,1
8,vp8/run2_2018-05-23-15-30-27.ids_1,104,30420,30510,sitting_still,0
8,vp8/run2_2018-05-23-15-30-27.ids_1,104,30510,30600,sitting_still,1
8,vp8/run2_2018-05-23-15-30-27.ids_1,104,30600,30609,sitting_still,2
8,vp8/run2_2018-05-23-15-30-27.ids_1,105,30807,30897,sitting_still,0
8,vp8/run2_2018-05-23-15-30-27.ids_1,105,30897,30952,sitting_still,1
8,vp8/run2_2018-05-23-15-30-27.ids_1,106,31014,31090,unfastening_seat_belt,0
8,vp8/run2_2018-05-23-15-30-27.ids_1,107,31090,31180,taking_off_jacket,0
8,vp8/run2_2018-05-23-15-30-27.ids_1,107,31180,31270,taking_off_jacket,1
8,vp8/run2_2018-05-23-15-30-27.ids_1,107,31270,31360,taking_off_jacket,2
8,vp8/run2_2018-05-23-15-30-27.ids_1,107,31360,31450,taking_off_jacket,3
8,vp8/run2_2018-05-23-15-30-27.ids_1,107,31450,31477,taking_off_jacket,4
8,vp8/run2_2018-05-23-15-30-27.ids_1,108,31477,31567,placing_an_object,0
8,vp8/run2_2018-05-23-15-30-27.ids_1,108,31567,31605,placing_an_object,1
8,vp8/run2_2018-05-23-15-30-27.ids_1,109,31605,31695,fastening_seat_belt,0
8,vp8/run2_2018-05-23-15-30-27.ids_1,109,31695,31785,fastening_seat_belt,1
8,vp8/run2_2018-05-23-15-30-27.ids_1,109,31785,31792,fastening_seat_belt,2
8,vp8/run2_2018-05-23-15-30-27.ids_1,110,31804,31822,using_multimedia_display,0
8,vp8/run2_2018-05-23-15-30-27.ids_1,111,31900,31990,sitting_still,0
8,vp8/run2_2018-05-23-15-30-27.ids_1,111,31990,32080,sitting_still,1
8,vp8/run2_2018-05-23-15-30-27.ids_1,111,32080,32170,sitting_still,2
8,vp8/run2_2018-05-23-15-30-27.ids_1,112,32191,32281,taking_laptop_from_backpack,0
8,vp8/run2_2018-05-23-15-30-27.ids_1,112,32281,32344,taking_laptop_from_backpack,1
8,vp8/run2_2018-05-23-15-30-27.ids_1,113,32344,32434,opening_laptop,0
8,vp8/run2_2018-05-23-15-30-27.ids_1,113,32434,32524,opening_laptop,1
8,vp8/run2_2018-05-23-15-30-27.ids_1,113,32524,32575,opening_laptop,2
8,vp8/run2_2018-05-23-15-30-27.ids_1,114,32575,32665,working_on_laptop,0
8,vp8/run2_2018-05-23-15-30-27.ids_1,114,32665,32755,working_on_laptop,1
8,vp8/run2_2018-05-23-15-30-27.ids_1,114,32755,32845,working_on_laptop,2
8,vp8/run2_2018-05-23-15-30-27.ids_1,114,32845,32935,working_on_laptop,3
8,vp8/run2_2018-05-23-15-30-27.ids_1,114,32935,33025,working_on_laptop,4
8,vp8/run2_2018-05-23-15-30-27.ids_1,114,33025,33115,working_on_laptop,5
8,vp8/run2_2018-05-23-15-30-27.ids_1,114,33115,33205,working_on_laptop,6
8,vp8/run2_2018-05-23-15-30-27.ids_1,114,33205,33295,working_on_laptop,7
8,vp8/run2_2018-05-23-15-30-27.ids_1,114,33295,33385,working_on_laptop,8
8,vp8/run2_2018-05-23-15-30-27.ids_1,114,33385,33475,working_on_laptop,9
8,vp8/run2_2018-05-23-15-30-27.ids_1,114,33475,33565,working_on_laptop,10
8,vp8/run2_2018-05-23-15-30-27.ids_1,114,33565,33655,working_on_laptop,11
8,vp8/run2_2018-05-23-15-30-27.ids_1,114,33655,33745,working_on_laptop,12
8,vp8/run2_2018-05-23-15-30-27.ids_1,114,33745,33835,working_on_laptop,13
8,vp8/run2_2018-05-23-15-30-27.ids_1,114,33835,33925,working_on_laptop,14
8,vp8/run2_2018-05-23-15-30-27.ids_1,114,33925,34015,working_on_laptop,15
8,vp8/run2_2018-05-23-15-30-27.ids_1,114,34015,34105,working_on_laptop,16
8,vp8/run2_2018-05-23-15-30-27.ids_1,114,34105,34195,working_on_laptop,17
8,vp8/run2_2018-05-23-15-30-27.ids_1,114,34195,34285,working_on_laptop,18
8,vp8/run2_2018-05-23-15-30-27.ids_1,114,34285,34375,working_on_laptop,19
8,vp8/run2_2018-05-23-15-30-27.ids_1,114,34375,34465,working_on_laptop,20
8,vp8/run2_2018-05-23-15-30-27.ids_1,114,34465,34555,working_on_laptop,21
8,vp8/run2_2018-05-23-15-30-27.ids_1,114,34555,34645,working_on_laptop,22
8,vp8/run2_2018-05-23-15-30-27.ids_1,114,34645,34735,working_on_laptop,23
8,vp8/run2_2018-05-23-15-30-27.ids_1,114,34735,34825,working_on_laptop,24
8,vp8/run2_2018-05-23-15-30-27.ids_1,114,34825,34915,working_on_laptop,25
8,vp8/run2_2018-05-23-15-30-27.ids_1,114,34915,35005,working_on_laptop,26
8,vp8/run2_2018-05-23-15-30-27.ids_1,114,35005,35095,working_on_laptop,27
8,vp8/run2_2018-05-23-15-30-27.ids_1,114,35095,35185,working_on_laptop,28
8,vp8/run2_2018-05-23-15-30-27.ids_1,114,35185,35275,working_on_laptop,29
8,vp8/run2_2018-05-23-15-30-27.ids_1,114,35275,35365,working_on_laptop,30
8,vp8/run2_2018-05-23-15-30-27.ids_1,114,35365,35455,working_on_laptop,31
8,vp8/run2_2018-05-23-15-30-27.ids_1,114,35455,35545,working_on_laptop,32
8,vp8/run2_2018-05-23-15-30-27.ids_1,114,35545,35597,working_on_laptop,33
8,vp8/run2_2018-05-23-15-30-27.ids_1,115,35597,35687,closing_laptop,0
8,vp8/run2_2018-05-23-15-30-27.ids_1,115,35687,35777,closing_laptop,1
8,vp8/run2_2018-05-23-15-30-27.ids_1,115,35777,35835,closing_laptop,2
8,vp8/run2_2018-05-23-15-30-27.ids_1,116,35835,35925,placing_an_object,0
8,vp8/run2_2018-05-23-15-30-27.ids_1,116,35925,36015,placing_an_object,1
8,vp8/run2_2018-05-23-15-30-27.ids_1,116,36015,36074,placing_an_object,2
8,vp8/run2_2018-05-23-15-30-27.ids_1,117,36074,36133,sitting_still,0
8,vp8/run2_2018-05-23-15-30-27.ids_1,118,36133,36223,fetching_an_object,0
8,vp8/run2_2018-05-23-15-30-27.ids_1,118,36223,36268,fetching_an_object,1
8,vp8/run2_2018-05-23-15-30-27.ids_1,119,36271,36361,interacting_with_phone,0
8,vp8/run2_2018-05-23-15-30-27.ids_1,119,36361,36451,interacting_with_phone,1
8,vp8/run2_2018-05-23-15-30-27.ids_1,119,36451,36541,interacting_with_phone,2
8,vp8/run2_2018-05-23-15-30-27.ids_1,119,36541,36631,interacting_with_phone,3
8,vp8/run2_2018-05-23-15-30-27.ids_1,119,36631,36721,interacting_with_phone,4
8,vp8/run2_2018-05-23-15-30-27.ids_1,119,36721,36811,interacting_with_phone,5
8,vp8/run2_2018-05-23-15-30-27.ids_1,119,36811,36901,interacting_with_phone,6
8,vp8/run2_2018-05-23-15-30-27.ids_1,119,36901,36991,interacting_with_phone,7
8,vp8/run2_2018-05-23-15-30-27.ids_1,119,36991,37081,interacting_with_phone,8
8,vp8/run2_2018-05-23-15-30-27.ids_1,119,37081,37171,interacting_with_phone,9
8,vp8/run2_2018-05-23-15-30-27.ids_1,120,37171,37226,placing_an_object,0
8,vp8/run2_2018-05-23-15-30-27.ids_1,121,37234,37282,using_multimedia_display,0
8,vp8/run2_2018-05-23-15-30-27.ids_1,122,37336,37426,sitting_still,0
8,vp8/run2_2018-05-23-15-30-27.ids_1,122,37426,37516,sitting_still,1
8,vp8/run2_2018-05-23-15-30-27.ids_1,122,37516,37606,sitting_still,2
8,vp8/run2_2018-05-23-15-30-27.ids_1,122,37606,37682,sitting_still,3
8,vp8/run2_2018-05-23-15-30-27.ids_1,123,37800,37881,sitting_still,0
8,vp8/run2_2018-05-23-15-30-27.ids_1,124,37881,37971,taking_off_sunglasses,0
8,vp8/run2_2018-05-23-15-30-27.ids_1,124,37971,38061,taking_off_sunglasses,1
8,vp8/run2_2018-05-23-15-30-27.ids_1,124,38061,38089,taking_off_sunglasses,2
8,vp8/run2_2018-05-23-15-30-27.ids_1,125,38089,38179,placing_an_object,0
8,vp8/run2_2018-05-23-15-30-27.ids_1,125,38179,38209,placing_an_object,1
8,vp8/run2_2018-05-23-15-30-27.ids_1,126,38214,38233,using_multimedia_display,0
8,vp8/run2_2018-05-23-15-30-27.ids_1,127,38258,38348,sitting_still,0
8,vp8/run2_2018-05-23-15-30-27.ids_1,127,38348,38438,sitting_still,1
8,vp8/run2_2018-05-23-15-30-27.ids_1,127,38438,38528,sitting_still,2
8,vp8/run2_2018-05-23-15-30-27.ids_1,127,38528,38612,sitting_still,3
8,vp8/run2_2018-05-23-15-30-27.ids_1,128,38661,38710,fetching_an_object,0
8,vp8/run2_2018-05-23-15-30-27.ids_1,129,38710,38785,placing_an_object,0
8,vp8/run2_2018-05-23-15-30-27.ids_1,130,38785,38840,sitting_still,0
8,vp8/run2_2018-05-23-15-30-27.ids_1,131,38865,38899,pressing_automation_button,0
8,vp8/run2_2018-05-23-15-30-27.ids_1,132,39227,39308,unfastening_seat_belt,0
8,vp8/run2_2018-05-23-15-30-27.ids_1,133,39308,39398,opening_door_inside,0
8,vp8/run2_2018-05-23-15-30-27.ids_1,133,39398,39409,opening_door_inside,1
8,vp8/run2_2018-05-23-15-30-27.ids_1,134,39409,39499,exiting_car,0
8,vp8/run2_2018-05-23-15-30-27.ids_1,134,39499,39525,exiting_car,1
9,vp9/run1b_2018-05-23-16-19-17.ids_1,0,145,235,moving_towards_door,0
9,vp9/run1b_2018-05-23-16-19-17.ids_1,0,235,264,moving_towards_door,1
9,vp9/run1b_2018-05-23-16-19-17.ids_1,1,264,302,opening_door_outside,0
9,vp9/run1b_2018-05-23-16-19-17.ids_1,2,302,392,entering_car,0
9,vp9/run1b_2018-05-23-16-19-17.ids_1,2,392,399,entering_car,1
9,vp9/run1b_2018-05-23-16-19-17.ids_1,3,399,458,closing_door_inside,0
9,vp9/run1b_2018-05-23-16-19-17.ids_1,4,468,558,fastening_seat_belt,0
9,vp9/run1b_2018-05-23-16-19-17.ids_1,4,558,643,fastening_seat_belt,1
9,vp9/run1b_2018-05-23-16-19-17.ids_1,5,643,685,sitting_still,0
9,vp9/run1b_2018-05-23-16-19-17.ids_1,6,1377,1394,using_multimedia_display,0
9,vp9/run1b_2018-05-23-16-19-17.ids_1,7,7222,7243,pressing_automation_button,0
9,vp9/run1b_2018-05-23-16-19-17.ids_1,8,7280,7288,sitting_still,0
9,vp9/run1b_2018-05-23-16-19-17.ids_1,9,7310,7321,using_multimedia_display,0
9,vp9/run1b_2018-05-23-16-19-17.ids_1,10,7345,7435,sitting_still,0
9,vp9/run1b_2018-05-23-16-19-17.ids_1,10,7435,7525,sitting_still,1
9,vp9/run1b_2018-05-23-16-19-17.ids_1,10,7525,7615,sitting_still,2
9,vp9/run1b_2018-05-23-16-19-17.ids_1,10,7615,7705,sitting_still,3
9,vp9/run1b_2018-05-23-16-19-17.ids_1,10,7705,7795,sitting_still,4
9,vp9/run1b_2018-05-23-16-19-17.ids_1,10,7795,7885,sitting_still,5
9,vp9/run1b_2018-05-23-16-19-17.ids_1,10,7885,7975,sitting_still,6
9,vp9/run1b_2018-05-23-16-19-17.ids_1,10,7975,8001,sitting_still,7
9,vp9/run1b_2018-05-23-16-19-17.ids_1,11,8001,8073,fetching_an_object,0
9,vp9/run1b_2018-05-23-16-19-17.ids_1,12,8073,8163,opening_bottle,0
9,vp9/run1b_2018-05-23-16-19-17.ids_1,12,8163,8217,opening_bottle,1
9,vp9/run1b_2018-05-23-16-19-17.ids_1,13,8217,8307,drinking,0
9,vp9/run1b_2018-05-23-16-19-17.ids_1,13,8307,8313,drinking,1
9,vp9/run1b_2018-05-23-16-19-17.ids_1,14,8313,8403,closing_bottle,0
9,vp9/run1b_2018-05-23-16-19-17.ids_1,14,8403,8433,closing_bottle,1
9,vp9/run1b_2018-05-23-16-19-17.ids_1,15,8433,8513,sitting_still,0
9,vp9/run1b_2018-05-23-16-19-17.ids_1,16,8707,8760,using_multimedia_display,0
9,vp9/run1b_2018-05-23-16-19-17.ids_1,17,8929,9019,opening_bottle,0
9,vp9/run1b_2018-05-23-16-19-17.ids_1,17,9019,9091,opening_bottle,1
9,vp9/run1b_2018-05-23-16-19-17.ids_1,18,9091,9181,drinking,0
9,vp9/run1b_2018-05-23-16-19-17.ids_1,18,9181,9195,drinking,1
9,vp9/run1b_2018-05-23-16-19-17.ids_1,19,9195,9285,closing_bottle,0
9,vp9/run1b_2018-05-23-16-19-17.ids_1,19,9285,9300,closing_bottle,1
9,vp9/run1b_2018-05-23-16-19-17.ids_1,20,9304,9394,placing_an_object,0
9,vp9/run1b_2018-05-23-16-19-17.ids_1,21,9394,9484,sitting_still,0
9,vp9/run1b_2018-05-23-16-19-17.ids_1,21,9484,9520,sitting_still,1
9,vp9/run1b_2018-05-23-16-19-17.ids_1,22,9524,9614,fetching_an_object,0
9,vp9/run1b_2018-05-23-16-19-17.ids_1,23,9614,9704,preparing_food,0
9,vp9/run1b_2018-05-23-16-19-17.ids_1,23,9704,9794,preparing_food,1
9,vp9/run1b_2018-05-23-16-19-17.ids_1,23,9794,9873,preparing_food,2
9,vp9/run1b_2018-05-23-16-19-17.ids_1,24,9873,9937,placing_an_object,0
9,vp9/run1b_2018-05-23-16-19-17.ids_1,25,9937,10027,preparing_food,0
9,vp9/run1b_2018-05-23-16-19-17.ids_1,25,10027,10061,preparing_food,1
9,vp9/run1b_2018-05-23-16-19-17.ids_1,26,10061,10151,eating,0
9,vp9/run1b_2018-05-23-16-19-17.ids_1,26,10151,10222,eating,1
9,vp9/run1b_2018-05-23-16-19-17.ids_1,27,10222,10312,using_multimedia_display,0
9,vp9/run1b_2018-05-23-16-19-17.ids_1,27,10312,10351,using_multimedia_display,1
9,vp9/run1b_2018-05-23-16-19-17.ids_1,28,10351,10441,eating,0
9,vp9/run1b_2018-05-23-16-19-17.ids_1,28,10441,10531,eating,1
9,vp9/run1b_2018-05-23-16-19-17.ids_1,28,10531,10621,eating,2
9,vp9/run1b_2018-05-23-16-19-17.ids_1,28,10621,10711,eating,3
9,vp9/run1b_2018-05-23-16-19-17.ids_1,28,10711,10801,eating,4
9,vp9/run1b_2018-05-23-16-19-17.ids_1,28,10801,10891,eating,5
9,vp9/run1b_2018-05-23-16-19-17.ids_1,28,10891,10941,eating,6
9,vp9/run1b_2018-05-23-16-19-17.ids_1,29,10941,11014,placing_an_object,0
9,vp9/run1b_2018-05-23-16-19-17.ids_1,30,11028,11049,using_multimedia_display,0
9,vp9/run1b_2018-05-23-16-19-17.ids_1,31,11654,11744,fetching_an_object,0
9,vp9/run1b_2018-05-23-16-19-17.ids_1,31,11744,11756,fetching_an_object,1
9,vp9/run1b_2018-05-23-16-19-17.ids_1,32,11756,11846,eating,0
9,vp9/run1b_2018-05-23-16-19-17.ids_1,32,11846,11936,eating,1
9,vp9/run1b_2018-05-23-16-19-17.ids_1,32,11936,11973,eating,2
9,vp9/run1b_2018-05-23-16-19-17.ids_1,33,11973,12000,pressing_automation_button,0
9,vp9/run1b_2018-05-23-16-19-17.ids_1,34,12117,12134,using_multimedia_display,0
9,vp9/run1b_2018-05-23-16-19-17.ids_1,35,12322,12401,using_multimedia_display,0
9,vp9/run1b_2018-05-23-16-19-17.ids_1,36,12429,12519,eating,0
9,vp9/run1b_2018-05-23-16-19-17.ids_1,36,12519,12609,eating,1
9,vp9/run1b_2018-05-23-16-19-17.ids_1,36,12609,12699,eating,2
9,vp9/run1b_2018-05-23-16-19-17.ids_1,36,12699,12789,eating,3
9,vp9/run1b_2018-05-23-16-19-17.ids_1,36,12789,12879,eating,4
9,vp9/run1b_2018-05-23-16-19-17.ids_1,36,12879,12950,eating,5
9,vp9/run1b_2018-05-23-16-19-17.ids_1,37,13177,13216,using_multimedia_display,0
9,vp9/run1b_2018-05-23-16-19-17.ids_1,38,13691,13776,using_multimedia_display,0
9,vp9/run1b_2018-05-23-16-19-17.ids_1,39,13960,13969,pressing_automation_button,0
9,vp9/run1b_2018-05-23-16-19-17.ids_1,40,14428,14434,pressing_automation_button,0
9,vp9/run1b_2018-05-23-16-19-17.ids_1,41,14482,14572,fetching_an_object,0
9,vp9/run1b_2018-05-23-16-19-17.ids_1,41,14572,14586,fetching_an_object,1
9,vp9/run1b_2018-05-23-16-19-17.ids_1,42,14706,14796,looking_or_moving_around (e.g. searching),0
9,vp9/run1b_2018-05-23-16-19-17.ids_1,42,14796,14886,looking_or_moving_around (e.g. searching),1
9,vp9/run1b_2018-05-23-16-19-17.ids_1,42,14886,14976,looking_or_moving_around (e.g. searching),2
9,vp9/run1b_2018-05-23-16-19-17.ids_1,42,14976,15018,looking_or_moving_around (e.g. searching),3
9,vp9/run1b_2018-05-23-16-19-17.ids_1,43,15018,15108,reading_newspaper,0
9,vp9/run1b_2018-05-23-16-19-17.ids_1,43,15108,15198,reading_newspaper,1
9,vp9/run1b_2018-05-23-16-19-17.ids_1,43,15198,15288,reading_newspaper,2
9,vp9/run1b_2018-05-23-16-19-17.ids_1,43,15288,15378,reading_newspaper,3
9,vp9/run1b_2018-05-23-16-19-17.ids_1,43,15378,15468,reading_newspaper,4
9,vp9/run1b_2018-05-23-16-19-17.ids_1,43,15468,15558,reading_newspaper,5
9,vp9/run1b_2018-05-23-16-19-17.ids_1,43,15558,15648,reading_newspaper,6
9,vp9/run1b_2018-05-23-16-19-17.ids_1,43,15648,15738,reading_newspaper,7
9,vp9/run1b_2018-05-23-16-19-17.ids_1,43,15738,15828,reading_newspaper,8
9,vp9/run1b_2018-05-23-16-19-17.ids_1,43,15828,15918,reading_newspaper,9
9,vp9/run1b_2018-05-23-16-19-17.ids_1,43,15918,16008,reading_newspaper,10
9,vp9/run1b_2018-05-23-16-19-17.ids_1,43,16008,16054,reading_newspaper,11
9,vp9/run1b_2018-05-23-16-19-17.ids_1,44,16054,16135,fetching_an_object,0
9,vp9/run1b_2018-05-23-16-19-17.ids_1,45,16135,16225,writing,0
9,vp9/run1b_2018-05-23-16-19-17.ids_1,45,16225,16315,writing,1
9,vp9/run1b_2018-05-23-16-19-17.ids_1,45,16315,16405,writing,2
9,vp9/run1b_2018-05-23-16-19-17.ids_1,45,16405,16463,writing,3
9,vp9/run1b_2018-05-23-16-19-17.ids_1,46,16492,16507,using_multimedia_display,0
9,vp9/run1b_2018-05-23-16-19-17.ids_1,47,16684,16754,placing_an_object,0
9,vp9/run1b_2018-05-23-16-19-17.ids_1,48,16754,16844,reading_newspaper,0
9,vp9/run1b_2018-05-23-16-19-17.ids_1,48,16844,16934,reading_newspaper,1
9,vp9/run1b_2018-05-23-16-19-17.ids_1,48,16934,16969,reading_newspaper,2
9,vp9/run1b_2018-05-23-16-19-17.ids_1,49,16969,17023,placing_an_object,0
9,vp9/run1b_2018-05-23-16-19-17.ids_1,50,17023,17052,fetching_an_object,0
9,vp9/run1b_2018-05-23-16-19-17.ids_1,51,17052,17100,reading_magazine,0
9,vp9/run1b_2018-05-23-16-19-17.ids_1,52,17100,17190,placing_an_object,0
9,vp9/run1b_2018-05-23-16-19-17.ids_1,52,17190,17271,placing_an_object,1
9,vp9/run1b_2018-05-23-16-19-17.ids_1,53,17271,17352,fetching_an_object,0
9,vp9/run1b_2018-05-23-16-19-17.ids_1,54,17352,17442,eating,0
9,vp9/run1b_2018-05-23-16-19-17.ids_1,54,17442,17532,eating,1
9,vp9/run1b_2018-05-23-16-19-17.ids_1,54,17532,17622,eating,2
9,vp9/run1b_2018-05-23-16-19-17.ids_1,54,17622,17712,eating,3
9,vp9/run1b_2018-05-23-16-19-17.ids_1,54,17712,17733,eating,4
9,vp9/run1b_2018-05-23-16-19-17.ids_1,55,17733,17785,placing_an_object,0
9,vp9/run1b_2018-05-23-16-19-17.ids_1,56,17785,17875,putting_on_sunglasses,0
9,vp9/run1b_2018-05-23-16-19-17.ids_1,56,17875,17965,putting_on_sunglasses,1
9,vp9/run1b_2018-05-23-16-19-17.ids_1,57,17965,17992,taking_off_sunglasses,0
9,vp9/run1b_2018-05-23-16-19-17.ids_1,58,17992,18025,taking_off_sunglasses,0
9,vp9/run1b_2018-05-23-16-19-17.ids_1,59,18025,18049,placing_an_object,0
9,vp9/run1b_2018-05-23-16-19-17.ids_1,60,18049,18139,putting_on_sunglasses,0
9,vp9/run1b_2018-05-23-16-19-17.ids_1,60,18139,18169,putting_on_sunglasses,1
9,vp9/run1b_2018-05-23-16-19-17.ids_1,61,18170,18260,putting_on_sunglasses,0
9,vp9/run1b_2018-05-23-16-19-17.ids_1,62,18260,18304,taking_off_sunglasses,0
9,vp9/run1b_2018-05-23-16-19-17.ids_1,63,18304,18366,taking_off_sunglasses,0
9,vp9/run1b_2018-05-23-16-19-17.ids_1,64,18366,18423,putting_on_sunglasses,0
9,vp9/run1b_2018-05-23-16-19-17.ids_1,65,18443,18473,using_multimedia_display,0
9,vp9/run1b_2018-05-23-16-19-17.ids_1,66,18497,18578,sitting_still,0
9,vp9/run1b_2018-05-23-16-19-17.ids_1,67,18578,18645,looking_back_left_shoulder,0
9,vp9/run1b_2018-05-23-16-19-17.ids_1,68,18698,18788,taking_off_sunglasses,0
9,vp9/run1b_2018-05-23-16-19-17.ids_1,68,18788,18817,taking_off_sunglasses,1
9,vp9/run1b_2018-05-23-16-19-17.ids_1,69,18817,18907,putting_on_sunglasses,0
9,vp9/run1b_2018-05-23-16-19-17.ids_1,69,18907,18913,putting_on_sunglasses,1
9,vp9/run1b_2018-05-23-16-19-17.ids_1,70,18921,18936,sitting_still,0
9,vp9/run1b_2018-05-23-16-19-17.ids_1,71,18981,18993,using_multimedia_display,0
9,vp9/run1b_2018-05-23-16-19-17.ids_1,72,19023,19106,fetching_an_object,0
9,vp9/run1b_2018-05-23-16-19-17.ids_1,73,19106,19196,eating,0
9,vp9/run1b_2018-05-23-16-19-17.ids_1,73,19196,19286,eating,1
9,vp9/run1b_2018-05-23-16-19-17.ids_1,73,19286,19322,eating,2
9,vp9/run1b_2018-05-23-16-19-17.ids_1,74,19322,19334,pressing_automation_button,0
9,vp9/run1b_2018-05-23-16-19-17.ids_1,75,19350,19440,eating,0
9,vp9/run1b_2018-05-23-16-19-17.ids_1,75,19440,19530,eating,1
9,vp9/run1b_2018-05-23-16-19-17.ids_1,75,19530,19620,eating,2
9,vp9/run1b_2018-05-23-16-19-17.ids_1,75,19620,19710,eating,3
9,vp9/run1b_2018-05-23-16-19-17.ids_1,75,19710,19800,eating,4
9,vp9/run1b_2018-05-23-16-19-17.ids_1,75,19800,19821,eating,5
9,vp9/run1b_2018-05-23-16-19-17.ids_1,76,19867,19876,pressing_automation_button,0
9,vp9/run1b_2018-05-23-16-19-17.ids_1,77,19959,20002,placing_an_object,0
9,vp9/run1b_2018-05-23-16-19-17.ids_1,78,20002,20057,fetching_an_object,0
9,vp9/run1b_2018-05-23-16-19-17.ids_1,79,20057,20147,reading_magazine,0
9,vp9/run1b_2018-05-23-16-19-17.ids_1,79,20147,20237,reading_magazine,1
9,vp9/run1b_2018-05-23-16-19-17.ids_1,79,20237,20327,reading_magazine,2
9,vp9/run1b_2018-05-23-16-19-17.ids_1,79,20327,20417,reading_magazine,3
9,vp9/run1b_2018-05-23-16-19-17.ids_1,79,20417,20507,reading_magazine,4
9,vp9/run1b_2018-05-23-16-19-17.ids_1,79,20507,20597,reading_magazine,5
9,vp9/run1b_2018-05-23-16-19-17.ids_1,79,20597,20687,reading_magazine,6
9,vp9/run1b_2018-05-23-16-19-17.ids_1,79,20687,20777,reading_magazine,7
9,vp9/run1b_2018-05-23-16-19-17.ids_1,79,20777,20867,reading_magazine,8
9,vp9/run1b_2018-05-23-16-19-17.ids_1,79,20867,20957,reading_magazine,9
9,vp9/run1b_2018-05-23-16-19-17.ids_1,79,20957,21047,reading_magazine,10
9,vp9/run1b_2018-05-23-16-19-17.ids_1,79,21047,21137,reading_magazine,11
9,vp9/run1b_2018-05-23-16-19-17.ids_1,79,21137,21227,reading_magazine,12
9,vp9/run1b_2018-05-23-16-19-17.ids_1,79,21227,21317,reading_magazine,13
9,vp9/run1b_2018-05-23-16-19-17.ids_1,79,21317,21353,reading_magazine,14
9,vp9/run1b_2018-05-23-16-19-17.ids_1,80,21353,21427,placing_an_object,0
9,vp9/run1b_2018-05-23-16-19-17.ids_1,81,21427,21493,fetching_an_object,0
9,vp9/run1b_2018-05-23-16-19-17.ids_1,82,21493,21583,writing,0
9,vp9/run1b_2018-05-23-16-19-17.ids_1,82,21583,21657,writing,1
9,vp9/run1b_2018-05-23-16-19-17.ids_1,83,21683,21693,using_multimedia_display,0
9,vp9/run1b_2018-05-23-16-19-17.ids_1,84,21718,21753,placing_an_object,0
9,vp9/run1b_2018-05-23-16-19-17.ids_1,85,21753,21837,fetching_an_object,0
9,vp9/run1b_2018-05-23-16-19-17.ids_1,86,21837,21927,eating,0
9,vp9/run1b_2018-05-23-16-19-17.ids_1,86,21927,22017,eating,1
9,vp9/run1b_2018-05-23-16-19-17.ids_1,86,22017,22053,eating,2
9,vp9/run1b_2018-05-23-16-19-17.ids_1,87,22680,22689,pressing_automation_button,0
9,vp9/run1b_2018-05-23-16-19-17.ids_1,88,22714,22804,eating,0
9,vp9/run1b_2018-05-23-16-19-17.ids_1,88,22804,22891,eating,1
9,vp9/run1b_2018-05-23-16-19-17.ids_1,89,22909,22977,fetching_an_object,0
9,vp9/run1b_2018-05-23-16-19-17.ids_1,90,23082,23172,opening_bottle,0
9,vp9/run1b_2018-05-23-16-19-17.ids_1,90,23172,23205,opening_bottle,1
9,vp9/run1b_2018-05-23-16-19-17.ids_1,91,23205,23295,drinking,0
9,vp9/run1b_2018-05-23-16-19-17.ids_1,91,23295,23385,drinking,1
9,vp9/run1b_2018-05-23-16-19-17.ids_1,91,23385,23475,drinking,2
9,vp9/run1b_2018-05-23-16-19-17.ids_1,91,23475,23551,drinking,3
9,vp9/run1b_2018-05-23-16-19-17.ids_1,92,23551,23641,closing_bottle,0
9,vp9/run1b_2018-05-23-16-19-17.ids_1,92,23641,23680,closing_bottle,1
9,vp9/run1b_2018-05-23-16-19-17.ids_1,93,23702,23717,using_multimedia_display,0
9,vp9/run1b_2018-05-23-16-19-17.ids_1,94,23738,23812,placing_an_object,0
9,vp9/run1b_2018-05-23-16-19-17.ids_1,95,23830,23850,looking_back_left_shoulder,0
9,vp9/run1b_2018-05-23-16-19-17.ids_1,96,24426,24469,sitting_still,0
9,vp9/run1b_2018-05-23-16-19-17.ids_1,97,24690,24780,taking_laptop_from_backpack,0
9,vp9/run1b_2018-05-23-16-19-17.ids_1,97,24780,24816,taking_laptop_from_backpack,1
9,vp9/run1b_2018-05-23-16-19-17.ids_1,98,24963,25053,opening_laptop,0
9,vp9/run1b_2018-05-23-16-19-17.ids_1,98,25053,25143,opening_laptop,1
9,vp9/run1b_2018-05-23-16-19-17.ids_1,98,25143,25233,opening_laptop,2
9,vp9/run1b_2018-05-23-16-19-17.ids_1,98,25233,25252,opening_laptop,3
9,vp9/run1b_2018-05-23-16-19-17.ids_1,99,25252,25342,working_on_laptop,0
9,vp9/run1b_2018-05-23-16-19-17.ids_1,99,25342,25432,working_on_laptop,1
9,vp9/run1b_2018-05-23-16-19-17.ids_1,99,25432,25522,working_on_laptop,2
9,vp9/run1b_2018-05-23-16-19-17.ids_1,99,25522,25612,working_on_laptop,3
9,vp9/run1b_2018-05-23-16-19-17.ids_1,99,25612,25702,working_on_laptop,4
9,vp9/run1b_2018-05-23-16-19-17.ids_1,99,25702,25792,working_on_laptop,5
9,vp9/run1b_2018-05-23-16-19-17.ids_1,99,25792,25882,working_on_laptop,6
9,vp9/run1b_2018-05-23-16-19-17.ids_1,99,25882,25972,working_on_laptop,7
9,vp9/run1b_2018-05-23-16-19-17.ids_1,99,25972,26062,working_on_laptop,8
9,vp9/run1b_2018-05-23-16-19-17.ids_1,99,26062,26152,working_on_laptop,9
9,vp9/run1b_2018-05-23-16-19-17.ids_1,99,26152,26242,working_on_laptop,10
9,vp9/run1b_2018-05-23-16-19-17.ids_1,99,26242,26305,working_on_laptop,11
9,vp9/run1b_2018-05-23-16-19-17.ids_1,100,26305,26395,fetching_an_object,0
9,vp9/run1b_2018-05-23-16-19-17.ids_1,100,26395,26412,fetching_an_object,1
9,vp9/run1b_2018-05-23-16-19-17.ids_1,101,26412,26502,interacting_with_phone,0
9,vp9/run1b_2018-05-23-16-19-17.ids_1,101,26502,26592,interacting_with_phone,1
9,vp9/run1b_2018-05-23-16-19-17.ids_1,101,26592,26682,interacting_with_phone,2
9,vp9/run1b_2018-05-23-16-19-17.ids_1,101,26682,26772,interacting_with_phone,3
9,vp9/run1b_2018-05-23-16-19-17.ids_1,101,26772,26862,interacting_with_phone,4
9,vp9/run1b_2018-05-23-16-19-17.ids_1,101,26862,26952,interacting_with_phone,5
9,vp9/run1b_2018-05-23-16-19-17.ids_1,101,26952,27042,interacting_with_phone,6
9,vp9/run1b_2018-05-23-16-19-17.ids_1,101,27042,27132,interacting_with_phone,7
9,vp9/run1b_2018-05-23-16-19-17.ids_1,101,27132,27222,interacting_with_phone,8
9,vp9/run1b_2018-05-23-16-19-17.ids_1,101,27222,27312,interacting_with_phone,9
9,vp9/run1b_2018-05-23-16-19-17.ids_1,101,27312,27402,interacting_with_phone,10
9,vp9/run1b_2018-05-23-16-19-17.ids_1,101,27402,27492,interacting_with_phone,11
9,vp9/run1b_2018-05-23-16-19-17.ids_1,101,27492,27582,interacting_with_phone,12
9,vp9/run1b_2018-05-23-16-19-17.ids_1,101,27582,27672,interacting_with_phone,13
9,vp9/run1b_2018-05-23-16-19-17.ids_1,101,27672,27762,interacting_with_phone,14
9,vp9/run1b_2018-05-23-16-19-17.ids_1,101,27762,27852,interacting_with_phone,15
9,vp9/run1b_2018-05-23-16-19-17.ids_1,101,27852,27942,interacting_with_phone,16
9,vp9/run1b_2018-05-23-16-19-17.ids_1,101,27942,28032,interacting_with_phone,17
9,vp9/run1b_2018-05-23-16-19-17.ids_1,101,28032,28122,interacting_with_phone,18
9,vp9/run1b_2018-05-23-16-19-17.ids_1,101,28122,28212,interacting_with_phone,19
9,vp9/run1b_2018-05-23-16-19-17.ids_1,101,28212,28302,interacting_with_phone,20
9,vp9/run1b_2018-05-23-16-19-17.ids_1,101,28302,28392,interacting_with_phone,21
9,vp9/run1b_2018-05-23-16-19-17.ids_1,101,28392,28408,interacting_with_phone,22
9,vp9/run1b_2018-05-23-16-19-17.ids_1,102,28408,28498,placing_an_object,0
9,vp9/run1b_2018-05-23-16-19-17.ids_1,102,28498,28519,placing_an_object,1
9,vp9/run1b_2018-05-23-16-19-17.ids_1,103,28519,28566,closing_laptop,0
9,vp9/run1b_2018-05-23-16-19-17.ids_1,104,28666,28756,putting_laptop_into_backpack,0
9,vp9/run1b_2018-05-23-16-19-17.ids_1,104,28756,28789,putting_laptop_into_backpack,1
9,vp9/run1b_2018-05-23-16-19-17.ids_1,105,28812,28825,using_multimedia_display,0
9,vp9/run1b_2018-05-23-16-19-17.ids_1,106,29167,29246,unfastening_seat_belt,0
9,vp9/run1b_2018-05-23-16-19-17.ids_1,107,29246,29336,fetching_an_object,0
9,vp9/run1b_2018-05-23-16-19-17.ids_1,107,29336,29361,fetching_an_object,1
9,vp9/run1b_2018-05-23-16-19-17.ids_1,108,29361,29451,putting_on_jacket,0
9,vp9/run1b_2018-05-23-16-19-17.ids_1,108,29451,29541,putting_on_jacket,1
9,vp9/run1b_2018-05-23-16-19-17.ids_1,108,29541,29631,putting_on_jacket,2
9,vp9/run1b_2018-05-23-16-19-17.ids_1,108,29631,29721,putting_on_jacket,3
9,vp9/run1b_2018-05-23-16-19-17.ids_1,108,29721,29811,putting_on_jacket,4
9,vp9/run1b_2018-05-23-16-19-17.ids_1,108,29811,29900,putting_on_jacket,5
9,vp9/run1b_2018-05-23-16-19-17.ids_1,109,29900,29990,fastening_seat_belt,0
9,vp9/run1b_2018-05-23-16-19-17.ids_1,109,29990,30080,fastening_seat_belt,1
9,vp9/run1b_2018-05-23-16-19-17.ids_1,109,30080,30086,fastening_seat_belt,2
9,vp9/run1b_2018-05-23-16-19-17.ids_1,110,30132,30162,using_multimedia_display,0
10,vp10/run1_2018-05-24-13-14-41.ids_1,0,120,174,opening_door_outside,0
10,vp10/run1_2018-05-24-13-14-41.ids_1,1,174,264,entering_car,0
10,vp10/run1_2018-05-24-13-14-41.ids_1,1,264,272,entering_car,1
10,vp10/run1_2018-05-24-13-14-41.ids_1,2,272,313,closing_door_inside,0
10,vp10/run1_2018-05-24-13-14-41.ids_1,3,313,403,fastening_seat_belt,0
10,vp10/run1_2018-05-24-13-14-41.ids_1,3,403,444,fastening_seat_belt,1
10,vp10/run1_2018-05-24-13-14-41.ids_1,4,2316,2356,using_multimedia_display,0
10,vp10/run1_2018-05-24-13-14-41.ids_1,6,8059,8073,pressing_automation_button,0
10,vp10/run1_2018-05-24-13-14-41.ids_1,7,8247,8259,using_multimedia_display,0
10,vp10/run1_2018-05-24-13-14-41.ids_1,8,8283,8373,sitting_still,0
10,vp10/run1_2018-05-24-13-14-41.ids_1,8,8373,8463,sitting_still,1
10,vp10/run1_2018-05-24-13-14-41.ids_1,8,8463,8553,sitting_still,2
10,vp10/run1_2018-05-24-13-14-41.ids_1,8,8553,8643,sitting_still,3
10,vp10/run1_2018-05-24-13-14-41.ids_1,8,8643,8733,sitting_still,4
10,vp10/run1_2018-05-24-13-14-41.ids_1,8,8733,8823,sitting_still,5
10,vp10/run1_2018-05-24-13-14-41.ids_1,8,8823,8869,sitting_still,6
10,vp10/run1_2018-05-24-13-14-41.ids_1,9,8896,8901,sitting_still,0
10,vp10/run1_2018-05-24-13-14-41.ids_1,10,8901,8991,fetching_an_object,0
10,vp10/run1_2018-05-24-13-14-41.ids_1,10,8991,9010,fetching_an_object,1
10,vp10/run1_2018-05-24-13-14-41.ids_1,11,9010,9100,opening_bottle,0
10,vp10/run1_2018-05-24-13-14-41.ids_1,11,9100,9154,opening_bottle,1
10,vp10/run1_2018-05-24-13-14-41.ids_1,12,9158,9248,drinking,0
10,vp10/run1_2018-05-24-13-14-41.ids_1,13,9248,9338,closing_bottle,0
10,vp10/run1_2018-05-24-13-14-41.ids_1,13,9338,9344,closing_bottle,1
10,vp10/run1_2018-05-24-13-14-41.ids_1,14,9344,9373,placing_an_object,0
10,vp10/run1_2018-05-24-13-14-41.ids_1,15,9373,9456,fetching_an_object,0
10,vp10/run1_2018-05-24-13-14-41.ids_1,16,9460,9550,eating,0
10,vp10/run1_2018-05-24-13-14-41.ids_1,16,9550,9640,eating,1
10,vp10/run1_2018-05-24-13-14-41.ids_1,16,9640,9730,eating,2
10,vp10/run1_2018-05-24-13-14-41.ids_1,16,9730,9820,eating,3
10,vp10/run1_2018-05-24-13-14-41.ids_1,16,9820,9910,eating,4
10,vp10/run1_2018-05-24-13-14-41.ids_1,17,9910,9975,placing_an_object,0
10,vp10/run1_2018-05-24-13-14-41.ids_1,18,10765,10780,pressing_automation_button,0
10,vp10/run1_2018-05-24-13-14-41.ids_1,19,10822,10828,using_multimedia_display,0
10,vp10/run1_2018-05-24-13-14-41.ids_1,20,10866,10935,fetching_an_object,0
10,vp10/run1_2018-05-24-13-14-41.ids_1,21,10935,10986,eating,0
10,vp10/run1_2018-05-24-13-14-41.ids_1,22,10986,11076,placing_an_object,0
10,vp10/run1_2018-05-24-13-14-41.ids_1,22,11076,11088,placing_an_object,1
10,vp10/run1_2018-05-24-13-14-41.ids_1,23,11088,11178,taking_off_sunglasses,0
10,vp10/run1_2018-05-24-13-14-41.ids_1,23,11178,11203,taking_off_sunglasses,1
10,vp10/run1_2018-05-24-13-14-41.ids_1,24,11311,11401,putting_on_sunglasses,0
10,vp10/run1_2018-05-24-13-14-41.ids_1,24,11401,11453,putting_on_sunglasses,1
10,vp10/run1_2018-05-24-13-14-41.ids_1,25,11476,11485,using_multimedia_display,0
10,vp10/run1_2018-05-24-13-14-41.ids_1,26,11577,11586,using_multimedia_display,0
10,vp10/run1_2018-05-24-13-14-41.ids_1,27,11727,11808,fetching_an_object,0
10,vp10/run1_2018-05-24-13-14-41.ids_1,28,11808,11898,opening_bottle,0
10,vp10/run1_2018-05-24-13-14-41.ids_1,28,11898,11913,opening_bottle,1
10,vp10/run1_2018-05-24-13-14-41.ids_1,29,11913,11990,drinking,0
10,vp10/run1_2018-05-24-13-14-41.ids_1,30,11990,12080,closing_bottle,0
10,vp10/run1_2018-05-24-13-14-41.ids_1,30,12080,12088,closing_bottle,1
10,vp10/run1_2018-05-24-13-14-41.ids_1,31,12088,12115,placing_an_object,0
10,vp10/run1_2018-05-24-13-14-41.ids_1,32,12115,12180,fetching_an_object,0
10,vp10/run1_2018-05-24-13-14-41.ids_1,33,12180,12270,eating,0
10,vp10/run1_2018-05-24-13-14-41.ids_1,33,12270,12360,eating,1
10,vp10/run1_2018-05-24-13-14-41.ids_1,33,12360,12399,eating,2
10,vp10/run1_2018-05-24-13-14-41.ids_1,34,12399,12477,placing_an_object,0
10,vp10/run1_2018-05-24-13-14-41.ids_1,35,12500,12584,fetching_an_object,0
10,vp10/run1_2018-05-24-13-14-41.ids_1,36,12584,12674,reading_magazine,0
10,vp10/run1_2018-05-24-13-14-41.ids_1,36,12674,12764,reading_magazine,1
10,vp10/run1_2018-05-24-13-14-41.ids_1,36,12764,12854,reading_magazine,2
10,vp10/run1_2018-05-24-13-14-41.ids_1,36,12854,12944,reading_magazine,3
10,vp10/run1_2018-05-24-13-14-41.ids_1,36,12944,13034,reading_magazine,4
10,vp10/run1_2018-05-24-13-14-41.ids_1,36,13034,13124,reading_magazine,5
10,vp10/run1_2018-05-24-13-14-41.ids_1,36,13124,13214,reading_magazine,6
10,vp10/run1_2018-05-24-13-14-41.ids_1,36,13214,13304,reading_magazine,7
10,vp10/run1_2018-05-24-13-14-41.ids_1,36,13304,13394,reading_magazine,8
10,vp10/run1_2018-05-24-13-14-41.ids_1,36,13394,13484,reading_magazine,9
10,vp10/run1_2018-05-24-13-14-41.ids_1,36,13484,13574,reading_magazine,10
10,vp10/run1_2018-05-24-13-14-41.ids_1,36,13574,13664,reading_magazine,11
10,vp10/run1_2018-05-24-13-14-41.ids_1,36,13664,13754,reading_magazine,12
10,vp10/run1_2018-05-24-13-14-41.ids_1,36,13754,13844,reading_magazine,13
10,vp10/run1_2018-05-24-13-14-41.ids_1,36,13844,13934,reading_magazine,14
10,vp10/run1_2018-05-24-13-14-41.ids_1,36,13934,14024,reading_magazine,15
10,vp10/run1_2018-05-24-13-14-41.ids_1,36,14024,14114,reading_magazine,16
10,vp10/run1_2018-05-24-13-14-41.ids_1,36,14114,14204,reading_magazine,17
10,vp10/run1_2018-05-24-13-14-41.ids_1,36,14204,14294,reading_magazine,18
10,vp10/run1_2018-05-24-13-14-41.ids_1,36,14294,14384,reading_magazine,19
10,vp10/run1_2018-05-24-13-14-41.ids_1,36,14384,14474,reading_magazine,20
10,vp10/run1_2018-05-24-13-14-41.ids_1,36,14474,14564,reading_magazine,21
10,vp10/run1_2018-05-24-13-14-41.ids_1,36,14564,14611,reading_magazine,22
10,vp10/run1_2018-05-24-13-14-41.ids_1,37,14611,14638,placing_an_object,0
10,vp10/run1_2018-05-24-13-14-41.ids_1,38,14638,14716,fetching_an_object,0
10,vp10/run1_2018-05-24-13-14-41.ids_1,39,14716,14806,writing,0
10,vp10/run1_2018-05-24-13-14-41.ids_1,39,14806,14896,writing,1
10,vp10/run1_2018-05-24-13-14-41.ids_1,39,14896,14949,writing,2
10,vp10/run1_2018-05-24-13-14-41.ids_1,40,14949,14981,placing_an_object,0
10,vp10/run1_2018-05-24-13-14-41.ids_1,41,14981,15031,fetching_an_object,0
10,vp10/run1_2018-05-24-13-14-41.ids_1,42,15031,15098,placing_an_object,0
10,vp10/run1_2018-05-24-13-14-41.ids_1,43,15128,15141,using_multimedia_display,0
10,vp10/run1_2018-05-24-13-14-41.ids_1,44,15213,15260,fetching_an_object,0
10,vp10/run1_2018-05-24-13-14-41.ids_1,45,15260,15333,opening_bottle,0
10,vp10/run1_2018-05-24-13-14-41.ids_1,46,15333,15420,drinking,0
10,vp10/run1_2018-05-24-13-14-41.ids_1,47,15420,15510,closing_bottle,0
10,vp10/run1_2018-05-24-13-14-41.ids_1,47,15510,15518,closing_bottle,1
10,vp10/run1_2018-05-24-13-14-41.ids_1,48,15518,15570,placing_an_object,0
10,vp10/run1_2018-05-24-13-14-41.ids_1,49,17245,17263,pressing_automation_button,0
10,vp10/run1_2018-05-24-13-14-41.ids_1,50,17469,17540,taking_off_sunglasses,0
10,vp10/run1_2018-05-24-13-14-41.ids_1,51,17540,17580,placing_an_object,0
10,vp10/run1_2018-05-24-13-14-41.ids_1,52,17603,17616,using_multimedia_display,0
10,vp10/run1_2018-05-24-13-14-41.ids_1,53,17654,17744,sitting_still,0
10,vp10/run1_2018-05-24-13-14-41.ids_1,53,17744,17834,sitting_still,1
10,vp10/run1_2018-05-24-13-14-41.ids_1,53,17834,17924,sitting_still,2
10,vp10/run1_2018-05-24-13-14-41.ids_1,53,17924,18014,sitting_still,3
10,vp10/run1_2018-05-24-13-14-41.ids_1,53,18014,18104,sitting_still,4
10,vp10/run1_2018-05-24-13-14-41.ids_1,53,18104,18194,sitting_still,5
10,vp10/run1_2018-05-24-13-14-41.ids_1,53,18194,18284,sitting_still,6
10,vp10/run1_2018-05-24-13-14-41.ids_1,53,18284,18374,sitting_still,7
10,vp10/run1_2018-05-24-13-14-41.ids_1,53,18374,18464,sitting_still,8
10,vp10/run1_2018-05-24-13-14-41.ids_1,53,18464,18554,sitting_still,9
10,vp10/run1_2018-05-24-13-14-41.ids_1,53,18554,18591,sitting_still,10
10,vp10/run1_2018-05-24-13-14-41.ids_1,55,18628,18694,fetching_an_object,0
10,vp10/run1_2018-05-24-13-14-41.ids_1,56,18694,18776,unfastening_seat_belt,0
10,vp10/run1_2018-05-24-13-14-41.ids_1,57,18787,18877,putting_on_jacket,0
10,vp10/run1_2018-05-24-13-14-41.ids_1,57,18877,18967,putting_on_jacket,1
10,vp10/run1_2018-05-24-13-14-41.ids_1,57,18967,19057,putting_on_jacket,2
10,vp10/run1_2018-05-24-13-14-41.ids_1,57,19057,19147,putting_on_jacket,3
10,vp10/run1_2018-05-24-13-14-41.ids_1,57,19147,19232,putting_on_jacket,4
10,vp10/run1_2018-05-24-13-14-41.ids_1,58,19232,19322,fastening_seat_belt,0
10,vp10/run1_2018-05-24-13-14-41.ids_1,58,19322,19412,fastening_seat_belt,1
10,vp10/run1_2018-05-24-13-14-41.ids_1,58,19412,19465,fastening_seat_belt,2
10,vp10/run1_2018-05-24-13-14-41.ids_1,60,19702,19792,sitting_still,0
10,vp10/run1_2018-05-24-13-14-41.ids_1,60,19792,19882,sitting_still,1
10,vp10/run1_2018-05-24-13-14-41.ids_1,60,19882,19972,sitting_still,2
10,vp10/run1_2018-05-24-13-14-41.ids_1,60,19972,20062,sitting_still,3
10,vp10/run1_2018-05-24-13-14-41.ids_1,60,20062,20152,sitting_still,4
10,vp10/run1_2018-05-24-13-14-41.ids_1,60,20152,20242,sitting_still,5
10,vp10/run1_2018-05-24-13-14-41.ids_1,60,20242,20317,sitting_still,6
10,vp10/run1_2018-05-24-13-14-41.ids_1,61,20317,20407,fetching_an_object,0
10,vp10/run1_2018-05-24-13-14-41.ids_1,61,20407,20431,fetching_an_object,1
10,vp10/run1_2018-05-24-13-14-41.ids_1,62,20431,20521,talking_on_phone,0
10,vp10/run1_2018-05-24-13-14-41.ids_1,62,20521,20611,talking_on_phone,1
10,vp10/run1_2018-05-24-13-14-41.ids_1,62,20611,20701,talking_on_phone,2
10,vp10/run1_2018-05-24-13-14-41.ids_1,62,20701,20791,talking_on_phone,3
10,vp10/run1_2018-05-24-13-14-41.ids_1,62,20791,20881,talking_on_phone,4
10,vp10/run1_2018-05-24-13-14-41.ids_1,62,20881,20971,talking_on_phone,5
10,vp10/run1_2018-05-24-13-14-41.ids_1,62,20971,21061,talking_on_phone,6
10,vp10/run1_2018-05-24-13-14-41.ids_1,62,21061,21151,talking_on_phone,7
10,vp10/run1_2018-05-24-13-14-41.ids_1,62,21151,21241,talking_on_phone,8
10,vp10/run1_2018-05-24-13-14-41.ids_1,62,21241,21331,talking_on_phone,9
10,vp10/run1_2018-05-24-13-14-41.ids_1,62,21331,21421,talking_on_phone,10
10,vp10/run1_2018-05-24-13-14-41.ids_1,62,21421,21475,talking_on_phone,11
10,vp10/run1_2018-05-24-13-14-41.ids_1,63,21475,21565,placing_an_object,0
10,vp10/run1_2018-05-24-13-14-41.ids_1,63,21565,21615,placing_an_object,1
10,vp10/run1_2018-05-24-13-14-41.ids_1,64,22687,22700,pressing_automation_button,0
10,vp10/run1_2018-05-24-13-14-41.ids_1,65,23158,23205,opening_backpack,0
10,vp10/run1_2018-05-24-13-14-41.ids_1,66,23205,23295,taking_laptop_from_backpack,0
10,vp10/run1_2018-05-24-13-14-41.ids_1,66,23295,23329,taking_laptop_from_backpack,1
10,vp10/run1_2018-05-24-13-14-41.ids_1,67,23329,23419,opening_laptop,0
10,vp10/run1_2018-05-24-13-14-41.ids_1,67,23419,23447,opening_laptop,1
10,vp10/run1_2018-05-24-13-14-41.ids_1,68,23447,23537,working_on_laptop,0
10,vp10/run1_2018-05-24-13-14-41.ids_1,68,23537,23627,working_on_laptop,1
10,vp10/run1_2018-05-24-13-14-41.ids_1,68,23627,23717,working_on_laptop,2
10,vp10/run1_2018-05-24-13-14-41.ids_1,68,23717,23807,working_on_laptop,3
10,vp10/run1_2018-05-24-13-14-41.ids_1,68,23807,23897,working_on_laptop,4
10,vp10/run1_2018-05-24-13-14-41.ids_1,68,23897,23987,working_on_laptop,5
10,vp10/run1_2018-05-24-13-14-41.ids_1,68,23987,24077,working_on_laptop,6
10,vp10/run1_2018-05-24-13-14-41.ids_1,68,24077,24100,working_on_laptop,7
10,vp10/run1_2018-05-24-13-14-41.ids_1,69,24100,24190,fetching_an_object,0
10,vp10/run1_2018-05-24-13-14-41.ids_1,69,24190,24268,fetching_an_object,1
10,vp10/run1_2018-05-24-13-14-41.ids_1,70,24268,24347,putting_on_sunglasses,0
10,vp10/run1_2018-05-24-13-14-41.ids_1,71,24347,24430,fetching_an_object,0
10,vp10/run1_2018-05-24-13-14-41.ids_1,72,24430,24520,interacting_with_phone,0
10,vp10/run1_2018-05-24-13-14-41.ids_1,72,24520,24610,interacting_with_phone,1
10,vp10/run1_2018-05-24-13-14-41.ids_1,72,24610,24700,interacting_with_phone,2
10,vp10/run1_2018-05-24-13-14-41.ids_1,72,24700,24790,interacting_with_phone,3
10,vp10/run1_2018-05-24-13-14-41.ids_1,72,24790,24880,interacting_with_phone,4
10,vp10/run1_2018-05-24-13-14-41.ids_1,72,24880,24970,interacting_with_phone,5
10,vp10/run1_2018-05-24-13-14-41.ids_1,72,24970,25060,interacting_with_phone,6
10,vp10/run1_2018-05-24-13-14-41.ids_1,72,25060,25150,interacting_with_phone,7
10,vp10/run1_2018-05-24-13-14-41.ids_1,72,25150,25240,interacting_with_phone,8
10,vp10/run1_2018-05-24-13-14-41.ids_1,72,25240,25330,interacting_with_phone,9
10,vp10/run1_2018-05-24-13-14-41.ids_1,72,25330,25420,interacting_with_phone,10
10,vp10/run1_2018-05-24-13-14-41.ids_1,72,25420,25510,interacting_with_phone,11
10,vp10/run1_2018-05-24-13-14-41.ids_1,72,25510,25600,interacting_with_phone,12
10,vp10/run1_2018-05-24-13-14-41.ids_1,72,25600,25646,interacting_with_phone,13
10,vp10/run1_2018-05-24-13-14-41.ids_1,73,25646,25688,placing_an_object,0
10,vp10/run1_2018-05-24-13-14-41.ids_1,74,25725,25815,working_on_laptop,0
10,vp10/run1_2018-05-24-13-14-41.ids_1,74,25815,25905,working_on_laptop,1
10,vp10/run1_2018-05-24-13-14-41.ids_1,74,25905,25995,working_on_laptop,2
10,vp10/run1_2018-05-24-13-14-41.ids_1,74,25995,26085,working_on_laptop,3
10,vp10/run1_2018-05-24-13-14-41.ids_1,74,26085,26169,working_on_laptop,4
10,vp10/run1_2018-05-24-13-14-41.ids_1,75,26169,26209,closing_laptop,0
10,vp10/run1_2018-05-24-13-14-41.ids_1,76,26209,26299,placing_an_object,0
10,vp10/run1_2018-05-24-13-14-41.ids_1,76,26299,26380,placing_an_object,1
10,vp10/run1_2018-05-24-13-14-41.ids_1,78,26438,26455,pressing_automation_button,0
10,vp10/run1_2018-05-24-13-14-41.ids_1,79,26731,26749,pressing_automation_button,0
10,vp10/run1_2018-05-24-13-14-41.ids_1,80,26797,26867,unfastening_seat_belt,0
10,vp10/run1_2018-05-24-13-14-41.ids_1,81,26867,26957,taking_off_jacket,0
10,vp10/run1_2018-05-24-13-14-41.ids_1,81,26957,27047,taking_off_jacket,1
10,vp10/run1_2018-05-24-13-14-41.ids_1,81,27047,27137,taking_off_jacket,2
10,vp10/run1_2018-05-24-13-14-41.ids_1,81,27137,27227,taking_off_jacket,3
10,vp10/run1_2018-05-24-13-14-41.ids_1,81,27227,27317,taking_off_jacket,4
10,vp10/run1_2018-05-24-13-14-41.ids_1,81,27317,27407,taking_off_jacket,5
10,vp10/run1_2018-05-24-13-14-41.ids_1,81,27407,27435,taking_off_jacket,6
10,vp10/run1_2018-05-24-13-14-41.ids_1,82,27435,27518,placing_an_object,0
10,vp10/run1_2018-05-24-13-14-41.ids_1,83,27598,27603,using_multimedia_display,0
10,vp10/run1_2018-05-24-13-14-41.ids_1,84,27603,27693,fastening_seat_belt,0
10,vp10/run1_2018-05-24-13-14-41.ids_1,84,27693,27711,fastening_seat_belt,1
10,vp10/run1_2018-05-24-13-14-41.ids_1,85,27733,27742,pressing_automation_button,0
10,vp10/run1_2018-05-24-13-14-41.ids_1,86,28467,28479,pressing_automation_button,0
10,vp10/run1_2018-05-24-13-14-41.ids_1,87,28670,28682,using_multimedia_display,0
10,vp10/run1_2018-05-24-13-14-41.ids_1,88,28731,28744,pressing_automation_button,0
10,vp10/run1_2018-05-24-13-14-41.ids_1,89,28770,28860,fetching_an_object,0
10,vp10/run1_2018-05-24-13-14-41.ids_1,89,28860,28929,fetching_an_object,1
10,vp10/run1_2018-05-24-13-14-41.ids_1,90,28929,29019,eating,0
10,vp10/run1_2018-05-24-13-14-41.ids_1,90,29019,29109,eating,1
10,vp10/run1_2018-05-24-13-14-41.ids_1,90,29109,29199,eating,2
10,vp10/run1_2018-05-24-13-14-41.ids_1,90,29199,29289,eating,3
10,vp10/run1_2018-05-24-13-14-41.ids_1,90,29289,29379,eating,4
10,vp10/run1_2018-05-24-13-14-41.ids_1,90,29379,29469,eating,5
10,vp10/run1_2018-05-24-13-14-41.ids_1,90,29469,29559,eating,6
10,vp10/run1_2018-05-24-13-14-41.ids_1,90,29559,29649,eating,7
10,vp10/run1_2018-05-24-13-14-41.ids_1,90,29649,29739,eating,8
10,vp10/run1_2018-05-24-13-14-41.ids_1,90,29739,29829,eating,9
10,vp10/run1_2018-05-24-13-14-41.ids_1,90,29829,29919,eating,10
10,vp10/run1_2018-05-24-13-14-41.ids_1,90,29919,30009,eating,11
10,vp10/run1_2018-05-24-13-14-41.ids_1,90,30009,30099,eating,12
10,vp10/run1_2018-05-24-13-14-41.ids_1,90,30099,30189,eating,13
10,vp10/run1_2018-05-24-13-14-41.ids_1,90,30189,30279,eating,14
10,vp10/run1_2018-05-24-13-14-41.ids_1,90,30279,30369,eating,15
10,vp10/run1_2018-05-24-13-14-41.ids_1,90,30369,30459,eating,16
10,vp10/run1_2018-05-24-13-14-41.ids_1,90,30459,30549,eating,17
10,vp10/run1_2018-05-24-13-14-41.ids_1,90,30549,30639,eating,18
10,vp10/run1_2018-05-24-13-14-41.ids_1,90,30639,30729,eating,19
10,vp10/run1_2018-05-24-13-14-41.ids_1,90,30729,30819,eating,20
10,vp10/run1_2018-05-24-13-14-41.ids_1,90,30819,30909,eating,21
10,vp10/run1_2018-05-24-13-14-41.ids_1,90,30909,30999,eating,22
10,vp10/run1_2018-05-24-13-14-41.ids_1,90,30999,31089,eating,23
10,vp10/run1_2018-05-24-13-14-41.ids_1,90,31089,31179,eating,24
10,vp10/run1_2018-05-24-13-14-41.ids_1,90,31179,31269,eating,25
10,vp10/run1_2018-05-24-13-14-41.ids_1,90,31269,31359,eating,26
10,vp10/run1_2018-05-24-13-14-41.ids_1,90,31359,31449,eating,27
10,vp10/run1_2018-05-24-13-14-41.ids_1,90,31449,31455,eating,28
10,vp10/run1_2018-05-24-13-14-41.ids_1,91,31455,31517,placing_an_object,0
10,vp10/run1_2018-05-24-13-14-41.ids_1,92,31517,31607,eating,0
10,vp10/run1_2018-05-24-13-14-41.ids_1,92,31607,31697,eating,1
10,vp10/run1_2018-05-24-13-14-41.ids_1,92,31697,31787,eating,2
10,vp10/run1_2018-05-24-13-14-41.ids_1,92,31787,31877,eating,3
10,vp10/run1_2018-05-24-13-14-41.ids_1,92,31877,31967,eating,4
10,vp10/run1_2018-05-24-13-14-41.ids_1,92,31967,32057,eating,5
10,vp10/run1_2018-05-24-13-14-41.ids_1,92,32057,32147,eating,6
10,vp10/run1_2018-05-24-13-14-41.ids_1,92,32147,32237,eating,7
10,vp10/run1_2018-05-24-13-14-41.ids_1,92,32237,32327,eating,8
10,vp10/run1_2018-05-24-13-14-41.ids_1,92,32327,32417,eating,9
10,vp10/run1_2018-05-24-13-14-41.ids_1,92,32417,32507,eating,10
10,vp10/run1_2018-05-24-13-14-41.ids_1,92,32507,32557,eating,11
10,vp10/run1_2018-05-24-13-14-41.ids_1,93,33748,33764,pressing_automation_button,0
10,vp10/run1_2018-05-24-13-14-41.ids_1,94,33845,33859,using_multimedia_display,0
10,vp10/run1_2018-05-24-13-14-41.ids_1,95,33878,33968,fetching_an_object,0
10,vp10/run1_2018-05-24-13-14-41.ids_1,95,33968,33973,fetching_an_object,1
10,vp10/run1_2018-05-24-13-14-41.ids_1,96,33973,34063,eating,0
10,vp10/run1_2018-05-24-13-14-41.ids_1,96,34063,34153,eating,1
10,vp10/run1_2018-05-24-13-14-41.ids_1,96,34153,34164,eating,2
10,vp10/run1_2018-05-24-13-14-41.ids_1,97,34164,34254,placing_an_object,0
10,vp10/run1_2018-05-24-13-14-41.ids_1,97,34254,34344,placing_an_object,1
10,vp10/run1_2018-05-24-13-14-41.ids_1,97,34344,34374,placing_an_object,2
10,vp10/run1_2018-05-24-13-14-41.ids_1,98,34374,34464,sitting_still,0
10,vp10/run1_2018-05-24-13-14-41.ids_1,98,34464,34554,sitting_still,1
10,vp10/run1_2018-05-24-13-14-41.ids_1,98,34554,34644,sitting_still,2
10,vp10/run1_2018-05-24-13-14-41.ids_1,98,34644,34734,sitting_still,3
10,vp10/run1_2018-05-24-13-14-41.ids_1,98,34734,34824,sitting_still,4
10,vp10/run1_2018-05-24-13-14-41.ids_1,98,34824,34914,sitting_still,5
10,vp10/run1_2018-05-24-13-14-41.ids_1,98,34914,35004,sitting_still,6
10,vp10/run1_2018-05-24-13-14-41.ids_1,98,35004,35094,sitting_still,7
10,vp10/run1_2018-05-24-13-14-41.ids_1,98,35094,35162,sitting_still,8
10,vp10/run1_2018-05-24-13-14-41.ids_1,99,36441,36460,pressing_automation_button,0
10,vp10/run1_2018-05-24-13-14-41.ids_1,100,36507,36519,using_multimedia_display,0
10,vp10/run1_2018-05-24-13-14-41.ids_1,101,36594,36684,fetching_an_object,0
10,vp10/run1_2018-05-24-13-14-41.ids_1,101,36684,36697,fetching_an_object,1
10,vp10/run1_2018-05-24-13-14-41.ids_1,102,36697,36782,opening_bottle,0
10,vp10/run1_2018-05-24-13-14-41.ids_1,103,36785,36875,drinking,0
10,vp10/run1_2018-05-24-13-14-41.ids_1,104,36875,36965,closing_bottle,0
10,vp10/run1_2018-05-24-13-14-41.ids_1,104,36965,36977,closing_bottle,1
10,vp10/run1_2018-05-24-13-14-41.ids_1,105,36977,37062,placing_an_object,0
10,vp10/run1_2018-05-24-13-14-41.ids_1,106,37062,37152,fetching_an_object,0
10,vp10/run1_2018-05-24-13-14-41.ids_1,106,37152,37174,fetching_an_object,1
10,vp10/run1_2018-05-24-13-14-41.ids_1,107,37174,37264,reading_newspaper,0
10,vp10/run1_2018-05-24-13-14-41.ids_1,107,37264,37354,reading_newspaper,1
10,vp10/run1_2018-05-24-13-14-41.ids_1,107,37354,37444,reading_newspaper,2
10,vp10/run1_2018-05-24-13-14-41.ids_1,107,37444,37534,reading_newspaper,3
10,vp10/run1_2018-05-24-13-14-41.ids_1,107,37534,37624,reading_newspaper,4
10,vp10/run1_2018-05-24-13-14-41.ids_1,107,37624,37714,reading_newspaper,5
10,vp10/run1_2018-05-24-13-14-41.ids_1,107,37714,37804,reading_newspaper,6
10,vp10/run1_2018-05-24-13-14-41.ids_1,107,37804,37894,reading_newspaper,7
10,vp10/run1_2018-05-24-13-14-41.ids_1,107,37894,37984,reading_newspaper,8
10,vp10/run1_2018-05-24-13-14-41.ids_1,107,37984,38074,reading_newspaper,9
10,vp10/run1_2018-05-24-13-14-41.ids_1,107,38074,38164,reading_newspaper,10
10,vp10/run1_2018-05-24-13-14-41.ids_1,107,38164,38254,reading_newspaper,11
10,vp10/run1_2018-05-24-13-14-41.ids_1,107,38254,38344,reading_newspaper,12
10,vp10/run1_2018-05-24-13-14-41.ids_1,107,38344,38434,reading_newspaper,13
10,vp10/run1_2018-05-24-13-14-41.ids_1,107,38434,38524,reading_newspaper,14
10,vp10/run1_2018-05-24-13-14-41.ids_1,107,38524,38614,reading_newspaper,15
10,vp10/run1_2018-05-24-13-14-41.ids_1,107,38614,38704,reading_newspaper,16
10,vp10/run1_2018-05-24-13-14-41.ids_1,107,38704,38794,reading_newspaper,17
10,vp10/run1_2018-05-24-13-14-41.ids_1,107,38794,38839,reading_newspaper,18
10,vp10/run1_2018-05-24-13-14-41.ids_1,108,38839,38887,placing_an_object,0
10,vp10/run1_2018-05-24-13-14-41.ids_1,109,38887,38977,fetching_an_object,0
10,vp10/run1_2018-05-24-13-14-41.ids_1,109,38977,39067,fetching_an_object,1
10,vp10/run1_2018-05-24-13-14-41.ids_1,109,39067,39130,fetching_an_object,2
10,vp10/run1_2018-05-24-13-14-41.ids_1,110,39130,39220,writing,0
10,vp10/run1_2018-05-24-13-14-41.ids_1,110,39220,39310,writing,1
10,vp10/run1_2018-05-24-13-14-41.ids_1,110,39310,39400,writing,2
10,vp10/run1_2018-05-24-13-14-41.ids_1,110,39400,39463,writing,3
10,vp10/run1_2018-05-24-13-14-41.ids_1,111,39463,39517,placing_an_object,0
10,vp10/run1_2018-05-24-13-14-41.ids_1,113,39575,39665,sitting_still,0
10,vp10/run1_2018-05-24-13-14-41.ids_1,113,39665,39755,sitting_still,1
10,vp10/run1_2018-05-24-13-14-41.ids_1,113,39755,39845,sitting_still,2
10,vp10/run1_2018-05-24-13-14-41.ids_1,113,39845,39935,sitting_still,3
10,vp10/run1_2018-05-24-13-14-41.ids_1,113,39935,40025,sitting_still,4
10,vp10/run1_2018-05-24-13-14-41.ids_1,113,40025,40115,sitting_still,5
10,vp10/run1_2018-05-24-13-14-41.ids_1,113,40115,40205,sitting_still,6
10,vp10/run1_2018-05-24-13-14-41.ids_1,113,40205,40286,sitting_still,7
10,vp10/run1_2018-05-24-13-14-41.ids_1,114,40311,40330,pressing_automation_button,0
10,vp10/run1_2018-05-24-13-14-41.ids_1,115,41173,41263,using_multimedia_display,0
10,vp10/run1_2018-05-24-13-14-41.ids_1,115,41263,41330,using_multimedia_display,1
10,vp10/run1_2018-05-24-13-14-41.ids_1,116,41361,41378,pressing_automation_button,0
10,vp10/run1_2018-05-24-13-14-41.ids_1,117,41396,41404,using_multimedia_display,0
10,vp10/run1_2018-05-24-13-14-41.ids_1,118,41428,41457,pressing_automation_button,0
10,vp10/run1_2018-05-24-13-14-41.ids_1,119,41476,41528,unfastening_seat_belt,0
10,vp10/run1_2018-05-24-13-14-41.ids_1,120,41528,41618,fetching_an_object,0
10,vp10/run1_2018-05-24-13-14-41.ids_1,120,41618,41708,fetching_an_object,1
10,vp10/run1_2018-05-24-13-14-41.ids_1,120,41708,41761,fetching_an_object,2
10,vp10/run1_2018-05-24-13-14-41.ids_1,121,41787,41877,opening_door_inside,0
10,vp10/run1_2018-05-24-13-14-41.ids_1,121,41877,41890,opening_door_inside,1
10,vp10/run1_2018-05-24-13-14-41.ids_1,122,41890,41980,exiting_car,0
10,vp10/run1_2018-05-24-13-14-41.ids_1,122,41980,42002,exiting_car,1
10,vp10/run1_2018-05-24-13-14-41.ids_1,123,42002,42033,closing_door_outside,0
10,vp10/run2_2018-05-24-14-08-46.ids_1,0,28,68,moving_towards_door,0
10,vp10/run2_2018-05-24-14-08-46.ids_1,1,68,124,opening_door_outside,0
10,vp10/run2_2018-05-24-14-08-46.ids_1,2,124,214,entering_car,0
10,vp10/run2_2018-05-24-14-08-46.ids_1,2,214,219,entering_car,1
10,vp10/run2_2018-05-24-14-08-46.ids_1,3,219,253,closing_door_inside,0
10,vp10/run2_2018-05-24-14-08-46.ids_1,4,253,343,fastening_seat_belt,0
10,vp10/run2_2018-05-24-14-08-46.ids_1,4,343,421,fastening_seat_belt,1
10,vp10/run2_2018-05-24-14-08-46.ids_1,5,782,807,using_multimedia_display,0
10,vp10/run2_2018-05-24-14-08-46.ids_1,6,6430,6514,pressing_automation_button,0
10,vp10/run2_2018-05-24-14-08-46.ids_1,7,6541,6560,using_multimedia_display,0
10,vp10/run2_2018-05-24-14-08-46.ids_1,8,6577,6610,sitting_still,0
10,vp10/run2_2018-05-24-14-08-46.ids_1,9,6759,6849,fetching_an_object,0
10,vp10/run2_2018-05-24-14-08-46.ids_1,9,6849,6894,fetching_an_object,1
10,vp10/run2_2018-05-24-14-08-46.ids_1,10,6910,6969,placing_an_object,0
10,vp10/run2_2018-05-24-14-08-46.ids_1,11,7117,7195,sitting_still,0
10,vp10/run2_2018-05-24-14-08-46.ids_1,12,7710,7726,sitting_still,0
10,vp10/run2_2018-05-24-14-08-46.ids_1,13,7942,7957,sitting_still,0
10,vp10/run2_2018-05-24-14-08-46.ids_1,14,8152,8242,sitting_still,0
10,vp10/run2_2018-05-24-14-08-46.ids_1,14,8242,8332,sitting_still,1
10,vp10/run2_2018-05-24-14-08-46.ids_1,14,8332,8422,sitting_still,2
10,vp10/run2_2018-05-24-14-08-46.ids_1,14,8422,8512,sitting_still,3
10,vp10/run2_2018-05-24-14-08-46.ids_1,14,8512,8518,sitting_still,4
10,vp10/run2_2018-05-24-14-08-46.ids_1,15,8653,8743,sitting_still,0
10,vp10/run2_2018-05-24-14-08-46.ids_1,15,8743,8833,sitting_still,1
10,vp10/run2_2018-05-24-14-08-46.ids_1,15,8833,8923,sitting_still,2
10,vp10/run2_2018-05-24-14-08-46.ids_1,15,8923,8951,sitting_still,3
10,vp10/run2_2018-05-24-14-08-46.ids_1,16,8951,9039,fetching_an_object,0
10,vp10/run2_2018-05-24-14-08-46.ids_1,17,9039,9076,interacting_with_phone,0
10,vp10/run2_2018-05-24-14-08-46.ids_1,18,9076,9166,talking_on_phone,0
10,vp10/run2_2018-05-24-14-08-46.ids_1,18,9166,9256,talking_on_phone,1
10,vp10/run2_2018-05-24-14-08-46.ids_1,18,9256,9346,talking_on_phone,2
10,vp10/run2_2018-05-24-14-08-46.ids_1,18,9346,9362,talking_on_phone,3
10,vp10/run2_2018-05-24-14-08-46.ids_1,19,9362,9452,interacting_with_phone,0
10,vp10/run2_2018-05-24-14-08-46.ids_1,19,9452,9542,interacting_with_phone,1
10,vp10/run2_2018-05-24-14-08-46.ids_1,19,9542,9632,interacting_with_phone,2
10,vp10/run2_2018-05-24-14-08-46.ids_1,19,9632,9722,interacting_with_phone,3
10,vp10/run2_2018-05-24-14-08-46.ids_1,19,9722,9812,interacting_with_phone,4
10,vp10/run2_2018-05-24-14-08-46.ids_1,19,9812,9902,interacting_with_phone,5
10,vp10/run2_2018-05-24-14-08-46.ids_1,19,9902,9946,interacting_with_phone,6
10,vp10/run2_2018-05-24-14-08-46.ids_1,20,9946,10036,talking_on_phone,0
10,vp10/run2_2018-05-24-14-08-46.ids_1,20,10036,10126,talking_on_phone,1
10,vp10/run2_2018-05-24-14-08-46.ids_1,20,10126,10216,talking_on_phone,2
10,vp10/run2_2018-05-24-14-08-46.ids_1,20,10216,10306,talking_on_phone,3
10,vp10/run2_2018-05-24-14-08-46.ids_1,20,10306,10396,talking_on_phone,4
10,vp10/run2_2018-05-24-14-08-46.ids_1,20,10396,10486,talking_on_phone,5
10,vp10/run2_2018-05-24-14-08-46.ids_1,20,10486,10576,talking_on_phone,6
10,vp10/run2_2018-05-24-14-08-46.ids_1,20,10576,10666,talking_on_phone,7
10,vp10/run2_2018-05-24-14-08-46.ids_1,20,10666,10756,talking_on_phone,8
10,vp10/run2_2018-05-24-14-08-46.ids_1,20,10756,10846,talking_on_phone,9
10,vp10/run2_2018-05-24-14-08-46.ids_1,20,10846,10861,talking_on_phone,10
10,vp10/run2_2018-05-24-14-08-46.ids_1,21,10861,10913,placing_an_object,0
10,vp10/run2_2018-05-24-14-08-46.ids_1,22,11961,11978,pressing_automation_button,0
10,vp10/run2_2018-05-24-14-08-46.ids_1,23,12019,12091,using_multimedia_display,0
10,vp10/run2_2018-05-24-14-08-46.ids_1,24,12118,12192,sitting_still,0
10,vp10/run2_2018-05-24-14-08-46.ids_1,25,12343,12409,fetching_an_object,0
10,vp10/run2_2018-05-24-14-08-46.ids_1,26,12484,12560,placing_an_object,0
10,vp10/run2_2018-05-24-14-08-46.ids_1,27,12634,12724,sitting_still,0
10,vp10/run2_2018-05-24-14-08-46.ids_1,27,12724,12814,sitting_still,1
10,vp10/run2_2018-05-24-14-08-46.ids_1,27,12814,12904,sitting_still,2
10,vp10/run2_2018-05-24-14-08-46.ids_1,27,12904,12994,sitting_still,3
10,vp10/run2_2018-05-24-14-08-46.ids_1,27,12994,13084,sitting_still,4
10,vp10/run2_2018-05-24-14-08-46.ids_1,27,13084,13174,sitting_still,5
10,vp10/run2_2018-05-24-14-08-46.ids_1,27,13174,13264,sitting_still,6
10,vp10/run2_2018-05-24-14-08-46.ids_1,27,13264,13354,sitting_still,7
10,vp10/run2_2018-05-24-14-08-46.ids_1,27,13354,13444,sitting_still,8
10,vp10/run2_2018-05-24-14-08-46.ids_1,27,13444,13534,sitting_still,9
10,vp10/run2_2018-05-24-14-08-46.ids_1,27,13534,13624,sitting_still,10
10,vp10/run2_2018-05-24-14-08-46.ids_1,27,13624,13714,sitting_still,11
10,vp10/run2_2018-05-24-14-08-46.ids_1,27,13714,13804,sitting_still,12
10,vp10/run2_2018-05-24-14-08-46.ids_1,27,13804,13894,sitting_still,13
10,vp10/run2_2018-05-24-14-08-46.ids_1,27,13894,13984,sitting_still,14
10,vp10/run2_2018-05-24-14-08-46.ids_1,27,13984,14074,sitting_still,15
10,vp10/run2_2018-05-24-14-08-46.ids_1,27,14074,14164,sitting_still,16
10,vp10/run2_2018-05-24-14-08-46.ids_1,27,14164,14254,sitting_still,17
10,vp10/run2_2018-05-24-14-08-46.ids_1,27,14254,14344,sitting_still,18
10,vp10/run2_2018-05-24-14-08-46.ids_1,27,14344,14434,sitting_still,19
10,vp10/run2_2018-05-24-14-08-46.ids_1,27,14434,14524,sitting_still,20
10,vp10/run2_2018-05-24-14-08-46.ids_1,27,14524,14614,sitting_still,21
10,vp10/run2_2018-05-24-14-08-46.ids_1,27,14614,14704,sitting_still,22
10,vp10/run2_2018-05-24-14-08-46.ids_1,27,14704,14794,sitting_still,23
10,vp10/run2_2018-05-24-14-08-46.ids_1,27,14794,14884,sitting_still,24
10,vp10/run2_2018-05-24-14-08-46.ids_1,27,14884,14974,sitting_still,25
10,vp10/run2_2018-05-24-14-08-46.ids_1,27,14974,15064,sitting_still,26
10,vp10/run2_2018-05-24-14-08-46.ids_1,27,15064,15124,sitting_still,27
10,vp10/run2_2018-05-24-14-08-46.ids_1,28,16664,16680,pressing_automation_button,0
10,vp10/run2_2018-05-24-14-08-46.ids_1,29,16733,16742,using_multimedia_display,0
10,vp10/run2_2018-05-24-14-08-46.ids_1,30,16766,16856,sitting_still,0
10,vp10/run2_2018-05-24-14-08-46.ids_1,30,16856,16946,sitting_still,1
10,vp10/run2_2018-05-24-14-08-46.ids_1,30,16946,17036,sitting_still,2
10,vp10/run2_2018-05-24-14-08-46.ids_1,30,17036,17126,sitting_still,3
10,vp10/run2_2018-05-24-14-08-46.ids_1,30,17126,17216,sitting_still,4
10,vp10/run2_2018-05-24-14-08-46.ids_1,30,17216,17306,sitting_still,5
10,vp10/run2_2018-05-24-14-08-46.ids_1,30,17306,17396,sitting_still,6
10,vp10/run2_2018-05-24-14-08-46.ids_1,30,17396,17486,sitting_still,7
10,vp10/run2_2018-05-24-14-08-46.ids_1,30,17486,17576,sitting_still,8
10,vp10/run2_2018-05-24-14-08-46.ids_1,30,17576,17666,sitting_still,9
10,vp10/run2_2018-05-24-14-08-46.ids_1,30,17666,17756,sitting_still,10
10,vp10/run2_2018-05-24-14-08-46.ids_1,30,17756,17773,sitting_still,11
10,vp10/run2_2018-05-24-14-08-46.ids_1,31,17875,17965,sitting_still,0
10,vp10/run2_2018-05-24-14-08-46.ids_1,31,17965,18040,sitting_still,1
10,vp10/run2_2018-05-24-14-08-46.ids_1,32,18178,18268,sitting_still,0
10,vp10/run2_2018-05-24-14-08-46.ids_1,32,18268,18358,sitting_still,1
10,vp10/run2_2018-05-24-14-08-46.ids_1,32,18358,18448,sitting_still,2
10,vp10/run2_2018-05-24-14-08-46.ids_1,32,18448,18538,sitting_still,3
10,vp10/run2_2018-05-24-14-08-46.ids_1,32,18538,18628,sitting_still,4
10,vp10/run2_2018-05-24-14-08-46.ids_1,32,18628,18718,sitting_still,5
10,vp10/run2_2018-05-24-14-08-46.ids_1,32,18718,18808,sitting_still,6
10,vp10/run2_2018-05-24-14-08-46.ids_1,32,18808,18898,sitting_still,7
10,vp10/run2_2018-05-24-14-08-46.ids_1,32,18898,18988,sitting_still,8
10,vp10/run2_2018-05-24-14-08-46.ids_1,32,18988,19078,sitting_still,9
10,vp10/run2_2018-05-24-14-08-46.ids_1,32,19078,19168,sitting_still,10
10,vp10/run2_2018-05-24-14-08-46.ids_1,33,19352,19400,sitting_still,0
10,vp10/run2_2018-05-24-14-08-46.ids_1,34,19420,19429,pressing_automation_button,0
10,vp10/run2_2018-05-24-14-08-46.ids_1,35,20120,20131,pressing_automation_button,0
10,vp10/run2_2018-05-24-14-08-46.ids_1,36,20242,20332,sitting_still,0
10,vp10/run2_2018-05-24-14-08-46.ids_1,36,20332,20422,sitting_still,1
10,vp10/run2_2018-05-24-14-08-46.ids_1,36,20422,20512,sitting_still,2
10,vp10/run2_2018-05-24-14-08-46.ids_1,36,20512,20575,sitting_still,3
10,vp10/run2_2018-05-24-14-08-46.ids_1,37,20638,20728,using_multimedia_display,0
10,vp10/run2_2018-05-24-14-08-46.ids_1,37,20728,20736,using_multimedia_display,1
10,vp10/run2_2018-05-24-14-08-46.ids_1,38,20856,20862,pressing_automation_button,0
10,vp10/run2_2018-05-24-14-08-46.ids_1,39,21857,21871,pressing_automation_button,0
10,vp10/run2_2018-05-24-14-08-46.ids_1,40,22270,22290,pressing_automation_button,0
10,vp10/run2_2018-05-24-14-08-46.ids_1,41,22340,22381,taking_off_sunglasses,0
10,vp10/run2_2018-05-24-14-08-46.ids_1,42,22381,22407,placing_an_object,0
10,vp10/run2_2018-05-24-14-08-46.ids_1,43,22477,22516,fetching_an_object,0
10,vp10/run2_2018-05-24-14-08-46.ids_1,44,22516,22600,putting_on_sunglasses,0
10,vp10/run2_2018-05-24-14-08-46.ids_1,45,22617,22634,using_multimedia_display,0
10,vp10/run2_2018-05-24-14-08-46.ids_1,46,22706,22796,sitting_still,0
10,vp10/run2_2018-05-24-14-08-46.ids_1,46,22796,22843,sitting_still,1
10,vp10/run2_2018-05-24-14-08-46.ids_1,47,22857,22912,looking_back_left_shoulder,0
10,vp10/run2_2018-05-24-14-08-46.ids_1,48,23083,23173,sitting_still,0
10,vp10/run2_2018-05-24-14-08-46.ids_1,48,23173,23181,sitting_still,1
10,vp10/run2_2018-05-24-14-08-46.ids_1,49,23322,23370,sitting_still,0
10,vp10/run2_2018-05-24-14-08-46.ids_1,50,23438,23528,unfastening_seat_belt,0
10,vp10/run2_2018-05-24-14-08-46.ids_1,51,23528,23618,fetching_an_object,0
10,vp10/run2_2018-05-24-14-08-46.ids_1,51,23618,23666,fetching_an_object,1
10,vp10/run2_2018-05-24-14-08-46.ids_1,52,23667,23757,putting_on_jacket,0
10,vp10/run2_2018-05-24-14-08-46.ids_1,52,23757,23847,putting_on_jacket,1
10,vp10/run2_2018-05-24-14-08-46.ids_1,52,23847,23937,putting_on_jacket,2
10,vp10/run2_2018-05-24-14-08-46.ids_1,52,23937,24027,putting_on_jacket,3
10,vp10/run2_2018-05-24-14-08-46.ids_1,52,24027,24117,putting_on_jacket,4
10,vp10/run2_2018-05-24-14-08-46.ids_1,52,24117,24207,putting_on_jacket,5
10,vp10/run2_2018-05-24-14-08-46.ids_1,52,24207,24297,putting_on_jacket,6
10,vp10/run2_2018-05-24-14-08-46.ids_1,53,24297,24387,fastening_seat_belt,0
10,vp10/run2_2018-05-24-14-08-46.ids_1,53,24387,24456,fastening_seat_belt,1
10,vp10/run2_2018-05-24-14-08-46.ids_1,55,24517,24607,sitting_still,0
10,vp10/run2_2018-05-24-14-08-46.ids_1,55,24607,24615,sitting_still,1
10,vp10/run2_2018-05-24-14-08-46.ids_1,56,24900,24990,sitting_still,0
10,vp10/run2_2018-05-24-14-08-46.ids_1,56,24990,25023,sitting_still,1
10,vp10/run2_2018-05-24-14-08-46.ids_1,57,25023,25111,unfastening_seat_belt,0
10,vp10/run2_2018-05-24-14-08-46.ids_1,58,25111,25201,taking_off_jacket,0
10,vp10/run2_2018-05-24-14-08-46.ids_1,58,25201,25291,taking_off_jacket,1
10,vp10/run2_2018-05-24-14-08-46.ids_1,58,25291,25381,taking_off_jacket,2
10,vp10/run2_2018-05-24-14-08-46.ids_1,58,25381,25471,taking_off_jacket,3
10,vp10/run2_2018-05-24-14-08-46.ids_1,58,25471,25561,taking_off_jacket,4
10,vp10/run2_2018-05-24-14-08-46.ids_1,58,25561,25651,taking_off_jacket,5
10,vp10/run2_2018-05-24-14-08-46.ids_1,58,25651,25693,taking_off_jacket,6
10,vp10/run2_2018-05-24-14-08-46.ids_1,59,25693,25738,placing_an_object,0
10,vp10/run2_2018-05-24-14-08-46.ids_1,60,25741,25831,fastening_seat_belt,0
10,vp10/run2_2018-05-24-14-08-46.ids_1,61,25844,25849,using_multimedia_display,0
10,vp10/run2_2018-05-24-14-08-46.ids_1,62,25876,25929,sitting_still,0
10,vp10/run2_2018-05-24-14-08-46.ids_1,63,26233,26289,sitting_still,0
10,vp10/run2_2018-05-24-14-08-46.ids_1,64,26757,26847,sitting_still,0
10,vp10/run2_2018-05-24-14-08-46.ids_1,64,26847,26854,sitting_still,1
10,vp10/run2_2018-05-24-14-08-46.ids_1,65,26923,27013,fetching_an_object,0
10,vp10/run2_2018-05-24-14-08-46.ids_1,65,27013,27031,fetching_an_object,1
10,vp10/run2_2018-05-24-14-08-46.ids_1,66,27031,27121,reading_magazine,0
10,vp10/run2_2018-05-24-14-08-46.ids_1,66,27121,27211,reading_magazine,1
10,vp10/run2_2018-05-24-14-08-46.ids_1,66,27211,27301,reading_magazine,2
10,vp10/run2_2018-05-24-14-08-46.ids_1,66,27301,27391,reading_magazine,3
10,vp10/run2_2018-05-24-14-08-46.ids_1,66,27391,27481,reading_magazine,4
10,vp10/run2_2018-05-24-14-08-46.ids_1,66,27481,27571,reading_magazine,5
10,vp10/run2_2018-05-24-14-08-46.ids_1,66,27571,27657,reading_magazine,6
10,vp10/run2_2018-05-24-14-08-46.ids_1,67,27657,27741,fetching_an_object,0
10,vp10/run2_2018-05-24-14-08-46.ids_1,68,27741,27831,writing,0
10,vp10/run2_2018-05-24-14-08-46.ids_1,68,27831,27921,writing,1
10,vp10/run2_2018-05-24-14-08-46.ids_1,68,27921,28011,writing,2
10,vp10/run2_2018-05-24-14-08-46.ids_1,68,28011,28101,writing,3
10,vp10/run2_2018-05-24-14-08-46.ids_1,68,28101,28191,writing,4
10,vp10/run2_2018-05-24-14-08-46.ids_1,68,28191,28281,writing,5
10,vp10/run2_2018-05-24-14-08-46.ids_1,68,28281,28353,writing,6
10,vp10/run2_2018-05-24-14-08-46.ids_1,69,28353,28411,placing_an_object,0
10,vp10/run2_2018-05-24-14-08-46.ids_1,70,28411,28496,placing_an_object,0
10,vp10/run2_2018-05-24-14-08-46.ids_1,71,28513,28534,using_multimedia_display,0
10,vp10/run2_2018-05-24-14-08-46.ids_1,72,28598,28670,sitting_still,0
10,vp10/run2_2018-05-24-14-08-46.ids_1,73,28806,28858,taking_off_sunglasses,0
10,vp10/run2_2018-05-24-14-08-46.ids_1,74,28858,28909,placing_an_object,0
10,vp10/run2_2018-05-24-14-08-46.ids_1,76,28956,29046,sitting_still,0
10,vp10/run2_2018-05-24-14-08-46.ids_1,76,29046,29114,sitting_still,1
10,vp10/run2_2018-05-24-14-08-46.ids_1,77,29962,29978,pressing_automation_button,0
10,vp10/run2_2018-05-24-14-08-46.ids_1,78,30026,30098,fetching_an_object,0
10,vp10/run2_2018-05-24-14-08-46.ids_1,79,30243,30333,putting_on_sunglasses,0
10,vp10/run2_2018-05-24-14-08-46.ids_1,79,30333,30423,putting_on_sunglasses,1
10,vp10/run2_2018-05-24-14-08-46.ids_1,79,30423,30435,putting_on_sunglasses,2
10,vp10/run2_2018-05-24-14-08-46.ids_1,80,30435,30525,reading_newspaper,0
10,vp10/run2_2018-05-24-14-08-46.ids_1,80,30525,30577,reading_newspaper,1
10,vp10/run2_2018-05-24-14-08-46.ids_1,81,30577,30650,fetching_an_object,0
10,vp10/run2_2018-05-24-14-08-46.ids_1,82,30650,30740,writing,0
10,vp10/run2_2018-05-24-14-08-46.ids_1,82,30740,30830,writing,1
10,vp10/run2_2018-05-24-14-08-46.ids_1,82,30830,30920,writing,2
10,vp10/run2_2018-05-24-14-08-46.ids_1,82,30920,31010,writing,3
10,vp10/run2_2018-05-24-14-08-46.ids_1,82,31010,31100,writing,4
10,vp10/run2_2018-05-24-14-08-46.ids_1,82,31100,31190,writing,5
10,vp10/run2_2018-05-24-14-08-46.ids_1,82,31190,31280,writing,6
10,vp10/run2_2018-05-24-14-08-46.ids_1,82,31280,31370,writing,7
10,vp10/run2_2018-05-24-14-08-46.ids_1,82,31370,31460,writing,8
10,vp10/run2_2018-05-24-14-08-46.ids_1,82,31460,31550,writing,9
10,vp10/run2_2018-05-24-14-08-46.ids_1,82,31550,31637,writing,10
10,vp10/run2_2018-05-24-14-08-46.ids_1,83,31637,31707,placing_an_object,0
10,vp10/run2_2018-05-24-14-08-46.ids_1,84,31850,31904,placing_an_object,0
10,vp10/run2_2018-05-24-14-08-46.ids_1,85,31929,31935,using_multimedia_display,0
10,vp10/run2_2018-05-24-14-08-46.ids_1,86,32072,32162,looking_back_left_shoulder,0
10,vp10/run2_2018-05-24-14-08-46.ids_1,86,32162,32191,looking_back_left_shoulder,1
10,vp10/run2_2018-05-24-14-08-46.ids_1,87,32394,32467,looking_or_moving_around (e.g. searching),0
10,vp10/run2_2018-05-24-14-08-46.ids_1,88,32467,32557,fetching_an_object,0
10,vp10/run2_2018-05-24-14-08-46.ids_1,88,32557,32647,fetching_an_object,1
10,vp10/run2_2018-05-24-14-08-46.ids_1,88,32647,32714,fetching_an_object,2
10,vp10/run2_2018-05-24-14-08-46.ids_1,89,32714,32804,preparing_food,0
10,vp10/run2_2018-05-24-14-08-46.ids_1,89,32804,32894,preparing_food,1
10,vp10/run2_2018-05-24-14-08-46.ids_1,89,32894,32923,preparing_food,2
10,vp10/run2_2018-05-24-14-08-46.ids_1,90,33125,33215,preparing_food,0
10,vp10/run2_2018-05-24-14-08-46.ids_1,90,33215,33277,preparing_food,1
10,vp10/run2_2018-05-24-14-08-46.ids_1,91,33280,33370,eating,0
10,vp10/run2_2018-05-24-14-08-46.ids_1,91,33370,33460,eating,1
10,vp10/run2_2018-05-24-14-08-46.ids_1,92,33460,33526,placing_an_object,0
10,vp10/run2_2018-05-24-14-08-46.ids_1,93,33663,33702,fetching_an_object,0
10,vp10/run2_2018-05-24-14-08-46.ids_1,94,33702,33781,opening_bottle,0
10,vp10/run2_2018-05-24-14-08-46.ids_1,95,33866,33956,drinking,0
10,vp10/run2_2018-05-24-14-08-46.ids_1,95,33956,33981,drinking,1
10,vp10/run2_2018-05-24-14-08-46.ids_1,96,34014,34104,closing_bottle,0
10,vp10/run2_2018-05-24-14-08-46.ids_1,96,34104,34194,closing_bottle,1
10,vp10/run2_2018-05-24-14-08-46.ids_1,96,34194,34255,closing_bottle,2
10,vp10/run2_2018-05-24-14-08-46.ids_1,97,34255,34302,placing_an_object,0
10,vp10/run2_2018-05-24-14-08-46.ids_1,98,34795,34805,pressing_automation_button,0
10,vp10/run2_2018-05-24-14-08-46.ids_1,99,34838,34900,fetching_an_object,0
10,vp10/run2_2018-05-24-14-08-46.ids_1,100,34900,34990,preparing_food,0
10,vp10/run2_2018-05-24-14-08-46.ids_1,100,34990,35036,preparing_food,1
10,vp10/run2_2018-05-24-14-08-46.ids_1,101,35036,35126,eating,0
10,vp10/run2_2018-05-24-14-08-46.ids_1,101,35126,35144,eating,1
10,vp10/run2_2018-05-24-14-08-46.ids_1,102,35144,35210,placing_an_object,0
10,vp10/run2_2018-05-24-14-08-46.ids_1,103,35227,35232,using_multimedia_display,0
10,vp10/run2_2018-05-24-14-08-46.ids_1,104,35310,35338,sitting_still,0
10,vp10/run2_2018-05-24-14-08-46.ids_1,105,35408,35447,pressing_automation_button,0
10,vp10/run2_2018-05-24-14-08-46.ids_1,106,36257,36273,pressing_automation_button,0
10,vp10/run2_2018-05-24-14-08-46.ids_1,107,36312,36402,placing_an_object,0
10,vp10/run2_2018-05-24-14-08-46.ids_1,107,36402,36423,placing_an_object,1
10,vp10/run2_2018-05-24-14-08-46.ids_1,108,36423,36513,taking_laptop_from_backpack,0
10,vp10/run2_2018-05-24-14-08-46.ids_1,108,36513,36541,taking_laptop_from_backpack,1
10,vp10/run2_2018-05-24-14-08-46.ids_1,109,36913,37003,opening_laptop,0
10,vp10/run2_2018-05-24-14-08-46.ids_1,109,37003,37018,opening_laptop,1
10,vp10/run2_2018-05-24-14-08-46.ids_1,110,37018,37108,working_on_laptop,0
10,vp10/run2_2018-05-24-14-08-46.ids_1,110,37108,37198,working_on_laptop,1
10,vp10/run2_2018-05-24-14-08-46.ids_1,110,37198,37288,working_on_laptop,2
10,vp10/run2_2018-05-24-14-08-46.ids_1,110,37288,37378,working_on_laptop,3
10,vp10/run2_2018-05-24-14-08-46.ids_1,110,37378,37468,working_on_laptop,4
10,vp10/run2_2018-05-24-14-08-46.ids_1,110,37468,37558,working_on_laptop,5
10,vp10/run2_2018-05-24-14-08-46.ids_1,110,37558,37648,working_on_laptop,6
10,vp10/run2_2018-05-24-14-08-46.ids_1,110,37648,37738,working_on_laptop,7
10,vp10/run2_2018-05-24-14-08-46.ids_1,110,37738,37744,working_on_laptop,8
10,vp10/run2_2018-05-24-14-08-46.ids_1,111,37744,37824,fetching_an_object,0
10,vp10/run2_2018-05-24-14-08-46.ids_1,112,37824,37914,working_on_laptop,0
10,vp10/run2_2018-05-24-14-08-46.ids_1,112,37914,37959,working_on_laptop,1
10,vp10/run2_2018-05-24-14-08-46.ids_1,113,37959,38023,closing_laptop,0
10,vp10/run2_2018-05-24-14-08-46.ids_1,114,38037,38127,putting_laptop_into_backpack,0
10,vp10/run2_2018-05-24-14-08-46.ids_1,114,38127,38154,putting_laptop_into_backpack,1
10,vp10/run2_2018-05-24-14-08-46.ids_1,115,38154,38244,interacting_with_phone,0
10,vp10/run2_2018-05-24-14-08-46.ids_1,115,38244,38334,interacting_with_phone,1
10,vp10/run2_2018-05-24-14-08-46.ids_1,115,38334,38424,interacting_with_phone,2
10,vp10/run2_2018-05-24-14-08-46.ids_1,115,38424,38514,interacting_with_phone,3
10,vp10/run2_2018-05-24-14-08-46.ids_1,115,38514,38604,interacting_with_phone,4
10,vp10/run2_2018-05-24-14-08-46.ids_1,115,38604,38694,interacting_with_phone,5
10,vp10/run2_2018-05-24-14-08-46.ids_1,115,38694,38784,interacting_with_phone,6
10,vp10/run2_2018-05-24-14-08-46.ids_1,115,38784,38874,interacting_with_phone,7
10,vp10/run2_2018-05-24-14-08-46.ids_1,115,38874,38964,interacting_with_phone,8
10,vp10/run2_2018-05-24-14-08-46.ids_1,115,38964,39054,interacting_with_phone,9
10,vp10/run2_2018-05-24-14-08-46.ids_1,115,39054,39144,interacting_with_phone,10
10,vp10/run2_2018-05-24-14-08-46.ids_1,115,39144,39234,interacting_with_phone,11
10,vp10/run2_2018-05-24-14-08-46.ids_1,115,39234,39324,interacting_with_phone,12
10,vp10/run2_2018-05-24-14-08-46.ids_1,115,39324,39414,interacting_with_phone,13
10,vp10/run2_2018-05-24-14-08-46.ids_1,115,39414,39504,interacting_with_phone,14
10,vp10/run2_2018-05-24-14-08-46.ids_1,115,39504,39594,interacting_with_phone,15
10,vp10/run2_2018-05-24-14-08-46.ids_1,115,39594,39681,interacting_with_phone,16
10,vp10/run2_2018-05-24-14-08-46.ids_1,116,39681,39737,placing_an_object,0
10,vp10/run2_2018-05-24-14-08-46.ids_1,117,39755,39771,using_multimedia_display,0
10,vp10/run2_2018-05-24-14-08-46.ids_1,118,39792,39882,sitting_still,0
10,vp10/run2_2018-05-24-14-08-46.ids_1,119,39975,40065,sitting_still,0
10,vp10/run2_2018-05-24-14-08-46.ids_1,119,40065,40120,sitting_still,1
10,vp10/run2_2018-05-24-14-08-46.ids_1,120,40145,40178,pressing_automation_button,0
10,vp10/run2_2018-05-24-14-08-46.ids_1,121,40196,40263,sitting_still,0
10,vp10/run2_2018-05-24-14-08-46.ids_1,122,40525,40547,using_multimedia_display,0
10,vp10/run2_2018-05-24-14-08-46.ids_1,123,40558,40635,unfastening_seat_belt,0
10,vp10/run2_2018-05-24-14-08-46.ids_1,124,40635,40725,opening_door_inside,0
10,vp10/run2_2018-05-24-14-08-46.ids_1,124,40725,40812,opening_door_inside,1
10,vp10/run2_2018-05-24-14-08-46.ids_1,125,40812,40874,fetching_an_object,0
10,vp10/run2_2018-05-24-14-08-46.ids_1,126,40874,40910,fetching_an_object,0
10,vp10/run2_2018-05-24-14-08-46.ids_1,127,40910,40978,fetching_an_object,0
10,vp10/run2_2018-05-24-14-08-46.ids_1,128,40981,41071,placing_an_object,0
10,vp10/run2_2018-05-24-14-08-46.ids_1,129,41071,41161,exiting_car,0
10,vp10/run2_2018-05-24-14-08-46.ids_1,129,41161,41176,exiting_car,1
10,vp10/run2_2018-05-24-14-08-46.ids_1,130,41176,41225,closing_door_outside,0
11,vp11/run1_2018-05-24-13-44-01.ids_1,0,160,204,opening_door_outside,0
11,vp11/run1_2018-05-24-13-44-01.ids_1,1,204,294,entering_car,0
11,vp11/run1_2018-05-24-13-44-01.ids_1,1,294,300,entering_car,1
11,vp11/run1_2018-05-24-13-44-01.ids_1,2,300,333,closing_door_inside,0
11,vp11/run1_2018-05-24-13-44-01.ids_1,3,357,447,fastening_seat_belt,0
11,vp11/run1_2018-05-24-13-44-01.ids_1,3,447,505,fastening_seat_belt,1
11,vp11/run1_2018-05-24-13-44-01.ids_1,4,603,645,using_multimedia_display,0
11,vp11/run1_2018-05-24-13-44-01.ids_1,5,6177,6191,pressing_automation_button,0
11,vp11/run1_2018-05-24-13-44-01.ids_1,6,6285,6290,using_multimedia_display,0
11,vp11/run1_2018-05-24-13-44-01.ids_1,7,6318,6408,sitting_still,0
11,vp11/run1_2018-05-24-13-44-01.ids_1,7,6408,6498,sitting_still,1
11,vp11/run1_2018-05-24-13-44-01.ids_1,7,6498,6588,sitting_still,2
11,vp11/run1_2018-05-24-13-44-01.ids_1,7,6588,6631,sitting_still,3
11,vp11/run1_2018-05-24-13-44-01.ids_1,8,6671,6758,fetching_an_object,0
11,vp11/run1_2018-05-24-13-44-01.ids_1,9,6758,6848,reading_newspaper,0
11,vp11/run1_2018-05-24-13-44-01.ids_1,9,6848,6938,reading_newspaper,1
11,vp11/run1_2018-05-24-13-44-01.ids_1,9,6938,7028,reading_newspaper,2
11,vp11/run1_2018-05-24-13-44-01.ids_1,9,7028,7118,reading_newspaper,3
11,vp11/run1_2018-05-24-13-44-01.ids_1,9,7118,7208,reading_newspaper,4
11,vp11/run1_2018-05-24-13-44-01.ids_1,9,7208,7298,reading_newspaper,5
11,vp11/run1_2018-05-24-13-44-01.ids_1,9,7298,7388,reading_newspaper,6
11,vp11/run1_2018-05-24-13-44-01.ids_1,9,7388,7478,reading_newspaper,7
11,vp11/run1_2018-05-24-13-44-01.ids_1,9,7478,7568,reading_newspaper,8
11,vp11/run1_2018-05-24-13-44-01.ids_1,9,7568,7658,reading_newspaper,9
11,vp11/run1_2018-05-24-13-44-01.ids_1,9,7658,7748,reading_newspaper,10
11,vp11/run1_2018-05-24-13-44-01.ids_1,9,7748,7838,reading_newspaper,11
11,vp11/run1_2018-05-24-13-44-01.ids_1,9,7838,7928,reading_newspaper,12
11,vp11/run1_2018-05-24-13-44-01.ids_1,9,7928,8018,reading_newspaper,13
11,vp11/run1_2018-05-24-13-44-01.ids_1,9,8018,8108,reading_newspaper,14
11,vp11/run1_2018-05-24-13-44-01.ids_1,9,8108,8198,reading_newspaper,15
11,vp11/run1_2018-05-24-13-44-01.ids_1,9,8198,8288,reading_newspaper,16
11,vp11/run1_2018-05-24-13-44-01.ids_1,9,8288,8378,reading_newspaper,17
11,vp11/run1_2018-05-24-13-44-01.ids_1,9,8378,8468,reading_newspaper,18
11,vp11/run1_2018-05-24-13-44-01.ids_1,9,8468,8558,reading_newspaper,19
11,vp11/run1_2018-05-24-13-44-01.ids_1,9,8558,8648,reading_newspaper,20
11,vp11/run1_2018-05-24-13-44-01.ids_1,9,8648,8738,reading_newspaper,21
11,vp11/run1_2018-05-24-13-44-01.ids_1,9,8738,8828,reading_newspaper,22
11,vp11/run1_2018-05-24-13-44-01.ids_1,9,8828,8918,reading_newspaper,23
11,vp11/run1_2018-05-24-13-44-01.ids_1,9,8918,9008,reading_newspaper,24
11,vp11/run1_2018-05-24-13-44-01.ids_1,9,9008,9098,reading_newspaper,25
11,vp11/run1_2018-05-24-13-44-01.ids_1,9,9098,9188,reading_newspaper,26
11,vp11/run1_2018-05-24-13-44-01.ids_1,9,9188,9278,reading_newspaper,27
11,vp11/run1_2018-05-24-13-44-01.ids_1,9,9278,9368,reading_newspaper,28
11,vp11/run1_2018-05-24-13-44-01.ids_1,9,9368,9458,reading_newspaper,29
11,vp11/run1_2018-05-24-13-44-01.ids_1,9,9458,9548,reading_newspaper,30
11,vp11/run1_2018-05-24-13-44-01.ids_1,9,9548,9638,reading_newspaper,31
11,vp11/run1_2018-05-24-13-44-01.ids_1,9,9638,9728,reading_newspaper,32
11,vp11/run1_2018-05-24-13-44-01.ids_1,9,9728,9818,reading_newspaper,33
11,vp11/run1_2018-05-24-13-44-01.ids_1,9,9818,9843,reading_newspaper,34
11,vp11/run1_2018-05-24-13-44-01.ids_1,10,9843,9908,placing_an_object,0
11,vp11/run1_2018-05-24-13-44-01.ids_1,11,9908,9998,fetching_an_object,0
11,vp11/run1_2018-05-24-13-44-01.ids_1,11,9998,10013,fetching_an_object,1
11,vp11/run1_2018-05-24-13-44-01.ids_1,12,10013,10103,writing,0
11,vp11/run1_2018-05-24-13-44-01.ids_1,12,10103,10193,writing,1
11,vp11/run1_2018-05-24-13-44-01.ids_1,12,10193,10283,writing,2
11,vp11/run1_2018-05-24-13-44-01.ids_1,12,10283,10330,writing,3
11,vp11/run1_2018-05-24-13-44-01.ids_1,13,10330,10369,placing_an_object,0
11,vp11/run1_2018-05-24-13-44-01.ids_1,14,10378,10396,using_multimedia_display,0
11,vp11/run1_2018-05-24-13-44-01.ids_1,15,10464,10554,sitting_still,0
11,vp11/run1_2018-05-24-13-44-01.ids_1,15,10554,10644,sitting_still,1
11,vp11/run1_2018-05-24-13-44-01.ids_1,15,10644,10734,sitting_still,2
11,vp11/run1_2018-05-24-13-44-01.ids_1,15,10734,10824,sitting_still,3
11,vp11/run1_2018-05-24-13-44-01.ids_1,15,10824,10914,sitting_still,4
11,vp11/run1_2018-05-24-13-44-01.ids_1,15,10914,11004,sitting_still,5
11,vp11/run1_2018-05-24-13-44-01.ids_1,15,11004,11053,sitting_still,6
11,vp11/run1_2018-05-24-13-44-01.ids_1,16,11182,11272,sitting_still,0
11,vp11/run1_2018-05-24-13-44-01.ids_1,16,11272,11362,sitting_still,1
11,vp11/run1_2018-05-24-13-44-01.ids_1,16,11362,11384,sitting_still,2
11,vp11/run1_2018-05-24-13-44-01.ids_1,17,11384,11448,fetching_an_object,0
11,vp11/run1_2018-05-24-13-44-01.ids_1,18,11448,11538,putting_on_jacket,0
11,vp11/run1_2018-05-24-13-44-01.ids_1,18,11538,11628,putting_on_jacket,1
11,vp11/run1_2018-05-24-13-44-01.ids_1,18,11628,11718,putting_on_jacket,2
11,vp11/run1_2018-05-24-13-44-01.ids_1,18,11718,11808,putting_on_jacket,3
11,vp11/run1_2018-05-24-13-44-01.ids_1,18,11808,11833,putting_on_jacket,4
11,vp11/run1_2018-05-24-13-44-01.ids_1,19,11850,11859,using_multimedia_display,0
11,vp11/run1_2018-05-24-13-44-01.ids_1,20,11972,12039,sitting_still,0
11,vp11/run1_2018-05-24-13-44-01.ids_1,21,12921,12944,pressing_automation_button,0
11,vp11/run1_2018-05-24-13-44-01.ids_1,22,12994,13020,sitting_still,0
11,vp11/run1_2018-05-24-13-44-01.ids_1,23,13020,13110,looking_or_moving_around (e.g. searching),0
11,vp11/run1_2018-05-24-13-44-01.ids_1,23,13110,13126,looking_or_moving_around (e.g. searching),1
11,vp11/run1_2018-05-24-13-44-01.ids_1,24,13159,13191,using_multimedia_display,0
11,vp11/run1_2018-05-24-13-44-01.ids_1,25,13223,13313,sitting_still,0
11,vp11/run1_2018-05-24-13-44-01.ids_1,25,13313,13330,sitting_still,1
11,vp11/run1_2018-05-24-13-44-01.ids_1,26,13350,13440,sitting_still,0
11,vp11/run1_2018-05-24-13-44-01.ids_1,26,13440,13530,sitting_still,1
11,vp11/run1_2018-05-24-13-44-01.ids_1,26,13530,13620,sitting_still,2
11,vp11/run1_2018-05-24-13-44-01.ids_1,26,13620,13710,sitting_still,3
11,vp11/run1_2018-05-24-13-44-01.ids_1,26,13710,13800,sitting_still,4
11,vp11/run1_2018-05-24-13-44-01.ids_1,26,13800,13890,sitting_still,5
11,vp11/run1_2018-05-24-13-44-01.ids_1,26,13890,13980,sitting_still,6
11,vp11/run1_2018-05-24-13-44-01.ids_1,26,13980,14070,sitting_still,7
11,vp11/run1_2018-05-24-13-44-01.ids_1,26,14070,14085,sitting_still,8
11,vp11/run1_2018-05-24-13-44-01.ids_1,27,14102,14192,sitting_still,0
11,vp11/run1_2018-05-24-13-44-01.ids_1,28,14239,14257,using_multimedia_display,0
11,vp11/run1_2018-05-24-13-44-01.ids_1,29,14388,14478,sitting_still,0
11,vp11/run1_2018-05-24-13-44-01.ids_1,29,14478,14568,sitting_still,1
11,vp11/run1_2018-05-24-13-44-01.ids_1,29,14568,14658,sitting_still,2
11,vp11/run1_2018-05-24-13-44-01.ids_1,29,14658,14748,sitting_still,3
11,vp11/run1_2018-05-24-13-44-01.ids_1,29,14748,14838,sitting_still,4
11,vp11/run1_2018-05-24-13-44-01.ids_1,29,14838,14928,sitting_still,5
11,vp11/run1_2018-05-24-13-44-01.ids_1,29,14928,15018,sitting_still,6
11,vp11/run1_2018-05-24-13-44-01.ids_1,29,15018,15108,sitting_still,7
11,vp11/run1_2018-05-24-13-44-01.ids_1,29,15108,15198,sitting_still,8
11,vp11/run1_2018-05-24-13-44-01.ids_1,29,15198,15288,sitting_still,9
11,vp11/run1_2018-05-24-13-44-01.ids_1,29,15288,15378,sitting_still,10
11,vp11/run1_2018-05-24-13-44-01.ids_1,29,15378,15468,sitting_still,11
11,vp11/run1_2018-05-24-13-44-01.ids_1,29,15468,15558,sitting_still,12
11,vp11/run1_2018-05-24-13-44-01.ids_1,29,15558,15648,sitting_still,13
11,vp11/run1_2018-05-24-13-44-01.ids_1,29,15648,15738,sitting_still,14
11,vp11/run1_2018-05-24-13-44-01.ids_1,29,15738,15828,sitting_still,15
11,vp11/run1_2018-05-24-13-44-01.ids_1,29,15828,15918,sitting_still,16
11,vp11/run1_2018-05-24-13-44-01.ids_1,29,15918,15932,sitting_still,17
11,vp11/run1_2018-05-24-13-44-01.ids_1,30,15961,16051,fetching_an_object,0
11,vp11/run1_2018-05-24-13-44-01.ids_1,30,16051,16060,fetching_an_object,1
11,vp11/run1_2018-05-24-13-44-01.ids_1,31,16060,16150,interacting_with_phone,0
11,vp11/run1_2018-05-24-13-44-01.ids_1,31,16150,16240,interacting_with_phone,1
11,vp11/run1_2018-05-24-13-44-01.ids_1,31,16240,16330,interacting_with_phone,2
11,vp11/run1_2018-05-24-13-44-01.ids_1,31,16330,16420,interacting_with_phone,3
11,vp11/run1_2018-05-24-13-44-01.ids_1,31,16420,16510,interacting_with_phone,4
11,vp11/run1_2018-05-24-13-44-01.ids_1,31,16510,16600,interacting_with_phone,5
11,vp11/run1_2018-05-24-13-44-01.ids_1,31,16600,16690,interacting_with_phone,6
11,vp11/run1_2018-05-24-13-44-01.ids_1,31,16690,16780,interacting_with_phone,7
11,vp11/run1_2018-05-24-13-44-01.ids_1,31,16780,16819,interacting_with_phone,8
11,vp11/run1_2018-05-24-13-44-01.ids_1,32,16819,16909,talking_on_phone,0
11,vp11/run1_2018-05-24-13-44-01.ids_1,32,16909,16999,talking_on_phone,1
11,vp11/run1_2018-05-24-13-44-01.ids_1,32,16999,17089,talking_on_phone,2
11,vp11/run1_2018-05-24-13-44-01.ids_1,32,17089,17179,talking_on_phone,3
11,vp11/run1_2018-05-24-13-44-01.ids_1,32,17179,17269,talking_on_phone,4
11,vp11/run1_2018-05-24-13-44-01.ids_1,32,17269,17359,talking_on_phone,5
11,vp11/run1_2018-05-24-13-44-01.ids_1,32,17359,17449,talking_on_phone,6
11,vp11/run1_2018-05-24-13-44-01.ids_1,32,17449,17539,talking_on_phone,7
11,vp11/run1_2018-05-24-13-44-01.ids_1,32,17539,17629,talking_on_phone,8
11,vp11/run1_2018-05-24-13-44-01.ids_1,32,17629,17719,talking_on_phone,9
11,vp11/run1_2018-05-24-13-44-01.ids_1,32,17719,17809,talking_on_phone,10
11,vp11/run1_2018-05-24-13-44-01.ids_1,32,17809,17899,talking_on_phone,11
11,vp11/run1_2018-05-24-13-44-01.ids_1,32,17899,17989,talking_on_phone,12
11,vp11/run1_2018-05-24-13-44-01.ids_1,32,17989,18079,talking_on_phone,13
11,vp11/run1_2018-05-24-13-44-01.ids_1,32,18079,18169,talking_on_phone,14
11,vp11/run1_2018-05-24-13-44-01.ids_1,32,18169,18259,talking_on_phone,15
11,vp11/run1_2018-05-24-13-44-01.ids_1,32,18259,18349,talking_on_phone,16
11,vp11/run1_2018-05-24-13-44-01.ids_1,32,18349,18437,talking_on_phone,17
11,vp11/run1_2018-05-24-13-44-01.ids_1,33,18459,18464,pressing_automation_button,0
11,vp11/run1_2018-05-24-13-44-01.ids_1,34,18492,18513,interacting_with_phone,0
11,vp11/run1_2018-05-24-13-44-01.ids_1,35,18513,18598,placing_an_object,0
11,vp11/run1_2018-05-24-13-44-01.ids_1,36,18645,18723,using_multimedia_display,0
11,vp11/run1_2018-05-24-13-44-01.ids_1,37,18782,18819,sitting_still,0
11,vp11/run1_2018-05-24-13-44-01.ids_1,38,18872,18962,sitting_still,0
11,vp11/run1_2018-05-24-13-44-01.ids_1,38,18962,19052,sitting_still,1
11,vp11/run1_2018-05-24-13-44-01.ids_1,38,19052,19142,sitting_still,2
11,vp11/run1_2018-05-24-13-44-01.ids_1,38,19142,19232,sitting_still,3
11,vp11/run1_2018-05-24-13-44-01.ids_1,38,19232,19263,sitting_still,4
11,vp11/run1_2018-05-24-13-44-01.ids_1,39,19312,19402,sitting_still,0
11,vp11/run1_2018-05-24-13-44-01.ids_1,39,19402,19435,sitting_still,1
11,vp11/run1_2018-05-24-13-44-01.ids_1,40,19513,19603,sitting_still,0
11,vp11/run1_2018-05-24-13-44-01.ids_1,40,19603,19627,sitting_still,1
11,vp11/run1_2018-05-24-13-44-01.ids_1,41,19711,19801,sitting_still,0
11,vp11/run1_2018-05-24-13-44-01.ids_1,41,19801,19872,sitting_still,1
11,vp11/run1_2018-05-24-13-44-01.ids_1,42,19872,19962,fetching_an_object,0
11,vp11/run1_2018-05-24-13-44-01.ids_1,42,19962,19975,fetching_an_object,1
11,vp11/run1_2018-05-24-13-44-01.ids_1,43,19975,20065,opening_bottle,0
11,vp11/run1_2018-05-24-13-44-01.ids_1,43,20065,20155,opening_bottle,1
11,vp11/run1_2018-05-24-13-44-01.ids_1,43,20155,20245,opening_bottle,2
11,vp11/run1_2018-05-24-13-44-01.ids_1,43,20245,20335,opening_bottle,3
11,vp11/run1_2018-05-24-13-44-01.ids_1,43,20335,20366,opening_bottle,4
11,vp11/run1_2018-05-24-13-44-01.ids_1,44,20366,20447,drinking,0
11,vp11/run1_2018-05-24-13-44-01.ids_1,45,20447,20522,closing_bottle,0
11,vp11/run1_2018-05-24-13-44-01.ids_1,46,20522,20535,opening_bottle,0
11,vp11/run1_2018-05-24-13-44-01.ids_1,47,20536,20626,drinking,0
11,vp11/run1_2018-05-24-13-44-01.ids_1,48,20626,20716,closing_bottle,0
11,vp11/run1_2018-05-24-13-44-01.ids_1,48,20716,20760,closing_bottle,1
11,vp11/run1_2018-05-24-13-44-01.ids_1,49,20760,20850,placing_an_object,0
11,vp11/run1_2018-05-24-13-44-01.ids_1,49,20850,20884,placing_an_object,1
11,vp11/run1_2018-05-24-13-44-01.ids_1,50,20884,20974,sitting_still,0
11,vp11/run1_2018-05-24-13-44-01.ids_1,50,20974,21064,sitting_still,1
11,vp11/run1_2018-05-24-13-44-01.ids_1,50,21064,21154,sitting_still,2
11,vp11/run1_2018-05-24-13-44-01.ids_1,50,21154,21244,sitting_still,3
11,vp11/run1_2018-05-24-13-44-01.ids_1,50,21244,21334,sitting_still,4
11,vp11/run1_2018-05-24-13-44-01.ids_1,50,21334,21424,sitting_still,5
11,vp11/run1_2018-05-24-13-44-01.ids_1,50,21424,21514,sitting_still,6
11,vp11/run1_2018-05-24-13-44-01.ids_1,50,21514,21604,sitting_still,7
11,vp11/run1_2018-05-24-13-44-01.ids_1,50,21604,21694,sitting_still,8
11,vp11/run1_2018-05-24-13-44-01.ids_1,50,21694,21784,sitting_still,9
11,vp11/run1_2018-05-24-13-44-01.ids_1,50,21784,21874,sitting_still,10
11,vp11/run1_2018-05-24-13-44-01.ids_1,50,21874,21964,sitting_still,11
11,vp11/run1_2018-05-24-13-44-01.ids_1,50,21964,22054,sitting_still,12
11,vp11/run1_2018-05-24-13-44-01.ids_1,50,22054,22144,sitting_still,13
11,vp11/run1_2018-05-24-13-44-01.ids_1,50,22144,22177,sitting_still,14
11,vp11/run1_2018-05-24-13-44-01.ids_1,51,23001,23020,pressing_automation_button,0
11,vp11/run1_2018-05-24-13-44-01.ids_1,52,23056,23146,sitting_still,0
11,vp11/run1_2018-05-24-13-44-01.ids_1,52,23146,23236,sitting_still,1
11,vp11/run1_2018-05-24-13-44-01.ids_1,52,23236,23326,sitting_still,2
11,vp11/run1_2018-05-24-13-44-01.ids_1,52,23326,23416,sitting_still,3
11,vp11/run1_2018-05-24-13-44-01.ids_1,52,23416,23506,sitting_still,4
11,vp11/run1_2018-05-24-13-44-01.ids_1,52,23506,23596,sitting_still,5
11,vp11/run1_2018-05-24-13-44-01.ids_1,52,23596,23660,sitting_still,6
11,vp11/run1_2018-05-24-13-44-01.ids_1,53,23692,23723,using_multimedia_display,0
11,vp11/run1_2018-05-24-13-44-01.ids_1,54,23758,23779,using_multimedia_display,0
11,vp11/run1_2018-05-24-13-44-01.ids_1,55,23920,24010,using_multimedia_display,0
11,vp11/run1_2018-05-24-13-44-01.ids_1,55,24010,24100,using_multimedia_display,1
11,vp11/run1_2018-05-24-13-44-01.ids_1,55,24100,24165,using_multimedia_display,2
11,vp11/run1_2018-05-24-13-44-01.ids_1,56,24202,24219,sitting_still,0
11,vp11/run1_2018-05-24-13-44-01.ids_1,57,24372,24437,using_multimedia_display,0
11,vp11/run1_2018-05-24-13-44-01.ids_1,58,24464,24530,sitting_still,0
11,vp11/run1_2018-05-24-13-44-01.ids_1,59,24693,24783,sitting_still,0
11,vp11/run1_2018-05-24-13-44-01.ids_1,59,24783,24792,sitting_still,1
11,vp11/run1_2018-05-24-13-44-01.ids_1,60,24848,24938,using_multimedia_display,0
11,vp11/run1_2018-05-24-13-44-01.ids_1,60,24938,24951,using_multimedia_display,1
11,vp11/run1_2018-05-24-13-44-01.ids_1,61,24988,25078,sitting_still,0
11,vp11/run1_2018-05-24-13-44-01.ids_1,61,25078,25168,sitting_still,1
11,vp11/run1_2018-05-24-13-44-01.ids_1,61,25168,25258,sitting_still,2
11,vp11/run1_2018-05-24-13-44-01.ids_1,61,25258,25339,sitting_still,3
11,vp11/run1_2018-05-24-13-44-01.ids_1,62,25480,25570,sitting_still,0
11,vp11/run1_2018-05-24-13-44-01.ids_1,62,25570,25618,sitting_still,1
11,vp11/run1_2018-05-24-13-44-01.ids_1,63,25650,25708,sitting_still,0
11,vp11/run1_2018-05-24-13-44-01.ids_1,64,25708,25798,fetching_an_object,0
11,vp11/run1_2018-05-24-13-44-01.ids_1,64,25798,25828,fetching_an_object,1
11,vp11/run1_2018-05-24-13-44-01.ids_1,65,25828,25918,reading_newspaper,0
11,vp11/run1_2018-05-24-13-44-01.ids_1,65,25918,26008,reading_newspaper,1
11,vp11/run1_2018-05-24-13-44-01.ids_1,65,26008,26098,reading_newspaper,2
11,vp11/run1_2018-05-24-13-44-01.ids_1,65,26098,26188,reading_newspaper,3
11,vp11/run1_2018-05-24-13-44-01.ids_1,65,26188,26278,reading_newspaper,4
11,vp11/run1_2018-05-24-13-44-01.ids_1,65,26278,26368,reading_newspaper,5
11,vp11/run1_2018-05-24-13-44-01.ids_1,65,26368,26458,reading_newspaper,6
11,vp11/run1_2018-05-24-13-44-01.ids_1,65,26458,26548,reading_newspaper,7
11,vp11/run1_2018-05-24-13-44-01.ids_1,65,26548,26638,reading_newspaper,8
11,vp11/run1_2018-05-24-13-44-01.ids_1,65,26638,26728,reading_newspaper,9
11,vp11/run1_2018-05-24-13-44-01.ids_1,65,26728,26818,reading_newspaper,10
11,vp11/run1_2018-05-24-13-44-01.ids_1,65,26818,26908,reading_newspaper,11
11,vp11/run1_2018-05-24-13-44-01.ids_1,65,26908,26998,reading_newspaper,12
11,vp11/run1_2018-05-24-13-44-01.ids_1,65,26998,27088,reading_newspaper,13
11,vp11/run1_2018-05-24-13-44-01.ids_1,65,27088,27178,reading_newspaper,14
11,vp11/run1_2018-05-24-13-44-01.ids_1,65,27178,27268,reading_newspaper,15
11,vp11/run1_2018-05-24-13-44-01.ids_1,65,27268,27358,reading_newspaper,16
11,vp11/run1_2018-05-24-13-44-01.ids_1,65,27358,27448,reading_newspaper,17
11,vp11/run1_2018-05-24-13-44-01.ids_1,65,27448,27538,reading_newspaper,18
11,vp11/run1_2018-05-24-13-44-01.ids_1,65,27538,27628,reading_newspaper,19
11,vp11/run1_2018-05-24-13-44-01.ids_1,65,27628,27718,reading_newspaper,20
11,vp11/run1_2018-05-24-13-44-01.ids_1,65,27718,27808,reading_newspaper,21
11,vp11/run1_2018-05-24-13-44-01.ids_1,65,27808,27898,reading_newspaper,22
11,vp11/run1_2018-05-24-13-44-01.ids_1,65,27898,27988,reading_newspaper,23
11,vp11/run1_2018-05-24-13-44-01.ids_1,65,27988,28075,reading_newspaper,24
11,vp11/run1_2018-05-24-13-44-01.ids_1,66,28075,28111,placing_an_object,0
11,vp11/run1_2018-05-24-13-44-01.ids_1,67,28111,28173,fetching_an_object,0
11,vp11/run1_2018-05-24-13-44-01.ids_1,68,28173,28263,writing,0
11,vp11/run1_2018-05-24-13-44-01.ids_1,68,28263,28353,writing,1
11,vp11/run1_2018-05-24-13-44-01.ids_1,68,28353,28443,writing,2
11,vp11/run1_2018-05-24-13-44-01.ids_1,68,28443,28526,writing,3
11,vp11/run1_2018-05-24-13-44-01.ids_1,69,28660,28695,placing_an_object,0
11,vp11/run1_2018-05-24-13-44-01.ids_1,70,28713,28720,using_multimedia_display,0
11,vp11/run1_2018-05-24-13-44-01.ids_1,71,28748,28838,sitting_still,0
11,vp11/run1_2018-05-24-13-44-01.ids_1,71,28838,28928,sitting_still,1
11,vp11/run1_2018-05-24-13-44-01.ids_1,71,28928,29018,sitting_still,2
11,vp11/run1_2018-05-24-13-44-01.ids_1,71,29018,29108,sitting_still,3
11,vp11/run1_2018-05-24-13-44-01.ids_1,71,29108,29198,sitting_still,4
11,vp11/run1_2018-05-24-13-44-01.ids_1,71,29198,29288,sitting_still,5
11,vp11/run1_2018-05-24-13-44-01.ids_1,71,29288,29378,sitting_still,6
11,vp11/run1_2018-05-24-13-44-01.ids_1,71,29378,29396,sitting_still,7
11,vp11/run1_2018-05-24-13-44-01.ids_1,72,29398,29488,fetching_an_object,0
11,vp11/run1_2018-05-24-13-44-01.ids_1,73,29488,29578,preparing_food,0
11,vp11/run1_2018-05-24-13-44-01.ids_1,73,29578,29668,preparing_food,1
11,vp11/run1_2018-05-24-13-44-01.ids_1,73,29668,29719,preparing_food,2
11,vp11/run1_2018-05-24-13-44-01.ids_1,74,29719,29809,eating,0
11,vp11/run1_2018-05-24-13-44-01.ids_1,74,29809,29872,eating,1
11,vp11/run1_2018-05-24-13-44-01.ids_1,75,29872,29953,fetching_an_object,0
11,vp11/run1_2018-05-24-13-44-01.ids_1,76,29953,30043,opening_bottle,0
11,vp11/run1_2018-05-24-13-44-01.ids_1,76,30043,30063,opening_bottle,1
11,vp11/run1_2018-05-24-13-44-01.ids_1,77,30067,30157,drinking,0
11,vp11/run1_2018-05-24-13-44-01.ids_1,78,30157,30247,closing_bottle,0
11,vp11/run1_2018-05-24-13-44-01.ids_1,79,30247,30337,placing_an_object,0
11,vp11/run1_2018-05-24-13-44-01.ids_1,79,30337,30344,placing_an_object,1
11,vp11/run1_2018-05-24-13-44-01.ids_1,80,30356,30370,using_multimedia_display,0
11,vp11/run1_2018-05-24-13-44-01.ids_1,81,30579,30600,using_multimedia_display,0
11,vp11/run1_2018-05-24-13-44-01.ids_1,82,30919,31009,eating,0
11,vp11/run1_2018-05-24-13-44-01.ids_1,82,31009,31099,eating,1
11,vp11/run1_2018-05-24-13-44-01.ids_1,82,31099,31122,eating,2
11,vp11/run1_2018-05-24-13-44-01.ids_1,83,31150,31161,pressing_automation_button,0
11,vp11/run1_2018-05-24-13-44-01.ids_1,85,31245,31335,eating,0
11,vp11/run1_2018-05-24-13-44-01.ids_1,85,31335,31425,eating,1
11,vp11/run1_2018-05-24-13-44-01.ids_1,85,31425,31515,eating,2
11,vp11/run1_2018-05-24-13-44-01.ids_1,85,31515,31605,eating,3
11,vp11/run1_2018-05-24-13-44-01.ids_1,85,31605,31633,eating,4
11,vp11/run1_2018-05-24-13-44-01.ids_1,86,31633,31692,placing_an_object,0
11,vp11/run1_2018-05-24-13-44-01.ids_1,87,31692,31782,unfastening_seat_belt,0
11,vp11/run1_2018-05-24-13-44-01.ids_1,87,31782,31869,unfastening_seat_belt,1
11,vp11/run1_2018-05-24-13-44-01.ids_1,88,31869,31959,taking_off_jacket,0
11,vp11/run1_2018-05-24-13-44-01.ids_1,88,31959,32049,taking_off_jacket,1
11,vp11/run1_2018-05-24-13-44-01.ids_1,88,32049,32117,taking_off_jacket,2
11,vp11/run1_2018-05-24-13-44-01.ids_1,89,32117,32165,placing_an_object,0
11,vp11/run1_2018-05-24-13-44-01.ids_1,90,32165,32255,fastening_seat_belt,0
11,vp11/run1_2018-05-24-13-44-01.ids_1,90,32255,32311,fastening_seat_belt,1
11,vp11/run1_2018-05-24-13-44-01.ids_1,91,32327,32342,using_multimedia_display,0
11,vp11/run1_2018-05-24-13-44-01.ids_1,92,32367,32457,sitting_still,0
11,vp11/run1_2018-05-24-13-44-01.ids_1,92,32457,32487,sitting_still,1
11,vp11/run1_2018-05-24-13-44-01.ids_1,93,32487,32550,fetching_an_object,0
11,vp11/run1_2018-05-24-13-44-01.ids_1,94,32550,32640,preparing_food,0
11,vp11/run1_2018-05-24-13-44-01.ids_1,94,32640,32730,preparing_food,1
11,vp11/run1_2018-05-24-13-44-01.ids_1,94,32730,32793,preparing_food,2
11,vp11/run1_2018-05-24-13-44-01.ids_1,95,32793,32883,eating,0
11,vp11/run1_2018-05-24-13-44-01.ids_1,95,32883,32938,eating,1
11,vp11/run1_2018-05-24-13-44-01.ids_1,96,32938,33028,placing_an_object,0
11,vp11/run1_2018-05-24-13-44-01.ids_1,96,33028,33042,placing_an_object,1
11,vp11/run1_2018-05-24-13-44-01.ids_1,97,33042,33132,fetching_an_object,0
11,vp11/run1_2018-05-24-13-44-01.ids_1,97,33132,33210,fetching_an_object,1
11,vp11/run1_2018-05-24-13-44-01.ids_1,98,33210,33300,opening_laptop,0
11,vp11/run1_2018-05-24-13-44-01.ids_1,98,33300,33390,opening_laptop,1
11,vp11/run1_2018-05-24-13-44-01.ids_1,98,33390,33430,opening_laptop,2
11,vp11/run1_2018-05-24-13-44-01.ids_1,99,33430,33520,working_on_laptop,0
11,vp11/run1_2018-05-24-13-44-01.ids_1,99,33520,33610,working_on_laptop,1
11,vp11/run1_2018-05-24-13-44-01.ids_1,99,33610,33700,working_on_laptop,2
11,vp11/run1_2018-05-24-13-44-01.ids_1,99,33700,33790,working_on_laptop,3
11,vp11/run1_2018-05-24-13-44-01.ids_1,99,33790,33880,working_on_laptop,4
11,vp11/run1_2018-05-24-13-44-01.ids_1,99,33880,33970,working_on_laptop,5
11,vp11/run1_2018-05-24-13-44-01.ids_1,99,33970,34060,working_on_laptop,6
11,vp11/run1_2018-05-24-13-44-01.ids_1,99,34060,34150,working_on_laptop,7
11,vp11/run1_2018-05-24-13-44-01.ids_1,99,34150,34240,working_on_laptop,8
11,vp11/run1_2018-05-24-13-44-01.ids_1,99,34240,34291,working_on_laptop,9
11,vp11/run1_2018-05-24-13-44-01.ids_1,100,34291,34357,closing_laptop,0
11,vp11/run1_2018-05-24-13-44-01.ids_1,101,34357,34412,placing_an_object,0
11,vp11/run1_2018-05-24-13-44-01.ids_1,102,34412,34502,fetching_an_object,0
11,vp11/run1_2018-05-24-13-44-01.ids_1,102,34502,34524,fetching_an_object,1
11,vp11/run1_2018-05-24-13-44-01.ids_1,103,34524,34614,interacting_with_phone,0
11,vp11/run1_2018-05-24-13-44-01.ids_1,103,34614,34704,interacting_with_phone,1
11,vp11/run1_2018-05-24-13-44-01.ids_1,103,34704,34794,interacting_with_phone,2
11,vp11/run1_2018-05-24-13-44-01.ids_1,103,34794,34884,interacting_with_phone,3
11,vp11/run1_2018-05-24-13-44-01.ids_1,103,34884,34974,interacting_with_phone,4
11,vp11/run1_2018-05-24-13-44-01.ids_1,103,34974,35064,interacting_with_phone,5
11,vp11/run1_2018-05-24-13-44-01.ids_1,103,35064,35149,interacting_with_phone,6
11,vp11/run1_2018-05-24-13-44-01.ids_1,104,35169,35181,using_multimedia_display,0
11,vp11/run1_2018-05-24-13-44-01.ids_1,105,35204,35235,interacting_with_phone,0
11,vp11/run1_2018-05-24-13-44-01.ids_1,106,35235,35325,placing_an_object,0
11,vp11/run1_2018-05-24-13-44-01.ids_1,106,35325,35368,placing_an_object,1
11,vp11/run1_2018-05-24-13-44-01.ids_1,107,35408,35498,preparing_food,0
11,vp11/run1_2018-05-24-13-44-01.ids_1,107,35498,35504,preparing_food,1
11,vp11/run1_2018-05-24-13-44-01.ids_1,108,35504,35594,eating,0
11,vp11/run1_2018-05-24-13-44-01.ids_1,108,35594,35684,eating,1
11,vp11/run1_2018-05-24-13-44-01.ids_1,108,35684,35774,eating,2
11,vp11/run1_2018-05-24-13-44-01.ids_1,108,35774,35864,eating,3
11,vp11/run1_2018-05-24-13-44-01.ids_1,108,35864,35954,eating,4
11,vp11/run1_2018-05-24-13-44-01.ids_1,108,35954,36044,eating,5
11,vp11/run1_2018-05-24-13-44-01.ids_1,108,36044,36067,eating,6
11,vp11/run1_2018-05-24-13-44-01.ids_1,109,36067,36115,pressing_automation_button,0
11,vp11/run1_2018-05-24-13-44-01.ids_1,110,36802,36826,using_multimedia_display,0
11,vp11/run1_2018-05-24-13-44-01.ids_1,111,36856,36872,pressing_automation_button,0
11,vp11/run1_2018-05-24-13-44-01.ids_1,113,36922,37012,unfastening_seat_belt,0
11,vp11/run1_2018-05-24-13-44-01.ids_1,113,37012,37039,unfastening_seat_belt,1
11,vp11/run1_2018-05-24-13-44-01.ids_1,114,37039,37129,opening_door_inside,0
11,vp11/run1_2018-05-24-13-44-01.ids_1,114,37129,37134,opening_door_inside,1
11,vp11/run1_2018-05-24-13-44-01.ids_1,115,37134,37208,exiting_car,0
11,vp11/run1_2018-05-24-13-44-01.ids_1,116,37208,37244,closing_door_outside,0
11,vp11/run2_2018-05-24-14-35-56.ids_1,0,91,111,moving_towards_door,0
11,vp11/run2_2018-05-24-14-35-56.ids_1,1,111,158,opening_door_outside,0
11,vp11/run2_2018-05-24-14-35-56.ids_1,2,158,248,entering_car,0
11,vp11/run2_2018-05-24-14-35-56.ids_1,2,248,254,entering_car,1
11,vp11/run2_2018-05-24-14-35-56.ids_1,3,254,297,closing_door_inside,0
11,vp11/run2_2018-05-24-14-35-56.ids_1,4,297,387,fastening_seat_belt,0
11,vp11/run2_2018-05-24-14-35-56.ids_1,4,387,432,fastening_seat_belt,1
11,vp11/run2_2018-05-24-14-35-56.ids_1,5,454,463,using_multimedia_display,0
11,vp11/run2_2018-05-24-14-35-56.ids_1,6,5914,5921,pressing_automation_button,0
11,vp11/run2_2018-05-24-14-35-56.ids_1,7,5961,5988,sitting_still,0
11,vp11/run2_2018-05-24-14-35-56.ids_1,8,6011,6016,using_multimedia_display,0
11,vp11/run2_2018-05-24-14-35-56.ids_1,9,6041,6101,sitting_still,0
11,vp11/run2_2018-05-24-14-35-56.ids_1,10,6101,6191,fetching_an_object,0
11,vp11/run2_2018-05-24-14-35-56.ids_1,11,6191,6265,opening_bottle,0
11,vp11/run2_2018-05-24-14-35-56.ids_1,12,6289,6311,using_multimedia_display,0
11,vp11/run2_2018-05-24-14-35-56.ids_1,13,6334,6381,opening_bottle,0
11,vp11/run2_2018-05-24-14-35-56.ids_1,14,6381,6471,drinking,0
11,vp11/run2_2018-05-24-14-35-56.ids_1,14,6471,6482,drinking,1
11,vp11/run2_2018-05-24-14-35-56.ids_1,15,6482,6572,closing_bottle,0
11,vp11/run2_2018-05-24-14-35-56.ids_1,15,6572,6662,closing_bottle,1
11,vp11/run2_2018-05-24-14-35-56.ids_1,15,6662,6717,closing_bottle,2
11,vp11/run2_2018-05-24-14-35-56.ids_1,16,6717,6807,placing_an_object,0
11,vp11/run2_2018-05-24-14-35-56.ids_1,16,6807,6817,placing_an_object,1
11,vp11/run2_2018-05-24-14-35-56.ids_1,17,6817,6907,sitting_still,0
11,vp11/run2_2018-05-24-14-35-56.ids_1,17,6907,6997,sitting_still,1
11,vp11/run2_2018-05-24-14-35-56.ids_1,17,6997,7087,sitting_still,2
11,vp11/run2_2018-05-24-14-35-56.ids_1,17,7087,7177,sitting_still,3
11,vp11/run2_2018-05-24-14-35-56.ids_1,17,7177,7243,sitting_still,4
11,vp11/run2_2018-05-24-14-35-56.ids_1,18,7402,7492,using_multimedia_display,0
11,vp11/run2_2018-05-24-14-35-56.ids_1,18,7492,7526,using_multimedia_display,1
11,vp11/run2_2018-05-24-14-35-56.ids_1,19,8014,8024,pressing_automation_button,0
11,vp11/run2_2018-05-24-14-35-56.ids_1,20,8060,8085,sitting_still,0
11,vp11/run2_2018-05-24-14-35-56.ids_1,21,8110,8126,using_multimedia_display,0
11,vp11/run2_2018-05-24-14-35-56.ids_1,22,8163,8253,sitting_still,0
11,vp11/run2_2018-05-24-14-35-56.ids_1,22,8253,8343,sitting_still,1
11,vp11/run2_2018-05-24-14-35-56.ids_1,22,8343,8433,sitting_still,2
11,vp11/run2_2018-05-24-14-35-56.ids_1,22,8433,8523,sitting_still,3
11,vp11/run2_2018-05-24-14-35-56.ids_1,22,8523,8613,sitting_still,4
11,vp11/run2_2018-05-24-14-35-56.ids_1,22,8613,8703,sitting_still,5
11,vp11/run2_2018-05-24-14-35-56.ids_1,22,8703,8793,sitting_still,6
11,vp11/run2_2018-05-24-14-35-56.ids_1,22,8793,8883,sitting_still,7
11,vp11/run2_2018-05-24-14-35-56.ids_1,22,8883,8973,sitting_still,8
11,vp11/run2_2018-05-24-14-35-56.ids_1,22,8973,9001,sitting_still,9
11,vp11/run2_2018-05-24-14-35-56.ids_1,23,9048,9136,fetching_an_object,0
11,vp11/run2_2018-05-24-14-35-56.ids_1,24,9136,9226,reading_newspaper,0
11,vp11/run2_2018-05-24-14-35-56.ids_1,24,9226,9316,reading_newspaper,1
11,vp11/run2_2018-05-24-14-35-56.ids_1,24,9316,9406,reading_newspaper,2
11,vp11/run2_2018-05-24-14-35-56.ids_1,24,9406,9496,reading_newspaper,3
11,vp11/run2_2018-05-24-14-35-56.ids_1,24,9496,9586,reading_newspaper,4
11,vp11/run2_2018-05-24-14-35-56.ids_1,24,9586,9676,reading_newspaper,5
11,vp11/run2_2018-05-24-14-35-56.ids_1,24,9676,9766,reading_newspaper,6
11,vp11/run2_2018-05-24-14-35-56.ids_1,24,9766,9856,reading_newspaper,7
11,vp11/run2_2018-05-24-14-35-56.ids_1,24,9856,9946,reading_newspaper,8
11,vp11/run2_2018-05-24-14-35-56.ids_1,24,9946,10036,reading_newspaper,9
11,vp11/run2_2018-05-24-14-35-56.ids_1,24,10036,10089,reading_newspaper,10
11,vp11/run2_2018-05-24-14-35-56.ids_1,25,10089,10120,placing_an_object,0
11,vp11/run2_2018-05-24-14-35-56.ids_1,26,10120,10150,fetching_an_object,0
11,vp11/run2_2018-05-24-14-35-56.ids_1,27,10150,10178,placing_an_object,0
11,vp11/run2_2018-05-24-14-35-56.ids_1,28,10178,10227,fetching_an_object,0
11,vp11/run2_2018-05-24-14-35-56.ids_1,29,10227,10246,fetching_an_object,0
11,vp11/run2_2018-05-24-14-35-56.ids_1,30,10246,10294,placing_an_object,0
11,vp11/run2_2018-05-24-14-35-56.ids_1,31,10294,10315,fetching_an_object,0
11,vp11/run2_2018-05-24-14-35-56.ids_1,32,10315,10405,writing,0
11,vp11/run2_2018-05-24-14-35-56.ids_1,32,10405,10495,writing,1
11,vp11/run2_2018-05-24-14-35-56.ids_1,32,10495,10585,writing,2
11,vp11/run2_2018-05-24-14-35-56.ids_1,32,10585,10675,writing,3
11,vp11/run2_2018-05-24-14-35-56.ids_1,32,10675,10699,writing,4
11,vp11/run2_2018-05-24-14-35-56.ids_1,33,10699,10726,placing_an_object,0
11,vp11/run2_2018-05-24-14-35-56.ids_1,34,10741,10750,using_multimedia_display,0
11,vp11/run2_2018-05-24-14-35-56.ids_1,35,10797,10887,sitting_still,0
11,vp11/run2_2018-05-24-14-35-56.ids_1,35,10887,10977,sitting_still,1
11,vp11/run2_2018-05-24-14-35-56.ids_1,35,10977,11067,sitting_still,2
11,vp11/run2_2018-05-24-14-35-56.ids_1,35,11067,11157,sitting_still,3
11,vp11/run2_2018-05-24-14-35-56.ids_1,35,11157,11233,sitting_still,4
11,vp11/run2_2018-05-24-14-35-56.ids_1,36,11337,11426,unfastening_seat_belt,0
11,vp11/run2_2018-05-24-14-35-56.ids_1,37,11426,11501,fetching_an_object,0
11,vp11/run2_2018-05-24-14-35-56.ids_1,38,11501,11591,putting_on_jacket,0
11,vp11/run2_2018-05-24-14-35-56.ids_1,38,11591,11681,putting_on_jacket,1
11,vp11/run2_2018-05-24-14-35-56.ids_1,38,11681,11719,putting_on_jacket,2
11,vp11/run2_2018-05-24-14-35-56.ids_1,39,11719,11809,fastening_seat_belt,0
11,vp11/run2_2018-05-24-14-35-56.ids_1,39,11809,11882,fastening_seat_belt,1
11,vp11/run2_2018-05-24-14-35-56.ids_1,40,11896,11908,using_multimedia_display,0
11,vp11/run2_2018-05-24-14-35-56.ids_1,41,11936,11985,sitting_still,0
11,vp11/run2_2018-05-24-14-35-56.ids_1,42,12038,12128,sitting_still,0
11,vp11/run2_2018-05-24-14-35-56.ids_1,42,12128,12218,sitting_still,1
11,vp11/run2_2018-05-24-14-35-56.ids_1,42,12218,12308,sitting_still,2
11,vp11/run2_2018-05-24-14-35-56.ids_1,42,12308,12386,sitting_still,3
11,vp11/run2_2018-05-24-14-35-56.ids_1,43,12439,12506,fetching_an_object,0
11,vp11/run2_2018-05-24-14-35-56.ids_1,44,12506,12580,opening_bottle,0
11,vp11/run2_2018-05-24-14-35-56.ids_1,45,12583,12673,drinking,0
11,vp11/run2_2018-05-24-14-35-56.ids_1,46,12673,12763,closing_bottle,0
11,vp11/run2_2018-05-24-14-35-56.ids_1,46,12763,12770,closing_bottle,1
11,vp11/run2_2018-05-24-14-35-56.ids_1,47,12770,12825,placing_an_object,0
11,vp11/run2_2018-05-24-14-35-56.ids_1,49,13004,13094,sitting_still,0
11,vp11/run2_2018-05-24-14-35-56.ids_1,49,13094,13101,sitting_still,1
11,vp11/run2_2018-05-24-14-35-56.ids_1,50,13132,13142,using_multimedia_display,0
11,vp11/run2_2018-05-24-14-35-56.ids_1,51,13177,13267,sitting_still,0
11,vp11/run2_2018-05-24-14-35-56.ids_1,51,13267,13357,sitting_still,1
11,vp11/run2_2018-05-24-14-35-56.ids_1,52,13384,13474,sitting_still,0
11,vp11/run2_2018-05-24-14-35-56.ids_1,52,13474,13524,sitting_still,1
11,vp11/run2_2018-05-24-14-35-56.ids_1,53,13552,13642,sitting_still,0
11,vp11/run2_2018-05-24-14-35-56.ids_1,53,13642,13729,sitting_still,1
11,vp11/run2_2018-05-24-14-35-56.ids_1,54,13783,13873,fetching_an_object,0
11,vp11/run2_2018-05-24-14-35-56.ids_1,54,13873,13878,fetching_an_object,1
11,vp11/run2_2018-05-24-14-35-56.ids_1,55,13878,13942,interacting_with_phone,0
11,vp11/run2_2018-05-24-14-35-56.ids_1,56,13942,14032,talking_on_phone,0
11,vp11/run2_2018-05-24-14-35-56.ids_1,56,14032,14122,talking_on_phone,1
11,vp11/run2_2018-05-24-14-35-56.ids_1,56,14122,14212,talking_on_phone,2
11,vp11/run2_2018-05-24-14-35-56.ids_1,56,14212,14302,talking_on_phone,3
11,vp11/run2_2018-05-24-14-35-56.ids_1,56,14302,14392,talking_on_phone,4
11,vp11/run2_2018-05-24-14-35-56.ids_1,56,14392,14482,talking_on_phone,5
11,vp11/run2_2018-05-24-14-35-56.ids_1,56,14482,14572,talking_on_phone,6
11,vp11/run2_2018-05-24-14-35-56.ids_1,56,14572,14662,talking_on_phone,7
11,vp11/run2_2018-05-24-14-35-56.ids_1,56,14662,14752,talking_on_phone,8
11,vp11/run2_2018-05-24-14-35-56.ids_1,56,14752,14842,talking_on_phone,9
11,vp11/run2_2018-05-24-14-35-56.ids_1,56,14842,14884,talking_on_phone,10
11,vp11/run2_2018-05-24-14-35-56.ids_1,57,14884,14944,interacting_with_phone,0
11,vp11/run2_2018-05-24-14-35-56.ids_1,58,14944,14993,placing_an_object,0
11,vp11/run2_2018-05-24-14-35-56.ids_1,59,15621,15632,pressing_automation_button,0
11,vp11/run2_2018-05-24-14-35-56.ids_1,60,15667,15757,sitting_still,0
11,vp11/run2_2018-05-24-14-35-56.ids_1,60,15757,15847,sitting_still,1
11,vp11/run2_2018-05-24-14-35-56.ids_1,60,15847,15937,sitting_still,2
11,vp11/run2_2018-05-24-14-35-56.ids_1,60,15937,16027,sitting_still,3
11,vp11/run2_2018-05-24-14-35-56.ids_1,60,16027,16117,sitting_still,4
11,vp11/run2_2018-05-24-14-35-56.ids_1,60,16117,16207,sitting_still,5
11,vp11/run2_2018-05-24-14-35-56.ids_1,60,16207,16227,sitting_still,6
11,vp11/run2_2018-05-24-14-35-56.ids_1,61,16227,16306,fetching_an_object,0
11,vp11/run2_2018-05-24-14-35-56.ids_1,62,16306,16396,preparing_food,0
11,vp11/run2_2018-05-24-14-35-56.ids_1,62,16396,16486,preparing_food,1
11,vp11/run2_2018-05-24-14-35-56.ids_1,62,16486,16491,preparing_food,2
11,vp11/run2_2018-05-24-14-35-56.ids_1,63,16491,16581,eating,0
11,vp11/run2_2018-05-24-14-35-56.ids_1,63,16581,16637,eating,1
11,vp11/run2_2018-05-24-14-35-56.ids_1,64,16637,16719,fetching_an_object,0
11,vp11/run2_2018-05-24-14-35-56.ids_1,65,16719,16809,opening_bottle,0
11,vp11/run2_2018-05-24-14-35-56.ids_1,65,16809,16844,opening_bottle,1
11,vp11/run2_2018-05-24-14-35-56.ids_1,66,16844,16934,drinking,0
11,vp11/run2_2018-05-24-14-35-56.ids_1,66,16934,16941,drinking,1
11,vp11/run2_2018-05-24-14-35-56.ids_1,67,16941,17031,closing_bottle,0
11,vp11/run2_2018-05-24-14-35-56.ids_1,67,17031,17041,closing_bottle,1
11,vp11/run2_2018-05-24-14-35-56.ids_1,68,17062,17067,using_multimedia_display,0
11,vp11/run2_2018-05-24-14-35-56.ids_1,69,17090,17179,placing_an_object,0
11,vp11/run2_2018-05-24-14-35-56.ids_1,70,17179,17269,eating,0
11,vp11/run2_2018-05-24-14-35-56.ids_1,70,17269,17359,eating,1
11,vp11/run2_2018-05-24-14-35-56.ids_1,70,17359,17449,eating,2
11,vp11/run2_2018-05-24-14-35-56.ids_1,70,17449,17539,eating,3
11,vp11/run2_2018-05-24-14-35-56.ids_1,70,17539,17629,eating,4
11,vp11/run2_2018-05-24-14-35-56.ids_1,70,17629,17719,eating,5
11,vp11/run2_2018-05-24-14-35-56.ids_1,70,17719,17809,eating,6
11,vp11/run2_2018-05-24-14-35-56.ids_1,70,17809,17899,eating,7
11,vp11/run2_2018-05-24-14-35-56.ids_1,70,17899,17989,eating,8
11,vp11/run2_2018-05-24-14-35-56.ids_1,70,17989,18079,eating,9
11,vp11/run2_2018-05-24-14-35-56.ids_1,70,18079,18088,eating,10
11,vp11/run2_2018-05-24-14-35-56.ids_1,71,18113,18126,pressing_automation_button,0
11,vp11/run2_2018-05-24-14-35-56.ids_1,72,18151,18241,unfastening_seat_belt,0
11,vp11/run2_2018-05-24-14-35-56.ids_1,72,18241,18254,unfastening_seat_belt,1
11,vp11/run2_2018-05-24-14-35-56.ids_1,73,18254,18344,taking_off_jacket,0
11,vp11/run2_2018-05-24-14-35-56.ids_1,73,18344,18434,taking_off_jacket,1
11,vp11/run2_2018-05-24-14-35-56.ids_1,73,18434,18523,taking_off_jacket,2
11,vp11/run2_2018-05-24-14-35-56.ids_1,74,18523,18563,placing_an_object,0
11,vp11/run2_2018-05-24-14-35-56.ids_1,75,18563,18653,fastening_seat_belt,0
11,vp11/run2_2018-05-24-14-35-56.ids_1,75,18653,18670,fastening_seat_belt,1
11,vp11/run2_2018-05-24-14-35-56.ids_1,76,18682,18692,using_multimedia_display,0
11,vp11/run2_2018-05-24-14-35-56.ids_1,77,18715,18805,eating,0
11,vp11/run2_2018-05-24-14-35-56.ids_1,77,18805,18895,eating,1
11,vp11/run2_2018-05-24-14-35-56.ids_1,77,18895,18985,eating,2
11,vp11/run2_2018-05-24-14-35-56.ids_1,77,18985,19075,eating,3
11,vp11/run2_2018-05-24-14-35-56.ids_1,77,19075,19165,eating,4
11,vp11/run2_2018-05-24-14-35-56.ids_1,77,19165,19255,eating,5
11,vp11/run2_2018-05-24-14-35-56.ids_1,77,19255,19345,eating,6
11,vp11/run2_2018-05-24-14-35-56.ids_1,77,19345,19435,eating,7
11,vp11/run2_2018-05-24-14-35-56.ids_1,77,19435,19525,eating,8
11,vp11/run2_2018-05-24-14-35-56.ids_1,77,19525,19569,eating,9
11,vp11/run2_2018-05-24-14-35-56.ids_1,78,19569,19647,fetching_an_object,0
11,vp11/run2_2018-05-24-14-35-56.ids_1,79,19647,19737,reading_magazine,0
11,vp11/run2_2018-05-24-14-35-56.ids_1,79,19737,19827,reading_magazine,1
11,vp11/run2_2018-05-24-14-35-56.ids_1,79,19827,19917,reading_magazine,2
11,vp11/run2_2018-05-24-14-35-56.ids_1,79,19917,20007,reading_magazine,3
11,vp11/run2_2018-05-24-14-35-56.ids_1,79,20007,20043,reading_magazine,4
11,vp11/run2_2018-05-24-14-35-56.ids_1,80,20043,20133,eating,0
11,vp11/run2_2018-05-24-14-35-56.ids_1,80,20133,20161,eating,1
11,vp11/run2_2018-05-24-14-35-56.ids_1,81,20161,20251,reading_magazine,0
11,vp11/run2_2018-05-24-14-35-56.ids_1,81,20251,20280,reading_magazine,1
11,vp11/run2_2018-05-24-14-35-56.ids_1,82,20280,20313,eating,0
11,vp11/run2_2018-05-24-14-35-56.ids_1,83,20313,20403,reading_magazine,0
11,vp11/run2_2018-05-24-14-35-56.ids_1,83,20403,20493,reading_magazine,1
11,vp11/run2_2018-05-24-14-35-56.ids_1,83,20493,20583,reading_magazine,2
11,vp11/run2_2018-05-24-14-35-56.ids_1,83,20583,20673,reading_magazine,3
11,vp11/run2_2018-05-24-14-35-56.ids_1,83,20673,20763,reading_magazine,4
11,vp11/run2_2018-05-24-14-35-56.ids_1,83,20763,20853,reading_magazine,5
11,vp11/run2_2018-05-24-14-35-56.ids_1,83,20853,20943,reading_magazine,6
11,vp11/run2_2018-05-24-14-35-56.ids_1,83,20943,21033,reading_magazine,7
11,vp11/run2_2018-05-24-14-35-56.ids_1,83,21033,21123,reading_magazine,8
11,vp11/run2_2018-05-24-14-35-56.ids_1,83,21123,21213,reading_magazine,9
11,vp11/run2_2018-05-24-14-35-56.ids_1,83,21213,21303,reading_magazine,10
11,vp11/run2_2018-05-24-14-35-56.ids_1,83,21303,21393,reading_magazine,11
11,vp11/run2_2018-05-24-14-35-56.ids_1,83,21393,21483,reading_magazine,12
11,vp11/run2_2018-05-24-14-35-56.ids_1,83,21483,21573,reading_magazine,13
11,vp11/run2_2018-05-24-14-35-56.ids_1,83,21573,21663,reading_magazine,14
11,vp11/run2_2018-05-24-14-35-56.ids_1,83,21663,21753,reading_magazine,15
11,vp11/run2_2018-05-24-14-35-56.ids_1,83,21753,21843,reading_magazine,16
11,vp11/run2_2018-05-24-14-35-56.ids_1,83,21843,21933,reading_magazine,17
11,vp11/run2_2018-05-24-14-35-56.ids_1,83,21933,22023,reading_magazine,18
11,vp11/run2_2018-05-24-14-35-56.ids_1,83,22023,22113,reading_magazine,19
11,vp11/run2_2018-05-24-14-35-56.ids_1,83,22113,22203,reading_magazine,20
11,vp11/run2_2018-05-24-14-35-56.ids_1,83,22203,22292,reading_magazine,21
11,vp11/run2_2018-05-24-14-35-56.ids_1,84,22292,22329,placing_an_object,0
11,vp11/run2_2018-05-24-14-35-56.ids_1,85,22329,22396,fetching_an_object,0
11,vp11/run2_2018-05-24-14-35-56.ids_1,86,22400,22490,writing,0
11,vp11/run2_2018-05-24-14-35-56.ids_1,86,22490,22580,writing,1
11,vp11/run2_2018-05-24-14-35-56.ids_1,86,22580,22670,writing,2
11,vp11/run2_2018-05-24-14-35-56.ids_1,86,22670,22760,writing,3
11,vp11/run2_2018-05-24-14-35-56.ids_1,87,22779,22784,using_multimedia_display,0
11,vp11/run2_2018-05-24-14-35-56.ids_1,88,22837,22880,placing_an_object,0
11,vp11/run2_2018-05-24-14-35-56.ids_1,89,22921,23002,placing_an_object,0
11,vp11/run2_2018-05-24-14-35-56.ids_1,90,23002,23040,sitting_still,0
11,vp11/run2_2018-05-24-14-35-56.ids_1,91,23080,23170,fetching_an_object,0
11,vp11/run2_2018-05-24-14-35-56.ids_1,91,23170,23192,fetching_an_object,1
11,vp11/run2_2018-05-24-14-35-56.ids_1,92,23192,23221,placing_an_object,0
11,vp11/run2_2018-05-24-14-35-56.ids_1,93,23221,23311,taking_laptop_from_backpack,0
11,vp11/run2_2018-05-24-14-35-56.ids_1,93,23311,23342,taking_laptop_from_backpack,1
11,vp11/run2_2018-05-24-14-35-56.ids_1,94,23342,23432,opening_laptop,0
11,vp11/run2_2018-05-24-14-35-56.ids_1,94,23432,23442,opening_laptop,1
11,vp11/run2_2018-05-24-14-35-56.ids_1,95,23442,23532,working_on_laptop,0
11,vp11/run2_2018-05-24-14-35-56.ids_1,95,23532,23622,working_on_laptop,1
11,vp11/run2_2018-05-24-14-35-56.ids_1,95,23622,23712,working_on_laptop,2
11,vp11/run2_2018-05-24-14-35-56.ids_1,95,23712,23802,working_on_laptop,3
11,vp11/run2_2018-05-24-14-35-56.ids_1,95,23802,23892,working_on_laptop,4
11,vp11/run2_2018-05-24-14-35-56.ids_1,95,23892,23982,working_on_laptop,5
11,vp11/run2_2018-05-24-14-35-56.ids_1,95,23982,24067,working_on_laptop,6
11,vp11/run2_2018-05-24-14-35-56.ids_1,96,24067,24148,closing_laptop,0
11,vp11/run2_2018-05-24-14-35-56.ids_1,97,24148,24238,putting_laptop_into_backpack,0
11,vp11/run2_2018-05-24-14-35-56.ids_1,97,24238,24266,putting_laptop_into_backpack,1
11,vp11/run2_2018-05-24-14-35-56.ids_1,98,24266,24356,fetching_an_object,0
11,vp11/run2_2018-05-24-14-35-56.ids_1,98,24356,24417,fetching_an_object,1
11,vp11/run2_2018-05-24-14-35-56.ids_1,99,24417,24507,interacting_with_phone,0
11,vp11/run2_2018-05-24-14-35-56.ids_1,99,24507,24597,interacting_with_phone,1
11,vp11/run2_2018-05-24-14-35-56.ids_1,99,24597,24687,interacting_with_phone,2
11,vp11/run2_2018-05-24-14-35-56.ids_1,99,24687,24777,interacting_with_phone,3
11,vp11/run2_2018-05-24-14-35-56.ids_1,99,24777,24867,interacting_with_phone,4
11,vp11/run2_2018-05-24-14-35-56.ids_1,99,24867,24957,interacting_with_phone,5
11,vp11/run2_2018-05-24-14-35-56.ids_1,99,24957,25047,interacting_with_phone,6
11,vp11/run2_2018-05-24-14-35-56.ids_1,99,25047,25137,interacting_with_phone,7
11,vp11/run2_2018-05-24-14-35-56.ids_1,99,25137,25227,interacting_with_phone,8
11,vp11/run2_2018-05-24-14-35-56.ids_1,99,25227,25294,interacting_with_phone,9
11,vp11/run2_2018-05-24-14-35-56.ids_1,100,25313,25327,using_multimedia_display,0
11,vp11/run2_2018-05-24-14-35-56.ids_1,101,25354,25444,placing_an_object,0
11,vp11/run2_2018-05-24-14-35-56.ids_1,102,25444,25534,sitting_still,0
11,vp11/run2_2018-05-24-14-35-56.ids_1,102,25534,25624,sitting_still,1
11,vp11/run2_2018-05-24-14-35-56.ids_1,102,25624,25714,sitting_still,2
11,vp11/run2_2018-05-24-14-35-56.ids_1,102,25714,25792,sitting_still,3
11,vp11/run2_2018-05-24-14-35-56.ids_1,103,26807,26839,using_multimedia_display,0
11,vp11/run2_2018-05-24-14-35-56.ids_1,104,26862,26871,pressing_automation_button,0
11,vp11/run2_2018-05-24-14-35-56.ids_1,105,26890,26899,using_multimedia_display,0
11,vp11/run2_2018-05-24-14-35-56.ids_1,106,26925,27010,unfastening_seat_belt,0
11,vp11/run2_2018-05-24-14-35-56.ids_1,107,27010,27092,opening_door_inside,0
11,vp11/run2_2018-05-24-14-35-56.ids_1,108,27092,27173,exiting_car,0
11,vp11/run2_2018-05-24-14-35-56.ids_1,109,27173,27218,closing_door_outside,0
12,vp12/run1_2018-05-24-15-44-28.ids_1,0,56,94,opening_door_outside,0
12,vp12/run1_2018-05-24-15-44-28.ids_1,1,94,160,entering_car,0
12,vp12/run1_2018-05-24-15-44-28.ids_1,2,160,214,closing_door_inside,0
12,vp12/run1_2018-05-24-15-44-28.ids_1,3,214,304,fastening_seat_belt,0
12,vp12/run1_2018-05-24-15-44-28.ids_1,3,304,331,fastening_seat_belt,1
12,vp12/run1_2018-05-24-15-44-28.ids_1,4,460,466,sitting_still,0
12,vp12/run1_2018-05-24-15-44-28.ids_1,5,6000,6031,pressing_automation_button,0
12,vp12/run1_2018-05-24-15-44-28.ids_1,6,6274,6292,using_multimedia_display,0
12,vp12/run1_2018-05-24-15-44-28.ids_1,7,6562,6643,fetching_an_object,0
12,vp12/run1_2018-05-24-15-44-28.ids_1,8,6660,6704,unfastening_seat_belt,0
12,vp12/run1_2018-05-24-15-44-28.ids_1,9,6736,6826,putting_on_jacket,0
12,vp12/run1_2018-05-24-15-44-28.ids_1,9,6826,6916,putting_on_jacket,1
12,vp12/run1_2018-05-24-15-44-28.ids_1,9,6916,7006,putting_on_jacket,2
12,vp12/run1_2018-05-24-15-44-28.ids_1,9,7006,7096,putting_on_jacket,3
12,vp12/run1_2018-05-24-15-44-28.ids_1,9,7096,7186,putting_on_jacket,4
12,vp12/run1_2018-05-24-15-44-28.ids_1,9,7186,7276,putting_on_jacket,5
12,vp12/run1_2018-05-24-15-44-28.ids_1,9,7276,7366,putting_on_jacket,6
12,vp12/run1_2018-05-24-15-44-28.ids_1,9,7366,7396,putting_on_jacket,7
12,vp12/run1_2018-05-24-15-44-28.ids_1,10,7479,7569,putting_on_jacket,0
12,vp12/run1_2018-05-24-15-44-28.ids_1,10,7569,7617,putting_on_jacket,1
12,vp12/run1_2018-05-24-15-44-28.ids_1,11,7834,7924,fastening_seat_belt,0
12,vp12/run1_2018-05-24-15-44-28.ids_1,11,7924,7934,fastening_seat_belt,1
12,vp12/run1_2018-05-24-15-44-28.ids_1,13,8343,8433,taking_off_jacket,0
12,vp12/run1_2018-05-24-15-44-28.ids_1,13,8433,8523,taking_off_jacket,1
12,vp12/run1_2018-05-24-15-44-28.ids_1,13,8523,8613,taking_off_jacket,2
12,vp12/run1_2018-05-24-15-44-28.ids_1,13,8613,8703,taking_off_jacket,3
12,vp12/run1_2018-05-24-15-44-28.ids_1,13,8703,8793,taking_off_jacket,4
12,vp12/run1_2018-05-24-15-44-28.ids_1,13,8793,8883,taking_off_jacket,5
12,vp12/run1_2018-05-24-15-44-28.ids_1,13,8883,8973,taking_off_jacket,6
12,vp12/run1_2018-05-24-15-44-28.ids_1,13,8973,9063,taking_off_jacket,7
12,vp12/run1_2018-05-24-15-44-28.ids_1,13,9063,9086,taking_off_jacket,8
12,vp12/run1_2018-05-24-15-44-28.ids_1,14,9086,9176,placing_an_object,0
12,vp12/run1_2018-05-24-15-44-28.ids_1,14,9176,9190,placing_an_object,1
12,vp12/run1_2018-05-24-15-44-28.ids_1,15,9374,9386,using_multimedia_display,0
12,vp12/run1_2018-05-24-15-44-28.ids_1,16,9433,9523,sitting_still,0
12,vp12/run1_2018-05-24-15-44-28.ids_1,16,9523,9597,sitting_still,1
12,vp12/run1_2018-05-24-15-44-28.ids_1,17,9724,9814,sitting_still,0
12,vp12/run1_2018-05-24-15-44-28.ids_1,17,9814,9904,sitting_still,1
12,vp12/run1_2018-05-24-15-44-28.ids_1,17,9904,9971,sitting_still,2
12,vp12/run1_2018-05-24-15-44-28.ids_1,18,10790,10827,pressing_automation_button,0
12,vp12/run1_2018-05-24-15-44-28.ids_1,19,11006,11029,opening_backpack,0
12,vp12/run1_2018-05-24-15-44-28.ids_1,20,11029,11119,taking_laptop_from_backpack,0
12,vp12/run1_2018-05-24-15-44-28.ids_1,20,11119,11170,taking_laptop_from_backpack,1
12,vp12/run1_2018-05-24-15-44-28.ids_1,21,11170,11260,working_on_laptop,0
12,vp12/run1_2018-05-24-15-44-28.ids_1,21,11260,11350,working_on_laptop,1
12,vp12/run1_2018-05-24-15-44-28.ids_1,21,11350,11440,working_on_laptop,2
12,vp12/run1_2018-05-24-15-44-28.ids_1,21,11440,11530,working_on_laptop,3
12,vp12/run1_2018-05-24-15-44-28.ids_1,21,11530,11620,working_on_laptop,4
12,vp12/run1_2018-05-24-15-44-28.ids_1,21,11620,11710,working_on_laptop,5
12,vp12/run1_2018-05-24-15-44-28.ids_1,21,11710,11800,working_on_laptop,6
12,vp12/run1_2018-05-24-15-44-28.ids_1,21,11800,11890,working_on_laptop,7
12,vp12/run1_2018-05-24-15-44-28.ids_1,21,11890,11980,working_on_laptop,8
12,vp12/run1_2018-05-24-15-44-28.ids_1,21,11980,12070,working_on_laptop,9
12,vp12/run1_2018-05-24-15-44-28.ids_1,21,12070,12160,working_on_laptop,10
12,vp12/run1_2018-05-24-15-44-28.ids_1,21,12160,12250,working_on_laptop,11
12,vp12/run1_2018-05-24-15-44-28.ids_1,21,12250,12330,working_on_laptop,12
12,vp12/run1_2018-05-24-15-44-28.ids_1,22,12330,12399,placing_an_object,0
12,vp12/run1_2018-05-24-15-44-28.ids_1,23,12399,12489,fetching_an_object,0
12,vp12/run1_2018-05-24-15-44-28.ids_1,23,12489,12579,fetching_an_object,1
12,vp12/run1_2018-05-24-15-44-28.ids_1,23,12579,12669,fetching_an_object,2
12,vp12/run1_2018-05-24-15-44-28.ids_1,23,12669,12693,fetching_an_object,3
12,vp12/run1_2018-05-24-15-44-28.ids_1,24,12697,12787,interacting_with_phone,0
12,vp12/run1_2018-05-24-15-44-28.ids_1,24,12787,12877,interacting_with_phone,1
12,vp12/run1_2018-05-24-15-44-28.ids_1,24,12877,12967,interacting_with_phone,2
12,vp12/run1_2018-05-24-15-44-28.ids_1,24,12967,13057,interacting_with_phone,3
12,vp12/run1_2018-05-24-15-44-28.ids_1,24,13057,13147,interacting_with_phone,4
12,vp12/run1_2018-05-24-15-44-28.ids_1,24,13147,13237,interacting_with_phone,5
12,vp12/run1_2018-05-24-15-44-28.ids_1,24,13237,13327,interacting_with_phone,6
12,vp12/run1_2018-05-24-15-44-28.ids_1,24,13327,13417,interacting_with_phone,7
12,vp12/run1_2018-05-24-15-44-28.ids_1,24,13417,13507,interacting_with_phone,8
12,vp12/run1_2018-05-24-15-44-28.ids_1,24,13507,13597,interacting_with_phone,9
12,vp12/run1_2018-05-24-15-44-28.ids_1,24,13597,13687,interacting_with_phone,10
12,vp12/run1_2018-05-24-15-44-28.ids_1,24,13687,13777,interacting_with_phone,11
12,vp12/run1_2018-05-24-15-44-28.ids_1,24,13777,13867,interacting_with_phone,12
12,vp12/run1_2018-05-24-15-44-28.ids_1,25,13867,13930,placing_an_object,0
12,vp12/run1_2018-05-24-15-44-28.ids_1,26,13968,14058,working_on_laptop,0
12,vp12/run1_2018-05-24-15-44-28.ids_1,26,14058,14148,working_on_laptop,1
12,vp12/run1_2018-05-24-15-44-28.ids_1,26,14148,14238,working_on_laptop,2
12,vp12/run1_2018-05-24-15-44-28.ids_1,26,14238,14307,working_on_laptop,3
12,vp12/run1_2018-05-24-15-44-28.ids_1,27,14307,14397,closing_laptop,0
12,vp12/run1_2018-05-24-15-44-28.ids_1,27,14397,14487,closing_laptop,1
12,vp12/run1_2018-05-24-15-44-28.ids_1,27,14487,14577,closing_laptop,2
12,vp12/run1_2018-05-24-15-44-28.ids_1,27,14577,14667,closing_laptop,3
12,vp12/run1_2018-05-24-15-44-28.ids_1,27,14667,14685,closing_laptop,4
12,vp12/run1_2018-05-24-15-44-28.ids_1,28,14685,14775,putting_laptop_into_backpack,0
12,vp12/run1_2018-05-24-15-44-28.ids_1,28,14775,14865,putting_laptop_into_backpack,1
12,vp12/run1_2018-05-24-15-44-28.ids_1,28,14865,14955,putting_laptop_into_backpack,2
12,vp12/run1_2018-05-24-15-44-28.ids_1,28,14955,14962,putting_laptop_into_backpack,3
12,vp12/run1_2018-05-24-15-44-28.ids_1,29,14962,15052,placing_an_object,0
12,vp12/run1_2018-05-24-15-44-28.ids_1,29,15052,15075,placing_an_object,1
12,vp12/run1_2018-05-24-15-44-28.ids_1,30,15097,15109,using_multimedia_display,0
12,vp12/run1_2018-05-24-15-44-28.ids_1,31,15576,15666,sitting_still,0
12,vp12/run1_2018-05-24-15-44-28.ids_1,31,15666,15756,sitting_still,1
12,vp12/run1_2018-05-24-15-44-28.ids_1,31,15756,15846,sitting_still,2
12,vp12/run1_2018-05-24-15-44-28.ids_1,31,15846,15936,sitting_still,3
12,vp12/run1_2018-05-24-15-44-28.ids_1,31,15936,16026,sitting_still,4
12,vp12/run1_2018-05-24-15-44-28.ids_1,31,16026,16116,sitting_still,5
12,vp12/run1_2018-05-24-15-44-28.ids_1,31,16116,16206,sitting_still,6
12,vp12/run1_2018-05-24-15-44-28.ids_1,31,16206,16275,sitting_still,7
12,vp12/run1_2018-05-24-15-44-28.ids_1,32,16336,16347,sitting_still,0
12,vp12/run1_2018-05-24-15-44-28.ids_1,33,16386,16476,sitting_still,0
12,vp12/run1_2018-05-24-15-44-28.ids_1,33,16476,16566,sitting_still,1
12,vp12/run1_2018-05-24-15-44-28.ids_1,33,16566,16656,sitting_still,2
12,vp12/run1_2018-05-24-15-44-28.ids_1,33,16656,16746,sitting_still,3
12,vp12/run1_2018-05-24-15-44-28.ids_1,33,16746,16836,sitting_still,4
12,vp12/run1_2018-05-24-15-44-28.ids_1,33,16836,16926,sitting_still,5
12,vp12/run1_2018-05-24-15-44-28.ids_1,33,16926,17016,sitting_still,6
12,vp12/run1_2018-05-24-15-44-28.ids_1,33,17016,17106,sitting_still,7
12,vp12/run1_2018-05-24-15-44-28.ids_1,33,17106,17196,sitting_still,8
12,vp12/run1_2018-05-24-15-44-28.ids_1,33,17196,17202,sitting_still,9
12,vp12/run1_2018-05-24-15-44-28.ids_1,34,17202,17275,fetching_an_object,0
12,vp12/run1_2018-05-24-15-44-28.ids_1,35,17276,17366,opening_bottle,0
12,vp12/run1_2018-05-24-15-44-28.ids_1,36,17366,17456,drinking,0
12,vp12/run1_2018-05-24-15-44-28.ids_1,36,17456,17546,drinking,1
12,vp12/run1_2018-05-24-15-44-28.ids_1,36,17546,17608,drinking,2
12,vp12/run1_2018-05-24-15-44-28.ids_1,37,17608,17693,closing_bottle,0
12,vp12/run1_2018-05-24-15-44-28.ids_1,38,17693,17733,placing_an_object,0
12,vp12/run1_2018-05-24-15-44-28.ids_1,39,17733,17823,fetching_an_object,0
12,vp12/run1_2018-05-24-15-44-28.ids_1,39,17823,17840,fetching_an_object,1
12,vp12/run1_2018-05-24-15-44-28.ids_1,40,17840,17930,eating,0
12,vp12/run1_2018-05-24-15-44-28.ids_1,40,17930,18020,eating,1
12,vp12/run1_2018-05-24-15-44-28.ids_1,40,18020,18110,eating,2
12,vp12/run1_2018-05-24-15-44-28.ids_1,40,18110,18200,eating,3
12,vp12/run1_2018-05-24-15-44-28.ids_1,40,18200,18290,eating,4
12,vp12/run1_2018-05-24-15-44-28.ids_1,40,18290,18345,eating,5
12,vp12/run1_2018-05-24-15-44-28.ids_1,41,18345,18394,placing_an_object,0
12,vp12/run1_2018-05-24-15-44-28.ids_1,42,18394,18484,eating,0
12,vp12/run1_2018-05-24-15-44-28.ids_1,42,18484,18574,eating,1
12,vp12/run1_2018-05-24-15-44-28.ids_1,42,18574,18664,eating,2
12,vp12/run1_2018-05-24-15-44-28.ids_1,42,18664,18754,eating,3
12,vp12/run1_2018-05-24-15-44-28.ids_1,42,18754,18844,eating,4
12,vp12/run1_2018-05-24-15-44-28.ids_1,42,18844,18934,eating,5
12,vp12/run1_2018-05-24-15-44-28.ids_1,42,18934,19024,eating,6
12,vp12/run1_2018-05-24-15-44-28.ids_1,42,19024,19114,eating,7
12,vp12/run1_2018-05-24-15-44-28.ids_1,42,19114,19204,eating,8
12,vp12/run1_2018-05-24-15-44-28.ids_1,42,19204,19294,eating,9
12,vp12/run1_2018-05-24-15-44-28.ids_1,42,19294,19384,eating,10
12,vp12/run1_2018-05-24-15-44-28.ids_1,42,19384,19474,eating,11
12,vp12/run1_2018-05-24-15-44-28.ids_1,42,19474,19564,eating,12
12,vp12/run1_2018-05-24-15-44-28.ids_1,42,19564,19654,eating,13
12,vp12/run1_2018-05-24-15-44-28.ids_1,42,19654,19744,eating,14
12,vp12/run1_2018-05-24-15-44-28.ids_1,42,19744,19834,eating,15
12,vp12/run1_2018-05-24-15-44-28.ids_1,42,19834,19924,eating,16
12,vp12/run1_2018-05-24-15-44-28.ids_1,42,19924,20014,eating,17
12,vp12/run1_2018-05-24-15-44-28.ids_1,42,20014,20104,eating,18
12,vp12/run1_2018-05-24-15-44-28.ids_1,42,20104,20163,eating,19
12,vp12/run1_2018-05-24-15-44-28.ids_1,43,21466,21486,pressing_automation_button,0
12,vp12/run1_2018-05-24-15-44-28.ids_1,44,21557,21562,using_multimedia_display,0
12,vp12/run1_2018-05-24-15-44-28.ids_1,45,21590,21680,sitting_still,0
12,vp12/run1_2018-05-24-15-44-28.ids_1,45,21680,21770,sitting_still,1
12,vp12/run1_2018-05-24-15-44-28.ids_1,45,21770,21860,sitting_still,2
12,vp12/run1_2018-05-24-15-44-28.ids_1,45,21860,21950,sitting_still,3
12,vp12/run1_2018-05-24-15-44-28.ids_1,45,21950,22040,sitting_still,4
12,vp12/run1_2018-05-24-15-44-28.ids_1,45,22040,22130,sitting_still,5
12,vp12/run1_2018-05-24-15-44-28.ids_1,45,22130,22220,sitting_still,6
12,vp12/run1_2018-05-24-15-44-28.ids_1,45,22220,22310,sitting_still,7
12,vp12/run1_2018-05-24-15-44-28.ids_1,45,22310,22400,sitting_still,8
12,vp12/run1_2018-05-24-15-44-28.ids_1,45,22400,22453,sitting_still,9
12,vp12/run1_2018-05-24-15-44-28.ids_1,46,22483,22501,using_multimedia_display,0
12,vp12/run1_2018-05-24-15-44-28.ids_1,47,22531,22621,sitting_still,0
12,vp12/run1_2018-05-24-15-44-28.ids_1,47,22621,22711,sitting_still,1
12,vp12/run1_2018-05-24-15-44-28.ids_1,47,22711,22801,sitting_still,2
12,vp12/run1_2018-05-24-15-44-28.ids_1,47,22801,22891,sitting_still,3
12,vp12/run1_2018-05-24-15-44-28.ids_1,47,22891,22981,sitting_still,4
12,vp12/run1_2018-05-24-15-44-28.ids_1,47,22981,23071,sitting_still,5
12,vp12/run1_2018-05-24-15-44-28.ids_1,47,23071,23151,sitting_still,6
12,vp12/run1_2018-05-24-15-44-28.ids_1,48,23193,23283,fetching_an_object,0
12,vp12/run1_2018-05-24-15-44-28.ids_1,48,23283,23373,fetching_an_object,1
12,vp12/run1_2018-05-24-15-44-28.ids_1,48,23373,23438,fetching_an_object,2
12,vp12/run1_2018-05-24-15-44-28.ids_1,49,23438,23528,reading_magazine,0
12,vp12/run1_2018-05-24-15-44-28.ids_1,49,23528,23618,reading_magazine,1
12,vp12/run1_2018-05-24-15-44-28.ids_1,49,23618,23708,reading_magazine,2
12,vp12/run1_2018-05-24-15-44-28.ids_1,49,23708,23798,reading_magazine,3
12,vp12/run1_2018-05-24-15-44-28.ids_1,49,23798,23888,reading_magazine,4
12,vp12/run1_2018-05-24-15-44-28.ids_1,49,23888,23978,reading_magazine,5
12,vp12/run1_2018-05-24-15-44-28.ids_1,49,23978,24068,reading_magazine,6
12,vp12/run1_2018-05-24-15-44-28.ids_1,49,24068,24118,reading_magazine,7
12,vp12/run1_2018-05-24-15-44-28.ids_1,50,24118,24208,fetching_an_object,0
12,vp12/run1_2018-05-24-15-44-28.ids_1,50,24208,24267,fetching_an_object,1
12,vp12/run1_2018-05-24-15-44-28.ids_1,51,24267,24357,reading_magazine,0
12,vp12/run1_2018-05-24-15-44-28.ids_1,51,24357,24447,reading_magazine,1
12,vp12/run1_2018-05-24-15-44-28.ids_1,51,24447,24537,reading_magazine,2
12,vp12/run1_2018-05-24-15-44-28.ids_1,51,24537,24627,reading_magazine,3
12,vp12/run1_2018-05-24-15-44-28.ids_1,51,24627,24717,reading_magazine,4
12,vp12/run1_2018-05-24-15-44-28.ids_1,51,24717,24807,reading_magazine,5
12,vp12/run1_2018-05-24-15-44-28.ids_1,51,24807,24897,reading_magazine,6
12,vp12/run1_2018-05-24-15-44-28.ids_1,51,24897,24987,reading_magazine,7
12,vp12/run1_2018-05-24-15-44-28.ids_1,51,24987,25077,reading_magazine,8
12,vp12/run1_2018-05-24-15-44-28.ids_1,51,25077,25167,reading_magazine,9
12,vp12/run1_2018-05-24-15-44-28.ids_1,51,25167,25257,reading_magazine,10
12,vp12/run1_2018-05-24-15-44-28.ids_1,51,25257,25347,reading_magazine,11
12,vp12/run1_2018-05-24-15-44-28.ids_1,51,25347,25437,reading_magazine,12
12,vp12/run1_2018-05-24-15-44-28.ids_1,51,25437,25527,reading_magazine,13
12,vp12/run1_2018-05-24-15-44-28.ids_1,51,25527,25580,reading_magazine,14
12,vp12/run1_2018-05-24-15-44-28.ids_1,52,25581,25671,fetching_an_object,0
12,vp12/run1_2018-05-24-15-44-28.ids_1,52,25671,25761,fetching_an_object,1
12,vp12/run1_2018-05-24-15-44-28.ids_1,53,25761,25851,writing,0
12,vp12/run1_2018-05-24-15-44-28.ids_1,53,25851,25941,writing,1
12,vp12/run1_2018-05-24-15-44-28.ids_1,53,25941,26031,writing,2
12,vp12/run1_2018-05-24-15-44-28.ids_1,53,26031,26121,writing,3
12,vp12/run1_2018-05-24-15-44-28.ids_1,53,26121,26211,writing,4
12,vp12/run1_2018-05-24-15-44-28.ids_1,53,26211,26265,writing,5
12,vp12/run1_2018-05-24-15-44-28.ids_1,54,26269,26359,placing_an_object,0
12,vp12/run1_2018-05-24-15-44-28.ids_1,55,26393,26401,using_multimedia_display,0
12,vp12/run1_2018-05-24-15-44-28.ids_1,56,26696,26760,taking_off_sunglasses,0
12,vp12/run1_2018-05-24-15-44-28.ids_1,57,26760,26850,placing_an_object,0
12,vp12/run1_2018-05-24-15-44-28.ids_1,57,26850,26923,placing_an_object,1
12,vp12/run1_2018-05-24-15-44-28.ids_1,58,27006,27014,using_multimedia_display,0
12,vp12/run1_2018-05-24-15-44-28.ids_1,59,27039,27129,sitting_still,0
12,vp12/run1_2018-05-24-15-44-28.ids_1,59,27129,27219,sitting_still,1
12,vp12/run1_2018-05-24-15-44-28.ids_1,59,27219,27309,sitting_still,2
12,vp12/run1_2018-05-24-15-44-28.ids_1,59,27309,27399,sitting_still,3
12,vp12/run1_2018-05-24-15-44-28.ids_1,59,27399,27489,sitting_still,4
12,vp12/run1_2018-05-24-15-44-28.ids_1,59,27489,27579,sitting_still,5
12,vp12/run1_2018-05-24-15-44-28.ids_1,59,27579,27669,sitting_still,6
12,vp12/run1_2018-05-24-15-44-28.ids_1,59,27669,27741,sitting_still,7
12,vp12/run1_2018-05-24-15-44-28.ids_1,60,27741,27831,fetching_an_object,0
12,vp12/run1_2018-05-24-15-44-28.ids_1,60,27831,27847,fetching_an_object,1
12,vp12/run1_2018-05-24-15-44-28.ids_1,61,27847,27937,putting_on_sunglasses,0
12,vp12/run1_2018-05-24-15-44-28.ids_1,61,27937,27952,putting_on_sunglasses,1
12,vp12/run1_2018-05-24-15-44-28.ids_1,63,28302,28392,sitting_still,0
12,vp12/run1_2018-05-24-15-44-28.ids_1,63,28392,28482,sitting_still,1
12,vp12/run1_2018-05-24-15-44-28.ids_1,63,28482,28572,sitting_still,2
12,vp12/run1_2018-05-24-15-44-28.ids_1,63,28572,28662,sitting_still,3
12,vp12/run1_2018-05-24-15-44-28.ids_1,63,28662,28752,sitting_still,4
12,vp12/run1_2018-05-24-15-44-28.ids_1,63,28752,28842,sitting_still,5
12,vp12/run1_2018-05-24-15-44-28.ids_1,63,28842,28932,sitting_still,6
12,vp12/run1_2018-05-24-15-44-28.ids_1,63,28932,29022,sitting_still,7
12,vp12/run1_2018-05-24-15-44-28.ids_1,63,29022,29112,sitting_still,8
12,vp12/run1_2018-05-24-15-44-28.ids_1,63,29112,29147,sitting_still,9
12,vp12/run1_2018-05-24-15-44-28.ids_1,64,29203,29293,fetching_an_object,0
12,vp12/run1_2018-05-24-15-44-28.ids_1,64,29293,29383,fetching_an_object,1
12,vp12/run1_2018-05-24-15-44-28.ids_1,64,29383,29466,fetching_an_object,2
12,vp12/run1_2018-05-24-15-44-28.ids_1,65,29466,29556,eating,0
12,vp12/run1_2018-05-24-15-44-28.ids_1,65,29556,29646,eating,1
12,vp12/run1_2018-05-24-15-44-28.ids_1,65,29646,29736,eating,2
12,vp12/run1_2018-05-24-15-44-28.ids_1,65,29736,29826,eating,3
12,vp12/run1_2018-05-24-15-44-28.ids_1,65,29826,29916,eating,4
12,vp12/run1_2018-05-24-15-44-28.ids_1,65,29916,30006,eating,5
12,vp12/run1_2018-05-24-15-44-28.ids_1,65,30006,30096,eating,6
12,vp12/run1_2018-05-24-15-44-28.ids_1,65,30096,30186,eating,7
12,vp12/run1_2018-05-24-15-44-28.ids_1,65,30186,30276,eating,8
12,vp12/run1_2018-05-24-15-44-28.ids_1,65,30276,30366,eating,9
12,vp12/run1_2018-05-24-15-44-28.ids_1,65,30366,30456,eating,10
12,vp12/run1_2018-05-24-15-44-28.ids_1,65,30456,30524,eating,11
12,vp12/run1_2018-05-24-15-44-28.ids_1,66,30524,30600,placing_an_object,0
12,vp12/run1_2018-05-24-15-44-28.ids_1,67,30804,30845,pressing_automation_button,0
12,vp12/run1_2018-05-24-15-44-28.ids_1,68,30932,31000,fetching_an_object,0
12,vp12/run1_2018-05-24-15-44-28.ids_1,69,31000,31076,opening_bottle,0
12,vp12/run1_2018-05-24-15-44-28.ids_1,70,31076,31166,drinking,0
12,vp12/run1_2018-05-24-15-44-28.ids_1,70,31166,31256,drinking,1
12,vp12/run1_2018-05-24-15-44-28.ids_1,70,31256,31291,drinking,2
12,vp12/run1_2018-05-24-15-44-28.ids_1,71,31291,31381,closing_bottle,0
12,vp12/run1_2018-05-24-15-44-28.ids_1,71,31381,31393,closing_bottle,1
12,vp12/run1_2018-05-24-15-44-28.ids_1,72,31393,31426,placing_an_object,0
12,vp12/run1_2018-05-24-15-44-28.ids_1,73,31426,31495,fetching_an_object,0
12,vp12/run1_2018-05-24-15-44-28.ids_1,74,31495,31558,eating,0
12,vp12/run1_2018-05-24-15-44-28.ids_1,75,31558,31625,placing_an_object,0
12,vp12/run1_2018-05-24-15-44-28.ids_1,76,31625,31715,sitting_still,0
12,vp12/run1_2018-05-24-15-44-28.ids_1,76,31715,31805,sitting_still,1
12,vp12/run1_2018-05-24-15-44-28.ids_1,76,31805,31895,sitting_still,2
12,vp12/run1_2018-05-24-15-44-28.ids_1,76,31895,31985,sitting_still,3
12,vp12/run1_2018-05-24-15-44-28.ids_1,76,31985,32075,sitting_still,4
12,vp12/run1_2018-05-24-15-44-28.ids_1,76,32075,32165,sitting_still,5
12,vp12/run1_2018-05-24-15-44-28.ids_1,76,32165,32237,sitting_still,6
12,vp12/run1_2018-05-24-15-44-28.ids_1,77,32271,32280,using_multimedia_display,0
12,vp12/run1_2018-05-24-15-44-28.ids_1,78,32308,32398,sitting_still,0
12,vp12/run1_2018-05-24-15-44-28.ids_1,78,32398,32488,sitting_still,1
12,vp12/run1_2018-05-24-15-44-28.ids_1,78,32488,32578,sitting_still,2
12,vp12/run1_2018-05-24-15-44-28.ids_1,78,32578,32668,sitting_still,3
12,vp12/run1_2018-05-24-15-44-28.ids_1,78,32668,32692,sitting_still,4
12,vp12/run1_2018-05-24-15-44-28.ids_1,79,32732,32822,fetching_an_object,0
12,vp12/run1_2018-05-24-15-44-28.ids_1,79,32822,32888,fetching_an_object,1
12,vp12/run1_2018-05-24-15-44-28.ids_1,80,32888,32978,reading_newspaper,0
12,vp12/run1_2018-05-24-15-44-28.ids_1,80,32978,33068,reading_newspaper,1
12,vp12/run1_2018-05-24-15-44-28.ids_1,80,33068,33158,reading_newspaper,2
12,vp12/run1_2018-05-24-15-44-28.ids_1,80,33158,33248,reading_newspaper,3
12,vp12/run1_2018-05-24-15-44-28.ids_1,80,33248,33338,reading_newspaper,4
12,vp12/run1_2018-05-24-15-44-28.ids_1,80,33338,33428,reading_newspaper,5
12,vp12/run1_2018-05-24-15-44-28.ids_1,80,33428,33518,reading_newspaper,6
12,vp12/run1_2018-05-24-15-44-28.ids_1,80,33518,33608,reading_newspaper,7
12,vp12/run1_2018-05-24-15-44-28.ids_1,80,33608,33698,reading_newspaper,8
12,vp12/run1_2018-05-24-15-44-28.ids_1,80,33698,33788,reading_newspaper,9
12,vp12/run1_2018-05-24-15-44-28.ids_1,80,33788,33878,reading_newspaper,10
12,vp12/run1_2018-05-24-15-44-28.ids_1,80,33878,33968,reading_newspaper,11
12,vp12/run1_2018-05-24-15-44-28.ids_1,80,33968,34058,reading_newspaper,12
12,vp12/run1_2018-05-24-15-44-28.ids_1,80,34058,34148,reading_newspaper,13
12,vp12/run1_2018-05-24-15-44-28.ids_1,80,34148,34238,reading_newspaper,14
12,vp12/run1_2018-05-24-15-44-28.ids_1,80,34238,34328,reading_newspaper,15
12,vp12/run1_2018-05-24-15-44-28.ids_1,80,34328,34418,reading_newspaper,16
12,vp12/run1_2018-05-24-15-44-28.ids_1,80,34418,34508,reading_newspaper,17
12,vp12/run1_2018-05-24-15-44-28.ids_1,80,34508,34598,reading_newspaper,18
12,vp12/run1_2018-05-24-15-44-28.ids_1,81,34598,34688,fetching_an_object,0
12,vp12/run1_2018-05-24-15-44-28.ids_1,81,34688,34694,fetching_an_object,1
12,vp12/run1_2018-05-24-15-44-28.ids_1,82,34694,34784,writing,0
12,vp12/run1_2018-05-24-15-44-28.ids_1,82,34784,34874,writing,1
12,vp12/run1_2018-05-24-15-44-28.ids_1,82,34874,34964,writing,2
12,vp12/run1_2018-05-24-15-44-28.ids_1,82,34964,35054,writing,3
12,vp12/run1_2018-05-24-15-44-28.ids_1,82,35054,35071,writing,4
12,vp12/run1_2018-05-24-15-44-28.ids_1,83,35071,35161,placing_an_object,0
12,vp12/run1_2018-05-24-15-44-28.ids_1,83,35161,35235,placing_an_object,1
12,vp12/run1_2018-05-24-15-44-28.ids_1,84,35262,35270,using_multimedia_display,0
12,vp12/run1_2018-05-24-15-44-28.ids_1,85,35294,35384,sitting_still,0
12,vp12/run1_2018-05-24-15-44-28.ids_1,85,35384,35474,sitting_still,1
12,vp12/run1_2018-05-24-15-44-28.ids_1,85,35474,35564,sitting_still,2
12,vp12/run1_2018-05-24-15-44-28.ids_1,85,35564,35654,sitting_still,3
12,vp12/run1_2018-05-24-15-44-28.ids_1,85,35654,35744,sitting_still,4
12,vp12/run1_2018-05-24-15-44-28.ids_1,85,35744,35834,sitting_still,5
12,vp12/run1_2018-05-24-15-44-28.ids_1,85,35834,35924,sitting_still,6
12,vp12/run1_2018-05-24-15-44-28.ids_1,85,35924,35971,sitting_still,7
12,vp12/run1_2018-05-24-15-44-28.ids_1,86,35971,36061,fetching_an_object,0
12,vp12/run1_2018-05-24-15-44-28.ids_1,86,36061,36088,fetching_an_object,1
12,vp12/run1_2018-05-24-15-44-28.ids_1,87,36088,36178,talking_on_phone,0
12,vp12/run1_2018-05-24-15-44-28.ids_1,87,36178,36268,talking_on_phone,1
12,vp12/run1_2018-05-24-15-44-28.ids_1,87,36268,36358,talking_on_phone,2
12,vp12/run1_2018-05-24-15-44-28.ids_1,87,36358,36448,talking_on_phone,3
12,vp12/run1_2018-05-24-15-44-28.ids_1,87,36448,36538,talking_on_phone,4
12,vp12/run1_2018-05-24-15-44-28.ids_1,87,36538,36628,talking_on_phone,5
12,vp12/run1_2018-05-24-15-44-28.ids_1,87,36628,36718,talking_on_phone,6
12,vp12/run1_2018-05-24-15-44-28.ids_1,87,36718,36808,talking_on_phone,7
12,vp12/run1_2018-05-24-15-44-28.ids_1,87,36808,36898,talking_on_phone,8
12,vp12/run1_2018-05-24-15-44-28.ids_1,87,36898,36988,talking_on_phone,9
12,vp12/run1_2018-05-24-15-44-28.ids_1,87,36988,37078,talking_on_phone,10
12,vp12/run1_2018-05-24-15-44-28.ids_1,87,37078,37168,talking_on_phone,11
12,vp12/run1_2018-05-24-15-44-28.ids_1,87,37168,37258,talking_on_phone,12
12,vp12/run1_2018-05-24-15-44-28.ids_1,87,37258,37347,talking_on_phone,13
12,vp12/run1_2018-05-24-15-44-28.ids_1,88,37347,37434,placing_an_object,0
12,vp12/run1_2018-05-24-15-44-28.ids_1,89,37953,37982,pressing_automation_button,0
12,vp12/run1_2018-05-24-15-44-28.ids_1,90,38014,38104,placing_an_object,0
12,vp12/run1_2018-05-24-15-44-28.ids_1,90,38104,38190,placing_an_object,1
12,vp12/run1_2018-05-24-15-44-28.ids_1,91,38190,38280,sitting_still,0
12,vp12/run1_2018-05-24-15-44-28.ids_1,91,38280,38370,sitting_still,1
12,vp12/run1_2018-05-24-15-44-28.ids_1,91,38370,38460,sitting_still,2
12,vp12/run1_2018-05-24-15-44-28.ids_1,91,38460,38469,sitting_still,3
12,vp12/run1_2018-05-24-15-44-28.ids_1,92,38485,38510,pressing_automation_button,0
12,vp12/run1_2018-05-24-15-44-28.ids_1,93,38807,38897,pressing_automation_button,0
12,vp12/run1_2018-05-24-15-44-28.ids_1,93,38897,38960,pressing_automation_button,1
12,vp12/run1_2018-05-24-15-44-28.ids_1,94,38989,39043,unfastening_seat_belt,0
12,vp12/run1_2018-05-24-15-44-28.ids_1,95,39081,39099,using_multimedia_display,0
12,vp12/run1_2018-05-24-15-44-28.ids_1,96,39139,39176,opening_door_inside,0
12,vp12/run1_2018-05-24-15-44-28.ids_1,97,39176,39266,fetching_an_object,0
12,vp12/run1_2018-05-24-15-44-28.ids_1,97,39266,39289,fetching_an_object,1
12,vp12/run1_2018-05-24-15-44-28.ids_1,98,39402,39427,placing_an_object,0
12,vp12/run1_2018-05-24-15-44-28.ids_1,99,39427,39517,exiting_car,0
12,vp12/run1_2018-05-24-15-44-28.ids_1,99,39517,39540,exiting_car,1
12,vp12/run1_2018-05-24-15-44-28.ids_1,100,39540,39563,closing_door_outside,0
12,vp12/run2_2018-05-24-16-21-35.ids_1,0,78,153,opening_door_outside,0
12,vp12/run2_2018-05-24-16-21-35.ids_1,1,153,243,entering_car,0
12,vp12/run2_2018-05-24-16-21-35.ids_1,1,243,278,entering_car,1
12,vp12/run2_2018-05-24-16-21-35.ids_1,2,278,310,closing_door_inside,0
12,vp12/run2_2018-05-24-16-21-35.ids_1,3,6483,6500,pressing_automation_button,0
12,vp12/run2_2018-05-24-16-21-35.ids_1,4,6580,6670,sitting_still,0
12,vp12/run2_2018-05-24-16-21-35.ids_1,4,6670,6760,sitting_still,1
12,vp12/run2_2018-05-24-16-21-35.ids_1,4,6760,6850,sitting_still,2
12,vp12/run2_2018-05-24-16-21-35.ids_1,4,6850,6940,sitting_still,3
12,vp12/run2_2018-05-24-16-21-35.ids_1,4,6940,7030,sitting_still,4
12,vp12/run2_2018-05-24-16-21-35.ids_1,4,7030,7054,sitting_still,5
12,vp12/run2_2018-05-24-16-21-35.ids_1,5,7082,7172,fetching_an_object,0
12,vp12/run2_2018-05-24-16-21-35.ids_1,5,7172,7262,fetching_an_object,1
12,vp12/run2_2018-05-24-16-21-35.ids_1,5,7262,7352,fetching_an_object,2
12,vp12/run2_2018-05-24-16-21-35.ids_1,5,7352,7442,fetching_an_object,3
12,vp12/run2_2018-05-24-16-21-35.ids_1,6,7442,7532,opening_bottle,0
12,vp12/run2_2018-05-24-16-21-35.ids_1,6,7532,7596,opening_bottle,1
12,vp12/run2_2018-05-24-16-21-35.ids_1,7,7596,7686,drinking,0
12,vp12/run2_2018-05-24-16-21-35.ids_1,7,7686,7776,drinking,1
12,vp12/run2_2018-05-24-16-21-35.ids_1,7,7776,7828,drinking,2
12,vp12/run2_2018-05-24-16-21-35.ids_1,8,7828,7918,closing_bottle,0
12,vp12/run2_2018-05-24-16-21-35.ids_1,8,7918,7998,closing_bottle,1
12,vp12/run2_2018-05-24-16-21-35.ids_1,9,7998,8088,fetching_an_object,0
12,vp12/run2_2018-05-24-16-21-35.ids_1,9,8088,8114,fetching_an_object,1
12,vp12/run2_2018-05-24-16-21-35.ids_1,10,8150,8156,using_multimedia_display,0
12,vp12/run2_2018-05-24-16-21-35.ids_1,11,8180,8270,placing_an_object,0
12,vp12/run2_2018-05-24-16-21-35.ids_1,11,8270,8308,placing_an_object,1
12,vp12/run2_2018-05-24-16-21-35.ids_1,12,8308,8331,opening_backpack,0
12,vp12/run2_2018-05-24-16-21-35.ids_1,13,8331,8421,placing_an_object,0
12,vp12/run2_2018-05-24-16-21-35.ids_1,13,8421,8460,placing_an_object,1
12,vp12/run2_2018-05-24-16-21-35.ids_1,14,8460,8550,fetching_an_object,0
12,vp12/run2_2018-05-24-16-21-35.ids_1,14,8550,8577,fetching_an_object,1
12,vp12/run2_2018-05-24-16-21-35.ids_1,15,8577,8667,preparing_food,0
12,vp12/run2_2018-05-24-16-21-35.ids_1,15,8667,8757,preparing_food,1
12,vp12/run2_2018-05-24-16-21-35.ids_1,15,8757,8847,preparing_food,2
12,vp12/run2_2018-05-24-16-21-35.ids_1,15,8847,8937,preparing_food,3
12,vp12/run2_2018-05-24-16-21-35.ids_1,15,8937,9027,preparing_food,4
12,vp12/run2_2018-05-24-16-21-35.ids_1,15,9027,9064,preparing_food,5
12,vp12/run2_2018-05-24-16-21-35.ids_1,16,9064,9134,placing_an_object,0
12,vp12/run2_2018-05-24-16-21-35.ids_1,17,9134,9224,eating,0
12,vp12/run2_2018-05-24-16-21-35.ids_1,17,9224,9314,eating,1
12,vp12/run2_2018-05-24-16-21-35.ids_1,17,9314,9404,eating,2
12,vp12/run2_2018-05-24-16-21-35.ids_1,17,9404,9494,eating,3
12,vp12/run2_2018-05-24-16-21-35.ids_1,17,9494,9584,eating,4
12,vp12/run2_2018-05-24-16-21-35.ids_1,17,9584,9674,eating,5
12,vp12/run2_2018-05-24-16-21-35.ids_1,17,9674,9764,eating,6
12,vp12/run2_2018-05-24-16-21-35.ids_1,17,9764,9854,eating,7
12,vp12/run2_2018-05-24-16-21-35.ids_1,17,9854,9944,eating,8
12,vp12/run2_2018-05-24-16-21-35.ids_1,17,9944,10034,eating,9
12,vp12/run2_2018-05-24-16-21-35.ids_1,17,10034,10124,eating,10
12,vp12/run2_2018-05-24-16-21-35.ids_1,17,10124,10214,eating,11
12,vp12/run2_2018-05-24-16-21-35.ids_1,17,10214,10304,eating,12
12,vp12/run2_2018-05-24-16-21-35.ids_1,17,10304,10394,eating,13
12,vp12/run2_2018-05-24-16-21-35.ids_1,17,10394,10484,eating,14
12,vp12/run2_2018-05-24-16-21-35.ids_1,17,10484,10574,eating,15
12,vp12/run2_2018-05-24-16-21-35.ids_1,17,10574,10664,eating,16
12,vp12/run2_2018-05-24-16-21-35.ids_1,17,10664,10753,eating,17
12,vp12/run2_2018-05-24-16-21-35.ids_1,18,10753,10814,placing_an_object,0
12,vp12/run2_2018-05-24-16-21-35.ids_1,19,11685,11731,pressing_automation_button,0
12,vp12/run2_2018-05-24-16-21-35.ids_1,20,11731,11806,fetching_an_object,0
12,vp12/run2_2018-05-24-16-21-35.ids_1,21,11806,11895,eating,0
12,vp12/run2_2018-05-24-16-21-35.ids_1,22,11895,11977,fetching_an_object,0
12,vp12/run2_2018-05-24-16-21-35.ids_1,23,11977,11991,opening_backpack,0
12,vp12/run2_2018-05-24-16-21-35.ids_1,24,11991,12081,placing_an_object,0
12,vp12/run2_2018-05-24-16-21-35.ids_1,24,12081,12103,placing_an_object,1
12,vp12/run2_2018-05-24-16-21-35.ids_1,25,12103,12193,fetching_an_object,0
12,vp12/run2_2018-05-24-16-21-35.ids_1,25,12193,12238,fetching_an_object,1
12,vp12/run2_2018-05-24-16-21-35.ids_1,26,12238,12328,opening_bottle,0
12,vp12/run2_2018-05-24-16-21-35.ids_1,26,12328,12343,opening_bottle,1
12,vp12/run2_2018-05-24-16-21-35.ids_1,27,12343,12433,drinking,0
12,vp12/run2_2018-05-24-16-21-35.ids_1,27,12433,12523,drinking,1
12,vp12/run2_2018-05-24-16-21-35.ids_1,27,12523,12613,drinking,2
12,vp12/run2_2018-05-24-16-21-35.ids_1,27,12613,12703,drinking,3
12,vp12/run2_2018-05-24-16-21-35.ids_1,27,12703,12793,drinking,4
12,vp12/run2_2018-05-24-16-21-35.ids_1,27,12793,12883,drinking,5
12,vp12/run2_2018-05-24-16-21-35.ids_1,27,12883,12932,drinking,6
12,vp12/run2_2018-05-24-16-21-35.ids_1,28,12932,13013,closing_bottle,0
12,vp12/run2_2018-05-24-16-21-35.ids_1,29,13013,13084,placing_an_object,0
12,vp12/run2_2018-05-24-16-21-35.ids_1,30,13084,13174,placing_an_object,0
12,vp12/run2_2018-05-24-16-21-35.ids_1,30,13174,13192,placing_an_object,1
12,vp12/run2_2018-05-24-16-21-35.ids_1,31,13230,13237,using_multimedia_display,0
12,vp12/run2_2018-05-24-16-21-35.ids_1,32,13260,13350,sitting_still,0
12,vp12/run2_2018-05-24-16-21-35.ids_1,32,13350,13440,sitting_still,1
12,vp12/run2_2018-05-24-16-21-35.ids_1,32,13440,13493,sitting_still,2
12,vp12/run2_2018-05-24-16-21-35.ids_1,33,13570,13646,fetching_an_object,0
12,vp12/run2_2018-05-24-16-21-35.ids_1,34,13646,13736,reading_newspaper,0
12,vp12/run2_2018-05-24-16-21-35.ids_1,34,13736,13826,reading_newspaper,1
12,vp12/run2_2018-05-24-16-21-35.ids_1,34,13826,13916,reading_newspaper,2
12,vp12/run2_2018-05-24-16-21-35.ids_1,34,13916,14006,reading_newspaper,3
12,vp12/run2_2018-05-24-16-21-35.ids_1,34,14006,14096,reading_newspaper,4
12,vp12/run2_2018-05-24-16-21-35.ids_1,34,14096,14186,reading_newspaper,5
12,vp12/run2_2018-05-24-16-21-35.ids_1,34,14186,14276,reading_newspaper,6
12,vp12/run2_2018-05-24-16-21-35.ids_1,34,14276,14366,reading_newspaper,7
12,vp12/run2_2018-05-24-16-21-35.ids_1,34,14366,14456,reading_newspaper,8
12,vp12/run2_2018-05-24-16-21-35.ids_1,34,14456,14546,reading_newspaper,9
12,vp12/run2_2018-05-24-16-21-35.ids_1,34,14546,14636,reading_newspaper,10
12,vp12/run2_2018-05-24-16-21-35.ids_1,34,14636,14726,reading_newspaper,11
12,vp12/run2_2018-05-24-16-21-35.ids_1,34,14726,14816,reading_newspaper,12
12,vp12/run2_2018-05-24-16-21-35.ids_1,34,14816,14906,reading_newspaper,13
12,vp12/run2_2018-05-24-16-21-35.ids_1,34,14906,14996,reading_newspaper,14
12,vp12/run2_2018-05-24-16-21-35.ids_1,34,14996,15086,reading_newspaper,15
12,vp12/run2_2018-05-24-16-21-35.ids_1,34,15086,15176,reading_newspaper,16
12,vp12/run2_2018-05-24-16-21-35.ids_1,34,15176,15266,reading_newspaper,17
12,vp12/run2_2018-05-24-16-21-35.ids_1,34,15266,15356,reading_newspaper,18
12,vp12/run2_2018-05-24-16-21-35.ids_1,34,15356,15446,reading_newspaper,19
12,vp12/run2_2018-05-24-16-21-35.ids_1,34,15446,15536,reading_newspaper,20
12,vp12/run2_2018-05-24-16-21-35.ids_1,34,15536,15584,reading_newspaper,21
12,vp12/run2_2018-05-24-16-21-35.ids_1,35,15584,15674,fetching_an_object,0
12,vp12/run2_2018-05-24-16-21-35.ids_1,35,15674,15700,fetching_an_object,1
12,vp12/run2_2018-05-24-16-21-35.ids_1,36,15700,15790,reading_newspaper,0
12,vp12/run2_2018-05-24-16-21-35.ids_1,36,15790,15852,reading_newspaper,1
12,vp12/run2_2018-05-24-16-21-35.ids_1,37,15852,15942,writing,0
12,vp12/run2_2018-05-24-16-21-35.ids_1,37,15942,16032,writing,1
12,vp12/run2_2018-05-24-16-21-35.ids_1,37,16032,16122,writing,2
12,vp12/run2_2018-05-24-16-21-35.ids_1,37,16122,16212,writing,3
12,vp12/run2_2018-05-24-16-21-35.ids_1,37,16212,16302,writing,4
12,vp12/run2_2018-05-24-16-21-35.ids_1,37,16302,16392,writing,5
12,vp12/run2_2018-05-24-16-21-35.ids_1,37,16392,16482,writing,6
12,vp12/run2_2018-05-24-16-21-35.ids_1,37,16482,16553,writing,7
12,vp12/run2_2018-05-24-16-21-35.ids_1,38,16553,16640,placing_an_object,0
12,vp12/run2_2018-05-24-16-21-35.ids_1,39,16667,16682,using_multimedia_display,0
12,vp12/run2_2018-05-24-16-21-35.ids_1,40,16701,16791,sitting_still,0
12,vp12/run2_2018-05-24-16-21-35.ids_1,40,16791,16881,sitting_still,1
12,vp12/run2_2018-05-24-16-21-35.ids_1,40,16881,16971,sitting_still,2
12,vp12/run2_2018-05-24-16-21-35.ids_1,40,16971,17061,sitting_still,3
12,vp12/run2_2018-05-24-16-21-35.ids_1,40,17061,17119,sitting_still,4
12,vp12/run2_2018-05-24-16-21-35.ids_1,41,17119,17190,taking_off_sunglasses,0
12,vp12/run2_2018-05-24-16-21-35.ids_1,42,17194,17284,placing_an_object,0
12,vp12/run2_2018-05-24-16-21-35.ids_1,43,17284,17374,sitting_still,0
12,vp12/run2_2018-05-24-16-21-35.ids_1,43,17374,17464,sitting_still,1
12,vp12/run2_2018-05-24-16-21-35.ids_1,43,17464,17554,sitting_still,2
12,vp12/run2_2018-05-24-16-21-35.ids_1,43,17554,17590,sitting_still,3
12,vp12/run2_2018-05-24-16-21-35.ids_1,44,18459,18483,pressing_automation_button,0
12,vp12/run2_2018-05-24-16-21-35.ids_1,45,18566,18616,unfastening_seat_belt,0
12,vp12/run2_2018-05-24-16-21-35.ids_1,46,18616,18706,fetching_an_object,0
12,vp12/run2_2018-05-24-16-21-35.ids_1,46,18706,18712,fetching_an_object,1
12,vp12/run2_2018-05-24-16-21-35.ids_1,47,18712,18802,putting_on_jacket,0
12,vp12/run2_2018-05-24-16-21-35.ids_1,47,18802,18892,putting_on_jacket,1
12,vp12/run2_2018-05-24-16-21-35.ids_1,47,18892,18982,putting_on_jacket,2
12,vp12/run2_2018-05-24-16-21-35.ids_1,47,18982,19072,putting_on_jacket,3
12,vp12/run2_2018-05-24-16-21-35.ids_1,47,19072,19162,putting_on_jacket,4
12,vp12/run2_2018-05-24-16-21-35.ids_1,47,19162,19252,putting_on_jacket,5
12,vp12/run2_2018-05-24-16-21-35.ids_1,47,19252,19342,putting_on_jacket,6
12,vp12/run2_2018-05-24-16-21-35.ids_1,47,19342,19432,putting_on_jacket,7
12,vp12/run2_2018-05-24-16-21-35.ids_1,47,19432,19522,putting_on_jacket,8
12,vp12/run2_2018-05-24-16-21-35.ids_1,47,19522,19612,putting_on_jacket,9
12,vp12/run2_2018-05-24-16-21-35.ids_1,47,19612,19620,putting_on_jacket,10
12,vp12/run2_2018-05-24-16-21-35.ids_1,48,19620,19678,fetching_an_object,0
12,vp12/run2_2018-05-24-16-21-35.ids_1,49,19678,19760,putting_on_sunglasses,0
12,vp12/run2_2018-05-24-16-21-35.ids_1,50,19813,19903,fastening_seat_belt,0
12,vp12/run2_2018-05-24-16-21-35.ids_1,50,19903,19918,fastening_seat_belt,1
12,vp12/run2_2018-05-24-16-21-35.ids_1,51,19937,19943,using_multimedia_display,0
12,vp12/run2_2018-05-24-16-21-35.ids_1,52,20260,20350,sitting_still,0
12,vp12/run2_2018-05-24-16-21-35.ids_1,52,20350,20440,sitting_still,1
12,vp12/run2_2018-05-24-16-21-35.ids_1,52,20440,20530,sitting_still,2
12,vp12/run2_2018-05-24-16-21-35.ids_1,52,20530,20620,sitting_still,3
12,vp12/run2_2018-05-24-16-21-35.ids_1,52,20620,20710,sitting_still,4
12,vp12/run2_2018-05-24-16-21-35.ids_1,52,20710,20800,sitting_still,5
12,vp12/run2_2018-05-24-16-21-35.ids_1,52,20800,20890,sitting_still,6
12,vp12/run2_2018-05-24-16-21-35.ids_1,52,20890,20980,sitting_still,7
12,vp12/run2_2018-05-24-16-21-35.ids_1,52,20980,20987,sitting_still,8
12,vp12/run2_2018-05-24-16-21-35.ids_1,53,20987,21077,fetching_an_object,0
12,vp12/run2_2018-05-24-16-21-35.ids_1,53,21077,21111,fetching_an_object,1
12,vp12/run2_2018-05-24-16-21-35.ids_1,54,21111,21201,talking_on_phone,0
12,vp12/run2_2018-05-24-16-21-35.ids_1,54,21201,21291,talking_on_phone,1
12,vp12/run2_2018-05-24-16-21-35.ids_1,54,21291,21381,talking_on_phone,2
12,vp12/run2_2018-05-24-16-21-35.ids_1,54,21381,21471,talking_on_phone,3
12,vp12/run2_2018-05-24-16-21-35.ids_1,54,21471,21561,talking_on_phone,4
12,vp12/run2_2018-05-24-16-21-35.ids_1,54,21561,21651,talking_on_phone,5
12,vp12/run2_2018-05-24-16-21-35.ids_1,54,21651,21705,talking_on_phone,6
12,vp12/run2_2018-05-24-16-21-35.ids_1,55,21705,21747,placing_an_object,0
12,vp12/run2_2018-05-24-16-21-35.ids_1,56,21827,21917,fetching_an_object,0
12,vp12/run2_2018-05-24-16-21-35.ids_1,56,21917,22007,fetching_an_object,1
12,vp12/run2_2018-05-24-16-21-35.ids_1,56,22007,22012,fetching_an_object,2
12,vp12/run2_2018-05-24-16-21-35.ids_1,57,22131,22221,placing_an_object,0
12,vp12/run2_2018-05-24-16-21-35.ids_1,57,22221,22256,placing_an_object,1
12,vp12/run2_2018-05-24-16-21-35.ids_1,58,23248,23266,pressing_automation_button,0
12,vp12/run2_2018-05-24-16-21-35.ids_1,59,23302,23392,sitting_still,0
12,vp12/run2_2018-05-24-16-21-35.ids_1,59,23392,23482,sitting_still,1
12,vp12/run2_2018-05-24-16-21-35.ids_1,59,23482,23572,sitting_still,2
12,vp12/run2_2018-05-24-16-21-35.ids_1,59,23572,23641,sitting_still,3
12,vp12/run2_2018-05-24-16-21-35.ids_1,60,23641,23731,fetching_an_object,0
12,vp12/run2_2018-05-24-16-21-35.ids_1,60,23731,23821,fetching_an_object,1
12,vp12/run2_2018-05-24-16-21-35.ids_1,60,23821,23880,fetching_an_object,2
12,vp12/run2_2018-05-24-16-21-35.ids_1,61,23880,23936,placing_an_object,0
12,vp12/run2_2018-05-24-16-21-35.ids_1,62,23936,24026,preparing_food,0
12,vp12/run2_2018-05-24-16-21-35.ids_1,62,24026,24088,preparing_food,1
12,vp12/run2_2018-05-24-16-21-35.ids_1,63,24088,24178,placing_an_object,0
12,vp12/run2_2018-05-24-16-21-35.ids_1,63,24178,24254,placing_an_object,1
12,vp12/run2_2018-05-24-16-21-35.ids_1,64,24254,24344,eating,0
12,vp12/run2_2018-05-24-16-21-35.ids_1,64,24344,24434,eating,1
12,vp12/run2_2018-05-24-16-21-35.ids_1,64,24434,24524,eating,2
12,vp12/run2_2018-05-24-16-21-35.ids_1,64,24524,24614,eating,3
12,vp12/run2_2018-05-24-16-21-35.ids_1,64,24614,24704,eating,4
12,vp12/run2_2018-05-24-16-21-35.ids_1,64,24704,24794,eating,5
12,vp12/run2_2018-05-24-16-21-35.ids_1,64,24794,24884,eating,6
12,vp12/run2_2018-05-24-16-21-35.ids_1,64,24884,24974,eating,7
12,vp12/run2_2018-05-24-16-21-35.ids_1,64,24974,25053,eating,8
12,vp12/run2_2018-05-24-16-21-35.ids_1,65,25053,25143,fetching_an_object,0
12,vp12/run2_2018-05-24-16-21-35.ids_1,65,25143,25179,fetching_an_object,1
12,vp12/run2_2018-05-24-16-21-35.ids_1,66,25179,25269,reading_magazine,0
12,vp12/run2_2018-05-24-16-21-35.ids_1,66,25269,25359,reading_magazine,1
12,vp12/run2_2018-05-24-16-21-35.ids_1,66,25359,25449,reading_magazine,2
12,vp12/run2_2018-05-24-16-21-35.ids_1,66,25449,25539,reading_magazine,3
12,vp12/run2_2018-05-24-16-21-35.ids_1,66,25539,25629,reading_magazine,4
12,vp12/run2_2018-05-24-16-21-35.ids_1,66,25629,25719,reading_magazine,5
12,vp12/run2_2018-05-24-16-21-35.ids_1,66,25719,25809,reading_magazine,6
12,vp12/run2_2018-05-24-16-21-35.ids_1,66,25809,25899,reading_magazine,7
12,vp12/run2_2018-05-24-16-21-35.ids_1,66,25899,25989,reading_magazine,8
12,vp12/run2_2018-05-24-16-21-35.ids_1,66,25989,26079,reading_magazine,9
12,vp12/run2_2018-05-24-16-21-35.ids_1,66,26079,26169,reading_magazine,10
12,vp12/run2_2018-05-24-16-21-35.ids_1,66,26169,26259,reading_magazine,11
12,vp12/run2_2018-05-24-16-21-35.ids_1,66,26259,26349,reading_magazine,12
12,vp12/run2_2018-05-24-16-21-35.ids_1,66,26349,26439,reading_magazine,13
12,vp12/run2_2018-05-24-16-21-35.ids_1,66,26439,26529,reading_magazine,14
12,vp12/run2_2018-05-24-16-21-35.ids_1,66,26529,26619,reading_magazine,15
12,vp12/run2_2018-05-24-16-21-35.ids_1,66,26619,26709,reading_magazine,16
12,vp12/run2_2018-05-24-16-21-35.ids_1,66,26709,26799,reading_magazine,17
12,vp12/run2_2018-05-24-16-21-35.ids_1,66,26799,26889,reading_magazine,18
12,vp12/run2_2018-05-24-16-21-35.ids_1,66,26889,26979,reading_magazine,19
12,vp12/run2_2018-05-24-16-21-35.ids_1,66,26979,27069,reading_magazine,20
12,vp12/run2_2018-05-24-16-21-35.ids_1,66,27069,27159,reading_magazine,21
12,vp12/run2_2018-05-24-16-21-35.ids_1,66,27159,27249,reading_magazine,22
12,vp12/run2_2018-05-24-16-21-35.ids_1,66,27249,27339,reading_magazine,23
12,vp12/run2_2018-05-24-16-21-35.ids_1,66,27339,27429,reading_magazine,24
12,vp12/run2_2018-05-24-16-21-35.ids_1,66,27429,27519,reading_magazine,25
12,vp12/run2_2018-05-24-16-21-35.ids_1,66,27519,27609,reading_magazine,26
12,vp12/run2_2018-05-24-16-21-35.ids_1,66,27609,27699,reading_magazine,27
12,vp12/run2_2018-05-24-16-21-35.ids_1,66,27699,27789,reading_magazine,28
12,vp12/run2_2018-05-24-16-21-35.ids_1,66,27789,27879,reading_magazine,29
12,vp12/run2_2018-05-24-16-21-35.ids_1,66,27879,27969,reading_magazine,30
12,vp12/run2_2018-05-24-16-21-35.ids_1,66,27969,28059,reading_magazine,31
12,vp12/run2_2018-05-24-16-21-35.ids_1,66,28059,28149,reading_magazine,32
12,vp12/run2_2018-05-24-16-21-35.ids_1,66,28149,28239,reading_magazine,33
12,vp12/run2_2018-05-24-16-21-35.ids_1,66,28239,28329,reading_magazine,34
12,vp12/run2_2018-05-24-16-21-35.ids_1,66,28329,28419,reading_magazine,35
12,vp12/run2_2018-05-24-16-21-35.ids_1,66,28419,28509,reading_magazine,36
12,vp12/run2_2018-05-24-16-21-35.ids_1,66,28509,28570,reading_magazine,37
12,vp12/run2_2018-05-24-16-21-35.ids_1,67,28570,28660,fetching_an_object,0
12,vp12/run2_2018-05-24-16-21-35.ids_1,67,28660,28750,fetching_an_object,1
12,vp12/run2_2018-05-24-16-21-35.ids_1,67,28750,28760,fetching_an_object,2
12,vp12/run2_2018-05-24-16-21-35.ids_1,68,28760,28850,writing,0
12,vp12/run2_2018-05-24-16-21-35.ids_1,68,28850,28940,writing,1
12,vp12/run2_2018-05-24-16-21-35.ids_1,68,28940,29030,writing,2
12,vp12/run2_2018-05-24-16-21-35.ids_1,68,29030,29120,writing,3
12,vp12/run2_2018-05-24-16-21-35.ids_1,68,29120,29210,writing,4
12,vp12/run2_2018-05-24-16-21-35.ids_1,68,29210,29300,writing,5
12,vp12/run2_2018-05-24-16-21-35.ids_1,68,29300,29390,writing,6
12,vp12/run2_2018-05-24-16-21-35.ids_1,68,29390,29480,writing,7
12,vp12/run2_2018-05-24-16-21-35.ids_1,68,29480,29570,writing,8
12,vp12/run2_2018-05-24-16-21-35.ids_1,68,29570,29660,writing,9
12,vp12/run2_2018-05-24-16-21-35.ids_1,68,29660,29750,writing,10
12,vp12/run2_2018-05-24-16-21-35.ids_1,68,29750,29840,writing,11
12,vp12/run2_2018-05-24-16-21-35.ids_1,68,29840,29930,writing,12
12,vp12/run2_2018-05-24-16-21-35.ids_1,68,29930,30020,writing,13
12,vp12/run2_2018-05-24-16-21-35.ids_1,68,30020,30110,writing,14
12,vp12/run2_2018-05-24-16-21-35.ids_1,68,30110,30200,writing,15
12,vp12/run2_2018-05-24-16-21-35.ids_1,68,30200,30226,writing,16
12,vp12/run2_2018-05-24-16-21-35.ids_1,69,30226,30316,placing_an_object,0
12,vp12/run2_2018-05-24-16-21-35.ids_1,69,30316,30379,placing_an_object,1
12,vp12/run2_2018-05-24-16-21-35.ids_1,71,30769,30859,sitting_still,0
12,vp12/run2_2018-05-24-16-21-35.ids_1,71,30859,30949,sitting_still,1
12,vp12/run2_2018-05-24-16-21-35.ids_1,71,30949,31039,sitting_still,2
12,vp12/run2_2018-05-24-16-21-35.ids_1,71,31039,31077,sitting_still,3
12,vp12/run2_2018-05-24-16-21-35.ids_1,72,31142,31185,unfastening_seat_belt,0
12,vp12/run2_2018-05-24-16-21-35.ids_1,73,31185,31275,taking_off_jacket,0
12,vp12/run2_2018-05-24-16-21-35.ids_1,73,31275,31365,taking_off_jacket,1
12,vp12/run2_2018-05-24-16-21-35.ids_1,73,31365,31455,taking_off_jacket,2
12,vp12/run2_2018-05-24-16-21-35.ids_1,73,31455,31464,taking_off_jacket,3
12,vp12/run2_2018-05-24-16-21-35.ids_1,74,31464,31554,fastening_seat_belt,0
12,vp12/run2_2018-05-24-16-21-35.ids_1,74,31554,31575,fastening_seat_belt,1
12,vp12/run2_2018-05-24-16-21-35.ids_1,75,31590,31680,fetching_an_object,0
12,vp12/run2_2018-05-24-16-21-35.ids_1,75,31680,31750,fetching_an_object,1
12,vp12/run2_2018-05-24-16-21-35.ids_1,76,31770,31860,placing_an_object,0
12,vp12/run2_2018-05-24-16-21-35.ids_1,76,31860,31950,placing_an_object,1
12,vp12/run2_2018-05-24-16-21-35.ids_1,76,31950,31976,placing_an_object,2
12,vp12/run2_2018-05-24-16-21-35.ids_1,77,31997,32004,using_multimedia_display,0
12,vp12/run2_2018-05-24-16-21-35.ids_1,78,32025,32115,opening_bottle,0
12,vp12/run2_2018-05-24-16-21-35.ids_1,79,32115,32205,drinking,0
12,vp12/run2_2018-05-24-16-21-35.ids_1,79,32205,32295,drinking,1
12,vp12/run2_2018-05-24-16-21-35.ids_1,79,32295,32368,drinking,2
12,vp12/run2_2018-05-24-16-21-35.ids_1,80,32368,32458,closing_bottle,0
12,vp12/run2_2018-05-24-16-21-35.ids_1,80,32458,32509,closing_bottle,1
12,vp12/run2_2018-05-24-16-21-35.ids_1,81,32509,32599,placing_an_object,0
12,vp12/run2_2018-05-24-16-21-35.ids_1,81,32599,32626,placing_an_object,1
12,vp12/run2_2018-05-24-16-21-35.ids_1,82,32626,32716,fetching_an_object,0
12,vp12/run2_2018-05-24-16-21-35.ids_1,82,32716,32806,fetching_an_object,1
12,vp12/run2_2018-05-24-16-21-35.ids_1,82,32806,32865,fetching_an_object,2
12,vp12/run2_2018-05-24-16-21-35.ids_1,83,32865,32955,eating,0
12,vp12/run2_2018-05-24-16-21-35.ids_1,83,32955,33045,eating,1
12,vp12/run2_2018-05-24-16-21-35.ids_1,83,33045,33111,eating,2
12,vp12/run2_2018-05-24-16-21-35.ids_1,84,33139,33220,using_multimedia_display,0
12,vp12/run2_2018-05-24-16-21-35.ids_1,85,33252,33342,eating,0
12,vp12/run2_2018-05-24-16-21-35.ids_1,85,33342,33432,eating,1
12,vp12/run2_2018-05-24-16-21-35.ids_1,85,33432,33522,eating,2
12,vp12/run2_2018-05-24-16-21-35.ids_1,85,33522,33612,eating,3
12,vp12/run2_2018-05-24-16-21-35.ids_1,85,33612,33702,eating,4
12,vp12/run2_2018-05-24-16-21-35.ids_1,85,33702,33792,eating,5
12,vp12/run2_2018-05-24-16-21-35.ids_1,85,33792,33882,eating,6
12,vp12/run2_2018-05-24-16-21-35.ids_1,85,33882,33972,eating,7
12,vp12/run2_2018-05-24-16-21-35.ids_1,85,33972,34062,eating,8
12,vp12/run2_2018-05-24-16-21-35.ids_1,85,34062,34152,eating,9
12,vp12/run2_2018-05-24-16-21-35.ids_1,85,34152,34242,eating,10
12,vp12/run2_2018-05-24-16-21-35.ids_1,85,34242,34332,eating,11
12,vp12/run2_2018-05-24-16-21-35.ids_1,85,34332,34422,eating,12
12,vp12/run2_2018-05-24-16-21-35.ids_1,85,34422,34512,eating,13
12,vp12/run2_2018-05-24-16-21-35.ids_1,85,34512,34602,eating,14
12,vp12/run2_2018-05-24-16-21-35.ids_1,85,34602,34692,eating,15
12,vp12/run2_2018-05-24-16-21-35.ids_1,85,34692,34782,eating,16
12,vp12/run2_2018-05-24-16-21-35.ids_1,85,34782,34872,eating,17
12,vp12/run2_2018-05-24-16-21-35.ids_1,85,34872,34897,eating,18
12,vp12/run2_2018-05-24-16-21-35.ids_1,86,35010,35073,fetching_an_object,0
12,vp12/run2_2018-05-24-16-21-35.ids_1,87,35073,35163,opening_bottle,0
12,vp12/run2_2018-05-24-16-21-35.ids_1,87,35163,35248,opening_bottle,1
12,vp12/run2_2018-05-24-16-21-35.ids_1,88,35248,35338,drinking,0
12,vp12/run2_2018-05-24-16-21-35.ids_1,88,35338,35428,drinking,1
12,vp12/run2_2018-05-24-16-21-35.ids_1,88,35428,35518,drinking,2
12,vp12/run2_2018-05-24-16-21-35.ids_1,88,35518,35577,drinking,3
12,vp12/run2_2018-05-24-16-21-35.ids_1,89,35577,35667,closing_bottle,0
12,vp12/run2_2018-05-24-16-21-35.ids_1,89,35667,35757,closing_bottle,1
12,vp12/run2_2018-05-24-16-21-35.ids_1,89,35757,35846,closing_bottle,2
12,vp12/run2_2018-05-24-16-21-35.ids_1,90,35846,35936,placing_an_object,0
12,vp12/run2_2018-05-24-16-21-35.ids_1,90,35936,36012,placing_an_object,1
12,vp12/run2_2018-05-24-16-21-35.ids_1,91,36012,36102,sitting_still,0
12,vp12/run2_2018-05-24-16-21-35.ids_1,91,36102,36192,sitting_still,1
12,vp12/run2_2018-05-24-16-21-35.ids_1,91,36192,36282,sitting_still,2
12,vp12/run2_2018-05-24-16-21-35.ids_1,91,36282,36372,sitting_still,3
12,vp12/run2_2018-05-24-16-21-35.ids_1,91,36372,36462,sitting_still,4
12,vp12/run2_2018-05-24-16-21-35.ids_1,91,36462,36552,sitting_still,5
12,vp12/run2_2018-05-24-16-21-35.ids_1,91,36552,36642,sitting_still,6
12,vp12/run2_2018-05-24-16-21-35.ids_1,91,36642,36732,sitting_still,7
12,vp12/run2_2018-05-24-16-21-35.ids_1,91,36732,36822,sitting_still,8
12,vp12/run2_2018-05-24-16-21-35.ids_1,91,36822,36856,sitting_still,9
12,vp12/run2_2018-05-24-16-21-35.ids_1,92,36887,36912,using_multimedia_display,0
12,vp12/run2_2018-05-24-16-21-35.ids_1,94,38415,38432,pressing_automation_button,0
12,vp12/run2_2018-05-24-16-21-35.ids_1,96,38497,38587,sitting_still,0
12,vp12/run2_2018-05-24-16-21-35.ids_1,96,38587,38677,sitting_still,1
12,vp12/run2_2018-05-24-16-21-35.ids_1,96,38677,38750,sitting_still,2
12,vp12/run2_2018-05-24-16-21-35.ids_1,97,38780,38870,using_multimedia_display,0
12,vp12/run2_2018-05-24-16-21-35.ids_1,97,38870,38927,using_multimedia_display,1
12,vp12/run2_2018-05-24-16-21-35.ids_1,98,38927,39017,fetching_an_object,0
12,vp12/run2_2018-05-24-16-21-35.ids_1,98,39017,39107,fetching_an_object,1
12,vp12/run2_2018-05-24-16-21-35.ids_1,98,39107,39197,fetching_an_object,2
12,vp12/run2_2018-05-24-16-21-35.ids_1,98,39197,39252,fetching_an_object,3
12,vp12/run2_2018-05-24-16-21-35.ids_1,99,39252,39342,eating,0
12,vp12/run2_2018-05-24-16-21-35.ids_1,99,39342,39432,eating,1
12,vp12/run2_2018-05-24-16-21-35.ids_1,99,39432,39522,eating,2
12,vp12/run2_2018-05-24-16-21-35.ids_1,99,39522,39612,eating,3
12,vp12/run2_2018-05-24-16-21-35.ids_1,99,39612,39702,eating,4
12,vp12/run2_2018-05-24-16-21-35.ids_1,99,39702,39792,eating,5
12,vp12/run2_2018-05-24-16-21-35.ids_1,99,39792,39882,eating,6
12,vp12/run2_2018-05-24-16-21-35.ids_1,99,39882,39972,eating,7
12,vp12/run2_2018-05-24-16-21-35.ids_1,99,39972,40062,eating,8
12,vp12/run2_2018-05-24-16-21-35.ids_1,99,40062,40152,eating,9
12,vp12/run2_2018-05-24-16-21-35.ids_1,99,40152,40228,eating,10
12,vp12/run2_2018-05-24-16-21-35.ids_1,100,40228,40318,sitting_still,0
12,vp12/run2_2018-05-24-16-21-35.ids_1,100,40318,40408,sitting_still,1
12,vp12/run2_2018-05-24-16-21-35.ids_1,100,40408,40498,sitting_still,2
12,vp12/run2_2018-05-24-16-21-35.ids_1,100,40498,40588,sitting_still,3
12,vp12/run2_2018-05-24-16-21-35.ids_1,100,40588,40678,sitting_still,4
12,vp12/run2_2018-05-24-16-21-35.ids_1,100,40678,40768,sitting_still,5
12,vp12/run2_2018-05-24-16-21-35.ids_1,100,40768,40858,sitting_still,6
12,vp12/run2_2018-05-24-16-21-35.ids_1,100,40858,40948,sitting_still,7
12,vp12/run2_2018-05-24-16-21-35.ids_1,100,40948,40975,sitting_still,8
12,vp12/run2_2018-05-24-16-21-35.ids_1,101,40975,41059,fetching_an_object,0
12,vp12/run2_2018-05-24-16-21-35.ids_1,102,41059,41149,opening_bottle,0
12,vp12/run2_2018-05-24-16-21-35.ids_1,102,41149,41192,opening_bottle,1
12,vp12/run2_2018-05-24-16-21-35.ids_1,103,41192,41282,drinking,0
12,vp12/run2_2018-05-24-16-21-35.ids_1,103,41282,41337,drinking,1
12,vp12/run2_2018-05-24-16-21-35.ids_1,104,41337,41416,closing_bottle,0
12,vp12/run2_2018-05-24-16-21-35.ids_1,105,41416,41491,placing_an_object,0
12,vp12/run2_2018-05-24-16-21-35.ids_1,106,41491,41581,sitting_still,0
12,vp12/run2_2018-05-24-16-21-35.ids_1,106,41581,41671,sitting_still,1
12,vp12/run2_2018-05-24-16-21-35.ids_1,106,41671,41761,sitting_still,2
12,vp12/run2_2018-05-24-16-21-35.ids_1,106,41761,41851,sitting_still,3
12,vp12/run2_2018-05-24-16-21-35.ids_1,106,41851,41874,sitting_still,4
12,vp12/run2_2018-05-24-16-21-35.ids_1,107,41877,41967,looking_or_moving_around (e.g. searching),0
12,vp12/run2_2018-05-24-16-21-35.ids_1,107,41967,42057,looking_or_moving_around (e.g. searching),1
12,vp12/run2_2018-05-24-16-21-35.ids_1,108,42057,42147,fetching_an_object,0
12,vp12/run2_2018-05-24-16-21-35.ids_1,108,42147,42222,fetching_an_object,1
12,vp12/run2_2018-05-24-16-21-35.ids_1,109,42226,42316,opening_laptop,0
12,vp12/run2_2018-05-24-16-21-35.ids_1,110,42316,42399,working_on_laptop,0
12,vp12/run2_2018-05-24-16-21-35.ids_1,111,42441,42531,placing_an_object,0
12,vp12/run2_2018-05-24-16-21-35.ids_1,112,42531,42621,working_on_laptop,0
12,vp12/run2_2018-05-24-16-21-35.ids_1,112,42621,42711,working_on_laptop,1
12,vp12/run2_2018-05-24-16-21-35.ids_1,112,42711,42801,working_on_laptop,2
12,vp12/run2_2018-05-24-16-21-35.ids_1,112,42801,42891,working_on_laptop,3
12,vp12/run2_2018-05-24-16-21-35.ids_1,112,42891,42981,working_on_laptop,4
12,vp12/run2_2018-05-24-16-21-35.ids_1,112,42981,43071,working_on_laptop,5
12,vp12/run2_2018-05-24-16-21-35.ids_1,112,43071,43161,working_on_laptop,6
12,vp12/run2_2018-05-24-16-21-35.ids_1,112,43161,43251,working_on_laptop,7
12,vp12/run2_2018-05-24-16-21-35.ids_1,112,43251,43341,working_on_laptop,8
12,vp12/run2_2018-05-24-16-21-35.ids_1,112,43341,43431,working_on_laptop,9
12,vp12/run2_2018-05-24-16-21-35.ids_1,112,43431,43521,working_on_laptop,10
12,vp12/run2_2018-05-24-16-21-35.ids_1,112,43521,43611,working_on_laptop,11
12,vp12/run2_2018-05-24-16-21-35.ids_1,112,43611,43701,working_on_laptop,12
12,vp12/run2_2018-05-24-16-21-35.ids_1,112,43701,43791,working_on_laptop,13
12,vp12/run2_2018-05-24-16-21-35.ids_1,112,43791,43881,working_on_laptop,14
12,vp12/run2_2018-05-24-16-21-35.ids_1,112,43881,43971,working_on_laptop,15
12,vp12/run2_2018-05-24-16-21-35.ids_1,112,43971,44061,working_on_laptop,16
12,vp12/run2_2018-05-24-16-21-35.ids_1,112,44061,44151,working_on_laptop,17
12,vp12/run2_2018-05-24-16-21-35.ids_1,112,44151,44241,working_on_laptop,18
12,vp12/run2_2018-05-24-16-21-35.ids_1,112,44241,44262,working_on_laptop,19
12,vp12/run2_2018-05-24-16-21-35.ids_1,113,44262,44352,fetching_an_object,0
12,vp12/run2_2018-05-24-16-21-35.ids_1,113,44352,44392,fetching_an_object,1
12,vp12/run2_2018-05-24-16-21-35.ids_1,114,44392,44482,interacting_with_phone,0
12,vp12/run2_2018-05-24-16-21-35.ids_1,114,44482,44572,interacting_with_phone,1
12,vp12/run2_2018-05-24-16-21-35.ids_1,114,44572,44662,interacting_with_phone,2
12,vp12/run2_2018-05-24-16-21-35.ids_1,114,44662,44752,interacting_with_phone,3
12,vp12/run2_2018-05-24-16-21-35.ids_1,114,44752,44842,interacting_with_phone,4
12,vp12/run2_2018-05-24-16-21-35.ids_1,114,44842,44932,interacting_with_phone,5
12,vp12/run2_2018-05-24-16-21-35.ids_1,114,44932,45022,interacting_with_phone,6
12,vp12/run2_2018-05-24-16-21-35.ids_1,114,45022,45112,interacting_with_phone,7
12,vp12/run2_2018-05-24-16-21-35.ids_1,114,45112,45202,interacting_with_phone,8
12,vp12/run2_2018-05-24-16-21-35.ids_1,114,45202,45292,interacting_with_phone,9
12,vp12/run2_2018-05-24-16-21-35.ids_1,114,45292,45382,interacting_with_phone,10
12,vp12/run2_2018-05-24-16-21-35.ids_1,114,45382,45472,interacting_with_phone,11
12,vp12/run2_2018-05-24-16-21-35.ids_1,115,45472,45540,placing_an_object,0
12,vp12/run2_2018-05-24-16-21-35.ids_1,116,45540,45630,working_on_laptop,0
12,vp12/run2_2018-05-24-16-21-35.ids_1,116,45630,45720,working_on_laptop,1
12,vp12/run2_2018-05-24-16-21-35.ids_1,116,45720,45750,working_on_laptop,2
12,vp12/run2_2018-05-24-16-21-35.ids_1,117,45750,45840,closing_laptop,0
12,vp12/run2_2018-05-24-16-21-35.ids_1,117,45840,45928,closing_laptop,1
12,vp12/run2_2018-05-24-16-21-35.ids_1,118,45928,46018,placing_an_object,0
12,vp12/run2_2018-05-24-16-21-35.ids_1,118,46018,46108,placing_an_object,1
12,vp12/run2_2018-05-24-16-21-35.ids_1,118,46108,46195,placing_an_object,2
12,vp12/run2_2018-05-24-16-21-35.ids_1,119,46215,46224,using_multimedia_display,0
12,vp12/run2_2018-05-24-16-21-35.ids_1,120,49347,49384,pressing_automation_button,0
12,vp12/run2_2018-05-24-16-21-35.ids_1,121,49547,49637,pressing_automation_button,0
12,vp12/run2_2018-05-24-16-21-35.ids_1,121,49637,49658,pressing_automation_button,1
12,vp12/run2_2018-05-24-16-21-35.ids_1,122,49870,49916,pressing_automation_button,0
12,vp12/run2_2018-05-24-16-21-35.ids_1,123,49940,49964,pressing_automation_button,0
12,vp12/run2_2018-05-24-16-21-35.ids_1,124,50048,50095,unfastening_seat_belt,0
12,vp12/run2_2018-05-24-16-21-35.ids_1,125,50158,50248,exiting_car,0
12,vp12/run2_2018-05-24-16-21-35.ids_1,125,50248,50280,exiting_car,1
12,vp12/run2_2018-05-24-16-21-35.ids_1,126,50280,50318,closing_door_outside,0
13,vp13/run1_2018-05-29-15-21-10.ids_1,0,231,290,opening_door_outside,0
13,vp13/run1_2018-05-29-15-21-10.ids_1,1,290,378,entering_car,0
13,vp13/run1_2018-05-29-15-21-10.ids_1,2,378,397,closing_door_inside,0
13,vp13/run1_2018-05-29-15-21-10.ids_1,3,397,487,fastening_seat_belt,0
13,vp13/run1_2018-05-29-15-21-10.ids_1,3,487,542,fastening_seat_belt,1
13,vp13/run1_2018-05-29-15-21-10.ids_1,4,555,638,using_multimedia_display,0
13,vp13/run1_2018-05-29-15-21-10.ids_1,5,6267,6276,pressing_automation_button,0
13,vp13/run1_2018-05-29-15-21-10.ids_1,7,6658,6666,pressing_automation_button,0
13,vp13/run1_2018-05-29-15-21-10.ids_1,8,6727,6747,using_multimedia_display,0
13,vp13/run1_2018-05-29-15-21-10.ids_1,9,6787,6877,sitting_still,0
13,vp13/run1_2018-05-29-15-21-10.ids_1,9,6877,6967,sitting_still,1
13,vp13/run1_2018-05-29-15-21-10.ids_1,9,6967,6998,sitting_still,2
13,vp13/run1_2018-05-29-15-21-10.ids_1,10,7173,7263,using_multimedia_display,0
13,vp13/run1_2018-05-29-15-21-10.ids_1,10,7263,7278,using_multimedia_display,1
13,vp13/run1_2018-05-29-15-21-10.ids_1,11,7315,7405,sitting_still,0
13,vp13/run1_2018-05-29-15-21-10.ids_1,11,7405,7495,sitting_still,1
13,vp13/run1_2018-05-29-15-21-10.ids_1,11,7495,7585,sitting_still,2
13,vp13/run1_2018-05-29-15-21-10.ids_1,11,7585,7675,sitting_still,3
13,vp13/run1_2018-05-29-15-21-10.ids_1,11,7675,7765,sitting_still,4
13,vp13/run1_2018-05-29-15-21-10.ids_1,11,7765,7855,sitting_still,5
13,vp13/run1_2018-05-29-15-21-10.ids_1,11,7855,7945,sitting_still,6
13,vp13/run1_2018-05-29-15-21-10.ids_1,11,7945,8035,sitting_still,7
13,vp13/run1_2018-05-29-15-21-10.ids_1,11,8035,8125,sitting_still,8
13,vp13/run1_2018-05-29-15-21-10.ids_1,11,8125,8215,sitting_still,9
13,vp13/run1_2018-05-29-15-21-10.ids_1,11,8215,8253,sitting_still,10
13,vp13/run1_2018-05-29-15-21-10.ids_1,12,8313,8403,fetching_an_object,0
13,vp13/run1_2018-05-29-15-21-10.ids_1,12,8403,8493,fetching_an_object,1
13,vp13/run1_2018-05-29-15-21-10.ids_1,12,8493,8530,fetching_an_object,2
13,vp13/run1_2018-05-29-15-21-10.ids_1,13,8530,8620,reading_newspaper,0
13,vp13/run1_2018-05-29-15-21-10.ids_1,13,8620,8710,reading_newspaper,1
13,vp13/run1_2018-05-29-15-21-10.ids_1,13,8710,8800,reading_newspaper,2
13,vp13/run1_2018-05-29-15-21-10.ids_1,13,8800,8890,reading_newspaper,3
13,vp13/run1_2018-05-29-15-21-10.ids_1,13,8890,8980,reading_newspaper,4
13,vp13/run1_2018-05-29-15-21-10.ids_1,13,8980,9070,reading_newspaper,5
13,vp13/run1_2018-05-29-15-21-10.ids_1,13,9070,9160,reading_newspaper,6
13,vp13/run1_2018-05-29-15-21-10.ids_1,13,9160,9250,reading_newspaper,7
13,vp13/run1_2018-05-29-15-21-10.ids_1,13,9250,9340,reading_newspaper,8
13,vp13/run1_2018-05-29-15-21-10.ids_1,13,9340,9430,reading_newspaper,9
13,vp13/run1_2018-05-29-15-21-10.ids_1,13,9430,9520,reading_newspaper,10
13,vp13/run1_2018-05-29-15-21-10.ids_1,13,9520,9610,reading_newspaper,11
13,vp13/run1_2018-05-29-15-21-10.ids_1,13,9610,9700,reading_newspaper,12
13,vp13/run1_2018-05-29-15-21-10.ids_1,13,9700,9790,reading_newspaper,13
13,vp13/run1_2018-05-29-15-21-10.ids_1,13,9790,9880,reading_newspaper,14
13,vp13/run1_2018-05-29-15-21-10.ids_1,13,9880,9970,reading_newspaper,15
13,vp13/run1_2018-05-29-15-21-10.ids_1,13,9970,10060,reading_newspaper,16
13,vp13/run1_2018-05-29-15-21-10.ids_1,13,10060,10150,reading_newspaper,17
13,vp13/run1_2018-05-29-15-21-10.ids_1,13,10150,10240,reading_newspaper,18
13,vp13/run1_2018-05-29-15-21-10.ids_1,13,10240,10330,reading_newspaper,19
13,vp13/run1_2018-05-29-15-21-10.ids_1,13,10330,10420,reading_newspaper,20
13,vp13/run1_2018-05-29-15-21-10.ids_1,13,10420,10510,reading_newspaper,21
13,vp13/run1_2018-05-29-15-21-10.ids_1,13,10510,10600,reading_newspaper,22
13,vp13/run1_2018-05-29-15-21-10.ids_1,13,10600,10690,reading_newspaper,23
13,vp13/run1_2018-05-29-15-21-10.ids_1,13,10690,10780,reading_newspaper,24
13,vp13/run1_2018-05-29-15-21-10.ids_1,13,10780,10870,reading_newspaper,25
13,vp13/run1_2018-05-29-15-21-10.ids_1,13,10870,10960,reading_newspaper,26
13,vp13/run1_2018-05-29-15-21-10.ids_1,13,10960,11050,reading_newspaper,27
13,vp13/run1_2018-05-29-15-21-10.ids_1,13,11050,11140,reading_newspaper,28
13,vp13/run1_2018-05-29-15-21-10.ids_1,13,11140,11203,reading_newspaper,29
13,vp13/run1_2018-05-29-15-21-10.ids_1,14,11203,11291,placing_an_object,0
13,vp13/run1_2018-05-29-15-21-10.ids_1,15,11291,11347,fetching_an_object,0
13,vp13/run1_2018-05-29-15-21-10.ids_1,16,11347,11434,fetching_an_object,0
13,vp13/run1_2018-05-29-15-21-10.ids_1,17,11434,11524,writing,0
13,vp13/run1_2018-05-29-15-21-10.ids_1,17,11524,11614,writing,1
13,vp13/run1_2018-05-29-15-21-10.ids_1,17,11614,11704,writing,2
13,vp13/run1_2018-05-29-15-21-10.ids_1,17,11704,11794,writing,3
13,vp13/run1_2018-05-29-15-21-10.ids_1,17,11794,11884,writing,4
13,vp13/run1_2018-05-29-15-21-10.ids_1,17,11884,11974,writing,5
13,vp13/run1_2018-05-29-15-21-10.ids_1,17,11974,11990,writing,6
13,vp13/run1_2018-05-29-15-21-10.ids_1,18,12052,12142,placing_an_object,0
13,vp13/run1_2018-05-29-15-21-10.ids_1,18,12142,12188,placing_an_object,1
13,vp13/run1_2018-05-29-15-21-10.ids_1,19,12211,12233,using_multimedia_display,0
13,vp13/run1_2018-05-29-15-21-10.ids_1,20,12262,12352,sitting_still,0
13,vp13/run1_2018-05-29-15-21-10.ids_1,20,12352,12442,sitting_still,1
13,vp13/run1_2018-05-29-15-21-10.ids_1,20,12442,12532,sitting_still,2
13,vp13/run1_2018-05-29-15-21-10.ids_1,20,12532,12622,sitting_still,3
13,vp13/run1_2018-05-29-15-21-10.ids_1,20,12622,12632,sitting_still,4
13,vp13/run1_2018-05-29-15-21-10.ids_1,21,13380,13388,pressing_automation_button,0
13,vp13/run1_2018-05-29-15-21-10.ids_1,22,13388,13478,fetching_an_object,0
13,vp13/run1_2018-05-29-15-21-10.ids_1,22,13478,13490,fetching_an_object,1
13,vp13/run1_2018-05-29-15-21-10.ids_1,23,13490,13580,putting_on_jacket,0
13,vp13/run1_2018-05-29-15-21-10.ids_1,23,13580,13670,putting_on_jacket,1
13,vp13/run1_2018-05-29-15-21-10.ids_1,23,13670,13760,putting_on_jacket,2
13,vp13/run1_2018-05-29-15-21-10.ids_1,23,13760,13850,putting_on_jacket,3
13,vp13/run1_2018-05-29-15-21-10.ids_1,23,13850,13940,putting_on_jacket,4
13,vp13/run1_2018-05-29-15-21-10.ids_1,23,13940,14030,putting_on_jacket,5
13,vp13/run1_2018-05-29-15-21-10.ids_1,23,14030,14120,putting_on_jacket,6
13,vp13/run1_2018-05-29-15-21-10.ids_1,23,14120,14210,putting_on_jacket,7
13,vp13/run1_2018-05-29-15-21-10.ids_1,23,14210,14300,putting_on_jacket,8
13,vp13/run1_2018-05-29-15-21-10.ids_1,23,14300,14390,putting_on_jacket,9
13,vp13/run1_2018-05-29-15-21-10.ids_1,23,14390,14480,putting_on_jacket,10
13,vp13/run1_2018-05-29-15-21-10.ids_1,23,14480,14504,putting_on_jacket,11
13,vp13/run1_2018-05-29-15-21-10.ids_1,24,14504,14526,using_multimedia_display,0
13,vp13/run1_2018-05-29-15-21-10.ids_1,25,14697,14708,pressing_automation_button,0
13,vp13/run1_2018-05-29-15-21-10.ids_1,26,15325,15331,pressing_automation_button,0
13,vp13/run1_2018-05-29-15-21-10.ids_1,27,15369,15459,sitting_still,0
13,vp13/run1_2018-05-29-15-21-10.ids_1,27,15459,15549,sitting_still,1
13,vp13/run1_2018-05-29-15-21-10.ids_1,27,15549,15604,sitting_still,2
13,vp13/run1_2018-05-29-15-21-10.ids_1,28,15607,15677,fetching_an_object,0
13,vp13/run1_2018-05-29-15-21-10.ids_1,29,15677,15767,reading_magazine,0
13,vp13/run1_2018-05-29-15-21-10.ids_1,29,15767,15857,reading_magazine,1
13,vp13/run1_2018-05-29-15-21-10.ids_1,29,15857,15947,reading_magazine,2
13,vp13/run1_2018-05-29-15-21-10.ids_1,29,15947,16037,reading_magazine,3
13,vp13/run1_2018-05-29-15-21-10.ids_1,29,16037,16127,reading_magazine,4
13,vp13/run1_2018-05-29-15-21-10.ids_1,29,16127,16217,reading_magazine,5
13,vp13/run1_2018-05-29-15-21-10.ids_1,29,16217,16307,reading_magazine,6
13,vp13/run1_2018-05-29-15-21-10.ids_1,29,16307,16397,reading_magazine,7
13,vp13/run1_2018-05-29-15-21-10.ids_1,29,16397,16487,reading_magazine,8
13,vp13/run1_2018-05-29-15-21-10.ids_1,29,16487,16577,reading_magazine,9
13,vp13/run1_2018-05-29-15-21-10.ids_1,29,16577,16667,reading_magazine,10
13,vp13/run1_2018-05-29-15-21-10.ids_1,29,16667,16757,reading_magazine,11
13,vp13/run1_2018-05-29-15-21-10.ids_1,29,16757,16847,reading_magazine,12
13,vp13/run1_2018-05-29-15-21-10.ids_1,29,16847,16937,reading_magazine,13
13,vp13/run1_2018-05-29-15-21-10.ids_1,29,16937,17027,reading_magazine,14
13,vp13/run1_2018-05-29-15-21-10.ids_1,29,17027,17117,reading_magazine,15
13,vp13/run1_2018-05-29-15-21-10.ids_1,29,17117,17207,reading_magazine,16
13,vp13/run1_2018-05-29-15-21-10.ids_1,29,17207,17297,reading_magazine,17
13,vp13/run1_2018-05-29-15-21-10.ids_1,29,17297,17387,reading_magazine,18
13,vp13/run1_2018-05-29-15-21-10.ids_1,29,17387,17477,reading_magazine,19
13,vp13/run1_2018-05-29-15-21-10.ids_1,29,17477,17567,reading_magazine,20
13,vp13/run1_2018-05-29-15-21-10.ids_1,29,17567,17657,reading_magazine,21
13,vp13/run1_2018-05-29-15-21-10.ids_1,29,17657,17747,reading_magazine,22
13,vp13/run1_2018-05-29-15-21-10.ids_1,29,17747,17837,reading_magazine,23
13,vp13/run1_2018-05-29-15-21-10.ids_1,29,17837,17927,reading_magazine,24
13,vp13/run1_2018-05-29-15-21-10.ids_1,29,17927,18017,reading_magazine,25
13,vp13/run1_2018-05-29-15-21-10.ids_1,29,18017,18107,reading_magazine,26
13,vp13/run1_2018-05-29-15-21-10.ids_1,29,18107,18197,reading_magazine,27
13,vp13/run1_2018-05-29-15-21-10.ids_1,29,18197,18287,reading_magazine,28
13,vp13/run1_2018-05-29-15-21-10.ids_1,29,18287,18377,reading_magazine,29
13,vp13/run1_2018-05-29-15-21-10.ids_1,29,18377,18467,reading_magazine,30
13,vp13/run1_2018-05-29-15-21-10.ids_1,29,18467,18557,reading_magazine,31
13,vp13/run1_2018-05-29-15-21-10.ids_1,29,18557,18647,reading_magazine,32
13,vp13/run1_2018-05-29-15-21-10.ids_1,29,18647,18737,reading_magazine,33
13,vp13/run1_2018-05-29-15-21-10.ids_1,29,18737,18827,reading_magazine,34
13,vp13/run1_2018-05-29-15-21-10.ids_1,29,18827,18917,reading_magazine,35
13,vp13/run1_2018-05-29-15-21-10.ids_1,29,18917,18945,reading_magazine,36
13,vp13/run1_2018-05-29-15-21-10.ids_1,30,18945,19030,placing_an_object,0
13,vp13/run1_2018-05-29-15-21-10.ids_1,31,19030,19120,fetching_an_object,0
13,vp13/run1_2018-05-29-15-21-10.ids_1,31,19120,19153,fetching_an_object,1
13,vp13/run1_2018-05-29-15-21-10.ids_1,32,19153,19243,writing,0
13,vp13/run1_2018-05-29-15-21-10.ids_1,32,19243,19333,writing,1
13,vp13/run1_2018-05-29-15-21-10.ids_1,32,19333,19423,writing,2
13,vp13/run1_2018-05-29-15-21-10.ids_1,32,19423,19513,writing,3
13,vp13/run1_2018-05-29-15-21-10.ids_1,32,19513,19603,writing,4
13,vp13/run1_2018-05-29-15-21-10.ids_1,32,19603,19657,writing,5
13,vp13/run1_2018-05-29-15-21-10.ids_1,33,19660,19750,placing_an_object,0
13,vp13/run1_2018-05-29-15-21-10.ids_1,34,19765,19786,using_multimedia_display,0
13,vp13/run1_2018-05-29-15-21-10.ids_1,35,19830,19920,sitting_still,0
13,vp13/run1_2018-05-29-15-21-10.ids_1,35,19920,20010,sitting_still,1
13,vp13/run1_2018-05-29-15-21-10.ids_1,35,20010,20100,sitting_still,2
13,vp13/run1_2018-05-29-15-21-10.ids_1,35,20100,20190,sitting_still,3
13,vp13/run1_2018-05-29-15-21-10.ids_1,35,20190,20280,sitting_still,4
13,vp13/run1_2018-05-29-15-21-10.ids_1,35,20280,20370,sitting_still,5
13,vp13/run1_2018-05-29-15-21-10.ids_1,35,20370,20460,sitting_still,6
13,vp13/run1_2018-05-29-15-21-10.ids_1,35,20460,20550,sitting_still,7
13,vp13/run1_2018-05-29-15-21-10.ids_1,35,20550,20597,sitting_still,8
13,vp13/run1_2018-05-29-15-21-10.ids_1,36,20632,20661,using_multimedia_display,0
13,vp13/run1_2018-05-29-15-21-10.ids_1,37,20709,20799,sitting_still,0
13,vp13/run1_2018-05-29-15-21-10.ids_1,37,20799,20889,sitting_still,1
13,vp13/run1_2018-05-29-15-21-10.ids_1,37,20889,20979,sitting_still,2
13,vp13/run1_2018-05-29-15-21-10.ids_1,37,20979,21069,sitting_still,3
13,vp13/run1_2018-05-29-15-21-10.ids_1,37,21069,21159,sitting_still,4
13,vp13/run1_2018-05-29-15-21-10.ids_1,37,21159,21249,sitting_still,5
13,vp13/run1_2018-05-29-15-21-10.ids_1,37,21249,21339,sitting_still,6
13,vp13/run1_2018-05-29-15-21-10.ids_1,37,21339,21429,sitting_still,7
13,vp13/run1_2018-05-29-15-21-10.ids_1,37,21429,21519,sitting_still,8
13,vp13/run1_2018-05-29-15-21-10.ids_1,37,21519,21567,sitting_still,9
13,vp13/run1_2018-05-29-15-21-10.ids_1,38,21573,21658,fetching_an_object,0
13,vp13/run1_2018-05-29-15-21-10.ids_1,39,21658,21748,eating,0
13,vp13/run1_2018-05-29-15-21-10.ids_1,39,21748,21838,eating,1
13,vp13/run1_2018-05-29-15-21-10.ids_1,39,21838,21928,eating,2
13,vp13/run1_2018-05-29-15-21-10.ids_1,39,21928,22018,eating,3
13,vp13/run1_2018-05-29-15-21-10.ids_1,39,22018,22108,eating,4
13,vp13/run1_2018-05-29-15-21-10.ids_1,39,22108,22198,eating,5
13,vp13/run1_2018-05-29-15-21-10.ids_1,39,22198,22288,eating,6
13,vp13/run1_2018-05-29-15-21-10.ids_1,39,22288,22378,eating,7
13,vp13/run1_2018-05-29-15-21-10.ids_1,39,22378,22468,eating,8
13,vp13/run1_2018-05-29-15-21-10.ids_1,39,22468,22558,eating,9
13,vp13/run1_2018-05-29-15-21-10.ids_1,39,22558,22648,eating,10
13,vp13/run1_2018-05-29-15-21-10.ids_1,39,22648,22738,eating,11
13,vp13/run1_2018-05-29-15-21-10.ids_1,39,22738,22828,eating,12
13,vp13/run1_2018-05-29-15-21-10.ids_1,39,22828,22918,eating,13
13,vp13/run1_2018-05-29-15-21-10.ids_1,39,22918,23008,eating,14
13,vp13/run1_2018-05-29-15-21-10.ids_1,39,23008,23082,eating,15
13,vp13/run1_2018-05-29-15-21-10.ids_1,40,23082,23163,placing_an_object,0
13,vp13/run1_2018-05-29-15-21-10.ids_1,41,23170,23176,using_multimedia_display,0
13,vp13/run1_2018-05-29-15-21-10.ids_1,42,24021,24030,pressing_automation_button,0
13,vp13/run1_2018-05-29-15-21-10.ids_1,43,24058,24148,sitting_still,0
13,vp13/run1_2018-05-29-15-21-10.ids_1,43,24148,24238,sitting_still,1
13,vp13/run1_2018-05-29-15-21-10.ids_1,43,24238,24287,sitting_still,2
13,vp13/run1_2018-05-29-15-21-10.ids_1,44,24287,24377,fetching_an_object,0
13,vp13/run1_2018-05-29-15-21-10.ids_1,44,24377,24388,fetching_an_object,1
13,vp13/run1_2018-05-29-15-21-10.ids_1,45,24503,24593,opening_bottle,0
13,vp13/run1_2018-05-29-15-21-10.ids_1,45,24593,24683,opening_bottle,1
13,vp13/run1_2018-05-29-15-21-10.ids_1,45,24683,24773,opening_bottle,2
13,vp13/run1_2018-05-29-15-21-10.ids_1,45,24773,24863,opening_bottle,3
13,vp13/run1_2018-05-29-15-21-10.ids_1,45,24863,24953,opening_bottle,4
13,vp13/run1_2018-05-29-15-21-10.ids_1,45,24953,24974,opening_bottle,5
13,vp13/run1_2018-05-29-15-21-10.ids_1,46,24974,25064,drinking,0
13,vp13/run1_2018-05-29-15-21-10.ids_1,46,25064,25154,drinking,1
13,vp13/run1_2018-05-29-15-21-10.ids_1,46,25154,25244,drinking,2
13,vp13/run1_2018-05-29-15-21-10.ids_1,46,25244,25334,drinking,3
13,vp13/run1_2018-05-29-15-21-10.ids_1,46,25334,25339,drinking,4
13,vp13/run1_2018-05-29-15-21-10.ids_1,47,25339,25429,closing_bottle,0
13,vp13/run1_2018-05-29-15-21-10.ids_1,47,25429,25493,closing_bottle,1
13,vp13/run1_2018-05-29-15-21-10.ids_1,48,25493,25583,placing_an_object,0
13,vp13/run1_2018-05-29-15-21-10.ids_1,48,25583,25602,placing_an_object,1
13,vp13/run1_2018-05-29-15-21-10.ids_1,49,25602,25626,using_multimedia_display,0
13,vp13/run1_2018-05-29-15-21-10.ids_1,50,25664,25754,sitting_still,0
13,vp13/run1_2018-05-29-15-21-10.ids_1,50,25754,25844,sitting_still,1
13,vp13/run1_2018-05-29-15-21-10.ids_1,50,25844,25934,sitting_still,2
13,vp13/run1_2018-05-29-15-21-10.ids_1,50,25934,26024,sitting_still,3
13,vp13/run1_2018-05-29-15-21-10.ids_1,50,26024,26114,sitting_still,4
13,vp13/run1_2018-05-29-15-21-10.ids_1,50,26114,26204,sitting_still,5
13,vp13/run1_2018-05-29-15-21-10.ids_1,50,26204,26294,sitting_still,6
13,vp13/run1_2018-05-29-15-21-10.ids_1,50,26294,26384,sitting_still,7
13,vp13/run1_2018-05-29-15-21-10.ids_1,50,26384,26467,sitting_still,8
13,vp13/run1_2018-05-29-15-21-10.ids_1,51,26467,26557,taking_off_jacket,0
13,vp13/run1_2018-05-29-15-21-10.ids_1,51,26557,26647,taking_off_jacket,1
13,vp13/run1_2018-05-29-15-21-10.ids_1,51,26647,26737,taking_off_jacket,2
13,vp13/run1_2018-05-29-15-21-10.ids_1,51,26737,26827,taking_off_jacket,3
13,vp13/run1_2018-05-29-15-21-10.ids_1,51,26827,26893,taking_off_jacket,4
13,vp13/run1_2018-05-29-15-21-10.ids_1,52,26894,26984,placing_an_object,0
13,vp13/run1_2018-05-29-15-21-10.ids_1,53,27083,27096,using_multimedia_display,0
13,vp13/run1_2018-05-29-15-21-10.ids_1,54,27137,27227,sitting_still,0
13,vp13/run1_2018-05-29-15-21-10.ids_1,54,27227,27317,sitting_still,1
13,vp13/run1_2018-05-29-15-21-10.ids_1,54,27317,27407,sitting_still,2
13,vp13/run1_2018-05-29-15-21-10.ids_1,54,27407,27472,sitting_still,3
13,vp13/run1_2018-05-29-15-21-10.ids_1,55,27592,27682,looking_or_moving_around (e.g. searching),0
13,vp13/run1_2018-05-29-15-21-10.ids_1,55,27682,27772,looking_or_moving_around (e.g. searching),1
13,vp13/run1_2018-05-29-15-21-10.ids_1,55,27772,27862,looking_or_moving_around (e.g. searching),2
13,vp13/run1_2018-05-29-15-21-10.ids_1,55,27862,27952,looking_or_moving_around (e.g. searching),3
13,vp13/run1_2018-05-29-15-21-10.ids_1,55,27952,28042,looking_or_moving_around (e.g. searching),4
13,vp13/run1_2018-05-29-15-21-10.ids_1,55,28042,28132,looking_or_moving_around (e.g. searching),5
13,vp13/run1_2018-05-29-15-21-10.ids_1,55,28132,28222,looking_or_moving_around (e.g. searching),6
13,vp13/run1_2018-05-29-15-21-10.ids_1,55,28222,28312,looking_or_moving_around (e.g. searching),7
13,vp13/run1_2018-05-29-15-21-10.ids_1,55,28312,28402,looking_or_moving_around (e.g. searching),8
13,vp13/run1_2018-05-29-15-21-10.ids_1,55,28402,28492,looking_or_moving_around (e.g. searching),9
13,vp13/run1_2018-05-29-15-21-10.ids_1,55,28492,28530,looking_or_moving_around (e.g. searching),10
13,vp13/run1_2018-05-29-15-21-10.ids_1,56,28530,28620,fetching_an_object,0
13,vp13/run1_2018-05-29-15-21-10.ids_1,56,28620,28710,fetching_an_object,1
13,vp13/run1_2018-05-29-15-21-10.ids_1,56,28710,28723,fetching_an_object,2
13,vp13/run1_2018-05-29-15-21-10.ids_1,57,28723,28813,opening_laptop,0
13,vp13/run1_2018-05-29-15-21-10.ids_1,57,28813,28851,opening_laptop,1
13,vp13/run1_2018-05-29-15-21-10.ids_1,58,28851,28941,working_on_laptop,0
13,vp13/run1_2018-05-29-15-21-10.ids_1,58,28941,29031,working_on_laptop,1
13,vp13/run1_2018-05-29-15-21-10.ids_1,58,29031,29121,working_on_laptop,2
13,vp13/run1_2018-05-29-15-21-10.ids_1,58,29121,29211,working_on_laptop,3
13,vp13/run1_2018-05-29-15-21-10.ids_1,58,29211,29301,working_on_laptop,4
13,vp13/run1_2018-05-29-15-21-10.ids_1,58,29301,29391,working_on_laptop,5
13,vp13/run1_2018-05-29-15-21-10.ids_1,58,29391,29481,working_on_laptop,6
13,vp13/run1_2018-05-29-15-21-10.ids_1,58,29481,29571,working_on_laptop,7
13,vp13/run1_2018-05-29-15-21-10.ids_1,58,29571,29631,working_on_laptop,8
13,vp13/run1_2018-05-29-15-21-10.ids_1,59,29631,29721,fetching_an_object,0
13,vp13/run1_2018-05-29-15-21-10.ids_1,59,29721,29807,fetching_an_object,1
13,vp13/run1_2018-05-29-15-21-10.ids_1,60,29807,29897,interacting_with_phone,0
13,vp13/run1_2018-05-29-15-21-10.ids_1,60,29897,29987,interacting_with_phone,1
13,vp13/run1_2018-05-29-15-21-10.ids_1,60,29987,30077,interacting_with_phone,2
13,vp13/run1_2018-05-29-15-21-10.ids_1,60,30077,30167,interacting_with_phone,3
13,vp13/run1_2018-05-29-15-21-10.ids_1,60,30167,30257,interacting_with_phone,4
13,vp13/run1_2018-05-29-15-21-10.ids_1,60,30257,30347,interacting_with_phone,5
13,vp13/run1_2018-05-29-15-21-10.ids_1,60,30347,30437,interacting_with_phone,6
13,vp13/run1_2018-05-29-15-21-10.ids_1,60,30437,30527,interacting_with_phone,7
13,vp13/run1_2018-05-29-15-21-10.ids_1,60,30527,30617,interacting_with_phone,8
13,vp13/run1_2018-05-29-15-21-10.ids_1,60,30617,30707,interacting_with_phone,9
13,vp13/run1_2018-05-29-15-21-10.ids_1,60,30707,30797,interacting_with_phone,10
13,vp13/run1_2018-05-29-15-21-10.ids_1,60,30797,30887,interacting_with_phone,11
13,vp13/run1_2018-05-29-15-21-10.ids_1,60,30887,30977,interacting_with_phone,12
13,vp13/run1_2018-05-29-15-21-10.ids_1,60,30977,31067,interacting_with_phone,13
13,vp13/run1_2018-05-29-15-21-10.ids_1,60,31067,31157,interacting_with_phone,14
13,vp13/run1_2018-05-29-15-21-10.ids_1,60,31157,31247,interacting_with_phone,15
13,vp13/run1_2018-05-29-15-21-10.ids_1,60,31247,31335,interacting_with_phone,16
13,vp13/run1_2018-05-29-15-21-10.ids_1,61,31335,31387,placing_an_object,0
13,vp13/run1_2018-05-29-15-21-10.ids_1,62,31387,31429,working_on_laptop,0
13,vp13/run1_2018-05-29-15-21-10.ids_1,63,31429,31519,closing_laptop,0
13,vp13/run1_2018-05-29-15-21-10.ids_1,63,31519,31557,closing_laptop,1
13,vp13/run1_2018-05-29-15-21-10.ids_1,64,31557,31647,placing_an_object,0
13,vp13/run1_2018-05-29-15-21-10.ids_1,64,31647,31677,placing_an_object,1
13,vp13/run1_2018-05-29-15-21-10.ids_1,65,31677,31702,using_multimedia_display,0
13,vp13/run1_2018-05-29-15-21-10.ids_1,66,31768,31858,sitting_still,0
13,vp13/run1_2018-05-29-15-21-10.ids_1,66,31858,31948,sitting_still,1
13,vp13/run1_2018-05-29-15-21-10.ids_1,67,31971,32037,placing_an_object,0
13,vp13/run1_2018-05-29-15-21-10.ids_1,68,32056,32146,sitting_still,0
13,vp13/run1_2018-05-29-15-21-10.ids_1,68,32146,32236,sitting_still,1
13,vp13/run1_2018-05-29-15-21-10.ids_1,68,32236,32326,sitting_still,2
13,vp13/run1_2018-05-29-15-21-10.ids_1,68,32326,32416,sitting_still,3
13,vp13/run1_2018-05-29-15-21-10.ids_1,68,32416,32506,sitting_still,4
13,vp13/run1_2018-05-29-15-21-10.ids_1,68,32506,32596,sitting_still,5
13,vp13/run1_2018-05-29-15-21-10.ids_1,68,32596,32604,sitting_still,6
13,vp13/run1_2018-05-29-15-21-10.ids_1,69,32608,32649,placing_an_object,0
13,vp13/run1_2018-05-29-15-21-10.ids_1,70,32649,32715,fetching_an_object,0
13,vp13/run1_2018-05-29-15-21-10.ids_1,71,32715,32797,interacting_with_phone,0
13,vp13/run1_2018-05-29-15-21-10.ids_1,72,32797,32887,talking_on_phone,0
13,vp13/run1_2018-05-29-15-21-10.ids_1,72,32887,32977,talking_on_phone,1
13,vp13/run1_2018-05-29-15-21-10.ids_1,72,32977,33067,talking_on_phone,2
13,vp13/run1_2018-05-29-15-21-10.ids_1,72,33067,33157,talking_on_phone,3
13,vp13/run1_2018-05-29-15-21-10.ids_1,72,33157,33247,talking_on_phone,4
13,vp13/run1_2018-05-29-15-21-10.ids_1,72,33247,33337,talking_on_phone,5
13,vp13/run1_2018-05-29-15-21-10.ids_1,72,33337,33427,talking_on_phone,6
13,vp13/run1_2018-05-29-15-21-10.ids_1,72,33427,33517,talking_on_phone,7
13,vp13/run1_2018-05-29-15-21-10.ids_1,72,33517,33607,talking_on_phone,8
13,vp13/run1_2018-05-29-15-21-10.ids_1,72,33607,33697,talking_on_phone,9
13,vp13/run1_2018-05-29-15-21-10.ids_1,72,33697,33787,talking_on_phone,10
13,vp13/run1_2018-05-29-15-21-10.ids_1,72,33787,33877,talking_on_phone,11
13,vp13/run1_2018-05-29-15-21-10.ids_1,72,33877,33952,talking_on_phone,12
13,vp13/run1_2018-05-29-15-21-10.ids_1,73,33952,34016,interacting_with_phone,0
13,vp13/run1_2018-05-29-15-21-10.ids_1,74,34016,34099,placing_an_object,0
13,vp13/run1_2018-05-29-15-21-10.ids_1,75,34539,34545,pressing_automation_button,0
13,vp13/run1_2018-05-29-15-21-10.ids_1,76,34587,34677,sitting_still,0
13,vp13/run1_2018-05-29-15-21-10.ids_1,76,34677,34767,sitting_still,1
13,vp13/run1_2018-05-29-15-21-10.ids_1,76,34767,34857,sitting_still,2
13,vp13/run1_2018-05-29-15-21-10.ids_1,76,34857,34947,sitting_still,3
13,vp13/run1_2018-05-29-15-21-10.ids_1,76,34947,35037,sitting_still,4
13,vp13/run1_2018-05-29-15-21-10.ids_1,76,35037,35127,sitting_still,5
13,vp13/run1_2018-05-29-15-21-10.ids_1,76,35127,35160,sitting_still,6
13,vp13/run1_2018-05-29-15-21-10.ids_1,77,35186,35257,using_multimedia_display,0
13,vp13/run1_2018-05-29-15-21-10.ids_1,78,35332,35422,using_multimedia_display,0
13,vp13/run1_2018-05-29-15-21-10.ids_1,78,35422,35474,using_multimedia_display,1
13,vp13/run1_2018-05-29-15-21-10.ids_1,79,35524,35614,sitting_still,0
13,vp13/run1_2018-05-29-15-21-10.ids_1,79,35614,35704,sitting_still,1
13,vp13/run1_2018-05-29-15-21-10.ids_1,79,35704,35794,sitting_still,2
13,vp13/run1_2018-05-29-15-21-10.ids_1,79,35794,35884,sitting_still,3
13,vp13/run1_2018-05-29-15-21-10.ids_1,79,35884,35974,sitting_still,4
13,vp13/run1_2018-05-29-15-21-10.ids_1,79,35974,36064,sitting_still,5
13,vp13/run1_2018-05-29-15-21-10.ids_1,79,36064,36154,sitting_still,6
13,vp13/run1_2018-05-29-15-21-10.ids_1,79,36154,36244,sitting_still,7
13,vp13/run1_2018-05-29-15-21-10.ids_1,79,36244,36334,sitting_still,8
13,vp13/run1_2018-05-29-15-21-10.ids_1,79,36334,36424,sitting_still,9
13,vp13/run1_2018-05-29-15-21-10.ids_1,79,36424,36514,sitting_still,10
13,vp13/run1_2018-05-29-15-21-10.ids_1,79,36514,36604,sitting_still,11
13,vp13/run1_2018-05-29-15-21-10.ids_1,79,36604,36694,sitting_still,12
13,vp13/run1_2018-05-29-15-21-10.ids_1,79,36694,36784,sitting_still,13
13,vp13/run1_2018-05-29-15-21-10.ids_1,79,36784,36874,sitting_still,14
13,vp13/run1_2018-05-29-15-21-10.ids_1,79,36874,36964,sitting_still,15
13,vp13/run1_2018-05-29-15-21-10.ids_1,79,36964,37054,sitting_still,16
13,vp13/run1_2018-05-29-15-21-10.ids_1,79,37054,37144,sitting_still,17
13,vp13/run1_2018-05-29-15-21-10.ids_1,79,37144,37234,sitting_still,18
13,vp13/run1_2018-05-29-15-21-10.ids_1,79,37234,37324,sitting_still,19
13,vp13/run1_2018-05-29-15-21-10.ids_1,79,37324,37414,sitting_still,20
13,vp13/run1_2018-05-29-15-21-10.ids_1,79,37414,37504,sitting_still,21
13,vp13/run1_2018-05-29-15-21-10.ids_1,79,37504,37594,sitting_still,22
13,vp13/run1_2018-05-29-15-21-10.ids_1,79,37594,37684,sitting_still,23
13,vp13/run1_2018-05-29-15-21-10.ids_1,79,37684,37774,sitting_still,24
13,vp13/run1_2018-05-29-15-21-10.ids_1,79,37774,37864,sitting_still,25
13,vp13/run1_2018-05-29-15-21-10.ids_1,79,37864,37954,sitting_still,26
13,vp13/run1_2018-05-29-15-21-10.ids_1,79,37954,38044,sitting_still,27
13,vp13/run1_2018-05-29-15-21-10.ids_1,79,38044,38134,sitting_still,28
13,vp13/run1_2018-05-29-15-21-10.ids_1,79,38134,38224,sitting_still,29
13,vp13/run1_2018-05-29-15-21-10.ids_1,79,38224,38314,sitting_still,30
13,vp13/run1_2018-05-29-15-21-10.ids_1,79,38314,38404,sitting_still,31
13,vp13/run1_2018-05-29-15-21-10.ids_1,79,38404,38494,sitting_still,32
13,vp13/run1_2018-05-29-15-21-10.ids_1,79,38494,38584,sitting_still,33
13,vp13/run1_2018-05-29-15-21-10.ids_1,79,38584,38674,sitting_still,34
13,vp13/run1_2018-05-29-15-21-10.ids_1,79,38674,38764,sitting_still,35
13,vp13/run1_2018-05-29-15-21-10.ids_1,79,38764,38854,sitting_still,36
13,vp13/run1_2018-05-29-15-21-10.ids_1,79,38854,38944,sitting_still,37
13,vp13/run1_2018-05-29-15-21-10.ids_1,79,38944,39034,sitting_still,38
13,vp13/run1_2018-05-29-15-21-10.ids_1,79,39034,39124,sitting_still,39
13,vp13/run1_2018-05-29-15-21-10.ids_1,79,39124,39214,sitting_still,40
13,vp13/run1_2018-05-29-15-21-10.ids_1,79,39214,39304,sitting_still,41
13,vp13/run1_2018-05-29-15-21-10.ids_1,79,39304,39394,sitting_still,42
13,vp13/run1_2018-05-29-15-21-10.ids_1,79,39394,39484,sitting_still,43
13,vp13/run1_2018-05-29-15-21-10.ids_1,79,39484,39574,sitting_still,44
13,vp13/run1_2018-05-29-15-21-10.ids_1,79,39574,39664,sitting_still,45
13,vp13/run1_2018-05-29-15-21-10.ids_1,79,39664,39754,sitting_still,46
13,vp13/run1_2018-05-29-15-21-10.ids_1,79,39754,39844,sitting_still,47
13,vp13/run1_2018-05-29-15-21-10.ids_1,79,39844,39934,sitting_still,48
13,vp13/run1_2018-05-29-15-21-10.ids_1,79,39934,40024,sitting_still,49
13,vp13/run1_2018-05-29-15-21-10.ids_1,79,40024,40114,sitting_still,50
13,vp13/run1_2018-05-29-15-21-10.ids_1,79,40114,40204,sitting_still,51
13,vp13/run1_2018-05-29-15-21-10.ids_1,79,40204,40294,sitting_still,52
13,vp13/run1_2018-05-29-15-21-10.ids_1,79,40294,40384,sitting_still,53
13,vp13/run1_2018-05-29-15-21-10.ids_1,79,40384,40474,sitting_still,54
13,vp13/run1_2018-05-29-15-21-10.ids_1,79,40474,40564,sitting_still,55
13,vp13/run1_2018-05-29-15-21-10.ids_1,79,40564,40654,sitting_still,56
13,vp13/run1_2018-05-29-15-21-10.ids_1,79,40654,40744,sitting_still,57
13,vp13/run1_2018-05-29-15-21-10.ids_1,79,40744,40834,sitting_still,58
13,vp13/run1_2018-05-29-15-21-10.ids_1,79,40834,40924,sitting_still,59
13,vp13/run1_2018-05-29-15-21-10.ids_1,79,40924,41014,sitting_still,60
13,vp13/run1_2018-05-29-15-21-10.ids_1,79,41014,41104,sitting_still,61
13,vp13/run1_2018-05-29-15-21-10.ids_1,79,41104,41194,sitting_still,62
13,vp13/run1_2018-05-29-15-21-10.ids_1,79,41194,41284,sitting_still,63
13,vp13/run1_2018-05-29-15-21-10.ids_1,79,41284,41374,sitting_still,64
13,vp13/run1_2018-05-29-15-21-10.ids_1,79,41374,41427,sitting_still,65
13,vp13/run1_2018-05-29-15-21-10.ids_1,80,42554,42559,pressing_automation_button,0
13,vp13/run1_2018-05-29-15-21-10.ids_1,81,42697,42734,using_multimedia_display,0
13,vp13/run1_2018-05-29-15-21-10.ids_1,82,42790,42880,sitting_still,0
13,vp13/run1_2018-05-29-15-21-10.ids_1,82,42880,42970,sitting_still,1
13,vp13/run1_2018-05-29-15-21-10.ids_1,82,42970,43060,sitting_still,2
13,vp13/run1_2018-05-29-15-21-10.ids_1,82,43060,43150,sitting_still,3
13,vp13/run1_2018-05-29-15-21-10.ids_1,82,43150,43240,sitting_still,4
13,vp13/run1_2018-05-29-15-21-10.ids_1,82,43240,43330,sitting_still,5
13,vp13/run1_2018-05-29-15-21-10.ids_1,82,43330,43420,sitting_still,6
13,vp13/run1_2018-05-29-15-21-10.ids_1,82,43420,43510,sitting_still,7
13,vp13/run1_2018-05-29-15-21-10.ids_1,82,43510,43600,sitting_still,8
13,vp13/run1_2018-05-29-15-21-10.ids_1,82,43600,43690,sitting_still,9
13,vp13/run1_2018-05-29-15-21-10.ids_1,82,43690,43780,sitting_still,10
13,vp13/run1_2018-05-29-15-21-10.ids_1,82,43780,43819,sitting_still,11
13,vp13/run1_2018-05-29-15-21-10.ids_1,83,43843,43882,using_multimedia_display,0
13,vp13/run1_2018-05-29-15-21-10.ids_1,84,44567,44577,pressing_automation_button,0
13,vp13/run1_2018-05-29-15-21-10.ids_1,85,44600,44610,pressing_automation_button,0
13,vp13/run1_2018-05-29-15-21-10.ids_1,86,45317,45407,unfastening_seat_belt,0
13,vp13/run1_2018-05-29-15-21-10.ids_1,86,45407,45497,unfastening_seat_belt,1
13,vp13/run1_2018-05-29-15-21-10.ids_1,86,45497,45532,unfastening_seat_belt,2
13,vp13/run1_2018-05-29-15-21-10.ids_1,87,45895,45985,opening_door_inside,0
13,vp13/run1_2018-05-29-15-21-10.ids_1,87,45985,45994,opening_door_inside,1
13,vp13/run1_2018-05-29-15-21-10.ids_1,88,45994,46066,exiting_car,0
13,vp13/run1_2018-05-29-15-21-10.ids_1,89,46066,46087,closing_door_outside,0
13,vp13/run2_2018-05-30-11-34-54.ids_1,0,162,223,opening_door_outside,0
13,vp13/run2_2018-05-30-11-34-54.ids_1,1,223,313,entering_car,0
13,vp13/run2_2018-05-30-11-34-54.ids_1,2,313,339,closing_door_inside,0
13,vp13/run2_2018-05-30-11-34-54.ids_1,3,453,543,fastening_seat_belt,0
13,vp13/run2_2018-05-30-11-34-54.ids_1,3,543,633,fastening_seat_belt,1
13,vp13/run2_2018-05-30-11-34-54.ids_1,3,633,638,fastening_seat_belt,2
13,vp13/run2_2018-05-30-11-34-54.ids_1,4,1527,1586,using_multimedia_display,0
13,vp13/run2_2018-05-30-11-34-54.ids_1,5,5943,5962,pressing_automation_button,0
13,vp13/run2_2018-05-30-11-34-54.ids_1,6,6901,6910,pressing_automation_button,0
13,vp13/run2_2018-05-30-11-34-54.ids_1,7,7033,7104,using_multimedia_display,0
13,vp13/run2_2018-05-30-11-34-54.ids_1,8,7147,7237,sitting_still,0
13,vp13/run2_2018-05-30-11-34-54.ids_1,8,7237,7327,sitting_still,1
13,vp13/run2_2018-05-30-11-34-54.ids_1,8,7327,7417,sitting_still,2
13,vp13/run2_2018-05-30-11-34-54.ids_1,8,7417,7448,sitting_still,3
13,vp13/run2_2018-05-30-11-34-54.ids_1,9,7467,7557,fetching_an_object,0
13,vp13/run2_2018-05-30-11-34-54.ids_1,9,7557,7645,fetching_an_object,1
13,vp13/run2_2018-05-30-11-34-54.ids_1,10,7645,7735,reading_magazine,0
13,vp13/run2_2018-05-30-11-34-54.ids_1,10,7735,7825,reading_magazine,1
13,vp13/run2_2018-05-30-11-34-54.ids_1,10,7825,7915,reading_magazine,2
13,vp13/run2_2018-05-30-11-34-54.ids_1,10,7915,8005,reading_magazine,3
13,vp13/run2_2018-05-30-11-34-54.ids_1,10,8005,8095,reading_magazine,4
13,vp13/run2_2018-05-30-11-34-54.ids_1,10,8095,8185,reading_magazine,5
13,vp13/run2_2018-05-30-11-34-54.ids_1,10,8185,8275,reading_magazine,6
13,vp13/run2_2018-05-30-11-34-54.ids_1,10,8275,8365,reading_magazine,7
13,vp13/run2_2018-05-30-11-34-54.ids_1,10,8365,8455,reading_magazine,8
13,vp13/run2_2018-05-30-11-34-54.ids_1,10,8455,8545,reading_magazine,9
13,vp13/run2_2018-05-30-11-34-54.ids_1,10,8545,8635,reading_magazine,10
13,vp13/run2_2018-05-30-11-34-54.ids_1,10,8635,8725,reading_magazine,11
13,vp13/run2_2018-05-30-11-34-54.ids_1,10,8725,8815,reading_magazine,12
13,vp13/run2_2018-05-30-11-34-54.ids_1,10,8815,8905,reading_magazine,13
13,vp13/run2_2018-05-30-11-34-54.ids_1,10,8905,8995,reading_magazine,14
13,vp13/run2_2018-05-30-11-34-54.ids_1,10,8995,9085,reading_magazine,15
13,vp13/run2_2018-05-30-11-34-54.ids_1,10,9085,9175,reading_magazine,16
13,vp13/run2_2018-05-30-11-34-54.ids_1,10,9175,9265,reading_magazine,17
13,vp13/run2_2018-05-30-11-34-54.ids_1,10,9265,9355,reading_magazine,18
13,vp13/run2_2018-05-30-11-34-54.ids_1,10,9355,9445,reading_magazine,19
13,vp13/run2_2018-05-30-11-34-54.ids_1,10,9445,9535,reading_magazine,20
13,vp13/run2_2018-05-30-11-34-54.ids_1,10,9535,9577,reading_magazine,21
13,vp13/run2_2018-05-30-11-34-54.ids_1,11,9577,9658,placing_an_object,0
13,vp13/run2_2018-05-30-11-34-54.ids_1,12,9658,9713,fetching_an_object,0
13,vp13/run2_2018-05-30-11-34-54.ids_1,13,9781,9871,writing,0
13,vp13/run2_2018-05-30-11-34-54.ids_1,13,9871,9961,writing,1
13,vp13/run2_2018-05-30-11-34-54.ids_1,13,9961,10051,writing,2
13,vp13/run2_2018-05-30-11-34-54.ids_1,13,10051,10141,writing,3
13,vp13/run2_2018-05-30-11-34-54.ids_1,13,10141,10231,writing,4
13,vp13/run2_2018-05-30-11-34-54.ids_1,13,10231,10321,writing,5
13,vp13/run2_2018-05-30-11-34-54.ids_1,13,10321,10394,writing,6
13,vp13/run2_2018-05-30-11-34-54.ids_1,14,10395,10485,placing_an_object,0
13,vp13/run2_2018-05-30-11-34-54.ids_1,15,10497,10514,using_multimedia_display,0
13,vp13/run2_2018-05-30-11-34-54.ids_1,16,10548,10638,sitting_still,0
13,vp13/run2_2018-05-30-11-34-54.ids_1,16,10638,10728,sitting_still,1
13,vp13/run2_2018-05-30-11-34-54.ids_1,16,10728,10753,sitting_still,2
13,vp13/run2_2018-05-30-11-34-54.ids_1,17,10760,10850,fetching_an_object,0
13,vp13/run2_2018-05-30-11-34-54.ids_1,17,10850,10879,fetching_an_object,1
13,vp13/run2_2018-05-30-11-34-54.ids_1,18,10879,10969,putting_on_jacket,0
13,vp13/run2_2018-05-30-11-34-54.ids_1,18,10969,11059,putting_on_jacket,1
13,vp13/run2_2018-05-30-11-34-54.ids_1,18,11059,11149,putting_on_jacket,2
13,vp13/run2_2018-05-30-11-34-54.ids_1,18,11149,11239,putting_on_jacket,3
13,vp13/run2_2018-05-30-11-34-54.ids_1,18,11239,11312,putting_on_jacket,4
13,vp13/run2_2018-05-30-11-34-54.ids_1,19,11312,11402,putting_on_jacket,0
13,vp13/run2_2018-05-30-11-34-54.ids_1,19,11402,11492,putting_on_jacket,1
13,vp13/run2_2018-05-30-11-34-54.ids_1,19,11492,11582,putting_on_jacket,2
13,vp13/run2_2018-05-30-11-34-54.ids_1,19,11582,11672,putting_on_jacket,3
13,vp13/run2_2018-05-30-11-34-54.ids_1,19,11672,11762,putting_on_jacket,4
13,vp13/run2_2018-05-30-11-34-54.ids_1,19,11762,11852,putting_on_jacket,5
13,vp13/run2_2018-05-30-11-34-54.ids_1,19,11852,11942,putting_on_jacket,6
13,vp13/run2_2018-05-30-11-34-54.ids_1,19,11942,12032,putting_on_jacket,7
13,vp13/run2_2018-05-30-11-34-54.ids_1,19,12032,12122,putting_on_jacket,8
13,vp13/run2_2018-05-30-11-34-54.ids_1,19,12122,12212,putting_on_jacket,9
13,vp13/run2_2018-05-30-11-34-54.ids_1,19,12212,12302,putting_on_jacket,10
13,vp13/run2_2018-05-30-11-34-54.ids_1,19,12302,12343,putting_on_jacket,11
13,vp13/run2_2018-05-30-11-34-54.ids_1,20,12396,12418,using_multimedia_display,0
13,vp13/run2_2018-05-30-11-34-54.ids_1,21,12470,12560,sitting_still,0
13,vp13/run2_2018-05-30-11-34-54.ids_1,21,12560,12650,sitting_still,1
13,vp13/run2_2018-05-30-11-34-54.ids_1,21,12650,12740,sitting_still,2
13,vp13/run2_2018-05-30-11-34-54.ids_1,21,12740,12830,sitting_still,3
13,vp13/run2_2018-05-30-11-34-54.ids_1,21,12830,12920,sitting_still,4
13,vp13/run2_2018-05-30-11-34-54.ids_1,21,12920,12993,sitting_still,5
13,vp13/run2_2018-05-30-11-34-54.ids_1,22,13050,13140,fetching_an_object,0
13,vp13/run2_2018-05-30-11-34-54.ids_1,22,13140,13173,fetching_an_object,1
13,vp13/run2_2018-05-30-11-34-54.ids_1,23,13173,13261,putting_on_sunglasses,0
13,vp13/run2_2018-05-30-11-34-54.ids_1,24,13271,13297,using_multimedia_display,0
13,vp13/run2_2018-05-30-11-34-54.ids_1,25,13351,13441,sitting_still,0
13,vp13/run2_2018-05-30-11-34-54.ids_1,25,13441,13531,sitting_still,1
13,vp13/run2_2018-05-30-11-34-54.ids_1,25,13531,13621,sitting_still,2
13,vp13/run2_2018-05-30-11-34-54.ids_1,25,13621,13675,sitting_still,3
13,vp13/run2_2018-05-30-11-34-54.ids_1,26,14444,14464,pressing_automation_button,0
13,vp13/run2_2018-05-30-11-34-54.ids_1,27,14596,14686,fetching_an_object,0
13,vp13/run2_2018-05-30-11-34-54.ids_1,27,14686,14756,fetching_an_object,1
13,vp13/run2_2018-05-30-11-34-54.ids_1,28,14756,14846,opening_laptop,0
13,vp13/run2_2018-05-30-11-34-54.ids_1,28,14846,14851,opening_laptop,1
13,vp13/run2_2018-05-30-11-34-54.ids_1,29,14851,14941,working_on_laptop,0
13,vp13/run2_2018-05-30-11-34-54.ids_1,29,14941,15031,working_on_laptop,1
13,vp13/run2_2018-05-30-11-34-54.ids_1,29,15031,15121,working_on_laptop,2
13,vp13/run2_2018-05-30-11-34-54.ids_1,29,15121,15211,working_on_laptop,3
13,vp13/run2_2018-05-30-11-34-54.ids_1,29,15211,15301,working_on_laptop,4
13,vp13/run2_2018-05-30-11-34-54.ids_1,29,15301,15391,working_on_laptop,5
13,vp13/run2_2018-05-30-11-34-54.ids_1,29,15391,15473,working_on_laptop,6
13,vp13/run2_2018-05-30-11-34-54.ids_1,30,15473,15537,closing_laptop,0
13,vp13/run2_2018-05-30-11-34-54.ids_1,31,15537,15627,placing_an_object,0
13,vp13/run2_2018-05-30-11-34-54.ids_1,31,15627,15703,placing_an_object,1
13,vp13/run2_2018-05-30-11-34-54.ids_1,32,15703,15793,fetching_an_object,0
13,vp13/run2_2018-05-30-11-34-54.ids_1,32,15793,15846,fetching_an_object,1
13,vp13/run2_2018-05-30-11-34-54.ids_1,33,15846,15936,interacting_with_phone,0
13,vp13/run2_2018-05-30-11-34-54.ids_1,33,15936,16026,interacting_with_phone,1
13,vp13/run2_2018-05-30-11-34-54.ids_1,33,16026,16116,interacting_with_phone,2
13,vp13/run2_2018-05-30-11-34-54.ids_1,33,16116,16206,interacting_with_phone,3
13,vp13/run2_2018-05-30-11-34-54.ids_1,33,16206,16296,interacting_with_phone,4
13,vp13/run2_2018-05-30-11-34-54.ids_1,33,16296,16386,interacting_with_phone,5
13,vp13/run2_2018-05-30-11-34-54.ids_1,33,16386,16476,interacting_with_phone,6
13,vp13/run2_2018-05-30-11-34-54.ids_1,33,16476,16566,interacting_with_phone,7
13,vp13/run2_2018-05-30-11-34-54.ids_1,33,16566,16656,interacting_with_phone,8
13,vp13/run2_2018-05-30-11-34-54.ids_1,33,16656,16746,interacting_with_phone,9
13,vp13/run2_2018-05-30-11-34-54.ids_1,33,16746,16836,interacting_with_phone,10
13,vp13/run2_2018-05-30-11-34-54.ids_1,33,16836,16926,interacting_with_phone,11
13,vp13/run2_2018-05-30-11-34-54.ids_1,33,16926,16984,interacting_with_phone,12
13,vp13/run2_2018-05-30-11-34-54.ids_1,34,16984,17055,placing_an_object,0
13,vp13/run2_2018-05-30-11-34-54.ids_1,35,17055,17145,using_multimedia_display,0
13,vp13/run2_2018-05-30-11-34-54.ids_1,35,17145,17228,using_multimedia_display,1
13,vp13/run2_2018-05-30-11-34-54.ids_1,36,17256,17346,sitting_still,0
13,vp13/run2_2018-05-30-11-34-54.ids_1,36,17346,17436,sitting_still,1
13,vp13/run2_2018-05-30-11-34-54.ids_1,36,17436,17526,sitting_still,2
13,vp13/run2_2018-05-30-11-34-54.ids_1,36,17526,17616,sitting_still,3
13,vp13/run2_2018-05-30-11-34-54.ids_1,36,17616,17706,sitting_still,4
13,vp13/run2_2018-05-30-11-34-54.ids_1,36,17706,17796,sitting_still,5
13,vp13/run2_2018-05-30-11-34-54.ids_1,36,17796,17886,sitting_still,6
13,vp13/run2_2018-05-30-11-34-54.ids_1,36,17886,17976,sitting_still,7
13,vp13/run2_2018-05-30-11-34-54.ids_1,36,17976,18066,sitting_still,8
13,vp13/run2_2018-05-30-11-34-54.ids_1,36,18066,18132,sitting_still,9
13,vp13/run2_2018-05-30-11-34-54.ids_1,37,18188,18262,fetching_an_object,0
13,vp13/run2_2018-05-30-11-34-54.ids_1,38,18262,18312,interacting_with_phone,0
13,vp13/run2_2018-05-30-11-34-54.ids_1,39,18312,18402,talking_on_phone,0
13,vp13/run2_2018-05-30-11-34-54.ids_1,39,18402,18492,talking_on_phone,1
13,vp13/run2_2018-05-30-11-34-54.ids_1,39,18492,18582,talking_on_phone,2
13,vp13/run2_2018-05-30-11-34-54.ids_1,39,18582,18672,talking_on_phone,3
13,vp13/run2_2018-05-30-11-34-54.ids_1,39,18672,18762,talking_on_phone,4
13,vp13/run2_2018-05-30-11-34-54.ids_1,39,18762,18852,talking_on_phone,5
13,vp13/run2_2018-05-30-11-34-54.ids_1,39,18852,18942,talking_on_phone,6
13,vp13/run2_2018-05-30-11-34-54.ids_1,39,18942,19032,talking_on_phone,7
13,vp13/run2_2018-05-30-11-34-54.ids_1,39,19032,19122,talking_on_phone,8
13,vp13/run2_2018-05-30-11-34-54.ids_1,39,19122,19212,talking_on_phone,9
13,vp13/run2_2018-05-30-11-34-54.ids_1,39,19212,19302,talking_on_phone,10
13,vp13/run2_2018-05-30-11-34-54.ids_1,39,19302,19392,talking_on_phone,11
13,vp13/run2_2018-05-30-11-34-54.ids_1,39,19392,19482,talking_on_phone,12
13,vp13/run2_2018-05-30-11-34-54.ids_1,39,19482,19572,talking_on_phone,13
13,vp13/run2_2018-05-30-11-34-54.ids_1,39,19572,19662,talking_on_phone,14
13,vp13/run2_2018-05-30-11-34-54.ids_1,39,19662,19752,talking_on_phone,15
13,vp13/run2_2018-05-30-11-34-54.ids_1,39,19752,19786,talking_on_phone,16
13,vp13/run2_2018-05-30-11-34-54.ids_1,40,19786,19876,interacting_with_phone,0
13,vp13/run2_2018-05-30-11-34-54.ids_1,40,19876,19890,interacting_with_phone,1
13,vp13/run2_2018-05-30-11-34-54.ids_1,41,19954,20044,placing_an_object,0
13,vp13/run2_2018-05-30-11-34-54.ids_1,41,20044,20134,placing_an_object,1
13,vp13/run2_2018-05-30-11-34-54.ids_1,41,20134,20188,placing_an_object,2
13,vp13/run2_2018-05-30-11-34-54.ids_1,42,20438,20450,pressing_automation_button,0
13,vp13/run2_2018-05-30-11-34-54.ids_1,43,20480,20570,taking_off_jacket,0
13,vp13/run2_2018-05-30-11-34-54.ids_1,43,20570,20660,taking_off_jacket,1
13,vp13/run2_2018-05-30-11-34-54.ids_1,43,20660,20750,taking_off_jacket,2
13,vp13/run2_2018-05-30-11-34-54.ids_1,43,20750,20761,taking_off_jacket,3
13,vp13/run2_2018-05-30-11-34-54.ids_1,44,20761,20812,placing_an_object,0
13,vp13/run2_2018-05-30-11-34-54.ids_1,45,20889,20908,using_multimedia_display,0
13,vp13/run2_2018-05-30-11-34-54.ids_1,46,20931,21021,sitting_still,0
13,vp13/run2_2018-05-30-11-34-54.ids_1,46,21021,21111,sitting_still,1
13,vp13/run2_2018-05-30-11-34-54.ids_1,46,21111,21188,sitting_still,2
13,vp13/run2_2018-05-30-11-34-54.ids_1,47,21196,21263,fetching_an_object,0
13,vp13/run2_2018-05-30-11-34-54.ids_1,48,21263,21353,eating,0
13,vp13/run2_2018-05-30-11-34-54.ids_1,48,21353,21443,eating,1
13,vp13/run2_2018-05-30-11-34-54.ids_1,48,21443,21533,eating,2
13,vp13/run2_2018-05-30-11-34-54.ids_1,48,21533,21623,eating,3
13,vp13/run2_2018-05-30-11-34-54.ids_1,48,21623,21713,eating,4
13,vp13/run2_2018-05-30-11-34-54.ids_1,48,21713,21803,eating,5
13,vp13/run2_2018-05-30-11-34-54.ids_1,48,21803,21893,eating,6
13,vp13/run2_2018-05-30-11-34-54.ids_1,48,21893,21983,eating,7
13,vp13/run2_2018-05-30-11-34-54.ids_1,48,21983,22073,eating,8
13,vp13/run2_2018-05-30-11-34-54.ids_1,48,22073,22163,eating,9
13,vp13/run2_2018-05-30-11-34-54.ids_1,48,22163,22253,eating,10
13,vp13/run2_2018-05-30-11-34-54.ids_1,48,22253,22343,eating,11
13,vp13/run2_2018-05-30-11-34-54.ids_1,48,22343,22433,eating,12
13,vp13/run2_2018-05-30-11-34-54.ids_1,48,22433,22523,eating,13
13,vp13/run2_2018-05-30-11-34-54.ids_1,48,22523,22613,eating,14
13,vp13/run2_2018-05-30-11-34-54.ids_1,48,22613,22664,eating,15
13,vp13/run2_2018-05-30-11-34-54.ids_1,49,22760,22837,fetching_an_object,0
13,vp13/run2_2018-05-30-11-34-54.ids_1,50,22837,22927,opening_bottle,0
13,vp13/run2_2018-05-30-11-34-54.ids_1,50,22927,23017,opening_bottle,1
13,vp13/run2_2018-05-30-11-34-54.ids_1,50,23017,23107,opening_bottle,2
13,vp13/run2_2018-05-30-11-34-54.ids_1,50,23107,23197,opening_bottle,3
13,vp13/run2_2018-05-30-11-34-54.ids_1,50,23197,23287,opening_bottle,4
13,vp13/run2_2018-05-30-11-34-54.ids_1,50,23287,23293,opening_bottle,5
13,vp13/run2_2018-05-30-11-34-54.ids_1,51,23293,23332,closing_bottle,0
13,vp13/run2_2018-05-30-11-34-54.ids_1,52,23708,23782,placing_an_object,0
13,vp13/run2_2018-05-30-11-34-54.ids_1,53,23978,23989,pressing_automation_button,0
13,vp13/run2_2018-05-30-11-34-54.ids_1,54,23989,24043,fetching_an_object,0
13,vp13/run2_2018-05-30-11-34-54.ids_1,55,24043,24080,opening_bottle,0
13,vp13/run2_2018-05-30-11-34-54.ids_1,56,24080,24170,drinking,0
13,vp13/run2_2018-05-30-11-34-54.ids_1,56,24170,24260,drinking,1
13,vp13/run2_2018-05-30-11-34-54.ids_1,56,24260,24350,drinking,2
13,vp13/run2_2018-05-30-11-34-54.ids_1,56,24350,24429,drinking,3
13,vp13/run2_2018-05-30-11-34-54.ids_1,57,24429,24519,closing_bottle,0
13,vp13/run2_2018-05-30-11-34-54.ids_1,57,24519,24541,closing_bottle,1
13,vp13/run2_2018-05-30-11-34-54.ids_1,58,24541,24631,placing_an_object,0
13,vp13/run2_2018-05-30-11-34-54.ids_1,58,24631,24639,placing_an_object,1
13,vp13/run2_2018-05-30-11-34-54.ids_1,59,24662,24675,using_multimedia_display,0
13,vp13/run2_2018-05-30-11-34-54.ids_1,60,24697,24787,sitting_still,0
13,vp13/run2_2018-05-30-11-34-54.ids_1,60,24787,24877,sitting_still,1
13,vp13/run2_2018-05-30-11-34-54.ids_1,60,24877,24967,sitting_still,2
13,vp13/run2_2018-05-30-11-34-54.ids_1,60,24967,25057,sitting_still,3
13,vp13/run2_2018-05-30-11-34-54.ids_1,60,25057,25147,sitting_still,4
13,vp13/run2_2018-05-30-11-34-54.ids_1,60,25147,25213,sitting_still,5
13,vp13/run2_2018-05-30-11-34-54.ids_1,61,25244,25334,taking_off_sunglasses,0
13,vp13/run2_2018-05-30-11-34-54.ids_1,61,25334,25358,taking_off_sunglasses,1
13,vp13/run2_2018-05-30-11-34-54.ids_1,62,25358,25448,placing_an_object,0
13,vp13/run2_2018-05-30-11-34-54.ids_1,62,25448,25476,placing_an_object,1
13,vp13/run2_2018-05-30-11-34-54.ids_1,63,25476,25508,using_multimedia_display,0
13,vp13/run2_2018-05-30-11-34-54.ids_1,64,25531,25621,sitting_still,0
13,vp13/run2_2018-05-30-11-34-54.ids_1,64,25621,25711,sitting_still,1
13,vp13/run2_2018-05-30-11-34-54.ids_1,64,25711,25801,sitting_still,2
13,vp13/run2_2018-05-30-11-34-54.ids_1,64,25801,25891,sitting_still,3
13,vp13/run2_2018-05-30-11-34-54.ids_1,64,25891,25981,sitting_still,4
13,vp13/run2_2018-05-30-11-34-54.ids_1,64,25981,26071,sitting_still,5
13,vp13/run2_2018-05-30-11-34-54.ids_1,64,26071,26161,sitting_still,6
13,vp13/run2_2018-05-30-11-34-54.ids_1,64,26161,26251,sitting_still,7
13,vp13/run2_2018-05-30-11-34-54.ids_1,64,26251,26341,sitting_still,8
13,vp13/run2_2018-05-30-11-34-54.ids_1,64,26341,26431,sitting_still,9
13,vp13/run2_2018-05-30-11-34-54.ids_1,64,26431,26521,sitting_still,10
13,vp13/run2_2018-05-30-11-34-54.ids_1,64,26521,26606,sitting_still,11
13,vp13/run2_2018-05-30-11-34-54.ids_1,65,26637,26727,fetching_an_object,0
13,vp13/run2_2018-05-30-11-34-54.ids_1,65,26727,26817,fetching_an_object,1
13,vp13/run2_2018-05-30-11-34-54.ids_1,65,26817,26835,fetching_an_object,2
13,vp13/run2_2018-05-30-11-34-54.ids_1,66,26835,26925,reading_newspaper,0
13,vp13/run2_2018-05-30-11-34-54.ids_1,66,26925,27015,reading_newspaper,1
13,vp13/run2_2018-05-30-11-34-54.ids_1,66,27015,27105,reading_newspaper,2
13,vp13/run2_2018-05-30-11-34-54.ids_1,66,27105,27195,reading_newspaper,3
13,vp13/run2_2018-05-30-11-34-54.ids_1,66,27195,27285,reading_newspaper,4
13,vp13/run2_2018-05-30-11-34-54.ids_1,66,27285,27375,reading_newspaper,5
13,vp13/run2_2018-05-30-11-34-54.ids_1,66,27375,27465,reading_newspaper,6
13,vp13/run2_2018-05-30-11-34-54.ids_1,66,27465,27555,reading_newspaper,7
13,vp13/run2_2018-05-30-11-34-54.ids_1,66,27555,27645,reading_newspaper,8
13,vp13/run2_2018-05-30-11-34-54.ids_1,66,27645,27735,reading_newspaper,9
13,vp13/run2_2018-05-30-11-34-54.ids_1,66,27735,27825,reading_newspaper,10
13,vp13/run2_2018-05-30-11-34-54.ids_1,66,27825,27915,reading_newspaper,11
13,vp13/run2_2018-05-30-11-34-54.ids_1,66,27915,28005,reading_newspaper,12
13,vp13/run2_2018-05-30-11-34-54.ids_1,66,28005,28095,reading_newspaper,13
13,vp13/run2_2018-05-30-11-34-54.ids_1,66,28095,28185,reading_newspaper,14
13,vp13/run2_2018-05-30-11-34-54.ids_1,66,28185,28275,reading_newspaper,15
13,vp13/run2_2018-05-30-11-34-54.ids_1,66,28275,28365,reading_newspaper,16
13,vp13/run2_2018-05-30-11-34-54.ids_1,66,28365,28455,reading_newspaper,17
13,vp13/run2_2018-05-30-11-34-54.ids_1,66,28455,28545,reading_newspaper,18
13,vp13/run2_2018-05-30-11-34-54.ids_1,66,28545,28635,reading_newspaper,19
13,vp13/run2_2018-05-30-11-34-54.ids_1,66,28635,28657,reading_newspaper,20
13,vp13/run2_2018-05-30-11-34-54.ids_1,67,28657,28747,placing_an_object,0
13,vp13/run2_2018-05-30-11-34-54.ids_1,67,28747,28810,placing_an_object,1
13,vp13/run2_2018-05-30-11-34-54.ids_1,68,28810,28900,fetching_an_object,0
13,vp13/run2_2018-05-30-11-34-54.ids_1,68,28900,28966,fetching_an_object,1
13,vp13/run2_2018-05-30-11-34-54.ids_1,69,28966,29056,writing,0
13,vp13/run2_2018-05-30-11-34-54.ids_1,69,29056,29146,writing,1
13,vp13/run2_2018-05-30-11-34-54.ids_1,69,29146,29236,writing,2
13,vp13/run2_2018-05-30-11-34-54.ids_1,69,29236,29326,writing,3
13,vp13/run2_2018-05-30-11-34-54.ids_1,69,29326,29416,writing,4
13,vp13/run2_2018-05-30-11-34-54.ids_1,69,29416,29480,writing,5
13,vp13/run2_2018-05-30-11-34-54.ids_1,70,29480,29570,placing_an_object,0
13,vp13/run2_2018-05-30-11-34-54.ids_1,70,29570,29594,placing_an_object,1
13,vp13/run2_2018-05-30-11-34-54.ids_1,71,29594,29610,using_multimedia_display,0
13,vp13/run2_2018-05-30-11-34-54.ids_1,72,29869,29959,sitting_still,0
13,vp13/run2_2018-05-30-11-34-54.ids_1,72,29959,30049,sitting_still,1
13,vp13/run2_2018-05-30-11-34-54.ids_1,72,30049,30139,sitting_still,2
13,vp13/run2_2018-05-30-11-34-54.ids_1,72,30139,30229,sitting_still,3
13,vp13/run2_2018-05-30-11-34-54.ids_1,72,30229,30319,sitting_still,4
13,vp13/run2_2018-05-30-11-34-54.ids_1,72,30319,30409,sitting_still,5
13,vp13/run2_2018-05-30-11-34-54.ids_1,72,30409,30499,sitting_still,6
13,vp13/run2_2018-05-30-11-34-54.ids_1,72,30499,30589,sitting_still,7
13,vp13/run2_2018-05-30-11-34-54.ids_1,72,30589,30672,sitting_still,8
13,vp13/run2_2018-05-30-11-34-54.ids_1,73,30702,30757,using_multimedia_display,0
13,vp13/run2_2018-05-30-11-34-54.ids_1,74,30793,30883,sitting_still,0
13,vp13/run2_2018-05-30-11-34-54.ids_1,74,30883,30973,sitting_still,1
13,vp13/run2_2018-05-30-11-34-54.ids_1,74,30973,31063,sitting_still,2
13,vp13/run2_2018-05-30-11-34-54.ids_1,74,31063,31153,sitting_still,3
13,vp13/run2_2018-05-30-11-34-54.ids_1,74,31153,31243,sitting_still,4
13,vp13/run2_2018-05-30-11-34-54.ids_1,74,31243,31333,sitting_still,5
13,vp13/run2_2018-05-30-11-34-54.ids_1,74,31333,31423,sitting_still,6
13,vp13/run2_2018-05-30-11-34-54.ids_1,74,31423,31513,sitting_still,7
13,vp13/run2_2018-05-30-11-34-54.ids_1,74,31513,31603,sitting_still,8
13,vp13/run2_2018-05-30-11-34-54.ids_1,74,31603,31693,sitting_still,9
13,vp13/run2_2018-05-30-11-34-54.ids_1,74,31693,31783,sitting_still,10
13,vp13/run2_2018-05-30-11-34-54.ids_1,74,31783,31873,sitting_still,11
13,vp13/run2_2018-05-30-11-34-54.ids_1,74,31873,31963,sitting_still,12
13,vp13/run2_2018-05-30-11-34-54.ids_1,74,31963,32053,sitting_still,13
13,vp13/run2_2018-05-30-11-34-54.ids_1,74,32053,32143,sitting_still,14
13,vp13/run2_2018-05-30-11-34-54.ids_1,74,32143,32233,sitting_still,15
13,vp13/run2_2018-05-30-11-34-54.ids_1,74,32233,32323,sitting_still,16
13,vp13/run2_2018-05-30-11-34-54.ids_1,74,32323,32413,sitting_still,17
13,vp13/run2_2018-05-30-11-34-54.ids_1,74,32413,32503,sitting_still,18
13,vp13/run2_2018-05-30-11-34-54.ids_1,74,32503,32593,sitting_still,19
13,vp13/run2_2018-05-30-11-34-54.ids_1,74,32593,32683,sitting_still,20
13,vp13/run2_2018-05-30-11-34-54.ids_1,74,32683,32773,sitting_still,21
13,vp13/run2_2018-05-30-11-34-54.ids_1,74,32773,32863,sitting_still,22
13,vp13/run2_2018-05-30-11-34-54.ids_1,74,32863,32953,sitting_still,23
13,vp13/run2_2018-05-30-11-34-54.ids_1,74,32953,33043,sitting_still,24
13,vp13/run2_2018-05-30-11-34-54.ids_1,74,33043,33133,sitting_still,25
13,vp13/run2_2018-05-30-11-34-54.ids_1,74,33133,33223,sitting_still,26
13,vp13/run2_2018-05-30-11-34-54.ids_1,74,33223,33313,sitting_still,27
13,vp13/run2_2018-05-30-11-34-54.ids_1,74,33313,33403,sitting_still,28
13,vp13/run2_2018-05-30-11-34-54.ids_1,74,33403,33493,sitting_still,29
13,vp13/run2_2018-05-30-11-34-54.ids_1,74,33493,33583,sitting_still,30
13,vp13/run2_2018-05-30-11-34-54.ids_1,74,33583,33673,sitting_still,31
13,vp13/run2_2018-05-30-11-34-54.ids_1,74,33673,33763,sitting_still,32
13,vp13/run2_2018-05-30-11-34-54.ids_1,74,33763,33853,sitting_still,33
13,vp13/run2_2018-05-30-11-34-54.ids_1,74,33853,33943,sitting_still,34
13,vp13/run2_2018-05-30-11-34-54.ids_1,74,33943,34033,sitting_still,35
13,vp13/run2_2018-05-30-11-34-54.ids_1,74,34033,34123,sitting_still,36
13,vp13/run2_2018-05-30-11-34-54.ids_1,74,34123,34213,sitting_still,37
13,vp13/run2_2018-05-30-11-34-54.ids_1,74,34213,34303,sitting_still,38
13,vp13/run2_2018-05-30-11-34-54.ids_1,74,34303,34393,sitting_still,39
13,vp13/run2_2018-05-30-11-34-54.ids_1,74,34393,34483,sitting_still,40
13,vp13/run2_2018-05-30-11-34-54.ids_1,74,34483,34573,sitting_still,41
13,vp13/run2_2018-05-30-11-34-54.ids_1,74,34573,34663,sitting_still,42
13,vp13/run2_2018-05-30-11-34-54.ids_1,74,34663,34753,sitting_still,43
13,vp13/run2_2018-05-30-11-34-54.ids_1,74,34753,34843,sitting_still,44
13,vp13/run2_2018-05-30-11-34-54.ids_1,74,34843,34933,sitting_still,45
13,vp13/run2_2018-05-30-11-34-54.ids_1,74,34933,35023,sitting_still,46
13,vp13/run2_2018-05-30-11-34-54.ids_1,74,35023,35113,sitting_still,47
13,vp13/run2_2018-05-30-11-34-54.ids_1,74,35113,35142,sitting_still,48
13,vp13/run2_2018-05-30-11-34-54.ids_1,75,36086,36093,pressing_automation_button,0
13,vp13/run2_2018-05-30-11-34-54.ids_1,76,36170,36184,using_multimedia_display,0
13,vp13/run2_2018-05-30-11-34-54.ids_1,77,36217,36307,sitting_still,0
13,vp13/run2_2018-05-30-11-34-54.ids_1,77,36307,36397,sitting_still,1
13,vp13/run2_2018-05-30-11-34-54.ids_1,77,36397,36487,sitting_still,2
13,vp13/run2_2018-05-30-11-34-54.ids_1,77,36487,36577,sitting_still,3
13,vp13/run2_2018-05-30-11-34-54.ids_1,77,36577,36667,sitting_still,4
13,vp13/run2_2018-05-30-11-34-54.ids_1,77,36667,36757,sitting_still,5
13,vp13/run2_2018-05-30-11-34-54.ids_1,77,36757,36847,sitting_still,6
13,vp13/run2_2018-05-30-11-34-54.ids_1,77,36847,36937,sitting_still,7
13,vp13/run2_2018-05-30-11-34-54.ids_1,77,36937,37027,sitting_still,8
13,vp13/run2_2018-05-30-11-34-54.ids_1,77,37027,37117,sitting_still,9
13,vp13/run2_2018-05-30-11-34-54.ids_1,77,37117,37207,sitting_still,10
13,vp13/run2_2018-05-30-11-34-54.ids_1,77,37207,37297,sitting_still,11
13,vp13/run2_2018-05-30-11-34-54.ids_1,77,37297,37387,sitting_still,12
13,vp13/run2_2018-05-30-11-34-54.ids_1,77,37387,37477,sitting_still,13
13,vp13/run2_2018-05-30-11-34-54.ids_1,77,37477,37567,sitting_still,14
13,vp13/run2_2018-05-30-11-34-54.ids_1,77,37567,37657,sitting_still,15
13,vp13/run2_2018-05-30-11-34-54.ids_1,77,37657,37747,sitting_still,16
13,vp13/run2_2018-05-30-11-34-54.ids_1,77,37747,37837,sitting_still,17
13,vp13/run2_2018-05-30-11-34-54.ids_1,77,37837,37927,sitting_still,18
13,vp13/run2_2018-05-30-11-34-54.ids_1,77,37927,38017,sitting_still,19
13,vp13/run2_2018-05-30-11-34-54.ids_1,77,38017,38023,sitting_still,20
13,vp13/run2_2018-05-30-11-34-54.ids_1,78,38047,38080,using_multimedia_display,0
13,vp13/run2_2018-05-30-11-34-54.ids_1,79,38121,38211,sitting_still,0
13,vp13/run2_2018-05-30-11-34-54.ids_1,79,38211,38301,sitting_still,1
13,vp13/run2_2018-05-30-11-34-54.ids_1,79,38301,38391,sitting_still,2
13,vp13/run2_2018-05-30-11-34-54.ids_1,79,38391,38481,sitting_still,3
13,vp13/run2_2018-05-30-11-34-54.ids_1,79,38481,38571,sitting_still,4
13,vp13/run2_2018-05-30-11-34-54.ids_1,79,38571,38661,sitting_still,5
13,vp13/run2_2018-05-30-11-34-54.ids_1,79,38661,38751,sitting_still,6
13,vp13/run2_2018-05-30-11-34-54.ids_1,79,38751,38841,sitting_still,7
13,vp13/run2_2018-05-30-11-34-54.ids_1,79,38841,38931,sitting_still,8
13,vp13/run2_2018-05-30-11-34-54.ids_1,79,38931,39021,sitting_still,9
13,vp13/run2_2018-05-30-11-34-54.ids_1,79,39021,39111,sitting_still,10
13,vp13/run2_2018-05-30-11-34-54.ids_1,79,39111,39201,sitting_still,11
13,vp13/run2_2018-05-30-11-34-54.ids_1,79,39201,39250,sitting_still,12
13,vp13/run2_2018-05-30-11-34-54.ids_1,80,39333,39351,pressing_automation_button,0
13,vp13/run2_2018-05-30-11-34-54.ids_1,81,39410,39420,pressing_automation_button,0
13,vp13/run2_2018-05-30-11-34-54.ids_1,82,39975,39991,using_multimedia_display,0
13,vp13/run2_2018-05-30-11-34-54.ids_1,83,40017,40107,unfastening_seat_belt,0
13,vp13/run2_2018-05-30-11-34-54.ids_1,83,40107,40118,unfastening_seat_belt,1
13,vp13/run2_2018-05-30-11-34-54.ids_1,84,40118,40198,opening_door_inside,0
13,vp13/run2_2018-05-30-11-34-54.ids_1,85,40198,40264,exiting_car,0
13,vp13/run2_2018-05-30-11-34-54.ids_1,86,40264,40279,closing_door_outside,0
14,vp14/run1_2018-05-30-10-11-09.ids_1,0,124,165,opening_door_outside,0
14,vp14/run1_2018-05-30-10-11-09.ids_1,1,165,208,entering_car,0
14,vp14/run1_2018-05-30-10-11-09.ids_1,2,208,249,closing_door_inside,0
14,vp14/run1_2018-05-30-10-11-09.ids_1,3,249,339,fastening_seat_belt,0
14,vp14/run1_2018-05-30-10-11-09.ids_1,3,339,429,fastening_seat_belt,1
14,vp14/run1_2018-05-30-10-11-09.ids_1,3,429,495,fastening_seat_belt,2
14,vp14/run1_2018-05-30-10-11-09.ids_1,4,960,1050,using_multimedia_display,0
14,vp14/run1_2018-05-30-10-11-09.ids_1,4,1050,1126,using_multimedia_display,1
14,vp14/run1_2018-05-30-10-11-09.ids_1,5,6644,6667,pressing_automation_button,0
14,vp14/run1_2018-05-30-10-11-09.ids_1,6,6806,6896,using_multimedia_display,0
14,vp14/run1_2018-05-30-10-11-09.ids_1,6,6896,6909,using_multimedia_display,1
14,vp14/run1_2018-05-30-10-11-09.ids_1,7,6928,7018,sitting_still,0
14,vp14/run1_2018-05-30-10-11-09.ids_1,7,7018,7108,sitting_still,1
14,vp14/run1_2018-05-30-10-11-09.ids_1,7,7108,7197,sitting_still,2
14,vp14/run1_2018-05-30-10-11-09.ids_1,8,7231,7299,fetching_an_object,0
14,vp14/run1_2018-05-30-10-11-09.ids_1,9,7299,7389,interacting_with_phone,0
14,vp14/run1_2018-05-30-10-11-09.ids_1,9,7389,7479,interacting_with_phone,1
14,vp14/run1_2018-05-30-10-11-09.ids_1,9,7479,7550,interacting_with_phone,2
14,vp14/run1_2018-05-30-10-11-09.ids_1,10,7550,7640,placing_an_object,0
14,vp14/run1_2018-05-30-10-11-09.ids_1,10,7640,7730,placing_an_object,1
14,vp14/run1_2018-05-30-10-11-09.ids_1,10,7730,7767,placing_an_object,2
14,vp14/run1_2018-05-30-10-11-09.ids_1,11,7767,7857,fetching_an_object,0
14,vp14/run1_2018-05-30-10-11-09.ids_1,11,7857,7881,fetching_an_object,1
14,vp14/run1_2018-05-30-10-11-09.ids_1,12,7881,7971,talking_on_phone,0
14,vp14/run1_2018-05-30-10-11-09.ids_1,12,7971,8061,talking_on_phone,1
14,vp14/run1_2018-05-30-10-11-09.ids_1,12,8061,8151,talking_on_phone,2
14,vp14/run1_2018-05-30-10-11-09.ids_1,12,8151,8241,talking_on_phone,3
14,vp14/run1_2018-05-30-10-11-09.ids_1,12,8241,8331,talking_on_phone,4
14,vp14/run1_2018-05-30-10-11-09.ids_1,12,8331,8421,talking_on_phone,5
14,vp14/run1_2018-05-30-10-11-09.ids_1,12,8421,8511,talking_on_phone,6
14,vp14/run1_2018-05-30-10-11-09.ids_1,12,8511,8601,talking_on_phone,7
14,vp14/run1_2018-05-30-10-11-09.ids_1,12,8601,8691,talking_on_phone,8
14,vp14/run1_2018-05-30-10-11-09.ids_1,12,8691,8781,talking_on_phone,9
14,vp14/run1_2018-05-30-10-11-09.ids_1,12,8781,8871,talking_on_phone,10
14,vp14/run1_2018-05-30-10-11-09.ids_1,12,8871,8961,talking_on_phone,11
14,vp14/run1_2018-05-30-10-11-09.ids_1,12,8961,9037,talking_on_phone,12
14,vp14/run1_2018-05-30-10-11-09.ids_1,13,9037,9127,placing_an_object,0
14,vp14/run1_2018-05-30-10-11-09.ids_1,13,9127,9217,placing_an_object,1
14,vp14/run1_2018-05-30-10-11-09.ids_1,13,9217,9244,placing_an_object,2
14,vp14/run1_2018-05-30-10-11-09.ids_1,14,10051,10069,pressing_automation_button,0
14,vp14/run1_2018-05-30-10-11-09.ids_1,15,10312,10402,fetching_an_object,0
14,vp14/run1_2018-05-30-10-11-09.ids_1,15,10402,10486,fetching_an_object,1
14,vp14/run1_2018-05-30-10-11-09.ids_1,16,10486,10576,eating,0
14,vp14/run1_2018-05-30-10-11-09.ids_1,16,10576,10666,eating,1
14,vp14/run1_2018-05-30-10-11-09.ids_1,16,10666,10756,eating,2
14,vp14/run1_2018-05-30-10-11-09.ids_1,16,10756,10846,eating,3
14,vp14/run1_2018-05-30-10-11-09.ids_1,16,10846,10936,eating,4
14,vp14/run1_2018-05-30-10-11-09.ids_1,16,10936,10961,eating,5
14,vp14/run1_2018-05-30-10-11-09.ids_1,17,10961,11051,placing_an_object,0
14,vp14/run1_2018-05-30-10-11-09.ids_1,17,11051,11078,placing_an_object,1
14,vp14/run1_2018-05-30-10-11-09.ids_1,18,11078,11168,fetching_an_object,0
14,vp14/run1_2018-05-30-10-11-09.ids_1,18,11168,11258,fetching_an_object,1
14,vp14/run1_2018-05-30-10-11-09.ids_1,18,11258,11348,fetching_an_object,2
14,vp14/run1_2018-05-30-10-11-09.ids_1,18,11348,11426,fetching_an_object,3
14,vp14/run1_2018-05-30-10-11-09.ids_1,19,11426,11516,opening_bottle,0
14,vp14/run1_2018-05-30-10-11-09.ids_1,19,11516,11606,opening_bottle,1
14,vp14/run1_2018-05-30-10-11-09.ids_1,19,11606,11642,opening_bottle,2
14,vp14/run1_2018-05-30-10-11-09.ids_1,20,11642,11732,drinking,0
14,vp14/run1_2018-05-30-10-11-09.ids_1,20,11732,11822,drinking,1
14,vp14/run1_2018-05-30-10-11-09.ids_1,20,11822,11828,drinking,2
14,vp14/run1_2018-05-30-10-11-09.ids_1,21,11828,11918,closing_bottle,0
14,vp14/run1_2018-05-30-10-11-09.ids_1,21,11918,11961,closing_bottle,1
14,vp14/run1_2018-05-30-10-11-09.ids_1,22,11961,12051,placing_an_object,0
14,vp14/run1_2018-05-30-10-11-09.ids_1,22,12051,12058,placing_an_object,1
14,vp14/run1_2018-05-30-10-11-09.ids_1,23,12094,12165,pressing_automation_button,0
14,vp14/run1_2018-05-30-10-11-09.ids_1,24,12267,12292,using_multimedia_display,0
14,vp14/run1_2018-05-30-10-11-09.ids_1,25,12951,12976,pressing_automation_button,0
14,vp14/run1_2018-05-30-10-11-09.ids_1,26,13004,13011,using_multimedia_display,0
14,vp14/run1_2018-05-30-10-11-09.ids_1,27,13269,13359,fetching_an_object,0
14,vp14/run1_2018-05-30-10-11-09.ids_1,27,13359,13402,fetching_an_object,1
14,vp14/run1_2018-05-30-10-11-09.ids_1,28,13402,13492,eating,0
14,vp14/run1_2018-05-30-10-11-09.ids_1,28,13492,13582,eating,1
14,vp14/run1_2018-05-30-10-11-09.ids_1,28,13582,13672,eating,2
14,vp14/run1_2018-05-30-10-11-09.ids_1,28,13672,13720,eating,3
14,vp14/run1_2018-05-30-10-11-09.ids_1,29,13720,13810,placing_an_object,0
14,vp14/run1_2018-05-30-10-11-09.ids_1,29,13810,13823,placing_an_object,1
14,vp14/run1_2018-05-30-10-11-09.ids_1,30,13823,13913,fetching_an_object,0
14,vp14/run1_2018-05-30-10-11-09.ids_1,30,13913,13950,fetching_an_object,1
14,vp14/run1_2018-05-30-10-11-09.ids_1,31,13950,13999,placing_an_object,0
14,vp14/run1_2018-05-30-10-11-09.ids_1,32,13999,14089,fetching_an_object,0
14,vp14/run1_2018-05-30-10-11-09.ids_1,32,14089,14136,fetching_an_object,1
14,vp14/run1_2018-05-30-10-11-09.ids_1,33,14136,14226,reading_newspaper,0
14,vp14/run1_2018-05-30-10-11-09.ids_1,33,14226,14316,reading_newspaper,1
14,vp14/run1_2018-05-30-10-11-09.ids_1,33,14316,14406,reading_newspaper,2
14,vp14/run1_2018-05-30-10-11-09.ids_1,33,14406,14496,reading_newspaper,3
14,vp14/run1_2018-05-30-10-11-09.ids_1,33,14496,14586,reading_newspaper,4
14,vp14/run1_2018-05-30-10-11-09.ids_1,33,14586,14676,reading_newspaper,5
14,vp14/run1_2018-05-30-10-11-09.ids_1,33,14676,14766,reading_newspaper,6
14,vp14/run1_2018-05-30-10-11-09.ids_1,33,14766,14856,reading_newspaper,7
14,vp14/run1_2018-05-30-10-11-09.ids_1,33,14856,14946,reading_newspaper,8
14,vp14/run1_2018-05-30-10-11-09.ids_1,33,14946,15036,reading_newspaper,9
14,vp14/run1_2018-05-30-10-11-09.ids_1,33,15036,15126,reading_newspaper,10
14,vp14/run1_2018-05-30-10-11-09.ids_1,33,15126,15216,reading_newspaper,11
14,vp14/run1_2018-05-30-10-11-09.ids_1,33,15216,15306,reading_newspaper,12
14,vp14/run1_2018-05-30-10-11-09.ids_1,33,15306,15396,reading_newspaper,13
14,vp14/run1_2018-05-30-10-11-09.ids_1,33,15396,15486,reading_newspaper,14
14,vp14/run1_2018-05-30-10-11-09.ids_1,33,15486,15576,reading_newspaper,15
14,vp14/run1_2018-05-30-10-11-09.ids_1,33,15576,15666,reading_newspaper,16
14,vp14/run1_2018-05-30-10-11-09.ids_1,33,15666,15756,reading_newspaper,17
14,vp14/run1_2018-05-30-10-11-09.ids_1,33,15756,15846,reading_newspaper,18
14,vp14/run1_2018-05-30-10-11-09.ids_1,33,15846,15936,reading_newspaper,19
14,vp14/run1_2018-05-30-10-11-09.ids_1,33,15936,16026,reading_newspaper,20
14,vp14/run1_2018-05-30-10-11-09.ids_1,33,16026,16116,reading_newspaper,21
14,vp14/run1_2018-05-30-10-11-09.ids_1,33,16116,16206,reading_newspaper,22
14,vp14/run1_2018-05-30-10-11-09.ids_1,33,16206,16296,reading_newspaper,23
14,vp14/run1_2018-05-30-10-11-09.ids_1,33,16296,16386,reading_newspaper,24
14,vp14/run1_2018-05-30-10-11-09.ids_1,33,16386,16476,reading_newspaper,25
14,vp14/run1_2018-05-30-10-11-09.ids_1,33,16476,16566,reading_newspaper,26
14,vp14/run1_2018-05-30-10-11-09.ids_1,33,16566,16656,reading_newspaper,27
14,vp14/run1_2018-05-30-10-11-09.ids_1,33,16656,16746,reading_newspaper,28
14,vp14/run1_2018-05-30-10-11-09.ids_1,33,16746,16836,reading_newspaper,29
14,vp14/run1_2018-05-30-10-11-09.ids_1,33,16836,16926,reading_newspaper,30
14,vp14/run1_2018-05-30-10-11-09.ids_1,33,16926,17016,reading_newspaper,31
14,vp14/run1_2018-05-30-10-11-09.ids_1,33,17016,17106,reading_newspaper,32
14,vp14/run1_2018-05-30-10-11-09.ids_1,33,17106,17196,reading_newspaper,33
14,vp14/run1_2018-05-30-10-11-09.ids_1,33,17196,17286,reading_newspaper,34
14,vp14/run1_2018-05-30-10-11-09.ids_1,33,17286,17376,reading_newspaper,35
14,vp14/run1_2018-05-30-10-11-09.ids_1,33,17376,17466,reading_newspaper,36
14,vp14/run1_2018-05-30-10-11-09.ids_1,33,17466,17556,reading_newspaper,37
14,vp14/run1_2018-05-30-10-11-09.ids_1,33,17556,17646,reading_newspaper,38
14,vp14/run1_2018-05-30-10-11-09.ids_1,33,17646,17736,reading_newspaper,39
14,vp14/run1_2018-05-30-10-11-09.ids_1,33,17736,17826,reading_newspaper,40
14,vp14/run1_2018-05-30-10-11-09.ids_1,33,17826,17916,reading_newspaper,41
14,vp14/run1_2018-05-30-10-11-09.ids_1,33,17916,18006,reading_newspaper,42
14,vp14/run1_2018-05-30-10-11-09.ids_1,33,18006,18096,reading_newspaper,43
14,vp14/run1_2018-05-30-10-11-09.ids_1,33,18096,18186,reading_newspaper,44
14,vp14/run1_2018-05-30-10-11-09.ids_1,33,18186,18276,reading_newspaper,45
14,vp14/run1_2018-05-30-10-11-09.ids_1,33,18276,18366,reading_newspaper,46
14,vp14/run1_2018-05-30-10-11-09.ids_1,33,18366,18456,reading_newspaper,47
14,vp14/run1_2018-05-30-10-11-09.ids_1,33,18456,18546,reading_newspaper,48
14,vp14/run1_2018-05-30-10-11-09.ids_1,33,18546,18636,reading_newspaper,49
14,vp14/run1_2018-05-30-10-11-09.ids_1,33,18636,18726,reading_newspaper,50
14,vp14/run1_2018-05-30-10-11-09.ids_1,33,18726,18806,reading_newspaper,51
14,vp14/run1_2018-05-30-10-11-09.ids_1,34,18808,18898,placing_an_object,0
14,vp14/run1_2018-05-30-10-11-09.ids_1,35,18898,18988,fetching_an_object,0
14,vp14/run1_2018-05-30-10-11-09.ids_1,35,18988,18996,fetching_an_object,1
14,vp14/run1_2018-05-30-10-11-09.ids_1,36,18996,19086,writing,0
14,vp14/run1_2018-05-30-10-11-09.ids_1,36,19086,19176,writing,1
14,vp14/run1_2018-05-30-10-11-09.ids_1,36,19176,19266,writing,2
14,vp14/run1_2018-05-30-10-11-09.ids_1,36,19266,19356,writing,3
14,vp14/run1_2018-05-30-10-11-09.ids_1,36,19356,19441,writing,4
14,vp14/run1_2018-05-30-10-11-09.ids_1,37,19441,19531,placing_an_object,0
14,vp14/run1_2018-05-30-10-11-09.ids_1,37,19531,19621,placing_an_object,1
14,vp14/run1_2018-05-30-10-11-09.ids_1,37,19621,19659,placing_an_object,2
14,vp14/run1_2018-05-30-10-11-09.ids_1,39,19890,19978,placing_an_object,0
14,vp14/run1_2018-05-30-10-11-09.ids_1,40,19978,20032,taking_off_sunglasses,0
14,vp14/run1_2018-05-30-10-11-09.ids_1,41,20032,20083,putting_on_sunglasses,0
14,vp14/run1_2018-05-30-10-11-09.ids_1,42,20179,20230,taking_off_sunglasses,0
14,vp14/run1_2018-05-30-10-11-09.ids_1,43,20230,20270,placing_an_object,0
14,vp14/run1_2018-05-30-10-11-09.ids_1,44,20270,20360,fetching_an_object,0
14,vp14/run1_2018-05-30-10-11-09.ids_1,44,20360,20401,fetching_an_object,1
14,vp14/run1_2018-05-30-10-11-09.ids_1,45,20401,20482,putting_on_sunglasses,0
14,vp14/run1_2018-05-30-10-11-09.ids_1,46,20511,20518,using_multimedia_display,0
14,vp14/run1_2018-05-30-10-11-09.ids_1,47,21877,21967,pressing_automation_button,0
14,vp14/run1_2018-05-30-10-11-09.ids_1,48,22269,22320,pressing_automation_button,0
14,vp14/run1_2018-05-30-10-11-09.ids_1,49,23242,23259,pressing_automation_button,0
14,vp14/run1_2018-05-30-10-11-09.ids_1,50,23349,23360,using_multimedia_display,0
14,vp14/run1_2018-05-30-10-11-09.ids_1,51,23601,23677,fetching_an_object,0
14,vp14/run1_2018-05-30-10-11-09.ids_1,52,23677,23767,opening_bottle,0
14,vp14/run1_2018-05-30-10-11-09.ids_1,52,23767,23788,opening_bottle,1
14,vp14/run1_2018-05-30-10-11-09.ids_1,53,23788,23878,drinking,0
14,vp14/run1_2018-05-30-10-11-09.ids_1,53,23878,23892,drinking,1
14,vp14/run1_2018-05-30-10-11-09.ids_1,54,23892,23973,closing_bottle,0
14,vp14/run1_2018-05-30-10-11-09.ids_1,55,23973,24028,placing_an_object,0
14,vp14/run1_2018-05-30-10-11-09.ids_1,56,24061,24135,unfastening_seat_belt,0
14,vp14/run1_2018-05-30-10-11-09.ids_1,57,24135,24225,fetching_an_object,0
14,vp14/run1_2018-05-30-10-11-09.ids_1,57,24225,24271,fetching_an_object,1
14,vp14/run1_2018-05-30-10-11-09.ids_1,58,24271,24361,putting_on_jacket,0
14,vp14/run1_2018-05-30-10-11-09.ids_1,58,24361,24451,putting_on_jacket,1
14,vp14/run1_2018-05-30-10-11-09.ids_1,58,24451,24505,putting_on_jacket,2
14,vp14/run1_2018-05-30-10-11-09.ids_1,59,24507,24597,fastening_seat_belt,0
14,vp14/run1_2018-05-30-10-11-09.ids_1,59,24597,24687,fastening_seat_belt,1
14,vp14/run1_2018-05-30-10-11-09.ids_1,60,24757,24762,using_multimedia_display,0
14,vp14/run1_2018-05-30-10-11-09.ids_1,61,24979,25026,placing_an_object,0
14,vp14/run1_2018-05-30-10-11-09.ids_1,62,25028,25118,fetching_an_object,0
14,vp14/run1_2018-05-30-10-11-09.ids_1,63,25118,25208,interacting_with_phone,0
14,vp14/run1_2018-05-30-10-11-09.ids_1,63,25208,25264,interacting_with_phone,1
14,vp14/run1_2018-05-30-10-11-09.ids_1,64,25264,25312,placing_an_object,0
14,vp14/run1_2018-05-30-10-11-09.ids_1,65,25334,25424,unfastening_seat_belt,0
14,vp14/run1_2018-05-30-10-11-09.ids_1,66,25424,25514,taking_off_jacket,0
14,vp14/run1_2018-05-30-10-11-09.ids_1,66,25514,25604,taking_off_jacket,1
14,vp14/run1_2018-05-30-10-11-09.ids_1,66,25604,25694,taking_off_jacket,2
14,vp14/run1_2018-05-30-10-11-09.ids_1,66,25694,25784,taking_off_jacket,3
14,vp14/run1_2018-05-30-10-11-09.ids_1,66,25784,25874,taking_off_jacket,4
14,vp14/run1_2018-05-30-10-11-09.ids_1,66,25874,25964,taking_off_jacket,5
14,vp14/run1_2018-05-30-10-11-09.ids_1,66,25964,26016,taking_off_jacket,6
14,vp14/run1_2018-05-30-10-11-09.ids_1,67,26016,26093,placing_an_object,0
14,vp14/run1_2018-05-30-10-11-09.ids_1,68,26093,26183,fastening_seat_belt,0
14,vp14/run1_2018-05-30-10-11-09.ids_1,68,26183,26198,fastening_seat_belt,1
14,vp14/run1_2018-05-30-10-11-09.ids_1,69,26234,26242,using_multimedia_display,0
14,vp14/run1_2018-05-30-10-11-09.ids_1,70,26296,26374,fetching_an_object,0
14,vp14/run1_2018-05-30-10-11-09.ids_1,71,26374,26464,interacting_with_phone,0
14,vp14/run1_2018-05-30-10-11-09.ids_1,71,26464,26554,interacting_with_phone,1
14,vp14/run1_2018-05-30-10-11-09.ids_1,71,26554,26625,interacting_with_phone,2
14,vp14/run1_2018-05-30-10-11-09.ids_1,72,26625,26715,placing_an_object,0
14,vp14/run1_2018-05-30-10-11-09.ids_1,72,26715,26746,placing_an_object,1
14,vp14/run1_2018-05-30-10-11-09.ids_1,73,26840,26887,taking_off_sunglasses,0
14,vp14/run1_2018-05-30-10-11-09.ids_1,74,26887,26948,placing_an_object,0
14,vp14/run1_2018-05-30-10-11-09.ids_1,75,26948,27012,fetching_an_object,0
14,vp14/run1_2018-05-30-10-11-09.ids_1,76,27012,27074,putting_on_sunglasses,0
14,vp14/run1_2018-05-30-10-11-09.ids_1,77,27077,27167,fetching_an_object,0
14,vp14/run1_2018-05-30-10-11-09.ids_1,78,27167,27257,reading_magazine,0
14,vp14/run1_2018-05-30-10-11-09.ids_1,78,27257,27347,reading_magazine,1
14,vp14/run1_2018-05-30-10-11-09.ids_1,78,27347,27437,reading_magazine,2
14,vp14/run1_2018-05-30-10-11-09.ids_1,78,27437,27527,reading_magazine,3
14,vp14/run1_2018-05-30-10-11-09.ids_1,78,27527,27617,reading_magazine,4
14,vp14/run1_2018-05-30-10-11-09.ids_1,78,27617,27707,reading_magazine,5
14,vp14/run1_2018-05-30-10-11-09.ids_1,78,27707,27797,reading_magazine,6
14,vp14/run1_2018-05-30-10-11-09.ids_1,78,27797,27887,reading_magazine,7
14,vp14/run1_2018-05-30-10-11-09.ids_1,78,27887,27977,reading_magazine,8
14,vp14/run1_2018-05-30-10-11-09.ids_1,78,27977,28067,reading_magazine,9
14,vp14/run1_2018-05-30-10-11-09.ids_1,78,28067,28157,reading_magazine,10
14,vp14/run1_2018-05-30-10-11-09.ids_1,78,28157,28247,reading_magazine,11
14,vp14/run1_2018-05-30-10-11-09.ids_1,78,28247,28337,reading_magazine,12
14,vp14/run1_2018-05-30-10-11-09.ids_1,78,28337,28427,reading_magazine,13
14,vp14/run1_2018-05-30-10-11-09.ids_1,78,28427,28517,reading_magazine,14
14,vp14/run1_2018-05-30-10-11-09.ids_1,78,28517,28607,reading_magazine,15
14,vp14/run1_2018-05-30-10-11-09.ids_1,78,28607,28697,reading_magazine,16
14,vp14/run1_2018-05-30-10-11-09.ids_1,78,28697,28787,reading_magazine,17
14,vp14/run1_2018-05-30-10-11-09.ids_1,78,28787,28877,reading_magazine,18
14,vp14/run1_2018-05-30-10-11-09.ids_1,78,28877,28967,reading_magazine,19
14,vp14/run1_2018-05-30-10-11-09.ids_1,78,28967,29057,reading_magazine,20
14,vp14/run1_2018-05-30-10-11-09.ids_1,78,29057,29147,reading_magazine,21
14,vp14/run1_2018-05-30-10-11-09.ids_1,78,29147,29237,reading_magazine,22
14,vp14/run1_2018-05-30-10-11-09.ids_1,78,29237,29327,reading_magazine,23
14,vp14/run1_2018-05-30-10-11-09.ids_1,78,29327,29417,reading_magazine,24
14,vp14/run1_2018-05-30-10-11-09.ids_1,78,29417,29507,reading_magazine,25
14,vp14/run1_2018-05-30-10-11-09.ids_1,78,29507,29597,reading_magazine,26
14,vp14/run1_2018-05-30-10-11-09.ids_1,78,29597,29687,reading_magazine,27
14,vp14/run1_2018-05-30-10-11-09.ids_1,78,29687,29777,reading_magazine,28
14,vp14/run1_2018-05-30-10-11-09.ids_1,78,29777,29867,reading_magazine,29
14,vp14/run1_2018-05-30-10-11-09.ids_1,78,29867,29957,reading_magazine,30
14,vp14/run1_2018-05-30-10-11-09.ids_1,78,29957,30047,reading_magazine,31
14,vp14/run1_2018-05-30-10-11-09.ids_1,78,30047,30137,reading_magazine,32
14,vp14/run1_2018-05-30-10-11-09.ids_1,78,30137,30227,reading_magazine,33
14,vp14/run1_2018-05-30-10-11-09.ids_1,78,30227,30317,reading_magazine,34
14,vp14/run1_2018-05-30-10-11-09.ids_1,78,30317,30407,reading_magazine,35
14,vp14/run1_2018-05-30-10-11-09.ids_1,78,30407,30497,reading_magazine,36
14,vp14/run1_2018-05-30-10-11-09.ids_1,78,30497,30587,reading_magazine,37
14,vp14/run1_2018-05-30-10-11-09.ids_1,78,30587,30677,reading_magazine,38
14,vp14/run1_2018-05-30-10-11-09.ids_1,78,30677,30767,reading_magazine,39
14,vp14/run1_2018-05-30-10-11-09.ids_1,78,30767,30857,reading_magazine,40
14,vp14/run1_2018-05-30-10-11-09.ids_1,78,30857,30947,reading_magazine,41
14,vp14/run1_2018-05-30-10-11-09.ids_1,78,30947,31037,reading_magazine,42
14,vp14/run1_2018-05-30-10-11-09.ids_1,78,31037,31127,reading_magazine,43
14,vp14/run1_2018-05-30-10-11-09.ids_1,78,31127,31217,reading_magazine,44
14,vp14/run1_2018-05-30-10-11-09.ids_1,78,31217,31307,reading_magazine,45
14,vp14/run1_2018-05-30-10-11-09.ids_1,78,31307,31397,reading_magazine,46
14,vp14/run1_2018-05-30-10-11-09.ids_1,78,31397,31487,reading_magazine,47
14,vp14/run1_2018-05-30-10-11-09.ids_1,78,31487,31577,reading_magazine,48
14,vp14/run1_2018-05-30-10-11-09.ids_1,78,31577,31634,reading_magazine,49
14,vp14/run1_2018-05-30-10-11-09.ids_1,79,31634,31676,placing_an_object,0
14,vp14/run1_2018-05-30-10-11-09.ids_1,80,31676,31718,fetching_an_object,0
14,vp14/run1_2018-05-30-10-11-09.ids_1,81,31718,31808,writing,0
14,vp14/run1_2018-05-30-10-11-09.ids_1,81,31808,31898,writing,1
14,vp14/run1_2018-05-30-10-11-09.ids_1,81,31898,31988,writing,2
14,vp14/run1_2018-05-30-10-11-09.ids_1,81,31988,32078,writing,3
14,vp14/run1_2018-05-30-10-11-09.ids_1,81,32078,32168,writing,4
14,vp14/run1_2018-05-30-10-11-09.ids_1,81,32168,32258,writing,5
14,vp14/run1_2018-05-30-10-11-09.ids_1,81,32258,32348,writing,6
14,vp14/run1_2018-05-30-10-11-09.ids_1,81,32348,32438,writing,7
14,vp14/run1_2018-05-30-10-11-09.ids_1,81,32438,32528,writing,8
14,vp14/run1_2018-05-30-10-11-09.ids_1,81,32528,32618,writing,9
14,vp14/run1_2018-05-30-10-11-09.ids_1,81,32618,32708,writing,10
14,vp14/run1_2018-05-30-10-11-09.ids_1,81,32708,32764,writing,11
14,vp14/run1_2018-05-30-10-11-09.ids_1,82,32764,32804,placing_an_object,0
14,vp14/run1_2018-05-30-10-11-09.ids_1,84,34309,34365,using_multimedia_display,0
14,vp14/run1_2018-05-30-10-11-09.ids_1,85,34415,34505,fetching_an_object,0
14,vp14/run1_2018-05-30-10-11-09.ids_1,86,34505,34595,eating,0
14,vp14/run1_2018-05-30-10-11-09.ids_1,86,34595,34685,eating,1
14,vp14/run1_2018-05-30-10-11-09.ids_1,86,34685,34775,eating,2
14,vp14/run1_2018-05-30-10-11-09.ids_1,86,34775,34865,eating,3
14,vp14/run1_2018-05-30-10-11-09.ids_1,86,34865,34955,eating,4
14,vp14/run1_2018-05-30-10-11-09.ids_1,86,34955,35045,eating,5
14,vp14/run1_2018-05-30-10-11-09.ids_1,86,35045,35135,eating,6
14,vp14/run1_2018-05-30-10-11-09.ids_1,86,35135,35225,eating,7
14,vp14/run1_2018-05-30-10-11-09.ids_1,86,35225,35315,eating,8
14,vp14/run1_2018-05-30-10-11-09.ids_1,86,35315,35405,eating,9
14,vp14/run1_2018-05-30-10-11-09.ids_1,86,35405,35495,eating,10
14,vp14/run1_2018-05-30-10-11-09.ids_1,86,35495,35585,eating,11
14,vp14/run1_2018-05-30-10-11-09.ids_1,86,35585,35675,eating,12
14,vp14/run1_2018-05-30-10-11-09.ids_1,86,35675,35765,eating,13
14,vp14/run1_2018-05-30-10-11-09.ids_1,86,35765,35855,eating,14
14,vp14/run1_2018-05-30-10-11-09.ids_1,86,35855,35945,eating,15
14,vp14/run1_2018-05-30-10-11-09.ids_1,86,35945,36035,eating,16
14,vp14/run1_2018-05-30-10-11-09.ids_1,86,36035,36125,eating,17
14,vp14/run1_2018-05-30-10-11-09.ids_1,86,36125,36215,eating,18
14,vp14/run1_2018-05-30-10-11-09.ids_1,86,36215,36305,eating,19
14,vp14/run1_2018-05-30-10-11-09.ids_1,86,36305,36388,eating,20
14,vp14/run1_2018-05-30-10-11-09.ids_1,87,36388,36478,placing_an_object,0
14,vp14/run1_2018-05-30-10-11-09.ids_1,87,36478,36502,placing_an_object,1
14,vp14/run1_2018-05-30-10-11-09.ids_1,88,37835,37870,pressing_automation_button,0
14,vp14/run1_2018-05-30-10-11-09.ids_1,89,38059,38122,fetching_an_object,0
14,vp14/run1_2018-05-30-10-11-09.ids_1,90,38122,38212,eating,0
14,vp14/run1_2018-05-30-10-11-09.ids_1,90,38212,38302,eating,1
14,vp14/run1_2018-05-30-10-11-09.ids_1,90,38302,38392,eating,2
14,vp14/run1_2018-05-30-10-11-09.ids_1,90,38392,38482,eating,3
14,vp14/run1_2018-05-30-10-11-09.ids_1,90,38482,38572,eating,4
14,vp14/run1_2018-05-30-10-11-09.ids_1,90,38572,38662,eating,5
14,vp14/run1_2018-05-30-10-11-09.ids_1,90,38662,38752,eating,6
14,vp14/run1_2018-05-30-10-11-09.ids_1,90,38752,38842,eating,7
14,vp14/run1_2018-05-30-10-11-09.ids_1,90,38842,38932,eating,8
14,vp14/run1_2018-05-30-10-11-09.ids_1,90,38932,39022,eating,9
14,vp14/run1_2018-05-30-10-11-09.ids_1,90,39022,39112,eating,10
14,vp14/run1_2018-05-30-10-11-09.ids_1,90,39112,39202,eating,11
14,vp14/run1_2018-05-30-10-11-09.ids_1,90,39202,39292,eating,12
14,vp14/run1_2018-05-30-10-11-09.ids_1,90,39292,39382,eating,13
14,vp14/run1_2018-05-30-10-11-09.ids_1,90,39382,39472,eating,14
14,vp14/run1_2018-05-30-10-11-09.ids_1,90,39472,39562,eating,15
14,vp14/run1_2018-05-30-10-11-09.ids_1,90,39562,39652,eating,16
14,vp14/run1_2018-05-30-10-11-09.ids_1,90,39652,39742,eating,17
14,vp14/run1_2018-05-30-10-11-09.ids_1,90,39742,39832,eating,18
14,vp14/run1_2018-05-30-10-11-09.ids_1,90,39832,39922,eating,19
14,vp14/run1_2018-05-30-10-11-09.ids_1,90,39922,40012,eating,20
14,vp14/run1_2018-05-30-10-11-09.ids_1,90,40012,40102,eating,21
14,vp14/run1_2018-05-30-10-11-09.ids_1,90,40102,40192,eating,22
14,vp14/run1_2018-05-30-10-11-09.ids_1,90,40192,40282,eating,23
14,vp14/run1_2018-05-30-10-11-09.ids_1,90,40282,40372,eating,24
14,vp14/run1_2018-05-30-10-11-09.ids_1,90,40372,40462,eating,25
14,vp14/run1_2018-05-30-10-11-09.ids_1,90,40462,40552,eating,26
14,vp14/run1_2018-05-30-10-11-09.ids_1,90,40552,40642,eating,27
14,vp14/run1_2018-05-30-10-11-09.ids_1,90,40642,40732,eating,28
14,vp14/run1_2018-05-30-10-11-09.ids_1,90,40732,40822,eating,29
14,vp14/run1_2018-05-30-10-11-09.ids_1,90,40822,40912,eating,30
14,vp14/run1_2018-05-30-10-11-09.ids_1,90,40912,41002,eating,31
14,vp14/run1_2018-05-30-10-11-09.ids_1,90,41002,41092,eating,32
14,vp14/run1_2018-05-30-10-11-09.ids_1,90,41092,41182,eating,33
14,vp14/run1_2018-05-30-10-11-09.ids_1,90,41182,41272,eating,34
14,vp14/run1_2018-05-30-10-11-09.ids_1,90,41272,41290,eating,35
14,vp14/run1_2018-05-30-10-11-09.ids_1,91,41290,41380,placing_an_object,0
14,vp14/run1_2018-05-30-10-11-09.ids_1,92,41433,41440,using_multimedia_display,0
14,vp14/run1_2018-05-30-10-11-09.ids_1,93,41474,41564,sitting_still,0
14,vp14/run1_2018-05-30-10-11-09.ids_1,93,41564,41654,sitting_still,1
14,vp14/run1_2018-05-30-10-11-09.ids_1,93,41654,41744,sitting_still,2
14,vp14/run1_2018-05-30-10-11-09.ids_1,93,41744,41834,sitting_still,3
14,vp14/run1_2018-05-30-10-11-09.ids_1,93,41834,41924,sitting_still,4
14,vp14/run1_2018-05-30-10-11-09.ids_1,93,41924,42014,sitting_still,5
14,vp14/run1_2018-05-30-10-11-09.ids_1,93,42014,42104,sitting_still,6
14,vp14/run1_2018-05-30-10-11-09.ids_1,93,42104,42194,sitting_still,7
14,vp14/run1_2018-05-30-10-11-09.ids_1,93,42194,42284,sitting_still,8
14,vp14/run1_2018-05-30-10-11-09.ids_1,93,42284,42374,sitting_still,9
14,vp14/run1_2018-05-30-10-11-09.ids_1,93,42374,42445,sitting_still,10
14,vp14/run1_2018-05-30-10-11-09.ids_1,94,42657,42747,fetching_an_object,0
14,vp14/run1_2018-05-30-10-11-09.ids_1,94,42747,42837,fetching_an_object,1
14,vp14/run1_2018-05-30-10-11-09.ids_1,94,42837,42927,fetching_an_object,2
14,vp14/run1_2018-05-30-10-11-09.ids_1,94,42927,43017,fetching_an_object,3
14,vp14/run1_2018-05-30-10-11-09.ids_1,94,43017,43074,fetching_an_object,4
14,vp14/run1_2018-05-30-10-11-09.ids_1,95,43074,43164,opening_laptop,0
14,vp14/run1_2018-05-30-10-11-09.ids_1,95,43164,43254,opening_laptop,1
14,vp14/run1_2018-05-30-10-11-09.ids_1,95,43254,43344,opening_laptop,2
14,vp14/run1_2018-05-30-10-11-09.ids_1,95,43344,43432,opening_laptop,3
14,vp14/run1_2018-05-30-10-11-09.ids_1,96,43432,43522,working_on_laptop,0
14,vp14/run1_2018-05-30-10-11-09.ids_1,96,43522,43612,working_on_laptop,1
14,vp14/run1_2018-05-30-10-11-09.ids_1,96,43612,43702,working_on_laptop,2
14,vp14/run1_2018-05-30-10-11-09.ids_1,96,43702,43792,working_on_laptop,3
14,vp14/run1_2018-05-30-10-11-09.ids_1,96,43792,43882,working_on_laptop,4
14,vp14/run1_2018-05-30-10-11-09.ids_1,96,43882,43972,working_on_laptop,5
14,vp14/run1_2018-05-30-10-11-09.ids_1,96,43972,44062,working_on_laptop,6
14,vp14/run1_2018-05-30-10-11-09.ids_1,96,44062,44152,working_on_laptop,7
14,vp14/run1_2018-05-30-10-11-09.ids_1,96,44152,44197,working_on_laptop,8
14,vp14/run1_2018-05-30-10-11-09.ids_1,97,44197,44287,fetching_an_object,0
14,vp14/run1_2018-05-30-10-11-09.ids_1,97,44287,44377,fetching_an_object,1
14,vp14/run1_2018-05-30-10-11-09.ids_1,97,44377,44467,fetching_an_object,2
14,vp14/run1_2018-05-30-10-11-09.ids_1,97,44467,44494,fetching_an_object,3
14,vp14/run1_2018-05-30-10-11-09.ids_1,98,44494,44584,interacting_with_phone,0
14,vp14/run1_2018-05-30-10-11-09.ids_1,98,44584,44674,interacting_with_phone,1
14,vp14/run1_2018-05-30-10-11-09.ids_1,98,44674,44764,interacting_with_phone,2
14,vp14/run1_2018-05-30-10-11-09.ids_1,98,44764,44854,interacting_with_phone,3
14,vp14/run1_2018-05-30-10-11-09.ids_1,98,44854,44944,interacting_with_phone,4
14,vp14/run1_2018-05-30-10-11-09.ids_1,98,44944,45034,interacting_with_phone,5
14,vp14/run1_2018-05-30-10-11-09.ids_1,98,45034,45124,interacting_with_phone,6
14,vp14/run1_2018-05-30-10-11-09.ids_1,98,45124,45214,interacting_with_phone,7
14,vp14/run1_2018-05-30-10-11-09.ids_1,98,45214,45304,interacting_with_phone,8
14,vp14/run1_2018-05-30-10-11-09.ids_1,98,45304,45394,interacting_with_phone,9
14,vp14/run1_2018-05-30-10-11-09.ids_1,98,45394,45484,interacting_with_phone,10
14,vp14/run1_2018-05-30-10-11-09.ids_1,98,45484,45574,interacting_with_phone,11
14,vp14/run1_2018-05-30-10-11-09.ids_1,98,45574,45664,interacting_with_phone,12
14,vp14/run1_2018-05-30-10-11-09.ids_1,98,45664,45700,interacting_with_phone,13
14,vp14/run1_2018-05-30-10-11-09.ids_1,99,45700,45790,placing_an_object,0
14,vp14/run1_2018-05-30-10-11-09.ids_1,99,45790,45811,placing_an_object,1
14,vp14/run1_2018-05-30-10-11-09.ids_1,100,45811,45901,closing_laptop,0
14,vp14/run1_2018-05-30-10-11-09.ids_1,100,45901,45991,closing_laptop,1
14,vp14/run1_2018-05-30-10-11-09.ids_1,100,45991,46055,closing_laptop,2
14,vp14/run1_2018-05-30-10-11-09.ids_1,101,46055,46145,placing_an_object,0
14,vp14/run1_2018-05-30-10-11-09.ids_1,101,46145,46204,placing_an_object,1
14,vp14/run1_2018-05-30-10-11-09.ids_1,102,46262,46268,using_multimedia_display,0
14,vp14/run1_2018-05-30-10-11-09.ids_1,104,47209,47287,pressing_automation_button,0
14,vp14/run1_2018-05-30-10-11-09.ids_1,105,48010,48016,pressing_automation_button,0
14,vp14/run1_2018-05-30-10-11-09.ids_1,106,48081,48171,unfastening_seat_belt,0
14,vp14/run1_2018-05-30-10-11-09.ids_1,106,48171,48196,unfastening_seat_belt,1
14,vp14/run1_2018-05-30-10-11-09.ids_1,107,48363,48453,opening_door_inside,0
14,vp14/run1_2018-05-30-10-11-09.ids_1,107,48453,48490,opening_door_inside,1
14,vp14/run1_2018-05-30-10-11-09.ids_1,108,48490,48580,exiting_car,0
14,vp14/run1_2018-05-30-10-11-09.ids_1,108,48580,48655,exiting_car,1
14,vp14/run1_2018-05-30-10-11-09.ids_1,109,48655,48703,closing_door_outside,0
14,vp14/run2_2018-05-30-10-42-33.ids_1,0,91,152,opening_door_outside,0
14,vp14/run2_2018-05-30-10-42-33.ids_1,1,152,231,entering_car,0
14,vp14/run2_2018-05-30-10-42-33.ids_1,2,231,260,closing_door_inside,0
14,vp14/run2_2018-05-30-10-42-33.ids_1,3,288,378,fastening_seat_belt,0
14,vp14/run2_2018-05-30-10-42-33.ids_1,3,378,468,fastening_seat_belt,1
14,vp14/run2_2018-05-30-10-42-33.ids_1,3,468,478,fastening_seat_belt,2
14,vp14/run2_2018-05-30-10-42-33.ids_1,4,685,690,using_multimedia_display,0
14,vp14/run2_2018-05-30-10-42-33.ids_1,5,894,984,using_multimedia_display,0
14,vp14/run2_2018-05-30-10-42-33.ids_1,5,984,1009,using_multimedia_display,1
14,vp14/run2_2018-05-30-10-42-33.ids_1,6,6480,6501,using_multimedia_display,0
14,vp14/run2_2018-05-30-10-42-33.ids_1,7,6671,6679,using_multimedia_display,0
14,vp14/run2_2018-05-30-10-42-33.ids_1,8,6717,6807,sitting_still,0
14,vp14/run2_2018-05-30-10-42-33.ids_1,8,6807,6897,sitting_still,1
14,vp14/run2_2018-05-30-10-42-33.ids_1,8,6897,6987,sitting_still,2
14,vp14/run2_2018-05-30-10-42-33.ids_1,8,6987,7077,sitting_still,3
14,vp14/run2_2018-05-30-10-42-33.ids_1,8,7077,7105,sitting_still,4
14,vp14/run2_2018-05-30-10-42-33.ids_1,9,7141,7231,fetching_an_object,0
14,vp14/run2_2018-05-30-10-42-33.ids_1,9,7231,7303,fetching_an_object,1
14,vp14/run2_2018-05-30-10-42-33.ids_1,10,7303,7393,opening_bottle,0
14,vp14/run2_2018-05-30-10-42-33.ids_1,10,7393,7471,opening_bottle,1
14,vp14/run2_2018-05-30-10-42-33.ids_1,11,7471,7561,drinking,0
14,vp14/run2_2018-05-30-10-42-33.ids_1,11,7561,7612,drinking,1
14,vp14/run2_2018-05-30-10-42-33.ids_1,12,7612,7702,closing_bottle,0
14,vp14/run2_2018-05-30-10-42-33.ids_1,12,7702,7759,closing_bottle,1
14,vp14/run2_2018-05-30-10-42-33.ids_1,13,7759,7849,placing_an_object,0
14,vp14/run2_2018-05-30-10-42-33.ids_1,13,7849,7869,placing_an_object,1
14,vp14/run2_2018-05-30-10-42-33.ids_1,14,7964,8054,fetching_an_object,0
14,vp14/run2_2018-05-30-10-42-33.ids_1,14,8054,8077,fetching_an_object,1
14,vp14/run2_2018-05-30-10-42-33.ids_1,15,8077,8167,reading_newspaper,0
14,vp14/run2_2018-05-30-10-42-33.ids_1,15,8167,8257,reading_newspaper,1
14,vp14/run2_2018-05-30-10-42-33.ids_1,15,8257,8347,reading_newspaper,2
14,vp14/run2_2018-05-30-10-42-33.ids_1,15,8347,8437,reading_newspaper,3
14,vp14/run2_2018-05-30-10-42-33.ids_1,15,8437,8527,reading_newspaper,4
14,vp14/run2_2018-05-30-10-42-33.ids_1,15,8527,8617,reading_newspaper,5
14,vp14/run2_2018-05-30-10-42-33.ids_1,15,8617,8707,reading_newspaper,6
14,vp14/run2_2018-05-30-10-42-33.ids_1,15,8707,8797,reading_newspaper,7
14,vp14/run2_2018-05-30-10-42-33.ids_1,15,8797,8887,reading_newspaper,8
14,vp14/run2_2018-05-30-10-42-33.ids_1,15,8887,8977,reading_newspaper,9
14,vp14/run2_2018-05-30-10-42-33.ids_1,15,8977,9067,reading_newspaper,10
14,vp14/run2_2018-05-30-10-42-33.ids_1,15,9067,9157,reading_newspaper,11
14,vp14/run2_2018-05-30-10-42-33.ids_1,15,9157,9247,reading_newspaper,12
14,vp14/run2_2018-05-30-10-42-33.ids_1,15,9247,9337,reading_newspaper,13
14,vp14/run2_2018-05-30-10-42-33.ids_1,15,9337,9427,reading_newspaper,14
14,vp14/run2_2018-05-30-10-42-33.ids_1,15,9427,9517,reading_newspaper,15
14,vp14/run2_2018-05-30-10-42-33.ids_1,15,9517,9607,reading_newspaper,16
14,vp14/run2_2018-05-30-10-42-33.ids_1,15,9607,9697,reading_newspaper,17
14,vp14/run2_2018-05-30-10-42-33.ids_1,15,9697,9787,reading_newspaper,18
14,vp14/run2_2018-05-30-10-42-33.ids_1,15,9787,9877,reading_newspaper,19
14,vp14/run2_2018-05-30-10-42-33.ids_1,15,9877,9967,reading_newspaper,20
14,vp14/run2_2018-05-30-10-42-33.ids_1,15,9967,10057,reading_newspaper,21
14,vp14/run2_2018-05-30-10-42-33.ids_1,15,10057,10147,reading_newspaper,22
14,vp14/run2_2018-05-30-10-42-33.ids_1,15,10147,10237,reading_newspaper,23
14,vp14/run2_2018-05-30-10-42-33.ids_1,15,10237,10327,reading_newspaper,24
14,vp14/run2_2018-05-30-10-42-33.ids_1,15,10327,10417,reading_newspaper,25
14,vp14/run2_2018-05-30-10-42-33.ids_1,15,10417,10437,reading_newspaper,26
14,vp14/run2_2018-05-30-10-42-33.ids_1,16,10437,10527,fetching_an_object,0
14,vp14/run2_2018-05-30-10-42-33.ids_1,16,10527,10587,fetching_an_object,1
14,vp14/run2_2018-05-30-10-42-33.ids_1,17,10587,10677,writing,0
14,vp14/run2_2018-05-30-10-42-33.ids_1,17,10677,10767,writing,1
14,vp14/run2_2018-05-30-10-42-33.ids_1,17,10767,10857,writing,2
14,vp14/run2_2018-05-30-10-42-33.ids_1,17,10857,10947,writing,3
14,vp14/run2_2018-05-30-10-42-33.ids_1,17,10947,11037,writing,4
14,vp14/run2_2018-05-30-10-42-33.ids_1,17,11037,11127,writing,5
14,vp14/run2_2018-05-30-10-42-33.ids_1,17,11127,11217,writing,6
14,vp14/run2_2018-05-30-10-42-33.ids_1,17,11217,11307,writing,7
14,vp14/run2_2018-05-30-10-42-33.ids_1,17,11307,11397,writing,8
14,vp14/run2_2018-05-30-10-42-33.ids_1,17,11397,11487,writing,9
14,vp14/run2_2018-05-30-10-42-33.ids_1,17,11487,11577,writing,10
14,vp14/run2_2018-05-30-10-42-33.ids_1,17,11577,11667,writing,11
14,vp14/run2_2018-05-30-10-42-33.ids_1,17,11667,11731,writing,12
14,vp14/run2_2018-05-30-10-42-33.ids_1,18,11731,11821,placing_an_object,0
14,vp14/run2_2018-05-30-10-42-33.ids_1,18,11821,11911,placing_an_object,1
14,vp14/run2_2018-05-30-10-42-33.ids_1,18,11911,12001,placing_an_object,2
14,vp14/run2_2018-05-30-10-42-33.ids_1,18,12001,12006,placing_an_object,3
14,vp14/run2_2018-05-30-10-42-33.ids_1,19,12022,12027,using_multimedia_display,0
14,vp14/run2_2018-05-30-10-42-33.ids_1,20,12053,12143,sitting_still,0
14,vp14/run2_2018-05-30-10-42-33.ids_1,20,12143,12233,sitting_still,1
14,vp14/run2_2018-05-30-10-42-33.ids_1,20,12233,12323,sitting_still,2
14,vp14/run2_2018-05-30-10-42-33.ids_1,20,12323,12413,sitting_still,3
14,vp14/run2_2018-05-30-10-42-33.ids_1,20,12413,12503,sitting_still,4
14,vp14/run2_2018-05-30-10-42-33.ids_1,20,12503,12593,sitting_still,5
14,vp14/run2_2018-05-30-10-42-33.ids_1,20,12593,12683,sitting_still,6
14,vp14/run2_2018-05-30-10-42-33.ids_1,20,12683,12773,sitting_still,7
14,vp14/run2_2018-05-30-10-42-33.ids_1,20,12773,12863,sitting_still,8
14,vp14/run2_2018-05-30-10-42-33.ids_1,20,12863,12953,sitting_still,9
14,vp14/run2_2018-05-30-10-42-33.ids_1,20,12953,12987,sitting_still,10
14,vp14/run2_2018-05-30-10-42-33.ids_1,21,12991,13081,fetching_an_object,0
14,vp14/run2_2018-05-30-10-42-33.ids_1,21,13081,13171,fetching_an_object,1
14,vp14/run2_2018-05-30-10-42-33.ids_1,22,13171,13261,putting_on_jacket,0
14,vp14/run2_2018-05-30-10-42-33.ids_1,22,13261,13351,putting_on_jacket,1
14,vp14/run2_2018-05-30-10-42-33.ids_1,22,13351,13441,putting_on_jacket,2
14,vp14/run2_2018-05-30-10-42-33.ids_1,22,13441,13531,putting_on_jacket,3
14,vp14/run2_2018-05-30-10-42-33.ids_1,22,13531,13621,putting_on_jacket,4
14,vp14/run2_2018-05-30-10-42-33.ids_1,22,13621,13711,putting_on_jacket,5
14,vp14/run2_2018-05-30-10-42-33.ids_1,22,13711,13801,putting_on_jacket,6
14,vp14/run2_2018-05-30-10-42-33.ids_1,22,13801,13891,putting_on_jacket,7
14,vp14/run2_2018-05-30-10-42-33.ids_1,22,13891,13981,putting_on_jacket,8
14,vp14/run2_2018-05-30-10-42-33.ids_1,22,13981,14071,putting_on_jacket,9
14,vp14/run2_2018-05-30-10-42-33.ids_1,22,14071,14161,putting_on_jacket,10
14,vp14/run2_2018-05-30-10-42-33.ids_1,22,14161,14251,putting_on_jacket,11
14,vp14/run2_2018-05-30-10-42-33.ids_1,22,14251,14341,putting_on_jacket,12
14,vp14/run2_2018-05-30-10-42-33.ids_1,22,14341,14431,putting_on_jacket,13
14,vp14/run2_2018-05-30-10-42-33.ids_1,22,14431,14521,putting_on_jacket,14
14,vp14/run2_2018-05-30-10-42-33.ids_1,22,14521,14611,putting_on_jacket,15
14,vp14/run2_2018-05-30-10-42-33.ids_1,22,14611,14701,putting_on_jacket,16
14,vp14/run2_2018-05-30-10-42-33.ids_1,22,14701,14725,putting_on_jacket,17
14,vp14/run2_2018-05-30-10-42-33.ids_1,23,14741,14750,using_multimedia_display,0
14,vp14/run2_2018-05-30-10-42-33.ids_1,24,14774,14864,sitting_still,0
14,vp14/run2_2018-05-30-10-42-33.ids_1,24,14864,14954,sitting_still,1
14,vp14/run2_2018-05-30-10-42-33.ids_1,24,14954,15044,sitting_still,2
14,vp14/run2_2018-05-30-10-42-33.ids_1,24,15044,15134,sitting_still,3
14,vp14/run2_2018-05-30-10-42-33.ids_1,24,15134,15224,sitting_still,4
14,vp14/run2_2018-05-30-10-42-33.ids_1,24,15224,15314,sitting_still,5
14,vp14/run2_2018-05-30-10-42-33.ids_1,24,15314,15404,sitting_still,6
14,vp14/run2_2018-05-30-10-42-33.ids_1,24,15404,15494,sitting_still,7
14,vp14/run2_2018-05-30-10-42-33.ids_1,25,15496,15586,taking_off_sunglasses,0
14,vp14/run2_2018-05-30-10-42-33.ids_1,26,15586,15633,placing_an_object,0
14,vp14/run2_2018-05-30-10-42-33.ids_1,27,15633,15723,fetching_an_object,0
14,vp14/run2_2018-05-30-10-42-33.ids_1,27,15723,15728,fetching_an_object,1
14,vp14/run2_2018-05-30-10-42-33.ids_1,28,15728,15816,putting_on_sunglasses,0
14,vp14/run2_2018-05-30-10-42-33.ids_1,29,15910,15922,using_multimedia_display,0
14,vp14/run2_2018-05-30-10-42-33.ids_1,30,16102,16192,fetching_an_object,0
14,vp14/run2_2018-05-30-10-42-33.ids_1,30,16192,16201,fetching_an_object,1
14,vp14/run2_2018-05-30-10-42-33.ids_1,31,16201,16291,interacting_with_phone,0
14,vp14/run2_2018-05-30-10-42-33.ids_1,31,16291,16381,interacting_with_phone,1
14,vp14/run2_2018-05-30-10-42-33.ids_1,31,16381,16471,interacting_with_phone,2
14,vp14/run2_2018-05-30-10-42-33.ids_1,31,16471,16491,interacting_with_phone,3
14,vp14/run2_2018-05-30-10-42-33.ids_1,32,16491,16569,placing_an_object,0
14,vp14/run2_2018-05-30-10-42-33.ids_1,33,16673,16725,taking_off_sunglasses,0
14,vp14/run2_2018-05-30-10-42-33.ids_1,34,16725,16815,looking_or_moving_around (e.g. searching),0
14,vp14/run2_2018-05-30-10-42-33.ids_1,34,16815,16898,looking_or_moving_around (e.g. searching),1
14,vp14/run2_2018-05-30-10-42-33.ids_1,35,16898,16942,fetching_an_object,0
14,vp14/run2_2018-05-30-10-42-33.ids_1,36,16942,16976,putting_on_sunglasses,0
14,vp14/run2_2018-05-30-10-42-33.ids_1,37,16976,17066,talking_on_phone,0
14,vp14/run2_2018-05-30-10-42-33.ids_1,37,17066,17156,talking_on_phone,1
14,vp14/run2_2018-05-30-10-42-33.ids_1,37,17156,17246,talking_on_phone,2
14,vp14/run2_2018-05-30-10-42-33.ids_1,37,17246,17336,talking_on_phone,3
14,vp14/run2_2018-05-30-10-42-33.ids_1,37,17336,17426,talking_on_phone,4
14,vp14/run2_2018-05-30-10-42-33.ids_1,37,17426,17516,talking_on_phone,5
14,vp14/run2_2018-05-30-10-42-33.ids_1,37,17516,17606,talking_on_phone,6
14,vp14/run2_2018-05-30-10-42-33.ids_1,37,17606,17696,talking_on_phone,7
14,vp14/run2_2018-05-30-10-42-33.ids_1,37,17696,17786,talking_on_phone,8
14,vp14/run2_2018-05-30-10-42-33.ids_1,37,17786,17876,talking_on_phone,9
14,vp14/run2_2018-05-30-10-42-33.ids_1,37,17876,17966,talking_on_phone,10
14,vp14/run2_2018-05-30-10-42-33.ids_1,37,17966,18056,talking_on_phone,11
14,vp14/run2_2018-05-30-10-42-33.ids_1,37,18056,18146,talking_on_phone,12
14,vp14/run2_2018-05-30-10-42-33.ids_1,37,18146,18186,talking_on_phone,13
14,vp14/run2_2018-05-30-10-42-33.ids_1,38,18186,18276,placing_an_object,0
14,vp14/run2_2018-05-30-10-42-33.ids_1,38,18276,18312,placing_an_object,1
14,vp14/run2_2018-05-30-10-42-33.ids_1,39,19054,19070,pressing_automation_button,0
14,vp14/run2_2018-05-30-10-42-33.ids_1,40,19149,19208,taking_off_sunglasses,0
14,vp14/run2_2018-05-30-10-42-33.ids_1,41,19208,19269,placing_an_object,0
14,vp14/run2_2018-05-30-10-42-33.ids_1,42,19269,19359,taking_off_jacket,0
14,vp14/run2_2018-05-30-10-42-33.ids_1,42,19359,19449,taking_off_jacket,1
14,vp14/run2_2018-05-30-10-42-33.ids_1,42,19449,19539,taking_off_jacket,2
14,vp14/run2_2018-05-30-10-42-33.ids_1,42,19539,19629,taking_off_jacket,3
14,vp14/run2_2018-05-30-10-42-33.ids_1,42,19629,19719,taking_off_jacket,4
14,vp14/run2_2018-05-30-10-42-33.ids_1,42,19719,19809,taking_off_jacket,5
14,vp14/run2_2018-05-30-10-42-33.ids_1,42,19809,19899,taking_off_jacket,6
14,vp14/run2_2018-05-30-10-42-33.ids_1,42,19899,19989,taking_off_jacket,7
14,vp14/run2_2018-05-30-10-42-33.ids_1,42,19989,20079,taking_off_jacket,8
14,vp14/run2_2018-05-30-10-42-33.ids_1,42,20079,20091,taking_off_jacket,9
14,vp14/run2_2018-05-30-10-42-33.ids_1,43,20091,20181,placing_an_object,0
14,vp14/run2_2018-05-30-10-42-33.ids_1,43,20181,20246,placing_an_object,1
14,vp14/run2_2018-05-30-10-42-33.ids_1,44,20297,20387,fetching_an_object,0
14,vp14/run2_2018-05-30-10-42-33.ids_1,44,20387,20477,fetching_an_object,1
14,vp14/run2_2018-05-30-10-42-33.ids_1,44,20477,20485,fetching_an_object,2
14,vp14/run2_2018-05-30-10-42-33.ids_1,45,20485,20575,reading_magazine,0
14,vp14/run2_2018-05-30-10-42-33.ids_1,45,20575,20614,reading_magazine,1
14,vp14/run2_2018-05-30-10-42-33.ids_1,46,20614,20686,fetching_an_object,0
14,vp14/run2_2018-05-30-10-42-33.ids_1,47,20686,20749,putting_on_sunglasses,0
14,vp14/run2_2018-05-30-10-42-33.ids_1,48,20773,20863,reading_magazine,0
14,vp14/run2_2018-05-30-10-42-33.ids_1,48,20863,20953,reading_magazine,1
14,vp14/run2_2018-05-30-10-42-33.ids_1,48,20953,21043,reading_magazine,2
14,vp14/run2_2018-05-30-10-42-33.ids_1,48,21043,21133,reading_magazine,3
14,vp14/run2_2018-05-30-10-42-33.ids_1,48,21133,21223,reading_magazine,4
14,vp14/run2_2018-05-30-10-42-33.ids_1,48,21223,21313,reading_magazine,5
14,vp14/run2_2018-05-30-10-42-33.ids_1,48,21313,21403,reading_magazine,6
14,vp14/run2_2018-05-30-10-42-33.ids_1,48,21403,21493,reading_magazine,7
14,vp14/run2_2018-05-30-10-42-33.ids_1,48,21493,21583,reading_magazine,8
14,vp14/run2_2018-05-30-10-42-33.ids_1,48,21583,21673,reading_magazine,9
14,vp14/run2_2018-05-30-10-42-33.ids_1,48,21673,21763,reading_magazine,10
14,vp14/run2_2018-05-30-10-42-33.ids_1,48,21763,21853,reading_magazine,11
14,vp14/run2_2018-05-30-10-42-33.ids_1,48,21853,21943,reading_magazine,12
14,vp14/run2_2018-05-30-10-42-33.ids_1,48,21943,22033,reading_magazine,13
14,vp14/run2_2018-05-30-10-42-33.ids_1,48,22033,22123,reading_magazine,14
14,vp14/run2_2018-05-30-10-42-33.ids_1,48,22123,22213,reading_magazine,15
14,vp14/run2_2018-05-30-10-42-33.ids_1,48,22213,22303,reading_magazine,16
14,vp14/run2_2018-05-30-10-42-33.ids_1,48,22303,22393,reading_magazine,17
14,vp14/run2_2018-05-30-10-42-33.ids_1,48,22393,22483,reading_magazine,18
14,vp14/run2_2018-05-30-10-42-33.ids_1,48,22483,22573,reading_magazine,19
14,vp14/run2_2018-05-30-10-42-33.ids_1,48,22573,22663,reading_magazine,20
14,vp14/run2_2018-05-30-10-42-33.ids_1,48,22663,22753,reading_magazine,21
14,vp14/run2_2018-05-30-10-42-33.ids_1,48,22753,22843,reading_magazine,22
14,vp14/run2_2018-05-30-10-42-33.ids_1,48,22843,22933,reading_magazine,23
14,vp14/run2_2018-05-30-10-42-33.ids_1,48,22933,23023,reading_magazine,24
14,vp14/run2_2018-05-30-10-42-33.ids_1,48,23023,23100,reading_magazine,25
14,vp14/run2_2018-05-30-10-42-33.ids_1,49,23133,23193,placing_an_object,0
14,vp14/run2_2018-05-30-10-42-33.ids_1,50,23193,23283,writing,0
14,vp14/run2_2018-05-30-10-42-33.ids_1,50,23283,23373,writing,1
14,vp14/run2_2018-05-30-10-42-33.ids_1,50,23373,23463,writing,2
14,vp14/run2_2018-05-30-10-42-33.ids_1,50,23463,23553,writing,3
14,vp14/run2_2018-05-30-10-42-33.ids_1,50,23553,23569,writing,4
14,vp14/run2_2018-05-30-10-42-33.ids_1,51,23589,23647,placing_an_object,0
14,vp14/run2_2018-05-30-10-42-33.ids_1,52,23730,23766,placing_an_object,0
14,vp14/run2_2018-05-30-10-42-33.ids_1,53,23791,23796,using_multimedia_display,0
14,vp14/run2_2018-05-30-10-42-33.ids_1,54,23824,23914,sitting_still,0
14,vp14/run2_2018-05-30-10-42-33.ids_1,54,23914,24004,sitting_still,1
14,vp14/run2_2018-05-30-10-42-33.ids_1,54,24004,24086,sitting_still,2
14,vp14/run2_2018-05-30-10-42-33.ids_1,55,24086,24176,looking_or_moving_around (e.g. searching),0
14,vp14/run2_2018-05-30-10-42-33.ids_1,55,24176,24205,looking_or_moving_around (e.g. searching),1
14,vp14/run2_2018-05-30-10-42-33.ids_1,56,24205,24295,fetching_an_object,0
14,vp14/run2_2018-05-30-10-42-33.ids_1,56,24295,24385,fetching_an_object,1
14,vp14/run2_2018-05-30-10-42-33.ids_1,56,24385,24475,fetching_an_object,2
14,vp14/run2_2018-05-30-10-42-33.ids_1,56,24475,24507,fetching_an_object,3
14,vp14/run2_2018-05-30-10-42-33.ids_1,57,24606,24685,opening_laptop,0
14,vp14/run2_2018-05-30-10-42-33.ids_1,58,24685,24775,working_on_laptop,0
14,vp14/run2_2018-05-30-10-42-33.ids_1,58,24775,24865,working_on_laptop,1
14,vp14/run2_2018-05-30-10-42-33.ids_1,58,24865,24955,working_on_laptop,2
14,vp14/run2_2018-05-30-10-42-33.ids_1,58,24955,25045,working_on_laptop,3
14,vp14/run2_2018-05-30-10-42-33.ids_1,58,25045,25135,working_on_laptop,4
14,vp14/run2_2018-05-30-10-42-33.ids_1,58,25135,25225,working_on_laptop,5
14,vp14/run2_2018-05-30-10-42-33.ids_1,58,25225,25315,working_on_laptop,6
14,vp14/run2_2018-05-30-10-42-33.ids_1,58,25315,25405,working_on_laptop,7
14,vp14/run2_2018-05-30-10-42-33.ids_1,58,25405,25495,working_on_laptop,8
14,vp14/run2_2018-05-30-10-42-33.ids_1,58,25495,25585,working_on_laptop,9
14,vp14/run2_2018-05-30-10-42-33.ids_1,58,25585,25675,working_on_laptop,10
14,vp14/run2_2018-05-30-10-42-33.ids_1,58,25675,25738,working_on_laptop,11
14,vp14/run2_2018-05-30-10-42-33.ids_1,59,25738,25828,fetching_an_object,0
14,vp14/run2_2018-05-30-10-42-33.ids_1,59,25828,25857,fetching_an_object,1
14,vp14/run2_2018-05-30-10-42-33.ids_1,60,25857,25947,interacting_with_phone,0
14,vp14/run2_2018-05-30-10-42-33.ids_1,60,25947,26037,interacting_with_phone,1
14,vp14/run2_2018-05-30-10-42-33.ids_1,60,26037,26127,interacting_with_phone,2
14,vp14/run2_2018-05-30-10-42-33.ids_1,60,26127,26217,interacting_with_phone,3
14,vp14/run2_2018-05-30-10-42-33.ids_1,60,26217,26307,interacting_with_phone,4
14,vp14/run2_2018-05-30-10-42-33.ids_1,60,26307,26397,interacting_with_phone,5
14,vp14/run2_2018-05-30-10-42-33.ids_1,60,26397,26487,interacting_with_phone,6
14,vp14/run2_2018-05-30-10-42-33.ids_1,60,26487,26577,interacting_with_phone,7
14,vp14/run2_2018-05-30-10-42-33.ids_1,60,26577,26667,interacting_with_phone,8
14,vp14/run2_2018-05-30-10-42-33.ids_1,60,26667,26757,interacting_with_phone,9
14,vp14/run2_2018-05-30-10-42-33.ids_1,60,26757,26842,interacting_with_phone,10
14,vp14/run2_2018-05-30-10-42-33.ids_1,61,26842,26932,placing_an_object,0
14,vp14/run2_2018-05-30-10-42-33.ids_1,61,26932,26956,placing_an_object,1
14,vp14/run2_2018-05-30-10-42-33.ids_1,62,26956,27046,working_on_laptop,0
14,vp14/run2_2018-05-30-10-42-33.ids_1,62,27046,27116,working_on_laptop,1
14,vp14/run2_2018-05-30-10-42-33.ids_1,63,27116,27199,closing_laptop,0
14,vp14/run2_2018-05-30-10-42-33.ids_1,64,27199,27289,placing_an_object,0
14,vp14/run2_2018-05-30-10-42-33.ids_1,64,27289,27374,placing_an_object,1
14,vp14/run2_2018-05-30-10-42-33.ids_1,66,27530,27549,using_multimedia_display,0
14,vp14/run2_2018-05-30-10-42-33.ids_1,67,27591,27681,pressing_automation_button,0
14,vp14/run2_2018-05-30-10-42-33.ids_1,67,27681,27692,pressing_automation_button,1
14,vp14/run2_2018-05-30-10-42-33.ids_1,68,28335,28356,pressing_automation_button,0
14,vp14/run2_2018-05-30-10-42-33.ids_1,69,28393,28425,using_multimedia_display,0
14,vp14/run2_2018-05-30-10-42-33.ids_1,70,28459,28549,sitting_still,0
14,vp14/run2_2018-05-30-10-42-33.ids_1,70,28549,28639,sitting_still,1
14,vp14/run2_2018-05-30-10-42-33.ids_1,70,28639,28690,sitting_still,2
14,vp14/run2_2018-05-30-10-42-33.ids_1,71,29358,29373,pressing_automation_button,0
14,vp14/run2_2018-05-30-10-42-33.ids_1,72,29373,29463,taking_off_sunglasses,0
14,vp14/run2_2018-05-30-10-42-33.ids_1,72,29463,29499,taking_off_sunglasses,1
14,vp14/run2_2018-05-30-10-42-33.ids_1,73,29499,29581,putting_on_sunglasses,0
14,vp14/run2_2018-05-30-10-42-33.ids_1,74,29636,29666,using_multimedia_display,0
14,vp14/run2_2018-05-30-10-42-33.ids_1,75,29709,29779,pressing_automation_button,0
14,vp14/run2_2018-05-30-10-42-33.ids_1,76,30262,30274,pressing_automation_button,0
14,vp14/run2_2018-05-30-10-42-33.ids_1,77,30349,30429,fetching_an_object,0
14,vp14/run2_2018-05-30-10-42-33.ids_1,78,30429,30519,eating,0
14,vp14/run2_2018-05-30-10-42-33.ids_1,78,30519,30609,eating,1
14,vp14/run2_2018-05-30-10-42-33.ids_1,78,30609,30699,eating,2
14,vp14/run2_2018-05-30-10-42-33.ids_1,78,30699,30789,eating,3
14,vp14/run2_2018-05-30-10-42-33.ids_1,78,30789,30879,eating,4
14,vp14/run2_2018-05-30-10-42-33.ids_1,78,30879,30969,eating,5
14,vp14/run2_2018-05-30-10-42-33.ids_1,78,30969,31059,eating,6
14,vp14/run2_2018-05-30-10-42-33.ids_1,78,31059,31081,eating,7
14,vp14/run2_2018-05-30-10-42-33.ids_1,79,31081,31171,fetching_an_object,0
14,vp14/run2_2018-05-30-10-42-33.ids_1,79,31171,31261,fetching_an_object,1
14,vp14/run2_2018-05-30-10-42-33.ids_1,79,31261,31297,fetching_an_object,2
14,vp14/run2_2018-05-30-10-42-33.ids_1,80,31297,31387,eating,0
14,vp14/run2_2018-05-30-10-42-33.ids_1,80,31387,31477,eating,1
14,vp14/run2_2018-05-30-10-42-33.ids_1,80,31477,31567,eating,2
14,vp14/run2_2018-05-30-10-42-33.ids_1,80,31567,31657,eating,3
14,vp14/run2_2018-05-30-10-42-33.ids_1,80,31657,31747,eating,4
14,vp14/run2_2018-05-30-10-42-33.ids_1,80,31747,31837,eating,5
14,vp14/run2_2018-05-30-10-42-33.ids_1,80,31837,31926,eating,6
14,vp14/run2_2018-05-30-10-42-33.ids_1,81,31926,32016,opening_bottle,0
14,vp14/run2_2018-05-30-10-42-33.ids_1,81,32016,32066,opening_bottle,1
14,vp14/run2_2018-05-30-10-42-33.ids_1,82,32066,32156,drinking,0
14,vp14/run2_2018-05-30-10-42-33.ids_1,82,32156,32218,drinking,1
14,vp14/run2_2018-05-30-10-42-33.ids_1,83,32218,32294,closing_bottle,0
14,vp14/run2_2018-05-30-10-42-33.ids_1,84,32294,32362,placing_an_object,0
14,vp14/run2_2018-05-30-10-42-33.ids_1,85,32430,32520,placing_an_object,0
14,vp14/run2_2018-05-30-10-42-33.ids_1,85,32520,32528,placing_an_object,1
14,vp14/run2_2018-05-30-10-42-33.ids_1,86,33003,33013,pressing_automation_button,0
14,vp14/run2_2018-05-30-10-42-33.ids_1,87,33013,33085,fetching_an_object,0
14,vp14/run2_2018-05-30-10-42-33.ids_1,88,33085,33175,eating,0
14,vp14/run2_2018-05-30-10-42-33.ids_1,88,33175,33265,eating,1
14,vp14/run2_2018-05-30-10-42-33.ids_1,88,33265,33355,eating,2
14,vp14/run2_2018-05-30-10-42-33.ids_1,88,33355,33421,eating,3
14,vp14/run2_2018-05-30-10-42-33.ids_1,89,33421,33475,placing_an_object,0
14,vp14/run2_2018-05-30-10-42-33.ids_1,90,33496,33502,using_multimedia_display,0
14,vp14/run2_2018-05-30-10-42-33.ids_1,91,33884,33974,using_multimedia_display,0
14,vp14/run2_2018-05-30-10-42-33.ids_1,91,33974,33979,using_multimedia_display,1
14,vp14/run2_2018-05-30-10-42-33.ids_1,92,34250,34310,fetching_an_object,0
14,vp14/run2_2018-05-30-10-42-33.ids_1,93,34310,34400,eating,0
14,vp14/run2_2018-05-30-10-42-33.ids_1,93,34400,34490,eating,1
14,vp14/run2_2018-05-30-10-42-33.ids_1,93,34490,34580,eating,2
14,vp14/run2_2018-05-30-10-42-33.ids_1,93,34580,34670,eating,3
14,vp14/run2_2018-05-30-10-42-33.ids_1,93,34670,34760,eating,4
14,vp14/run2_2018-05-30-10-42-33.ids_1,93,34760,34850,eating,5
14,vp14/run2_2018-05-30-10-42-33.ids_1,93,34850,34940,eating,6
14,vp14/run2_2018-05-30-10-42-33.ids_1,93,34940,35030,eating,7
14,vp14/run2_2018-05-30-10-42-33.ids_1,93,35030,35120,eating,8
14,vp14/run2_2018-05-30-10-42-33.ids_1,93,35120,35210,eating,9
14,vp14/run2_2018-05-30-10-42-33.ids_1,93,35210,35300,eating,10
14,vp14/run2_2018-05-30-10-42-33.ids_1,93,35300,35390,eating,11
14,vp14/run2_2018-05-30-10-42-33.ids_1,93,35390,35480,eating,12
14,vp14/run2_2018-05-30-10-42-33.ids_1,93,35480,35570,eating,13
14,vp14/run2_2018-05-30-10-42-33.ids_1,93,35570,35660,eating,14
14,vp14/run2_2018-05-30-10-42-33.ids_1,93,35660,35750,eating,15
14,vp14/run2_2018-05-30-10-42-33.ids_1,93,35750,35840,eating,16
14,vp14/run2_2018-05-30-10-42-33.ids_1,93,35840,35930,eating,17
14,vp14/run2_2018-05-30-10-42-33.ids_1,93,35930,36020,eating,18
14,vp14/run2_2018-05-30-10-42-33.ids_1,93,36020,36110,eating,19
14,vp14/run2_2018-05-30-10-42-33.ids_1,93,36110,36200,eating,20
14,vp14/run2_2018-05-30-10-42-33.ids_1,93,36200,36290,eating,21
14,vp14/run2_2018-05-30-10-42-33.ids_1,93,36290,36380,eating,22
14,vp14/run2_2018-05-30-10-42-33.ids_1,93,36380,36470,eating,23
14,vp14/run2_2018-05-30-10-42-33.ids_1,93,36470,36560,eating,24
14,vp14/run2_2018-05-30-10-42-33.ids_1,93,36560,36650,eating,25
14,vp14/run2_2018-05-30-10-42-33.ids_1,93,36650,36740,eating,26
14,vp14/run2_2018-05-30-10-42-33.ids_1,93,36740,36830,eating,27
14,vp14/run2_2018-05-30-10-42-33.ids_1,93,36830,36920,eating,28
14,vp14/run2_2018-05-30-10-42-33.ids_1,93,36920,37010,eating,29
14,vp14/run2_2018-05-30-10-42-33.ids_1,93,37010,37100,eating,30
14,vp14/run2_2018-05-30-10-42-33.ids_1,93,37100,37190,eating,31
14,vp14/run2_2018-05-30-10-42-33.ids_1,93,37190,37280,eating,32
14,vp14/run2_2018-05-30-10-42-33.ids_1,93,37280,37370,eating,33
14,vp14/run2_2018-05-30-10-42-33.ids_1,93,37370,37460,eating,34
14,vp14/run2_2018-05-30-10-42-33.ids_1,93,37460,37550,eating,35
14,vp14/run2_2018-05-30-10-42-33.ids_1,93,37550,37640,eating,36
14,vp14/run2_2018-05-30-10-42-33.ids_1,93,37640,37730,eating,37
14,vp14/run2_2018-05-30-10-42-33.ids_1,93,37730,37820,eating,38
14,vp14/run2_2018-05-30-10-42-33.ids_1,93,37820,37910,eating,39
14,vp14/run2_2018-05-30-10-42-33.ids_1,93,37910,38000,eating,40
14,vp14/run2_2018-05-30-10-42-33.ids_1,93,38000,38038,eating,41
14,vp14/run2_2018-05-30-10-42-33.ids_1,94,38038,38128,placing_an_object,0
14,vp14/run2_2018-05-30-10-42-33.ids_1,94,38128,38218,placing_an_object,1
14,vp14/run2_2018-05-30-10-42-33.ids_1,94,38218,38223,placing_an_object,2
14,vp14/run2_2018-05-30-10-42-33.ids_1,95,38223,38313,sitting_still,0
14,vp14/run2_2018-05-30-10-42-33.ids_1,95,38313,38403,sitting_still,1
14,vp14/run2_2018-05-30-10-42-33.ids_1,95,38403,38493,sitting_still,2
14,vp14/run2_2018-05-30-10-42-33.ids_1,95,38493,38583,sitting_still,3
14,vp14/run2_2018-05-30-10-42-33.ids_1,95,38583,38626,sitting_still,4
14,vp14/run2_2018-05-30-10-42-33.ids_1,96,39494,39513,pressing_automation_button,0
14,vp14/run2_2018-05-30-10-42-33.ids_1,97,39602,39658,fetching_an_object,0
14,vp14/run2_2018-05-30-10-42-33.ids_1,98,39679,39685,using_multimedia_display,0
14,vp14/run2_2018-05-30-10-42-33.ids_1,99,39706,39796,opening_bottle,0
14,vp14/run2_2018-05-30-10-42-33.ids_1,99,39796,39825,opening_bottle,1
14,vp14/run2_2018-05-30-10-42-33.ids_1,100,39825,39915,drinking,0
14,vp14/run2_2018-05-30-10-42-33.ids_1,100,39915,40005,drinking,1
14,vp14/run2_2018-05-30-10-42-33.ids_1,100,40005,40095,drinking,2
14,vp14/run2_2018-05-30-10-42-33.ids_1,100,40095,40136,drinking,3
14,vp14/run2_2018-05-30-10-42-33.ids_1,101,40136,40226,closing_bottle,0
14,vp14/run2_2018-05-30-10-42-33.ids_1,101,40226,40240,closing_bottle,1
14,vp14/run2_2018-05-30-10-42-33.ids_1,102,40240,40281,placing_an_object,0
14,vp14/run2_2018-05-30-10-42-33.ids_1,103,40281,40354,fetching_an_object,0
14,vp14/run2_2018-05-30-10-42-33.ids_1,104,40354,40444,eating,0
14,vp14/run2_2018-05-30-10-42-33.ids_1,104,40444,40534,eating,1
14,vp14/run2_2018-05-30-10-42-33.ids_1,104,40534,40624,eating,2
14,vp14/run2_2018-05-30-10-42-33.ids_1,104,40624,40714,eating,3
14,vp14/run2_2018-05-30-10-42-33.ids_1,104,40714,40804,eating,4
14,vp14/run2_2018-05-30-10-42-33.ids_1,104,40804,40894,eating,5
14,vp14/run2_2018-05-30-10-42-33.ids_1,104,40894,40911,eating,6
14,vp14/run2_2018-05-30-10-42-33.ids_1,105,40911,41001,placing_an_object,0
14,vp14/run2_2018-05-30-10-42-33.ids_1,105,41001,41038,placing_an_object,1
14,vp14/run2_2018-05-30-10-42-33.ids_1,106,41038,41128,sitting_still,0
14,vp14/run2_2018-05-30-10-42-33.ids_1,106,41128,41218,sitting_still,1
14,vp14/run2_2018-05-30-10-42-33.ids_1,106,41218,41308,sitting_still,2
14,vp14/run2_2018-05-30-10-42-33.ids_1,106,41308,41398,sitting_still,3
14,vp14/run2_2018-05-30-10-42-33.ids_1,106,41398,41488,sitting_still,4
14,vp14/run2_2018-05-30-10-42-33.ids_1,106,41488,41578,sitting_still,5
14,vp14/run2_2018-05-30-10-42-33.ids_1,106,41578,41666,sitting_still,6
14,vp14/run2_2018-05-30-10-42-33.ids_1,107,41690,41780,fetching_an_object,0
14,vp14/run2_2018-05-30-10-42-33.ids_1,108,41780,41870,interacting_with_phone,0
14,vp14/run2_2018-05-30-10-42-33.ids_1,108,41870,41960,interacting_with_phone,1
14,vp14/run2_2018-05-30-10-42-33.ids_1,108,41960,42050,interacting_with_phone,2
14,vp14/run2_2018-05-30-10-42-33.ids_1,108,42050,42140,interacting_with_phone,3
14,vp14/run2_2018-05-30-10-42-33.ids_1,108,42140,42230,interacting_with_phone,4
14,vp14/run2_2018-05-30-10-42-33.ids_1,108,42230,42320,interacting_with_phone,5
14,vp14/run2_2018-05-30-10-42-33.ids_1,108,42320,42410,interacting_with_phone,6
14,vp14/run2_2018-05-30-10-42-33.ids_1,108,42410,42500,interacting_with_phone,7
14,vp14/run2_2018-05-30-10-42-33.ids_1,108,42500,42524,interacting_with_phone,8
14,vp14/run2_2018-05-30-10-42-33.ids_1,109,42524,42614,placing_an_object,0
14,vp14/run2_2018-05-30-10-42-33.ids_1,109,42614,42622,placing_an_object,1
14,vp14/run2_2018-05-30-10-42-33.ids_1,110,42709,42799,pressing_automation_button,0
14,vp14/run2_2018-05-30-10-42-33.ids_1,110,42799,42817,pressing_automation_button,1
14,vp14/run2_2018-05-30-10-42-33.ids_1,111,43803,43893,unfastening_seat_belt,0
14,vp14/run2_2018-05-30-10-42-33.ids_1,111,43893,43924,unfastening_seat_belt,1
14,vp14/run2_2018-05-30-10-42-33.ids_1,112,44023,44113,opening_door_inside,0
14,vp14/run2_2018-05-30-10-42-33.ids_1,112,44113,44143,opening_door_inside,1
14,vp14/run2_2018-05-30-10-42-33.ids_1,113,44143,44230,exiting_car,0
14,vp14/run2_2018-05-30-10-42-33.ids_1,114,44230,44251,closing_door_outside,0
15,vp15/run1_2018-05-30-13-05-35.ids_1,0,75,124,moving_towards_door,0
15,vp15/run1_2018-05-30-13-05-35.ids_1,1,124,174,opening_door_outside,0
15,vp15/run1_2018-05-30-13-05-35.ids_1,2,174,264,entering_car,0
15,vp15/run1_2018-05-30-13-05-35.ids_1,2,264,288,entering_car,1
15,vp15/run1_2018-05-30-13-05-35.ids_1,3,288,320,closing_door_inside,0
15,vp15/run1_2018-05-30-13-05-35.ids_1,4,510,600,fastening_seat_belt,0
15,vp15/run1_2018-05-30-13-05-35.ids_1,4,600,690,fastening_seat_belt,1
15,vp15/run1_2018-05-30-13-05-35.ids_1,4,690,706,fastening_seat_belt,2
15,vp15/run1_2018-05-30-13-05-35.ids_1,5,741,780,using_multimedia_display,0
15,vp15/run1_2018-05-30-13-05-35.ids_1,6,1929,1946,using_multimedia_display,0
15,vp15/run1_2018-05-30-13-05-35.ids_1,7,7466,7481,pressing_automation_button,0
15,vp15/run1_2018-05-30-13-05-35.ids_1,8,7555,7580,using_multimedia_display,0
15,vp15/run1_2018-05-30-13-05-35.ids_1,9,7598,7688,sitting_still,0
15,vp15/run1_2018-05-30-13-05-35.ids_1,9,7688,7778,sitting_still,1
15,vp15/run1_2018-05-30-13-05-35.ids_1,9,7778,7868,sitting_still,2
15,vp15/run1_2018-05-30-13-05-35.ids_1,9,7868,7958,sitting_still,3
15,vp15/run1_2018-05-30-13-05-35.ids_1,9,7958,8048,sitting_still,4
15,vp15/run1_2018-05-30-13-05-35.ids_1,9,8048,8138,sitting_still,5
15,vp15/run1_2018-05-30-13-05-35.ids_1,9,8138,8186,sitting_still,6
15,vp15/run1_2018-05-30-13-05-35.ids_1,10,8186,8257,fetching_an_object,0
15,vp15/run1_2018-05-30-13-05-35.ids_1,11,8257,8347,preparing_food,0
15,vp15/run1_2018-05-30-13-05-35.ids_1,11,8347,8437,preparing_food,1
15,vp15/run1_2018-05-30-13-05-35.ids_1,11,8437,8457,preparing_food,2
15,vp15/run1_2018-05-30-13-05-35.ids_1,12,8457,8547,eating,0
15,vp15/run1_2018-05-30-13-05-35.ids_1,12,8547,8637,eating,1
15,vp15/run1_2018-05-30-13-05-35.ids_1,12,8637,8725,eating,2
15,vp15/run1_2018-05-30-13-05-35.ids_1,13,8725,8764,placing_an_object,0
15,vp15/run1_2018-05-30-13-05-35.ids_1,14,8764,8805,fetching_an_object,0
15,vp15/run1_2018-05-30-13-05-35.ids_1,15,8805,8895,opening_bottle,0
15,vp15/run1_2018-05-30-13-05-35.ids_1,15,8895,8917,opening_bottle,1
15,vp15/run1_2018-05-30-13-05-35.ids_1,16,8917,9007,drinking,0
15,vp15/run1_2018-05-30-13-05-35.ids_1,16,9007,9026,drinking,1
15,vp15/run1_2018-05-30-13-05-35.ids_1,17,9048,9116,fetching_an_object,0
15,vp15/run1_2018-05-30-13-05-35.ids_1,18,9116,9206,eating,0
15,vp15/run1_2018-05-30-13-05-35.ids_1,18,9206,9296,eating,1
15,vp15/run1_2018-05-30-13-05-35.ids_1,18,9296,9386,eating,2
15,vp15/run1_2018-05-30-13-05-35.ids_1,18,9386,9476,eating,3
15,vp15/run1_2018-05-30-13-05-35.ids_1,18,9476,9566,eating,4
15,vp15/run1_2018-05-30-13-05-35.ids_1,18,9566,9656,eating,5
15,vp15/run1_2018-05-30-13-05-35.ids_1,18,9656,9679,eating,6
15,vp15/run1_2018-05-30-13-05-35.ids_1,19,9679,9709,placing_an_object,0
15,vp15/run1_2018-05-30-13-05-35.ids_1,20,9878,9968,drinking,0
15,vp15/run1_2018-05-30-13-05-35.ids_1,20,9968,9979,drinking,1
15,vp15/run1_2018-05-30-13-05-35.ids_1,21,9979,10069,closing_bottle,0
15,vp15/run1_2018-05-30-13-05-35.ids_1,21,10069,10076,closing_bottle,1
15,vp15/run1_2018-05-30-13-05-35.ids_1,22,10076,10113,placing_an_object,0
15,vp15/run1_2018-05-30-13-05-35.ids_1,23,10113,10159,fetching_an_object,0
15,vp15/run1_2018-05-30-13-05-35.ids_1,24,10249,10292,placing_an_object,0
15,vp15/run1_2018-05-30-13-05-35.ids_1,25,10977,11031,using_multimedia_display,0
15,vp15/run1_2018-05-30-13-05-35.ids_1,26,11086,11108,pressing_automation_button,0
15,vp15/run1_2018-05-30-13-05-35.ids_1,27,11140,11152,using_multimedia_display,0
15,vp15/run1_2018-05-30-13-05-35.ids_1,28,11167,11257,sitting_still,0
15,vp15/run1_2018-05-30-13-05-35.ids_1,28,11257,11347,sitting_still,1
15,vp15/run1_2018-05-30-13-05-35.ids_1,28,11347,11425,sitting_still,2
15,vp15/run1_2018-05-30-13-05-35.ids_1,29,11425,11494,taking_laptop_from_backpack,0
15,vp15/run1_2018-05-30-13-05-35.ids_1,30,11526,11616,opening_laptop,0
15,vp15/run1_2018-05-30-13-05-35.ids_1,30,11616,11685,opening_laptop,1
15,vp15/run1_2018-05-30-13-05-35.ids_1,31,11685,11763,working_on_laptop,0
15,vp15/run1_2018-05-30-13-05-35.ids_1,32,11763,11786,opening_laptop,0
15,vp15/run1_2018-05-30-13-05-35.ids_1,33,11786,11876,working_on_laptop,0
15,vp15/run1_2018-05-30-13-05-35.ids_1,33,11876,11966,working_on_laptop,1
15,vp15/run1_2018-05-30-13-05-35.ids_1,33,11966,12056,working_on_laptop,2
15,vp15/run1_2018-05-30-13-05-35.ids_1,33,12056,12146,working_on_laptop,3
15,vp15/run1_2018-05-30-13-05-35.ids_1,33,12146,12211,working_on_laptop,4
15,vp15/run1_2018-05-30-13-05-35.ids_1,34,12211,12301,looking_or_moving_around (e.g. searching),0
15,vp15/run1_2018-05-30-13-05-35.ids_1,34,12301,12385,looking_or_moving_around (e.g. searching),1
15,vp15/run1_2018-05-30-13-05-35.ids_1,35,12385,12451,fetching_an_object,0
15,vp15/run1_2018-05-30-13-05-35.ids_1,36,12451,12484,placing_an_object,0
15,vp15/run1_2018-05-30-13-05-35.ids_1,37,12606,12628,fetching_an_object,0
15,vp15/run1_2018-05-30-13-05-35.ids_1,38,12628,12699,placing_an_object,0
15,vp15/run1_2018-05-30-13-05-35.ids_1,39,12738,12808,closing_laptop,0
15,vp15/run1_2018-05-30-13-05-35.ids_1,40,12808,12898,fetching_an_object,0
15,vp15/run1_2018-05-30-13-05-35.ids_1,40,12898,12952,fetching_an_object,1
15,vp15/run1_2018-05-30-13-05-35.ids_1,41,12952,13042,interacting_with_phone,0
15,vp15/run1_2018-05-30-13-05-35.ids_1,41,13042,13051,interacting_with_phone,1
15,vp15/run1_2018-05-30-13-05-35.ids_1,42,13051,13081,opening_laptop,0
15,vp15/run1_2018-05-30-13-05-35.ids_1,43,13081,13171,interacting_with_phone,0
15,vp15/run1_2018-05-30-13-05-35.ids_1,43,13171,13261,interacting_with_phone,1
15,vp15/run1_2018-05-30-13-05-35.ids_1,43,13261,13351,interacting_with_phone,2
15,vp15/run1_2018-05-30-13-05-35.ids_1,43,13351,13384,interacting_with_phone,3
15,vp15/run1_2018-05-30-13-05-35.ids_1,44,13384,13446,closing_laptop,0
15,vp15/run1_2018-05-30-13-05-35.ids_1,45,13502,13592,putting_laptop_into_backpack,0
15,vp15/run1_2018-05-30-13-05-35.ids_1,45,13592,13597,putting_laptop_into_backpack,1
15,vp15/run1_2018-05-30-13-05-35.ids_1,46,13615,13629,using_multimedia_display,0
15,vp15/run1_2018-05-30-13-05-35.ids_1,47,13645,13735,sitting_still,0
15,vp15/run1_2018-05-30-13-05-35.ids_1,47,13735,13825,sitting_still,1
15,vp15/run1_2018-05-30-13-05-35.ids_1,47,13825,13915,sitting_still,2
15,vp15/run1_2018-05-30-13-05-35.ids_1,47,13915,14005,sitting_still,3
15,vp15/run1_2018-05-30-13-05-35.ids_1,47,14005,14095,sitting_still,4
15,vp15/run1_2018-05-30-13-05-35.ids_1,47,14095,14185,sitting_still,5
15,vp15/run1_2018-05-30-13-05-35.ids_1,47,14185,14231,sitting_still,6
15,vp15/run1_2018-05-30-13-05-35.ids_1,48,14231,14321,fetching_an_object,0
15,vp15/run1_2018-05-30-13-05-35.ids_1,48,14321,14344,fetching_an_object,1
15,vp15/run1_2018-05-30-13-05-35.ids_1,49,14344,14434,reading_newspaper,0
15,vp15/run1_2018-05-30-13-05-35.ids_1,49,14434,14524,reading_newspaper,1
15,vp15/run1_2018-05-30-13-05-35.ids_1,49,14524,14614,reading_newspaper,2
15,vp15/run1_2018-05-30-13-05-35.ids_1,49,14614,14704,reading_newspaper,3
15,vp15/run1_2018-05-30-13-05-35.ids_1,49,14704,14794,reading_newspaper,4
15,vp15/run1_2018-05-30-13-05-35.ids_1,49,14794,14884,reading_newspaper,5
15,vp15/run1_2018-05-30-13-05-35.ids_1,49,14884,14974,reading_newspaper,6
15,vp15/run1_2018-05-30-13-05-35.ids_1,49,14974,15064,reading_newspaper,7
15,vp15/run1_2018-05-30-13-05-35.ids_1,49,15064,15154,reading_newspaper,8
15,vp15/run1_2018-05-30-13-05-35.ids_1,49,15154,15244,reading_newspaper,9
15,vp15/run1_2018-05-30-13-05-35.ids_1,49,15244,15334,reading_newspaper,10
15,vp15/run1_2018-05-30-13-05-35.ids_1,49,15334,15424,reading_newspaper,11
15,vp15/run1_2018-05-30-13-05-35.ids_1,49,15424,15514,reading_newspaper,12
15,vp15/run1_2018-05-30-13-05-35.ids_1,49,15514,15604,reading_newspaper,13
15,vp15/run1_2018-05-30-13-05-35.ids_1,49,15604,15679,reading_newspaper,14
15,vp15/run1_2018-05-30-13-05-35.ids_1,50,15679,15720,placing_an_object,0
15,vp15/run1_2018-05-30-13-05-35.ids_1,51,15720,15810,fetching_an_object,0
15,vp15/run1_2018-05-30-13-05-35.ids_1,52,15810,15900,writing,0
15,vp15/run1_2018-05-30-13-05-35.ids_1,52,15900,15990,writing,1
15,vp15/run1_2018-05-30-13-05-35.ids_1,52,15990,16080,writing,2
15,vp15/run1_2018-05-30-13-05-35.ids_1,52,16080,16111,writing,3
15,vp15/run1_2018-05-30-13-05-35.ids_1,53,16111,16193,placing_an_object,0
15,vp15/run1_2018-05-30-13-05-35.ids_1,54,16207,16234,using_multimedia_display,0
15,vp15/run1_2018-05-30-13-05-35.ids_1,55,16251,16287,sitting_still,0
15,vp15/run1_2018-05-30-13-05-35.ids_1,56,16307,16326,using_multimedia_display,0
15,vp15/run1_2018-05-30-13-05-35.ids_1,57,16392,16482,sitting_still,0
15,vp15/run1_2018-05-30-13-05-35.ids_1,57,16482,16572,sitting_still,1
15,vp15/run1_2018-05-30-13-05-35.ids_1,57,16572,16662,sitting_still,2
15,vp15/run1_2018-05-30-13-05-35.ids_1,57,16662,16752,sitting_still,3
15,vp15/run1_2018-05-30-13-05-35.ids_1,57,16752,16842,sitting_still,4
15,vp15/run1_2018-05-30-13-05-35.ids_1,57,16842,16852,sitting_still,5
15,vp15/run1_2018-05-30-13-05-35.ids_1,58,16852,16942,fetching_an_object,0
15,vp15/run1_2018-05-30-13-05-35.ids_1,58,16942,16977,fetching_an_object,1
15,vp15/run1_2018-05-30-13-05-35.ids_1,59,16977,17067,putting_on_sunglasses,0
15,vp15/run1_2018-05-30-13-05-35.ids_1,59,17067,17147,putting_on_sunglasses,1
15,vp15/run1_2018-05-30-13-05-35.ids_1,60,17147,17237,sitting_still,0
15,vp15/run1_2018-05-30-13-05-35.ids_1,60,17237,17283,sitting_still,1
15,vp15/run1_2018-05-30-13-05-35.ids_1,61,17283,17310,looking_back_left_shoulder,0
15,vp15/run1_2018-05-30-13-05-35.ids_1,62,17310,17372,taking_off_sunglasses,0
15,vp15/run1_2018-05-30-13-05-35.ids_1,63,17372,17436,taking_off_sunglasses,0
15,vp15/run1_2018-05-30-13-05-35.ids_1,64,17436,17481,putting_on_sunglasses,0
15,vp15/run1_2018-05-30-13-05-35.ids_1,65,17498,17510,using_multimedia_display,0
15,vp15/run1_2018-05-30-13-05-35.ids_1,66,17528,17618,sitting_still,0
15,vp15/run1_2018-05-30-13-05-35.ids_1,66,17618,17708,sitting_still,1
15,vp15/run1_2018-05-30-13-05-35.ids_1,66,17708,17782,sitting_still,2
15,vp15/run1_2018-05-30-13-05-35.ids_1,67,17903,17983,taking_off_sunglasses,0
15,vp15/run1_2018-05-30-13-05-35.ids_1,68,17983,18030,putting_on_sunglasses,0
15,vp15/run1_2018-05-30-13-05-35.ids_1,69,18676,18699,pressing_automation_button,0
15,vp15/run1_2018-05-30-13-05-35.ids_1,70,18736,18753,using_multimedia_display,0
15,vp15/run1_2018-05-30-13-05-35.ids_1,71,18824,18914,sitting_still,0
15,vp15/run1_2018-05-30-13-05-35.ids_1,71,18914,18926,sitting_still,1
15,vp15/run1_2018-05-30-13-05-35.ids_1,72,18926,18951,looking_back_left_shoulder,0
15,vp15/run1_2018-05-30-13-05-35.ids_1,73,18951,19041,sitting_still,0
15,vp15/run1_2018-05-30-13-05-35.ids_1,73,19041,19131,sitting_still,1
15,vp15/run1_2018-05-30-13-05-35.ids_1,73,19131,19221,sitting_still,2
15,vp15/run1_2018-05-30-13-05-35.ids_1,73,19221,19311,sitting_still,3
15,vp15/run1_2018-05-30-13-05-35.ids_1,73,19311,19359,sitting_still,4
15,vp15/run1_2018-05-30-13-05-35.ids_1,74,19516,19606,sitting_still,0
15,vp15/run1_2018-05-30-13-05-35.ids_1,74,19606,19696,sitting_still,1
15,vp15/run1_2018-05-30-13-05-35.ids_1,74,19696,19786,sitting_still,2
15,vp15/run1_2018-05-30-13-05-35.ids_1,74,19786,19876,sitting_still,3
15,vp15/run1_2018-05-30-13-05-35.ids_1,74,19876,19905,sitting_still,4
15,vp15/run1_2018-05-30-13-05-35.ids_1,75,19959,19989,using_multimedia_display,0
15,vp15/run1_2018-05-30-13-05-35.ids_1,76,20014,20097,fetching_an_object,0
15,vp15/run1_2018-05-30-13-05-35.ids_1,77,20097,20187,opening_bottle,0
15,vp15/run1_2018-05-30-13-05-35.ids_1,77,20187,20233,opening_bottle,1
15,vp15/run1_2018-05-30-13-05-35.ids_1,78,20233,20323,drinking,0
15,vp15/run1_2018-05-30-13-05-35.ids_1,78,20323,20387,drinking,1
15,vp15/run1_2018-05-30-13-05-35.ids_1,79,20387,20477,closing_bottle,0
15,vp15/run1_2018-05-30-13-05-35.ids_1,79,20477,20567,closing_bottle,1
15,vp15/run1_2018-05-30-13-05-35.ids_1,79,20567,20607,closing_bottle,2
15,vp15/run1_2018-05-30-13-05-35.ids_1,80,20653,20736,placing_an_object,0
15,vp15/run1_2018-05-30-13-05-35.ids_1,81,20749,20839,sitting_still,0
15,vp15/run1_2018-05-30-13-05-35.ids_1,81,20839,20929,sitting_still,1
15,vp15/run1_2018-05-30-13-05-35.ids_1,81,20929,20976,sitting_still,2
15,vp15/run1_2018-05-30-13-05-35.ids_1,82,21010,21100,sitting_still,0
15,vp15/run1_2018-05-30-13-05-35.ids_1,82,21100,21190,sitting_still,1
15,vp15/run1_2018-05-30-13-05-35.ids_1,82,21190,21199,sitting_still,2
15,vp15/run1_2018-05-30-13-05-35.ids_1,83,21993,22004,pressing_automation_button,0
15,vp15/run1_2018-05-30-13-05-35.ids_1,84,22113,22129,using_multimedia_display,0
15,vp15/run1_2018-05-30-13-05-35.ids_1,85,22155,22245,sitting_still,0
15,vp15/run1_2018-05-30-13-05-35.ids_1,85,22245,22335,sitting_still,1
15,vp15/run1_2018-05-30-13-05-35.ids_1,85,22335,22425,sitting_still,2
15,vp15/run1_2018-05-30-13-05-35.ids_1,85,22425,22515,sitting_still,3
15,vp15/run1_2018-05-30-13-05-35.ids_1,85,22515,22605,sitting_still,4
15,vp15/run1_2018-05-30-13-05-35.ids_1,85,22605,22695,sitting_still,5
15,vp15/run1_2018-05-30-13-05-35.ids_1,85,22695,22785,sitting_still,6
15,vp15/run1_2018-05-30-13-05-35.ids_1,85,22785,22875,sitting_still,7
15,vp15/run1_2018-05-30-13-05-35.ids_1,85,22875,22965,sitting_still,8
15,vp15/run1_2018-05-30-13-05-35.ids_1,85,22965,23046,sitting_still,9
15,vp15/run1_2018-05-30-13-05-35.ids_1,86,23206,23296,sitting_still,0
15,vp15/run1_2018-05-30-13-05-35.ids_1,86,23296,23386,sitting_still,1
15,vp15/run1_2018-05-30-13-05-35.ids_1,86,23386,23476,sitting_still,2
15,vp15/run1_2018-05-30-13-05-35.ids_1,86,23476,23566,sitting_still,3
15,vp15/run1_2018-05-30-13-05-35.ids_1,86,23566,23656,sitting_still,4
15,vp15/run1_2018-05-30-13-05-35.ids_1,86,23656,23746,sitting_still,5
15,vp15/run1_2018-05-30-13-05-35.ids_1,86,23746,23836,sitting_still,6
15,vp15/run1_2018-05-30-13-05-35.ids_1,86,23836,23926,sitting_still,7
15,vp15/run1_2018-05-30-13-05-35.ids_1,86,23926,23955,sitting_still,8
15,vp15/run1_2018-05-30-13-05-35.ids_1,87,24003,24093,sitting_still,0
15,vp15/run1_2018-05-30-13-05-35.ids_1,87,24093,24183,sitting_still,1
15,vp15/run1_2018-05-30-13-05-35.ids_1,87,24183,24273,sitting_still,2
15,vp15/run1_2018-05-30-13-05-35.ids_1,87,24273,24363,sitting_still,3
15,vp15/run1_2018-05-30-13-05-35.ids_1,87,24363,24416,sitting_still,4
15,vp15/run1_2018-05-30-13-05-35.ids_1,88,24492,24582,sitting_still,0
15,vp15/run1_2018-05-30-13-05-35.ids_1,88,24582,24672,sitting_still,1
15,vp15/run1_2018-05-30-13-05-35.ids_1,88,24672,24762,sitting_still,2
15,vp15/run1_2018-05-30-13-05-35.ids_1,88,24762,24852,sitting_still,3
15,vp15/run1_2018-05-30-13-05-35.ids_1,88,24852,24942,sitting_still,4
15,vp15/run1_2018-05-30-13-05-35.ids_1,88,24942,25032,sitting_still,5
15,vp15/run1_2018-05-30-13-05-35.ids_1,88,25032,25122,sitting_still,6
15,vp15/run1_2018-05-30-13-05-35.ids_1,88,25122,25212,sitting_still,7
15,vp15/run1_2018-05-30-13-05-35.ids_1,88,25212,25219,sitting_still,8
15,vp15/run1_2018-05-30-13-05-35.ids_1,89,25741,25831,sitting_still,0
15,vp15/run1_2018-05-30-13-05-35.ids_1,89,25831,25921,sitting_still,1
15,vp15/run1_2018-05-30-13-05-35.ids_1,89,25921,26011,sitting_still,2
15,vp15/run1_2018-05-30-13-05-35.ids_1,89,26011,26101,sitting_still,3
15,vp15/run1_2018-05-30-13-05-35.ids_1,89,26101,26191,sitting_still,4
15,vp15/run1_2018-05-30-13-05-35.ids_1,89,26191,26281,sitting_still,5
15,vp15/run1_2018-05-30-13-05-35.ids_1,89,26281,26371,sitting_still,6
15,vp15/run1_2018-05-30-13-05-35.ids_1,89,26371,26461,sitting_still,7
15,vp15/run1_2018-05-30-13-05-35.ids_1,89,26461,26551,sitting_still,8
15,vp15/run1_2018-05-30-13-05-35.ids_1,89,26551,26641,sitting_still,9
15,vp15/run1_2018-05-30-13-05-35.ids_1,89,26641,26731,sitting_still,10
15,vp15/run1_2018-05-30-13-05-35.ids_1,89,26731,26821,sitting_still,11
15,vp15/run1_2018-05-30-13-05-35.ids_1,89,26821,26886,sitting_still,12
15,vp15/run1_2018-05-30-13-05-35.ids_1,90,27197,27207,using_multimedia_display,0
15,vp15/run1_2018-05-30-13-05-35.ids_1,91,27855,27945,fetching_an_object,0
15,vp15/run1_2018-05-30-13-05-35.ids_1,91,27945,27967,fetching_an_object,1
15,vp15/run1_2018-05-30-13-05-35.ids_1,92,27967,28057,putting_on_jacket,0
15,vp15/run1_2018-05-30-13-05-35.ids_1,92,28057,28147,putting_on_jacket,1
15,vp15/run1_2018-05-30-13-05-35.ids_1,92,28147,28237,putting_on_jacket,2
15,vp15/run1_2018-05-30-13-05-35.ids_1,92,28237,28327,putting_on_jacket,3
15,vp15/run1_2018-05-30-13-05-35.ids_1,92,28327,28417,putting_on_jacket,4
15,vp15/run1_2018-05-30-13-05-35.ids_1,92,28417,28507,putting_on_jacket,5
15,vp15/run1_2018-05-30-13-05-35.ids_1,92,28507,28597,putting_on_jacket,6
15,vp15/run1_2018-05-30-13-05-35.ids_1,92,28597,28687,putting_on_jacket,7
15,vp15/run1_2018-05-30-13-05-35.ids_1,92,28687,28777,putting_on_jacket,8
15,vp15/run1_2018-05-30-13-05-35.ids_1,92,28777,28867,putting_on_jacket,9
15,vp15/run1_2018-05-30-13-05-35.ids_1,92,28867,28926,putting_on_jacket,10
15,vp15/run1_2018-05-30-13-05-35.ids_1,94,29324,29414,taking_off_jacket,0
15,vp15/run1_2018-05-30-13-05-35.ids_1,94,29414,29504,taking_off_jacket,1
15,vp15/run1_2018-05-30-13-05-35.ids_1,94,29504,29594,taking_off_jacket,2
15,vp15/run1_2018-05-30-13-05-35.ids_1,94,29594,29684,taking_off_jacket,3
15,vp15/run1_2018-05-30-13-05-35.ids_1,94,29684,29774,taking_off_jacket,4
15,vp15/run1_2018-05-30-13-05-35.ids_1,94,29774,29864,taking_off_jacket,5
15,vp15/run1_2018-05-30-13-05-35.ids_1,94,29864,29936,taking_off_jacket,6
15,vp15/run1_2018-05-30-13-05-35.ids_1,95,29936,30008,placing_an_object,0
15,vp15/run1_2018-05-30-13-05-35.ids_1,96,30040,30050,using_multimedia_display,0
15,vp15/run1_2018-05-30-13-05-35.ids_1,97,30148,30238,sitting_still,0
15,vp15/run1_2018-05-30-13-05-35.ids_1,97,30238,30328,sitting_still,1
15,vp15/run1_2018-05-30-13-05-35.ids_1,97,30328,30338,sitting_still,2
15,vp15/run1_2018-05-30-13-05-35.ids_1,98,30532,30622,sitting_still,0
15,vp15/run1_2018-05-30-13-05-35.ids_1,98,30622,30682,sitting_still,1
15,vp15/run1_2018-05-30-13-05-35.ids_1,99,31010,31100,fetching_an_object,0
15,vp15/run1_2018-05-30-13-05-35.ids_1,99,31100,31190,fetching_an_object,1
15,vp15/run1_2018-05-30-13-05-35.ids_1,99,31190,31245,fetching_an_object,2
15,vp15/run1_2018-05-30-13-05-35.ids_1,100,31245,31276,interacting_with_phone,0
15,vp15/run1_2018-05-30-13-05-35.ids_1,101,31276,31366,talking_on_phone,0
15,vp15/run1_2018-05-30-13-05-35.ids_1,101,31366,31456,talking_on_phone,1
15,vp15/run1_2018-05-30-13-05-35.ids_1,101,31456,31546,talking_on_phone,2
15,vp15/run1_2018-05-30-13-05-35.ids_1,101,31546,31636,talking_on_phone,3
15,vp15/run1_2018-05-30-13-05-35.ids_1,101,31636,31726,talking_on_phone,4
15,vp15/run1_2018-05-30-13-05-35.ids_1,101,31726,31816,talking_on_phone,5
15,vp15/run1_2018-05-30-13-05-35.ids_1,101,31816,31906,talking_on_phone,6
15,vp15/run1_2018-05-30-13-05-35.ids_1,101,31906,31996,talking_on_phone,7
15,vp15/run1_2018-05-30-13-05-35.ids_1,101,31996,32086,talking_on_phone,8
15,vp15/run1_2018-05-30-13-05-35.ids_1,101,32086,32176,talking_on_phone,9
15,vp15/run1_2018-05-30-13-05-35.ids_1,101,32176,32266,talking_on_phone,10
15,vp15/run1_2018-05-30-13-05-35.ids_1,101,32266,32356,talking_on_phone,11
15,vp15/run1_2018-05-30-13-05-35.ids_1,101,32356,32415,talking_on_phone,12
15,vp15/run1_2018-05-30-13-05-35.ids_1,102,32415,32439,interacting_with_phone,0
15,vp15/run1_2018-05-30-13-05-35.ids_1,103,32439,32529,placing_an_object,0
15,vp15/run1_2018-05-30-13-05-35.ids_1,103,32529,32565,placing_an_object,1
15,vp15/run1_2018-05-30-13-05-35.ids_1,104,33164,33176,pressing_automation_button,0
15,vp15/run1_2018-05-30-13-05-35.ids_1,105,33442,33532,fetching_an_object,0
15,vp15/run1_2018-05-30-13-05-35.ids_1,106,33532,33622,reading_magazine,0
15,vp15/run1_2018-05-30-13-05-35.ids_1,106,33622,33712,reading_magazine,1
15,vp15/run1_2018-05-30-13-05-35.ids_1,106,33712,33802,reading_magazine,2
15,vp15/run1_2018-05-30-13-05-35.ids_1,106,33802,33892,reading_magazine,3
15,vp15/run1_2018-05-30-13-05-35.ids_1,106,33892,33982,reading_magazine,4
15,vp15/run1_2018-05-30-13-05-35.ids_1,106,33982,34072,reading_magazine,5
15,vp15/run1_2018-05-30-13-05-35.ids_1,106,34072,34162,reading_magazine,6
15,vp15/run1_2018-05-30-13-05-35.ids_1,106,34162,34252,reading_magazine,7
15,vp15/run1_2018-05-30-13-05-35.ids_1,106,34252,34336,reading_magazine,8
15,vp15/run1_2018-05-30-13-05-35.ids_1,107,34336,34399,fetching_an_object,0
15,vp15/run1_2018-05-30-13-05-35.ids_1,108,34399,34489,placing_an_object,0
15,vp15/run1_2018-05-30-13-05-35.ids_1,108,34489,34498,placing_an_object,1
15,vp15/run1_2018-05-30-13-05-35.ids_1,109,34498,34588,reading_magazine,0
15,vp15/run1_2018-05-30-13-05-35.ids_1,109,34588,34678,reading_magazine,1
15,vp15/run1_2018-05-30-13-05-35.ids_1,109,34678,34768,reading_magazine,2
15,vp15/run1_2018-05-30-13-05-35.ids_1,109,34768,34824,reading_magazine,3
15,vp15/run1_2018-05-30-13-05-35.ids_1,110,34824,34884,placing_an_object,0
15,vp15/run1_2018-05-30-13-05-35.ids_1,111,34888,34978,fetching_an_object,0
15,vp15/run1_2018-05-30-13-05-35.ids_1,112,34978,35068,writing,0
15,vp15/run1_2018-05-30-13-05-35.ids_1,112,35068,35158,writing,1
15,vp15/run1_2018-05-30-13-05-35.ids_1,112,35158,35248,writing,2
15,vp15/run1_2018-05-30-13-05-35.ids_1,112,35248,35300,writing,3
15,vp15/run1_2018-05-30-13-05-35.ids_1,113,35300,35384,placing_an_object,0
15,vp15/run1_2018-05-30-13-05-35.ids_1,114,35407,35424,using_multimedia_display,0
15,vp15/run1_2018-05-30-13-05-35.ids_1,115,35604,35694,sitting_still,0
15,vp15/run1_2018-05-30-13-05-35.ids_1,115,35694,35784,sitting_still,1
15,vp15/run1_2018-05-30-13-05-35.ids_1,116,35820,35910,sitting_still,0
15,vp15/run1_2018-05-30-13-05-35.ids_1,116,35910,36000,sitting_still,1
15,vp15/run1_2018-05-30-13-05-35.ids_1,116,36000,36019,sitting_still,2
15,vp15/run1_2018-05-30-13-05-35.ids_1,117,36231,36321,sitting_still,0
15,vp15/run1_2018-05-30-13-05-35.ids_1,117,36321,36360,sitting_still,1
15,vp15/run1_2018-05-30-13-05-35.ids_1,118,36432,36441,pressing_automation_button,0
15,vp15/run1_2018-05-30-13-05-35.ids_1,119,36909,36999,unfastening_seat_belt,0
15,vp15/run1_2018-05-30-13-05-35.ids_1,120,37057,37119,opening_door_inside,0
15,vp15/run1_2018-05-30-13-05-35.ids_1,121,37119,37209,exiting_car,0
15,vp15/run1_2018-05-30-13-05-35.ids_1,121,37209,37242,exiting_car,1
15,vp15/run1_2018-05-30-13-05-35.ids_1,122,37242,37288,closing_door_outside,0
15,vp15/run2_2018-05-30-13-34-33.ids_1,0,178,199,moving_towards_door,0
15,vp15/run2_2018-05-30-13-34-33.ids_1,1,199,240,opening_door_outside,0
15,vp15/run2_2018-05-30-13-34-33.ids_1,2,240,330,entering_car,0
15,vp15/run2_2018-05-30-13-34-33.ids_1,2,330,336,entering_car,1
15,vp15/run2_2018-05-30-13-34-33.ids_1,3,336,366,closing_door_inside,0
15,vp15/run2_2018-05-30-13-34-33.ids_1,4,393,483,fastening_seat_belt,0
15,vp15/run2_2018-05-30-13-34-33.ids_1,4,483,570,fastening_seat_belt,1
15,vp15/run2_2018-05-30-13-34-33.ids_1,5,1413,1422,using_multimedia_display,0
15,vp15/run2_2018-05-30-13-34-33.ids_1,6,6879,6889,pressing_automation_button,0
15,vp15/run2_2018-05-30-13-34-33.ids_1,7,6909,6999,pressing_automation_button,0
15,vp15/run2_2018-05-30-13-34-33.ids_1,7,6999,7039,pressing_automation_button,1
15,vp15/run2_2018-05-30-13-34-33.ids_1,8,7108,7136,sitting_still,0
15,vp15/run2_2018-05-30-13-34-33.ids_1,10,7334,7424,sitting_still,0
15,vp15/run2_2018-05-30-13-34-33.ids_1,11,7516,7575,sitting_still,0
15,vp15/run2_2018-05-30-13-34-33.ids_1,12,7738,7828,fetching_an_object,0
15,vp15/run2_2018-05-30-13-34-33.ids_1,13,7828,7858,interacting_with_phone,0
15,vp15/run2_2018-05-30-13-34-33.ids_1,14,7858,7948,talking_on_phone,0
15,vp15/run2_2018-05-30-13-34-33.ids_1,14,7948,8038,talking_on_phone,1
15,vp15/run2_2018-05-30-13-34-33.ids_1,14,8038,8128,talking_on_phone,2
15,vp15/run2_2018-05-30-13-34-33.ids_1,14,8128,8218,talking_on_phone,3
15,vp15/run2_2018-05-30-13-34-33.ids_1,14,8218,8308,talking_on_phone,4
15,vp15/run2_2018-05-30-13-34-33.ids_1,14,8308,8398,talking_on_phone,5
15,vp15/run2_2018-05-30-13-34-33.ids_1,14,8398,8488,talking_on_phone,6
15,vp15/run2_2018-05-30-13-34-33.ids_1,14,8488,8578,talking_on_phone,7
15,vp15/run2_2018-05-30-13-34-33.ids_1,14,8578,8668,talking_on_phone,8
15,vp15/run2_2018-05-30-13-34-33.ids_1,14,8668,8758,talking_on_phone,9
15,vp15/run2_2018-05-30-13-34-33.ids_1,14,8758,8848,talking_on_phone,10
15,vp15/run2_2018-05-30-13-34-33.ids_1,14,8848,8938,talking_on_phone,11
15,vp15/run2_2018-05-30-13-34-33.ids_1,14,8938,9028,talking_on_phone,12
15,vp15/run2_2018-05-30-13-34-33.ids_1,14,9028,9118,talking_on_phone,13
15,vp15/run2_2018-05-30-13-34-33.ids_1,14,9118,9208,talking_on_phone,14
15,vp15/run2_2018-05-30-13-34-33.ids_1,14,9208,9298,talking_on_phone,15
15,vp15/run2_2018-05-30-13-34-33.ids_1,14,9298,9388,talking_on_phone,16
15,vp15/run2_2018-05-30-13-34-33.ids_1,14,9388,9478,talking_on_phone,17
15,vp15/run2_2018-05-30-13-34-33.ids_1,14,9478,9568,talking_on_phone,18
15,vp15/run2_2018-05-30-13-34-33.ids_1,14,9568,9658,talking_on_phone,19
15,vp15/run2_2018-05-30-13-34-33.ids_1,14,9658,9748,talking_on_phone,20
15,vp15/run2_2018-05-30-13-34-33.ids_1,14,9748,9820,talking_on_phone,21
15,vp15/run2_2018-05-30-13-34-33.ids_1,15,9820,9838,interacting_with_phone,0
15,vp15/run2_2018-05-30-13-34-33.ids_1,16,9838,9913,placing_an_object,0
15,vp15/run2_2018-05-30-13-34-33.ids_1,17,10489,10501,pressing_automation_button,0
15,vp15/run2_2018-05-30-13-34-33.ids_1,18,10634,10711,fetching_an_object,0
15,vp15/run2_2018-05-30-13-34-33.ids_1,19,10711,10801,preparing_food,0
15,vp15/run2_2018-05-30-13-34-33.ids_1,19,10801,10891,preparing_food,1
15,vp15/run2_2018-05-30-13-34-33.ids_1,19,10891,10897,preparing_food,2
15,vp15/run2_2018-05-30-13-34-33.ids_1,20,10897,10987,eating,0
15,vp15/run2_2018-05-30-13-34-33.ids_1,20,10987,11077,eating,1
15,vp15/run2_2018-05-30-13-34-33.ids_1,20,11077,11136,eating,2
15,vp15/run2_2018-05-30-13-34-33.ids_1,21,11136,11218,fetching_an_object,0
15,vp15/run2_2018-05-30-13-34-33.ids_1,22,11218,11308,opening_bottle,0
15,vp15/run2_2018-05-30-13-34-33.ids_1,22,11308,11333,opening_bottle,1
15,vp15/run2_2018-05-30-13-34-33.ids_1,23,11333,11423,drinking,0
15,vp15/run2_2018-05-30-13-34-33.ids_1,23,11423,11450,drinking,1
15,vp15/run2_2018-05-30-13-34-33.ids_1,24,11450,11481,closing_bottle,0
15,vp15/run2_2018-05-30-13-34-33.ids_1,25,11481,11509,placing_an_object,0
15,vp15/run2_2018-05-30-13-34-33.ids_1,26,11517,11573,placing_an_object,0
15,vp15/run2_2018-05-30-13-34-33.ids_1,27,12218,12229,pressing_automation_button,0
15,vp15/run2_2018-05-30-13-34-33.ids_1,28,12266,12322,fetching_an_object,0
15,vp15/run2_2018-05-30-13-34-33.ids_1,29,12322,12405,eating,0
15,vp15/run2_2018-05-30-13-34-33.ids_1,30,12405,12459,fetching_an_object,0
15,vp15/run2_2018-05-30-13-34-33.ids_1,31,12608,12656,placing_an_object,0
15,vp15/run2_2018-05-30-13-34-33.ids_1,32,12656,12691,fetching_an_object,0
15,vp15/run2_2018-05-30-13-34-33.ids_1,33,12691,12747,opening_bottle,0
15,vp15/run2_2018-05-30-13-34-33.ids_1,34,12747,12836,drinking,0
15,vp15/run2_2018-05-30-13-34-33.ids_1,35,12836,12893,closing_bottle,0
15,vp15/run2_2018-05-30-13-34-33.ids_1,36,12893,12913,placing_an_object,0
15,vp15/run2_2018-05-30-13-34-33.ids_1,37,12934,12955,using_multimedia_display,0
15,vp15/run2_2018-05-30-13-34-33.ids_1,38,13052,13142,sitting_still,0
15,vp15/run2_2018-05-30-13-34-33.ids_1,38,13142,13232,sitting_still,1
15,vp15/run2_2018-05-30-13-34-33.ids_1,38,13232,13258,sitting_still,2
15,vp15/run2_2018-05-30-13-34-33.ids_1,39,13258,13322,looking_or_moving_around (e.g. searching),0
15,vp15/run2_2018-05-30-13-34-33.ids_1,40,13322,13412,fetching_an_object,0
15,vp15/run2_2018-05-30-13-34-33.ids_1,40,13412,13451,fetching_an_object,1
15,vp15/run2_2018-05-30-13-34-33.ids_1,41,13451,13541,opening_laptop,0
15,vp15/run2_2018-05-30-13-34-33.ids_1,41,13541,13617,opening_laptop,1
15,vp15/run2_2018-05-30-13-34-33.ids_1,42,13617,13707,working_on_laptop,0
15,vp15/run2_2018-05-30-13-34-33.ids_1,42,13707,13797,working_on_laptop,1
15,vp15/run2_2018-05-30-13-34-33.ids_1,42,13797,13848,working_on_laptop,2
15,vp15/run2_2018-05-30-13-34-33.ids_1,43,13848,13938,fetching_an_object,0
15,vp15/run2_2018-05-30-13-34-33.ids_1,43,13938,13972,fetching_an_object,1
15,vp15/run2_2018-05-30-13-34-33.ids_1,44,13975,14065,interacting_with_phone,0
15,vp15/run2_2018-05-30-13-34-33.ids_1,44,14065,14155,interacting_with_phone,1
15,vp15/run2_2018-05-30-13-34-33.ids_1,45,14155,14245,working_on_laptop,0
15,vp15/run2_2018-05-30-13-34-33.ids_1,45,14245,14335,working_on_laptop,1
15,vp15/run2_2018-05-30-13-34-33.ids_1,45,14335,14425,working_on_laptop,2
15,vp15/run2_2018-05-30-13-34-33.ids_1,45,14425,14515,working_on_laptop,3
15,vp15/run2_2018-05-30-13-34-33.ids_1,45,14515,14536,working_on_laptop,4
15,vp15/run2_2018-05-30-13-34-33.ids_1,46,14536,14626,interacting_with_phone,0
15,vp15/run2_2018-05-30-13-34-33.ids_1,46,14626,14716,interacting_with_phone,1
15,vp15/run2_2018-05-30-13-34-33.ids_1,46,14716,14806,interacting_with_phone,2
15,vp15/run2_2018-05-30-13-34-33.ids_1,46,14806,14896,interacting_with_phone,3
15,vp15/run2_2018-05-30-13-34-33.ids_1,46,14896,14986,interacting_with_phone,4
15,vp15/run2_2018-05-30-13-34-33.ids_1,46,14986,15076,interacting_with_phone,5
15,vp15/run2_2018-05-30-13-34-33.ids_1,46,15076,15134,interacting_with_phone,6
15,vp15/run2_2018-05-30-13-34-33.ids_1,47,15134,15182,placing_an_object,0
15,vp15/run2_2018-05-30-13-34-33.ids_1,48,15182,15230,closing_laptop,0
15,vp15/run2_2018-05-30-13-34-33.ids_1,49,15230,15320,placing_an_object,0
15,vp15/run2_2018-05-30-13-34-33.ids_1,49,15320,15362,placing_an_object,1
15,vp15/run2_2018-05-30-13-34-33.ids_1,50,15376,15387,using_multimedia_display,0
15,vp15/run2_2018-05-30-13-34-33.ids_1,51,15496,15582,looking_back_left_shoulder,0
15,vp15/run2_2018-05-30-13-34-33.ids_1,52,15582,15622,sitting_still,0
15,vp15/run2_2018-05-30-13-34-33.ids_1,53,15622,15712,looking_or_moving_around (e.g. searching),0
15,vp15/run2_2018-05-30-13-34-33.ids_1,53,15712,15739,looking_or_moving_around (e.g. searching),1
15,vp15/run2_2018-05-30-13-34-33.ids_1,54,15739,15823,fetching_an_object,0
15,vp15/run2_2018-05-30-13-34-33.ids_1,55,15823,15913,reading_newspaper,0
15,vp15/run2_2018-05-30-13-34-33.ids_1,55,15913,16003,reading_newspaper,1
15,vp15/run2_2018-05-30-13-34-33.ids_1,55,16003,16093,reading_newspaper,2
15,vp15/run2_2018-05-30-13-34-33.ids_1,55,16093,16183,reading_newspaper,3
15,vp15/run2_2018-05-30-13-34-33.ids_1,55,16183,16273,reading_newspaper,4
15,vp15/run2_2018-05-30-13-34-33.ids_1,55,16273,16363,reading_newspaper,5
15,vp15/run2_2018-05-30-13-34-33.ids_1,55,16363,16453,reading_newspaper,6
15,vp15/run2_2018-05-30-13-34-33.ids_1,55,16453,16543,reading_newspaper,7
15,vp15/run2_2018-05-30-13-34-33.ids_1,55,16543,16633,reading_newspaper,8
15,vp15/run2_2018-05-30-13-34-33.ids_1,55,16633,16723,reading_newspaper,9
15,vp15/run2_2018-05-30-13-34-33.ids_1,55,16723,16813,reading_newspaper,10
15,vp15/run2_2018-05-30-13-34-33.ids_1,55,16813,16903,reading_newspaper,11
15,vp15/run2_2018-05-30-13-34-33.ids_1,55,16903,16993,reading_newspaper,12
15,vp15/run2_2018-05-30-13-34-33.ids_1,55,16993,17083,reading_newspaper,13
15,vp15/run2_2018-05-30-13-34-33.ids_1,55,17083,17173,reading_newspaper,14
15,vp15/run2_2018-05-30-13-34-33.ids_1,55,17173,17263,reading_newspaper,15
15,vp15/run2_2018-05-30-13-34-33.ids_1,55,17263,17353,reading_newspaper,16
15,vp15/run2_2018-05-30-13-34-33.ids_1,55,17353,17443,reading_newspaper,17
15,vp15/run2_2018-05-30-13-34-33.ids_1,55,17443,17533,reading_newspaper,18
15,vp15/run2_2018-05-30-13-34-33.ids_1,55,17533,17542,reading_newspaper,19
15,vp15/run2_2018-05-30-13-34-33.ids_1,56,17905,17961,fetching_an_object,0
15,vp15/run2_2018-05-30-13-34-33.ids_1,57,17961,18051,writing,0
15,vp15/run2_2018-05-30-13-34-33.ids_1,57,18051,18136,writing,1
15,vp15/run2_2018-05-30-13-34-33.ids_1,58,18253,18279,placing_an_object,0
15,vp15/run2_2018-05-30-13-34-33.ids_1,59,18279,18369,placing_an_object,0
15,vp15/run2_2018-05-30-13-34-33.ids_1,59,18369,18454,placing_an_object,1
15,vp15/run2_2018-05-30-13-34-33.ids_1,60,18466,18477,using_multimedia_display,0
15,vp15/run2_2018-05-30-13-34-33.ids_1,61,18543,18633,sitting_still,0
15,vp15/run2_2018-05-30-13-34-33.ids_1,61,18633,18723,sitting_still,1
15,vp15/run2_2018-05-30-13-34-33.ids_1,61,18723,18813,sitting_still,2
15,vp15/run2_2018-05-30-13-34-33.ids_1,61,18813,18903,sitting_still,3
15,vp15/run2_2018-05-30-13-34-33.ids_1,61,18903,18979,sitting_still,4
15,vp15/run2_2018-05-30-13-34-33.ids_1,62,19093,19129,sitting_still,0
15,vp15/run2_2018-05-30-13-34-33.ids_1,63,19956,19965,pressing_automation_button,0
15,vp15/run2_2018-05-30-13-34-33.ids_1,64,20002,20074,looking_or_moving_around (e.g. searching),0
15,vp15/run2_2018-05-30-13-34-33.ids_1,65,20074,20164,fetching_an_object,0
15,vp15/run2_2018-05-30-13-34-33.ids_1,65,20164,20170,fetching_an_object,1
15,vp15/run2_2018-05-30-13-34-33.ids_1,66,20170,20260,reading_magazine,0
15,vp15/run2_2018-05-30-13-34-33.ids_1,66,20260,20350,reading_magazine,1
15,vp15/run2_2018-05-30-13-34-33.ids_1,66,20350,20440,reading_magazine,2
15,vp15/run2_2018-05-30-13-34-33.ids_1,66,20440,20530,reading_magazine,3
15,vp15/run2_2018-05-30-13-34-33.ids_1,66,20530,20620,reading_magazine,4
15,vp15/run2_2018-05-30-13-34-33.ids_1,66,20620,20710,reading_magazine,5
15,vp15/run2_2018-05-30-13-34-33.ids_1,66,20710,20800,reading_magazine,6
15,vp15/run2_2018-05-30-13-34-33.ids_1,66,20800,20890,reading_magazine,7
15,vp15/run2_2018-05-30-13-34-33.ids_1,66,20890,20980,reading_magazine,8
15,vp15/run2_2018-05-30-13-34-33.ids_1,66,20980,21070,reading_magazine,9
15,vp15/run2_2018-05-30-13-34-33.ids_1,66,21070,21160,reading_magazine,10
15,vp15/run2_2018-05-30-13-34-33.ids_1,66,21160,21250,reading_magazine,11
15,vp15/run2_2018-05-30-13-34-33.ids_1,66,21250,21340,reading_magazine,12
15,vp15/run2_2018-05-30-13-34-33.ids_1,66,21340,21430,reading_magazine,13
15,vp15/run2_2018-05-30-13-34-33.ids_1,66,21430,21520,reading_magazine,14
15,vp15/run2_2018-05-30-13-34-33.ids_1,66,21520,21610,reading_magazine,15
15,vp15/run2_2018-05-30-13-34-33.ids_1,66,21610,21700,reading_magazine,16
15,vp15/run2_2018-05-30-13-34-33.ids_1,66,21700,21790,reading_magazine,17
15,vp15/run2_2018-05-30-13-34-33.ids_1,66,21790,21880,reading_magazine,18
15,vp15/run2_2018-05-30-13-34-33.ids_1,66,21880,21970,reading_magazine,19
15,vp15/run2_2018-05-30-13-34-33.ids_1,66,21970,22060,reading_magazine,20
15,vp15/run2_2018-05-30-13-34-33.ids_1,66,22060,22150,reading_magazine,21
15,vp15/run2_2018-05-30-13-34-33.ids_1,66,22150,22240,reading_magazine,22
15,vp15/run2_2018-05-30-13-34-33.ids_1,66,22240,22330,reading_magazine,23
15,vp15/run2_2018-05-30-13-34-33.ids_1,66,22330,22420,reading_magazine,24
15,vp15/run2_2018-05-30-13-34-33.ids_1,66,22420,22510,reading_magazine,25
15,vp15/run2_2018-05-30-13-34-33.ids_1,66,22510,22600,reading_magazine,26
15,vp15/run2_2018-05-30-13-34-33.ids_1,66,22600,22690,reading_magazine,27
15,vp15/run2_2018-05-30-13-34-33.ids_1,66,22690,22780,reading_magazine,28
15,vp15/run2_2018-05-30-13-34-33.ids_1,66,22780,22870,reading_magazine,29
15,vp15/run2_2018-05-30-13-34-33.ids_1,66,22870,22943,reading_magazine,30
15,vp15/run2_2018-05-30-13-34-33.ids_1,67,22943,22987,placing_an_object,0
15,vp15/run2_2018-05-30-13-34-33.ids_1,68,22987,23057,fetching_an_object,0
15,vp15/run2_2018-05-30-13-34-33.ids_1,69,23057,23144,writing,0
15,vp15/run2_2018-05-30-13-34-33.ids_1,70,23217,23250,placing_an_object,0
15,vp15/run2_2018-05-30-13-34-33.ids_1,71,23267,23284,using_multimedia_display,0
15,vp15/run2_2018-05-30-13-34-33.ids_1,72,23426,23516,sitting_still,0
15,vp15/run2_2018-05-30-13-34-33.ids_1,72,23516,23606,sitting_still,1
15,vp15/run2_2018-05-30-13-34-33.ids_1,72,23606,23696,sitting_still,2
15,vp15/run2_2018-05-30-13-34-33.ids_1,72,23696,23786,sitting_still,3
15,vp15/run2_2018-05-30-13-34-33.ids_1,72,23786,23876,sitting_still,4
15,vp15/run2_2018-05-30-13-34-33.ids_1,72,23876,23966,sitting_still,5
15,vp15/run2_2018-05-30-13-34-33.ids_1,72,23966,24056,sitting_still,6
15,vp15/run2_2018-05-30-13-34-33.ids_1,72,24056,24146,sitting_still,7
15,vp15/run2_2018-05-30-13-34-33.ids_1,72,24146,24236,sitting_still,8
15,vp15/run2_2018-05-30-13-34-33.ids_1,72,24236,24282,sitting_still,9
15,vp15/run2_2018-05-30-13-34-33.ids_1,73,24282,24339,taking_off_sunglasses,0
15,vp15/run2_2018-05-30-13-34-33.ids_1,74,24339,24367,placing_an_object,0
15,vp15/run2_2018-05-30-13-34-33.ids_1,75,24367,24430,fetching_an_object,0
15,vp15/run2_2018-05-30-13-34-33.ids_1,76,24430,24494,putting_on_sunglasses,0
15,vp15/run2_2018-05-30-13-34-33.ids_1,77,24514,24560,taking_off_sunglasses,0
15,vp15/run2_2018-05-30-13-34-33.ids_1,78,24560,24598,placing_an_object,0
15,vp15/run2_2018-05-30-13-34-33.ids_1,79,24598,24687,putting_on_sunglasses,0
15,vp15/run2_2018-05-30-13-34-33.ids_1,80,24687,24777,placing_an_object,0
15,vp15/run2_2018-05-30-13-34-33.ids_1,80,24777,24819,placing_an_object,1
15,vp15/run2_2018-05-30-13-34-33.ids_1,81,24844,24872,using_multimedia_display,0
15,vp15/run2_2018-05-30-13-34-33.ids_1,82,24938,24947,using_multimedia_display,0
15,vp15/run2_2018-05-30-13-34-33.ids_1,83,24964,25024,sitting_still,0
15,vp15/run2_2018-05-30-13-34-33.ids_1,84,25024,25082,taking_off_sunglasses,0
15,vp15/run2_2018-05-30-13-34-33.ids_1,85,25082,25147,fetching_an_object,0
15,vp15/run2_2018-05-30-13-34-33.ids_1,86,25147,25193,placing_an_object,0
15,vp15/run2_2018-05-30-13-34-33.ids_1,87,25193,25283,putting_on_sunglasses,0
15,vp15/run2_2018-05-30-13-34-33.ids_1,87,25283,25303,putting_on_sunglasses,1
15,vp15/run2_2018-05-30-13-34-33.ids_1,88,25303,25381,sitting_still,0
15,vp15/run2_2018-05-30-13-34-33.ids_1,89,25425,25515,sitting_still,0
15,vp15/run2_2018-05-30-13-34-33.ids_1,89,25515,25605,sitting_still,1
15,vp15/run2_2018-05-30-13-34-33.ids_1,90,25605,25653,looking_back_left_shoulder,0
15,vp15/run2_2018-05-30-13-34-33.ids_1,91,25701,25791,sitting_still,0
15,vp15/run2_2018-05-30-13-34-33.ids_1,91,25791,25872,sitting_still,1
15,vp15/run2_2018-05-30-13-34-33.ids_1,92,25913,25943,using_multimedia_display,0
15,vp15/run2_2018-05-30-13-34-33.ids_1,93,25967,25990,sitting_still,0
15,vp15/run2_2018-05-30-13-34-33.ids_1,94,26018,26084,placing_an_object,0
15,vp15/run2_2018-05-30-13-34-33.ids_1,95,26112,26202,looking_back_left_shoulder,0
15,vp15/run2_2018-05-30-13-34-33.ids_1,95,26202,26292,looking_back_left_shoulder,1
15,vp15/run2_2018-05-30-13-34-33.ids_1,95,26292,26361,looking_back_left_shoulder,2
15,vp15/run2_2018-05-30-13-34-33.ids_1,96,26480,26570,sitting_still,0
15,vp15/run2_2018-05-30-13-34-33.ids_1,96,26570,26660,sitting_still,1
15,vp15/run2_2018-05-30-13-34-33.ids_1,96,26660,26742,sitting_still,2
15,vp15/run2_2018-05-30-13-34-33.ids_1,97,26742,26776,looking_or_moving_around (e.g. searching),0
15,vp15/run2_2018-05-30-13-34-33.ids_1,98,26776,26866,fetching_an_object,0
15,vp15/run2_2018-05-30-13-34-33.ids_1,98,26866,26888,fetching_an_object,1
15,vp15/run2_2018-05-30-13-34-33.ids_1,99,26888,26978,putting_on_jacket,0
15,vp15/run2_2018-05-30-13-34-33.ids_1,99,26978,27068,putting_on_jacket,1
15,vp15/run2_2018-05-30-13-34-33.ids_1,99,27068,27158,putting_on_jacket,2
15,vp15/run2_2018-05-30-13-34-33.ids_1,99,27158,27248,putting_on_jacket,3
15,vp15/run2_2018-05-30-13-34-33.ids_1,99,27248,27338,putting_on_jacket,4
15,vp15/run2_2018-05-30-13-34-33.ids_1,99,27338,27428,putting_on_jacket,5
15,vp15/run2_2018-05-30-13-34-33.ids_1,99,27428,27518,putting_on_jacket,6
15,vp15/run2_2018-05-30-13-34-33.ids_1,99,27518,27608,putting_on_jacket,7
15,vp15/run2_2018-05-30-13-34-33.ids_1,99,27608,27698,putting_on_jacket,8
15,vp15/run2_2018-05-30-13-34-33.ids_1,99,27698,27710,putting_on_jacket,9
15,vp15/run2_2018-05-30-13-34-33.ids_1,100,27727,27741,using_multimedia_display,0
15,vp15/run2_2018-05-30-13-34-33.ids_1,101,27829,27895,sitting_still,0
15,vp15/run2_2018-05-30-13-34-33.ids_1,102,27986,28076,looking_back_left_shoulder,0
15,vp15/run2_2018-05-30-13-34-33.ids_1,102,28076,28102,looking_back_left_shoulder,1
15,vp15/run2_2018-05-30-13-34-33.ids_1,103,28102,28192,sitting_still,0
15,vp15/run2_2018-05-30-13-34-33.ids_1,103,28192,28260,sitting_still,1
15,vp15/run2_2018-05-30-13-34-33.ids_1,104,28260,28350,taking_off_jacket,0
15,vp15/run2_2018-05-30-13-34-33.ids_1,104,28350,28440,taking_off_jacket,1
15,vp15/run2_2018-05-30-13-34-33.ids_1,104,28440,28530,taking_off_jacket,2
15,vp15/run2_2018-05-30-13-34-33.ids_1,104,28530,28620,taking_off_jacket,3
15,vp15/run2_2018-05-30-13-34-33.ids_1,104,28620,28710,taking_off_jacket,4
15,vp15/run2_2018-05-30-13-34-33.ids_1,104,28710,28800,taking_off_jacket,5
15,vp15/run2_2018-05-30-13-34-33.ids_1,104,28800,28869,taking_off_jacket,6
15,vp15/run2_2018-05-30-13-34-33.ids_1,105,28869,28930,placing_an_object,0
15,vp15/run2_2018-05-30-13-34-33.ids_1,106,28943,28959,using_multimedia_display,0
15,vp15/run2_2018-05-30-13-34-33.ids_1,107,29074,29164,sitting_still,0
15,vp15/run2_2018-05-30-13-34-33.ids_1,107,29164,29254,sitting_still,1
15,vp15/run2_2018-05-30-13-34-33.ids_1,107,29254,29344,sitting_still,2
15,vp15/run2_2018-05-30-13-34-33.ids_1,107,29344,29434,sitting_still,3
15,vp15/run2_2018-05-30-13-34-33.ids_1,107,29434,29448,sitting_still,4
15,vp15/run2_2018-05-30-13-34-33.ids_1,108,29472,29496,using_multimedia_display,0
15,vp15/run2_2018-05-30-13-34-33.ids_1,109,29644,29734,sitting_still,0
15,vp15/run2_2018-05-30-13-34-33.ids_1,109,29734,29824,sitting_still,1
15,vp15/run2_2018-05-30-13-34-33.ids_1,109,29824,29914,sitting_still,2
15,vp15/run2_2018-05-30-13-34-33.ids_1,109,29914,30004,sitting_still,3
15,vp15/run2_2018-05-30-13-34-33.ids_1,109,30004,30094,sitting_still,4
15,vp15/run2_2018-05-30-13-34-33.ids_1,109,30094,30184,sitting_still,5
15,vp15/run2_2018-05-30-13-34-33.ids_1,109,30184,30274,sitting_still,6
15,vp15/run2_2018-05-30-13-34-33.ids_1,109,30274,30364,sitting_still,7
15,vp15/run2_2018-05-30-13-34-33.ids_1,109,30364,30454,sitting_still,8
15,vp15/run2_2018-05-30-13-34-33.ids_1,109,30454,30544,sitting_still,9
15,vp15/run2_2018-05-30-13-34-33.ids_1,109,30544,30634,sitting_still,10
15,vp15/run2_2018-05-30-13-34-33.ids_1,109,30634,30724,sitting_still,11
15,vp15/run2_2018-05-30-13-34-33.ids_1,109,30724,30814,sitting_still,12
15,vp15/run2_2018-05-30-13-34-33.ids_1,109,30814,30904,sitting_still,13
15,vp15/run2_2018-05-30-13-34-33.ids_1,109,30904,30994,sitting_still,14
15,vp15/run2_2018-05-30-13-34-33.ids_1,109,30994,31084,sitting_still,15
15,vp15/run2_2018-05-30-13-34-33.ids_1,109,31084,31174,sitting_still,16
15,vp15/run2_2018-05-30-13-34-33.ids_1,109,31174,31264,sitting_still,17
15,vp15/run2_2018-05-30-13-34-33.ids_1,109,31264,31324,sitting_still,18
15,vp15/run2_2018-05-30-13-34-33.ids_1,110,31423,31513,sitting_still,0
15,vp15/run2_2018-05-30-13-34-33.ids_1,110,31513,31603,sitting_still,1
15,vp15/run2_2018-05-30-13-34-33.ids_1,110,31603,31693,sitting_still,2
15,vp15/run2_2018-05-30-13-34-33.ids_1,110,31693,31783,sitting_still,3
15,vp15/run2_2018-05-30-13-34-33.ids_1,110,31783,31873,sitting_still,4
15,vp15/run2_2018-05-30-13-34-33.ids_1,110,31873,31963,sitting_still,5
15,vp15/run2_2018-05-30-13-34-33.ids_1,110,31963,32053,sitting_still,6
15,vp15/run2_2018-05-30-13-34-33.ids_1,110,32053,32137,sitting_still,7
15,vp15/run2_2018-05-30-13-34-33.ids_1,111,32184,32274,sitting_still,0
15,vp15/run2_2018-05-30-13-34-33.ids_1,111,32274,32364,sitting_still,1
15,vp15/run2_2018-05-30-13-34-33.ids_1,111,32364,32454,sitting_still,2
15,vp15/run2_2018-05-30-13-34-33.ids_1,111,32454,32544,sitting_still,3
15,vp15/run2_2018-05-30-13-34-33.ids_1,112,32642,32732,sitting_still,0
15,vp15/run2_2018-05-30-13-34-33.ids_1,112,32732,32822,sitting_still,1
15,vp15/run2_2018-05-30-13-34-33.ids_1,112,32822,32864,sitting_still,2
15,vp15/run2_2018-05-30-13-34-33.ids_1,113,32946,33036,sitting_still,0
15,vp15/run2_2018-05-30-13-34-33.ids_1,113,33036,33126,sitting_still,1
15,vp15/run2_2018-05-30-13-34-33.ids_1,113,33126,33163,sitting_still,2
15,vp15/run2_2018-05-30-13-34-33.ids_1,114,33194,33284,sitting_still,0
15,vp15/run2_2018-05-30-13-34-33.ids_1,114,33284,33374,sitting_still,1
15,vp15/run2_2018-05-30-13-34-33.ids_1,114,33374,33464,sitting_still,2
15,vp15/run2_2018-05-30-13-34-33.ids_1,114,33464,33554,sitting_still,3
15,vp15/run2_2018-05-30-13-34-33.ids_1,114,33554,33644,sitting_still,4
15,vp15/run2_2018-05-30-13-34-33.ids_1,114,33644,33734,sitting_still,5
15,vp15/run2_2018-05-30-13-34-33.ids_1,114,33734,33824,sitting_still,6
15,vp15/run2_2018-05-30-13-34-33.ids_1,114,33824,33914,sitting_still,7
15,vp15/run2_2018-05-30-13-34-33.ids_1,114,33914,33974,sitting_still,8
15,vp15/run2_2018-05-30-13-34-33.ids_1,115,34081,34171,sitting_still,0
15,vp15/run2_2018-05-30-13-34-33.ids_1,115,34171,34261,sitting_still,1
15,vp15/run2_2018-05-30-13-34-33.ids_1,115,34261,34351,sitting_still,2
15,vp15/run2_2018-05-30-13-34-33.ids_1,115,34351,34358,sitting_still,3
15,vp15/run2_2018-05-30-13-34-33.ids_1,116,35172,35187,pressing_automation_button,0
15,vp15/run2_2018-05-30-13-34-33.ids_1,118,35455,35545,sitting_still,0
15,vp15/run2_2018-05-30-13-34-33.ids_1,118,35545,35635,sitting_still,1
15,vp15/run2_2018-05-30-13-34-33.ids_1,118,35635,35725,sitting_still,2
15,vp15/run2_2018-05-30-13-34-33.ids_1,118,35725,35815,sitting_still,3
15,vp15/run2_2018-05-30-13-34-33.ids_1,118,35815,35905,sitting_still,4
15,vp15/run2_2018-05-30-13-34-33.ids_1,118,35905,35995,sitting_still,5
15,vp15/run2_2018-05-30-13-34-33.ids_1,118,35995,36085,sitting_still,6
15,vp15/run2_2018-05-30-13-34-33.ids_1,118,36085,36175,sitting_still,7
15,vp15/run2_2018-05-30-13-34-33.ids_1,118,36175,36242,sitting_still,8
15,vp15/run2_2018-05-30-13-34-33.ids_1,119,36277,36356,sitting_still,0
15,vp15/run2_2018-05-30-13-34-33.ids_1,120,36386,36476,sitting_still,0
15,vp15/run2_2018-05-30-13-34-33.ids_1,120,36476,36566,sitting_still,1
15,vp15/run2_2018-05-30-13-34-33.ids_1,120,36566,36656,sitting_still,2
15,vp15/run2_2018-05-30-13-34-33.ids_1,120,36656,36746,sitting_still,3
15,vp15/run2_2018-05-30-13-34-33.ids_1,120,36746,36836,sitting_still,4
15,vp15/run2_2018-05-30-13-34-33.ids_1,120,36836,36926,sitting_still,5
15,vp15/run2_2018-05-30-13-34-33.ids_1,120,36926,37016,sitting_still,6
15,vp15/run2_2018-05-30-13-34-33.ids_1,120,37016,37106,sitting_still,7
15,vp15/run2_2018-05-30-13-34-33.ids_1,120,37106,37196,sitting_still,8
15,vp15/run2_2018-05-30-13-34-33.ids_1,120,37196,37286,sitting_still,9
15,vp15/run2_2018-05-30-13-34-33.ids_1,121,37468,37558,sitting_still,0
15,vp15/run2_2018-05-30-13-34-33.ids_1,121,37558,37630,sitting_still,1
15,vp15/run2_2018-05-30-13-34-33.ids_1,122,37663,37674,using_multimedia_display,0
15,vp15/run2_2018-05-30-13-34-33.ids_1,123,37711,37801,sitting_still,0
15,vp15/run2_2018-05-30-13-34-33.ids_1,123,37801,37891,sitting_still,1
15,vp15/run2_2018-05-30-13-34-33.ids_1,123,37891,37981,sitting_still,2
15,vp15/run2_2018-05-30-13-34-33.ids_1,123,37981,38071,sitting_still,3
15,vp15/run2_2018-05-30-13-34-33.ids_1,123,38071,38161,sitting_still,4
15,vp15/run2_2018-05-30-13-34-33.ids_1,123,38161,38166,sitting_still,5
15,vp15/run2_2018-05-30-13-34-33.ids_1,124,38293,38300,pressing_automation_button,0
15,vp15/run2_2018-05-30-13-34-33.ids_1,125,38643,38733,unfastening_seat_belt,0
15,vp15/run2_2018-05-30-13-34-33.ids_1,125,38733,38749,unfastening_seat_belt,1
15,vp15/run2_2018-05-30-13-34-33.ids_1,126,38749,38811,opening_door_inside,0
15,vp15/run2_2018-05-30-13-34-33.ids_1,127,38811,38901,exiting_car,0
15,vp15/run2_2018-05-30-13-34-33.ids_1,127,38901,38944,exiting_car,1
15,vp15/run2_2018-05-30-13-34-33.ids_1,128,38953,38990,closing_door_outside,0
