participant_id,file_id,annotation_id,frame_start,frame_end,activity,chunk_id
1,vp1/run1b_2018-05-29-14-02-47.ids_1,0,0,90,fasten_seat_belt,0
1,vp1/run1b_2018-05-29-14-02-47.ids_1,0,90,180,fasten_seat_belt,1
1,vp1/run1b_2018-05-29-14-02-47.ids_1,0,180,270,fasten_seat_belt,2
1,vp1/run1b_2018-05-29-14-02-47.ids_1,0,270,360,fasten_seat_belt,3
1,vp1/run1b_2018-05-29-14-02-47.ids_1,0,360,450,fasten_seat_belt,4
1,vp1/run1b_2018-05-29-14-02-47.ids_1,0,450,516,fasten_seat_belt,5
1,vp1/run1b_2018-05-29-14-02-47.ids_1,1,5919,6009,hand_over,0
1,vp1/run1b_2018-05-29-14-02-47.ids_1,1,6009,6099,hand_over,1
1,vp1/run1b_2018-05-29-14-02-47.ids_1,1,6099,6189,hand_over,2
1,vp1/run1b_2018-05-29-14-02-47.ids_1,1,6189,6227,hand_over,3
1,vp1/run1b_2018-05-29-14-02-47.ids_1,2,6426,6516,work,0
1,vp1/run1b_2018-05-29-14-02-47.ids_1,2,6516,6606,work,1
1,vp1/run1b_2018-05-29-14-02-47.ids_1,2,6606,6696,work,2
1,vp1/run1b_2018-05-29-14-02-47.ids_1,2,6696,6786,work,3
1,vp1/run1b_2018-05-29-14-02-47.ids_1,2,6786,6876,work,4
1,vp1/run1b_2018-05-29-14-02-47.ids_1,2,6876,6966,work,5
1,vp1/run1b_2018-05-29-14-02-47.ids_1,2,6966,7056,work,6
1,vp1/run1b_2018-05-29-14-02-47.ids_1,2,7056,7146,work,7
1,vp1/run1b_2018-05-29-14-02-47.ids_1,2,7146,7236,work,8
1,vp1/run1b_2018-05-29-14-02-47.ids_1,2,7236,7326,work,9
1,vp1/run1b_2018-05-29-14-02-47.ids_1,2,7326,7416,work,10
1,vp1/run1b_2018-05-29-14-02-47.ids_1,2,7416,7506,work,11
1,vp1/run1b_2018-05-29-14-02-47.ids_1,2,7506,7596,work,12
1,vp1/run1b_2018-05-29-14-02-47.ids_1,2,7596,7686,work,13
1,vp1/run1b_2018-05-29-14-02-47.ids_1,2,7686,7776,work,14
1,vp1/run1b_2018-05-29-14-02-47.ids_1,2,7776,7866,work,15
1,vp1/run1b_2018-05-29-14-02-47.ids_1,2,7866,7956,work,16
1,vp1/run1b_2018-05-29-14-02-47.ids_1,2,7956,8046,work,17
1,vp1/run1b_2018-05-29-14-02-47.ids_1,2,8046,8136,work,18
1,vp1/run1b_2018-05-29-14-02-47.ids_1,2,8136,8226,work,19
1,vp1/run1b_2018-05-29-14-02-47.ids_1,2,8226,8316,work,20
1,vp1/run1b_2018-05-29-14-02-47.ids_1,2,8316,8406,work,21
1,vp1/run1b_2018-05-29-14-02-47.ids_1,2,8406,8496,work,22
1,vp1/run1b_2018-05-29-14-02-47.ids_1,2,8496,8586,work,23
1,vp1/run1b_2018-05-29-14-02-47.ids_1,2,8586,8676,work,24
1,vp1/run1b_2018-05-29-14-02-47.ids_1,2,8676,8766,work,25
1,vp1/run1b_2018-05-29-14-02-47.ids_1,2,8766,8856,work,26
1,vp1/run1b_2018-05-29-14-02-47.ids_1,2,8856,8946,work,27
1,vp1/run1b_2018-05-29-14-02-47.ids_1,2,8946,9036,work,28
1,vp1/run1b_2018-05-29-14-02-47.ids_1,2,9036,9126,work,29
1,vp1/run1b_2018-05-29-14-02-47.ids_1,2,9126,9216,work,30
1,vp1/run1b_2018-05-29-14-02-47.ids_1,2,9216,9306,work,31
1,vp1/run1b_2018-05-29-14-02-47.ids_1,2,9306,9396,work,32
1,vp1/run1b_2018-05-29-14-02-47.ids_1,2,9396,9486,work,33
1,vp1/run1b_2018-05-29-14-02-47.ids_1,2,9486,9576,work,34
1,vp1/run1b_2018-05-29-14-02-47.ids_1,2,9576,9666,work,35
1,vp1/run1b_2018-05-29-14-02-47.ids_1,2,9666,9756,work,36
1,vp1/run1b_2018-05-29-14-02-47.ids_1,2,9756,9846,work,37
1,vp1/run1b_2018-05-29-14-02-47.ids_1,2,9846,9936,work,38
1,vp1/run1b_2018-05-29-14-02-47.ids_1,2,9936,9967,work,39
1,vp1/run1b_2018-05-29-14-02-47.ids_1,3,10167,10257,put_on_jacket,0
1,vp1/run1b_2018-05-29-14-02-47.ids_1,3,10257,10347,put_on_jacket,1
1,vp1/run1b_2018-05-29-14-02-47.ids_1,3,10347,10437,put_on_jacket,2
1,vp1/run1b_2018-05-29-14-02-47.ids_1,3,10437,10527,put_on_jacket,3
1,vp1/run1b_2018-05-29-14-02-47.ids_1,3,10527,10617,put_on_jacket,4
1,vp1/run1b_2018-05-29-14-02-47.ids_1,3,10617,10707,put_on_jacket,5
1,vp1/run1b_2018-05-29-14-02-47.ids_1,3,10707,10797,put_on_jacket,6
1,vp1/run1b_2018-05-29-14-02-47.ids_1,3,10797,10887,put_on_jacket,7
1,vp1/run1b_2018-05-29-14-02-47.ids_1,3,10887,10977,put_on_jacket,8
1,vp1/run1b_2018-05-29-14-02-47.ids_1,3,10977,11021,put_on_jacket,9
1,vp1/run1b_2018-05-29-14-02-47.ids_1,4,11760,11850,watch_video,0
1,vp1/run1b_2018-05-29-14-02-47.ids_1,4,11850,11940,watch_video,1
1,vp1/run1b_2018-05-29-14-02-47.ids_1,4,11940,12030,watch_video,2
1,vp1/run1b_2018-05-29-14-02-47.ids_1,4,12030,12120,watch_video,3
1,vp1/run1b_2018-05-29-14-02-47.ids_1,4,12120,12210,watch_video,4
1,vp1/run1b_2018-05-29-14-02-47.ids_1,4,12210,12300,watch_video,5
1,vp1/run1b_2018-05-29-14-02-47.ids_1,4,12300,12390,watch_video,6
1,vp1/run1b_2018-05-29-14-02-47.ids_1,4,12390,12480,watch_video,7
1,vp1/run1b_2018-05-29-14-02-47.ids_1,4,12480,12570,watch_video,8
1,vp1/run1b_2018-05-29-14-02-47.ids_1,4,12570,12660,watch_video,9
1,vp1/run1b_2018-05-29-14-02-47.ids_1,4,12660,12750,watch_video,10
1,vp1/run1b_2018-05-29-14-02-47.ids_1,4,12750,12840,watch_video,11
1,vp1/run1b_2018-05-29-14-02-47.ids_1,4,12840,12930,watch_video,12
1,vp1/run1b_2018-05-29-14-02-47.ids_1,4,12930,13020,watch_video,13
1,vp1/run1b_2018-05-29-14-02-47.ids_1,4,13020,13110,watch_video,14
1,vp1/run1b_2018-05-29-14-02-47.ids_1,4,13110,13200,watch_video,15
1,vp1/run1b_2018-05-29-14-02-47.ids_1,4,13200,13290,watch_video,16
1,vp1/run1b_2018-05-29-14-02-47.ids_1,4,13290,13380,watch_video,17
1,vp1/run1b_2018-05-29-14-02-47.ids_1,4,13380,13470,watch_video,18
1,vp1/run1b_2018-05-29-14-02-47.ids_1,4,13470,13560,watch_video,19
1,vp1/run1b_2018-05-29-14-02-47.ids_1,4,13560,13650,watch_video,20
1,vp1/run1b_2018-05-29-14-02-47.ids_1,4,13650,13740,watch_video,21
1,vp1/run1b_2018-05-29-14-02-47.ids_1,4,13740,13830,watch_video,22
1,vp1/run1b_2018-05-29-14-02-47.ids_1,4,13830,13920,watch_video,23
1,vp1/run1b_2018-05-29-14-02-47.ids_1,4,13920,14010,watch_video,24
1,vp1/run1b_2018-05-29-14-02-47.ids_1,4,14010,14100,watch_video,25
1,vp1/run1b_2018-05-29-14-02-47.ids_1,4,14100,14190,watch_video,26
1,vp1/run1b_2018-05-29-14-02-47.ids_1,4,14190,14280,watch_video,27
1,vp1/run1b_2018-05-29-14-02-47.ids_1,4,14280,14370,watch_video,28
1,vp1/run1b_2018-05-29-14-02-47.ids_1,4,14370,14460,watch_video,29
1,vp1/run1b_2018-05-29-14-02-47.ids_1,4,14460,14550,watch_video,30
1,vp1/run1b_2018-05-29-14-02-47.ids_1,4,14550,14640,watch_video,31
1,vp1/run1b_2018-05-29-14-02-47.ids_1,4,14640,14730,watch_video,32
1,vp1/run1b_2018-05-29-14-02-47.ids_1,4,14730,14820,watch_video,33
1,vp1/run1b_2018-05-29-14-02-47.ids_1,4,14820,14910,watch_video,34
1,vp1/run1b_2018-05-29-14-02-47.ids_1,4,14910,15000,watch_video,35
1,vp1/run1b_2018-05-29-14-02-47.ids_1,4,15000,15090,watch_video,36
1,vp1/run1b_2018-05-29-14-02-47.ids_1,4,15090,15180,watch_video,37
1,vp1/run1b_2018-05-29-14-02-47.ids_1,4,15180,15270,watch_video,38
1,vp1/run1b_2018-05-29-14-02-47.ids_1,4,15270,15360,watch_video,39
1,vp1/run1b_2018-05-29-14-02-47.ids_1,4,15360,15450,watch_video,40
1,vp1/run1b_2018-05-29-14-02-47.ids_1,4,15450,15540,watch_video,41
1,vp1/run1b_2018-05-29-14-02-47.ids_1,4,15540,15630,watch_video,42
1,vp1/run1b_2018-05-29-14-02-47.ids_1,4,15630,15720,watch_video,43
1,vp1/run1b_2018-05-29-14-02-47.ids_1,4,15720,15810,watch_video,44
1,vp1/run1b_2018-05-29-14-02-47.ids_1,4,15810,15900,watch_video,45
1,vp1/run1b_2018-05-29-14-02-47.ids_1,4,15900,15990,watch_video,46
1,vp1/run1b_2018-05-29-14-02-47.ids_1,4,15990,16080,watch_video,47
1,vp1/run1b_2018-05-29-14-02-47.ids_1,4,16080,16170,watch_video,48
1,vp1/run1b_2018-05-29-14-02-47.ids_1,4,16170,16260,watch_video,49
1,vp1/run1b_2018-05-29-14-02-47.ids_1,4,16260,16350,watch_video,50
1,vp1/run1b_2018-05-29-14-02-47.ids_1,4,16350,16440,watch_video,51
1,vp1/run1b_2018-05-29-14-02-47.ids_1,4,16440,16530,watch_video,52
1,vp1/run1b_2018-05-29-14-02-47.ids_1,4,16530,16620,watch_video,53
1,vp1/run1b_2018-05-29-14-02-47.ids_1,4,16620,16710,watch_video,54
1,vp1/run1b_2018-05-29-14-02-47.ids_1,4,16710,16800,watch_video,55
1,vp1/run1b_2018-05-29-14-02-47.ids_1,4,16800,16890,watch_video,56
1,vp1/run1b_2018-05-29-14-02-47.ids_1,4,16890,16980,watch_video,57
1,vp1/run1b_2018-05-29-14-02-47.ids_1,4,16980,17070,watch_video,58
1,vp1/run1b_2018-05-29-14-02-47.ids_1,4,17070,17160,watch_video,59
1,vp1/run1b_2018-05-29-14-02-47.ids_1,4,17160,17250,watch_video,60
1,vp1/run1b_2018-05-29-14-02-47.ids_1,4,17250,17340,watch_video,61
1,vp1/run1b_2018-05-29-14-02-47.ids_1,4,17340,17430,watch_video,62
1,vp1/run1b_2018-05-29-14-02-47.ids_1,4,17430,17520,watch_video,63
1,vp1/run1b_2018-05-29-14-02-47.ids_1,4,17520,17610,watch_video,64
1,vp1/run1b_2018-05-29-14-02-47.ids_1,4,17610,17649,watch_video,65
1,vp1/run1b_2018-05-29-14-02-47.ids_1,5,17866,17956,put_on_sunglasses,0
1,vp1/run1b_2018-05-29-14-02-47.ids_1,5,17956,18046,put_on_sunglasses,1
1,vp1/run1b_2018-05-29-14-02-47.ids_1,5,18046,18136,put_on_sunglasses,2
1,vp1/run1b_2018-05-29-14-02-47.ids_1,5,18136,18226,put_on_sunglasses,3
1,vp1/run1b_2018-05-29-14-02-47.ids_1,5,18226,18316,put_on_sunglasses,4
1,vp1/run1b_2018-05-29-14-02-47.ids_1,5,18316,18406,put_on_sunglasses,5
1,vp1/run1b_2018-05-29-14-02-47.ids_1,5,18406,18496,put_on_sunglasses,6
1,vp1/run1b_2018-05-29-14-02-47.ids_1,5,18496,18567,put_on_sunglasses,7
1,vp1/run1b_2018-05-29-14-02-47.ids_1,6,19649,19739,read_write_newspaper,0
1,vp1/run1b_2018-05-29-14-02-47.ids_1,6,19739,19829,read_write_newspaper,1
1,vp1/run1b_2018-05-29-14-02-47.ids_1,6,19829,19919,read_write_newspaper,2
1,vp1/run1b_2018-05-29-14-02-47.ids_1,6,19919,20009,read_write_newspaper,3
1,vp1/run1b_2018-05-29-14-02-47.ids_1,6,20009,20099,read_write_newspaper,4
1,vp1/run1b_2018-05-29-14-02-47.ids_1,6,20099,20189,read_write_newspaper,5
1,vp1/run1b_2018-05-29-14-02-47.ids_1,6,20189,20279,read_write_newspaper,6
1,vp1/run1b_2018-05-29-14-02-47.ids_1,6,20279,20369,read_write_newspaper,7
1,vp1/run1b_2018-05-29-14-02-47.ids_1,6,20369,20459,read_write_newspaper,8
1,vp1/run1b_2018-05-29-14-02-47.ids_1,6,20459,20549,read_write_newspaper,9
1,vp1/run1b_2018-05-29-14-02-47.ids_1,6,20549,20639,read_write_newspaper,10
1,vp1/run1b_2018-05-29-14-02-47.ids_1,6,20639,20729,read_write_newspaper,11
1,vp1/run1b_2018-05-29-14-02-47.ids_1,6,20729,20819,read_write_newspaper,12
1,vp1/run1b_2018-05-29-14-02-47.ids_1,6,20819,20909,read_write_newspaper,13
1,vp1/run1b_2018-05-29-14-02-47.ids_1,6,20909,20999,read_write_newspaper,14
1,vp1/run1b_2018-05-29-14-02-47.ids_1,6,20999,21089,read_write_newspaper,15
1,vp1/run1b_2018-05-29-14-02-47.ids_1,6,21089,21179,read_write_newspaper,16
1,vp1/run1b_2018-05-29-14-02-47.ids_1,6,21179,21269,read_write_newspaper,17
1,vp1/run1b_2018-05-29-14-02-47.ids_1,6,21269,21359,read_write_newspaper,18
1,vp1/run1b_2018-05-29-14-02-47.ids_1,6,21359,21449,read_write_newspaper,19
1,vp1/run1b_2018-05-29-14-02-47.ids_1,6,21449,21539,read_write_newspaper,20
1,vp1/run1b_2018-05-29-14-02-47.ids_1,6,21539,21629,read_write_newspaper,21
1,vp1/run1b_2018-05-29-14-02-47.ids_1,6,21629,21719,read_write_newspaper,22
1,vp1/run1b_2018-05-29-14-02-47.ids_1,6,21719,21809,read_write_newspaper,23
1,vp1/run1b_2018-05-29-14-02-47.ids_1,6,21809,21899,read_write_newspaper,24
1,vp1/run1b_2018-05-29-14-02-47.ids_1,6,21899,21989,read_write_newspaper,25
1,vp1/run1b_2018-05-29-14-02-47.ids_1,6,21989,22079,read_write_newspaper,26
1,vp1/run1b_2018-05-29-14-02-47.ids_1,6,22079,22169,read_write_newspaper,27
1,vp1/run1b_2018-05-29-14-02-47.ids_1,6,22169,22259,read_write_newspaper,28
1,vp1/run1b_2018-05-29-14-02-47.ids_1,6,22259,22349,read_write_newspaper,29
1,vp1/run1b_2018-05-29-14-02-47.ids_1,6,22349,22439,read_write_newspaper,30
1,vp1/run1b_2018-05-29-14-02-47.ids_1,6,22439,22529,read_write_newspaper,31
1,vp1/run1b_2018-05-29-14-02-47.ids_1,6,22529,22619,read_write_newspaper,32
1,vp1/run1b_2018-05-29-14-02-47.ids_1,6,22619,22654,read_write_newspaper,33
1,vp1/run1b_2018-05-29-14-02-47.ids_1,7,23642,23732,take_off_sunglasses,0
1,vp1/run1b_2018-05-29-14-02-47.ids_1,7,23732,23822,take_off_sunglasses,1
1,vp1/run1b_2018-05-29-14-02-47.ids_1,7,23822,23912,take_off_sunglasses,2
1,vp1/run1b_2018-05-29-14-02-47.ids_1,7,23912,24002,take_off_sunglasses,3
1,vp1/run1b_2018-05-29-14-02-47.ids_1,7,24002,24092,take_off_sunglasses,4
1,vp1/run1b_2018-05-29-14-02-47.ids_1,7,24092,24182,take_off_sunglasses,5
1,vp1/run1b_2018-05-29-14-02-47.ids_1,7,24182,24272,take_off_sunglasses,6
1,vp1/run1b_2018-05-29-14-02-47.ids_1,7,24272,24362,take_off_sunglasses,7
1,vp1/run1b_2018-05-29-14-02-47.ids_1,7,24362,24452,take_off_sunglasses,8
1,vp1/run1b_2018-05-29-14-02-47.ids_1,7,24452,24482,take_off_sunglasses,9
1,vp1/run1b_2018-05-29-14-02-47.ids_1,8,25395,25485,eat_drink,0
1,vp1/run1b_2018-05-29-14-02-47.ids_1,8,25485,25575,eat_drink,1
1,vp1/run1b_2018-05-29-14-02-47.ids_1,8,25575,25665,eat_drink,2
1,vp1/run1b_2018-05-29-14-02-47.ids_1,8,25665,25755,eat_drink,3
1,vp1/run1b_2018-05-29-14-02-47.ids_1,8,25755,25845,eat_drink,4
1,vp1/run1b_2018-05-29-14-02-47.ids_1,8,25845,25935,eat_drink,5
1,vp1/run1b_2018-05-29-14-02-47.ids_1,8,25935,26025,eat_drink,6
1,vp1/run1b_2018-05-29-14-02-47.ids_1,8,26025,26115,eat_drink,7
1,vp1/run1b_2018-05-29-14-02-47.ids_1,8,26115,26205,eat_drink,8
1,vp1/run1b_2018-05-29-14-02-47.ids_1,8,26205,26295,eat_drink,9
1,vp1/run1b_2018-05-29-14-02-47.ids_1,8,26295,26385,eat_drink,10
1,vp1/run1b_2018-05-29-14-02-47.ids_1,8,26385,26475,eat_drink,11
1,vp1/run1b_2018-05-29-14-02-47.ids_1,8,26475,26565,eat_drink,12
1,vp1/run1b_2018-05-29-14-02-47.ids_1,8,26565,26655,eat_drink,13
1,vp1/run1b_2018-05-29-14-02-47.ids_1,8,26655,26745,eat_drink,14
1,vp1/run1b_2018-05-29-14-02-47.ids_1,8,26745,26835,eat_drink,15
1,vp1/run1b_2018-05-29-14-02-47.ids_1,8,26835,26925,eat_drink,16
1,vp1/run1b_2018-05-29-14-02-47.ids_1,8,26925,27015,eat_drink,17
1,vp1/run1b_2018-05-29-14-02-47.ids_1,8,27015,27105,eat_drink,18
1,vp1/run1b_2018-05-29-14-02-47.ids_1,8,27105,27195,eat_drink,19
1,vp1/run1b_2018-05-29-14-02-47.ids_1,8,27195,27285,eat_drink,20
1,vp1/run1b_2018-05-29-14-02-47.ids_1,8,27285,27375,eat_drink,21
1,vp1/run1b_2018-05-29-14-02-47.ids_1,8,27375,27465,eat_drink,22
1,vp1/run1b_2018-05-29-14-02-47.ids_1,8,27465,27555,eat_drink,23
1,vp1/run1b_2018-05-29-14-02-47.ids_1,8,27555,27645,eat_drink,24
1,vp1/run1b_2018-05-29-14-02-47.ids_1,8,27645,27735,eat_drink,25
1,vp1/run1b_2018-05-29-14-02-47.ids_1,8,27735,27825,eat_drink,26
1,vp1/run1b_2018-05-29-14-02-47.ids_1,8,27825,27915,eat_drink,27
1,vp1/run1b_2018-05-29-14-02-47.ids_1,8,27915,28005,eat_drink,28
1,vp1/run1b_2018-05-29-14-02-47.ids_1,8,28005,28095,eat_drink,29
1,vp1/run1b_2018-05-29-14-02-47.ids_1,8,28095,28185,eat_drink,30
1,vp1/run1b_2018-05-29-14-02-47.ids_1,8,28185,28275,eat_drink,31
1,vp1/run1b_2018-05-29-14-02-47.ids_1,8,28275,28365,eat_drink,32
1,vp1/run1b_2018-05-29-14-02-47.ids_1,8,28365,28455,eat_drink,33
1,vp1/run1b_2018-05-29-14-02-47.ids_1,8,28455,28545,eat_drink,34
1,vp1/run1b_2018-05-29-14-02-47.ids_1,8,28545,28635,eat_drink,35
1,vp1/run1b_2018-05-29-14-02-47.ids_1,8,28635,28725,eat_drink,36
1,vp1/run1b_2018-05-29-14-02-47.ids_1,8,28725,28815,eat_drink,37
1,vp1/run1b_2018-05-29-14-02-47.ids_1,8,28815,28905,eat_drink,38
1,vp1/run1b_2018-05-29-14-02-47.ids_1,8,28905,28995,eat_drink,39
1,vp1/run1b_2018-05-29-14-02-47.ids_1,8,28995,29085,eat_drink,40
1,vp1/run1b_2018-05-29-14-02-47.ids_1,8,29085,29175,eat_drink,41
1,vp1/run1b_2018-05-29-14-02-47.ids_1,8,29175,29265,eat_drink,42
1,vp1/run1b_2018-05-29-14-02-47.ids_1,8,29265,29355,eat_drink,43
1,vp1/run1b_2018-05-29-14-02-47.ids_1,8,29355,29372,eat_drink,44
1,vp1/run1b_2018-05-29-14-02-47.ids_1,9,29769,29859,read_write_magazine,0
1,vp1/run1b_2018-05-29-14-02-47.ids_1,9,29859,29949,read_write_magazine,1
1,vp1/run1b_2018-05-29-14-02-47.ids_1,9,29949,30039,read_write_magazine,2
1,vp1/run1b_2018-05-29-14-02-47.ids_1,9,30039,30129,read_write_magazine,3
1,vp1/run1b_2018-05-29-14-02-47.ids_1,9,30129,30219,read_write_magazine,4
1,vp1/run1b_2018-05-29-14-02-47.ids_1,9,30219,30309,read_write_magazine,5
1,vp1/run1b_2018-05-29-14-02-47.ids_1,9,30309,30399,read_write_magazine,6
1,vp1/run1b_2018-05-29-14-02-47.ids_1,9,30399,30489,read_write_magazine,7
1,vp1/run1b_2018-05-29-14-02-47.ids_1,9,30489,30579,read_write_magazine,8
1,vp1/run1b_2018-05-29-14-02-47.ids_1,9,30579,30669,read_write_magazine,9
1,vp1/run1b_2018-05-29-14-02-47.ids_1,9,30669,30759,read_write_magazine,10
1,vp1/run1b_2018-05-29-14-02-47.ids_1,9,30759,30849,read_write_magazine,11
1,vp1/run1b_2018-05-29-14-02-47.ids_1,9,30849,30939,read_write_magazine,12
1,vp1/run1b_2018-05-29-14-02-47.ids_1,9,30939,31029,read_write_magazine,13
1,vp1/run1b_2018-05-29-14-02-47.ids_1,9,31029,31119,read_write_magazine,14
1,vp1/run1b_2018-05-29-14-02-47.ids_1,9,31119,31209,read_write_magazine,15
1,vp1/run1b_2018-05-29-14-02-47.ids_1,9,31209,31299,read_write_magazine,16
1,vp1/run1b_2018-05-29-14-02-47.ids_1,9,31299,31389,read_write_magazine,17
1,vp1/run1b_2018-05-29-14-02-47.ids_1,9,31389,31479,read_write_magazine,18
1,vp1/run1b_2018-05-29-14-02-47.ids_1,9,31479,31569,read_write_magazine,19
1,vp1/run1b_2018-05-29-14-02-47.ids_1,9,31569,31659,read_write_magazine,20
1,vp1/run1b_2018-05-29-14-02-47.ids_1,9,31659,31749,read_write_magazine,21
1,vp1/run1b_2018-05-29-14-02-47.ids_1,9,31749,31839,read_write_magazine,22
1,vp1/run1b_2018-05-29-14-02-47.ids_1,9,31839,31929,read_write_magazine,23
1,vp1/run1b_2018-05-29-14-02-47.ids_1,9,31929,32019,read_write_magazine,24
1,vp1/run1b_2018-05-29-14-02-47.ids_1,9,32019,32109,read_write_magazine,25
1,vp1/run1b_2018-05-29-14-02-47.ids_1,9,32109,32199,read_write_magazine,26
1,vp1/run1b_2018-05-29-14-02-47.ids_1,9,32199,32289,read_write_magazine,27
1,vp1/run1b_2018-05-29-14-02-47.ids_1,9,32289,32379,read_write_magazine,28
1,vp1/run1b_2018-05-29-14-02-47.ids_1,9,32379,32415,read_write_magazine,29
1,vp1/run1b_2018-05-29-14-02-47.ids_1,10,35434,35524,take_off_jacket,0
1,vp1/run1b_2018-05-29-14-02-47.ids_1,10,35524,35614,take_off_jacket,1
1,vp1/run1b_2018-05-29-14-02-47.ids_1,10,35614,35704,take_off_jacket,2
1,vp1/run1b_2018-05-29-14-02-47.ids_1,10,35704,35794,take_off_jacket,3
1,vp1/run1b_2018-05-29-14-02-47.ids_1,10,35794,35884,take_off_jacket,4
1,vp1/run1b_2018-05-29-14-02-47.ids_1,10,35884,35974,take_off_jacket,5
1,vp1/run1b_2018-05-29-14-02-47.ids_1,10,35974,36064,take_off_jacket,6
1,vp1/run1b_2018-05-29-14-02-47.ids_1,10,36064,36154,take_off_jacket,7
1,vp1/run1b_2018-05-29-14-02-47.ids_1,10,36154,36244,take_off_jacket,8
1,vp1/run1b_2018-05-29-14-02-47.ids_1,10,36244,36251,take_off_jacket,9
1,vp1/run1b_2018-05-29-14-02-47.ids_1,11,37037,37127,final_task,0
1,vp1/run1b_2018-05-29-14-02-47.ids_1,11,37127,37217,final_task,1
1,vp1/run1b_2018-05-29-14-02-47.ids_1,11,37217,37307,final_task,2
1,vp1/run1b_2018-05-29-14-02-47.ids_1,11,37307,37397,final_task,3
1,vp1/run1b_2018-05-29-14-02-47.ids_1,11,37397,37487,final_task,4
1,vp1/run1b_2018-05-29-14-02-47.ids_1,11,37487,37577,final_task,5
1,vp1/run1b_2018-05-29-14-02-47.ids_1,11,37577,37667,final_task,6
1,vp1/run1b_2018-05-29-14-02-47.ids_1,11,37667,37757,final_task,7
1,vp1/run1b_2018-05-29-14-02-47.ids_1,11,37757,37831,final_task,8
1,vp1/run2_2018-05-29-14-33-44.ids_1,0,1320,1359,fasten_seat_belt,0
1,vp1/run2_2018-05-29-14-33-44.ids_1,1,6780,6870,hand_over,0
1,vp1/run2_2018-05-29-14-33-44.ids_1,1,6870,6909,hand_over,1
1,vp1/run2_2018-05-29-14-33-44.ids_1,2,7830,7920,put_on_jacket,0
1,vp1/run2_2018-05-29-14-33-44.ids_1,2,7920,8010,put_on_jacket,1
1,vp1/run2_2018-05-29-14-33-44.ids_1,2,8010,8100,put_on_jacket,2
1,vp1/run2_2018-05-29-14-33-44.ids_1,2,8100,8190,put_on_jacket,3
1,vp1/run2_2018-05-29-14-33-44.ids_1,2,8190,8280,put_on_jacket,4
1,vp1/run2_2018-05-29-14-33-44.ids_1,2,8280,8370,put_on_jacket,5
1,vp1/run2_2018-05-29-14-33-44.ids_1,2,8370,8460,put_on_jacket,6
1,vp1/run2_2018-05-29-14-33-44.ids_1,2,8460,8550,put_on_jacket,7
1,vp1/run2_2018-05-29-14-33-44.ids_1,2,8550,8640,put_on_jacket,8
1,vp1/run2_2018-05-29-14-33-44.ids_1,2,8640,8730,put_on_jacket,9
1,vp1/run2_2018-05-29-14-33-44.ids_1,2,8730,8820,put_on_jacket,10
1,vp1/run2_2018-05-29-14-33-44.ids_1,2,8820,8910,put_on_jacket,11
1,vp1/run2_2018-05-29-14-33-44.ids_1,2,8910,9000,put_on_jacket,12
1,vp1/run2_2018-05-29-14-33-44.ids_1,2,9000,9090,put_on_jacket,13
1,vp1/run2_2018-05-29-14-33-44.ids_1,2,9090,9180,put_on_jacket,14
1,vp1/run2_2018-05-29-14-33-44.ids_1,2,9180,9270,put_on_jacket,15
1,vp1/run2_2018-05-29-14-33-44.ids_1,2,9270,9360,put_on_jacket,16
1,vp1/run2_2018-05-29-14-33-44.ids_1,2,9360,9450,put_on_jacket,17
1,vp1/run2_2018-05-29-14-33-44.ids_1,2,9450,9540,put_on_jacket,18
1,vp1/run2_2018-05-29-14-33-44.ids_1,2,9540,9630,put_on_jacket,19
1,vp1/run2_2018-05-29-14-33-44.ids_1,2,9630,9638,put_on_jacket,20
1,vp1/run2_2018-05-29-14-33-44.ids_1,3,12660,12750,put_on_sunglasses,0
1,vp1/run2_2018-05-29-14-33-44.ids_1,3,12750,12840,put_on_sunglasses,1
1,vp1/run2_2018-05-29-14-33-44.ids_1,3,12840,12930,put_on_sunglasses,2
1,vp1/run2_2018-05-29-14-33-44.ids_1,3,12930,13020,put_on_sunglasses,3
1,vp1/run2_2018-05-29-14-33-44.ids_1,3,13020,13110,put_on_sunglasses,4
1,vp1/run2_2018-05-29-14-33-44.ids_1,3,13110,13200,put_on_sunglasses,5
1,vp1/run2_2018-05-29-14-33-44.ids_1,3,13200,13290,put_on_sunglasses,6
1,vp1/run2_2018-05-29-14-33-44.ids_1,3,13290,13298,put_on_sunglasses,7
1,vp1/run2_2018-05-29-14-33-44.ids_1,4,14250,14340,take_off_jacket,0
1,vp1/run2_2018-05-29-14-33-44.ids_1,4,14340,14430,take_off_jacket,1
1,vp1/run2_2018-05-29-14-33-44.ids_1,4,14430,14520,take_off_jacket,2
1,vp1/run2_2018-05-29-14-33-44.ids_1,4,14520,14610,take_off_jacket,3
1,vp1/run2_2018-05-29-14-33-44.ids_1,4,14610,14700,take_off_jacket,4
1,vp1/run2_2018-05-29-14-33-44.ids_1,4,14700,14790,take_off_jacket,5
1,vp1/run2_2018-05-29-14-33-44.ids_1,4,14790,14880,take_off_jacket,6
1,vp1/run2_2018-05-29-14-33-44.ids_1,4,14880,14948,take_off_jacket,7
1,vp1/run2_2018-05-29-14-33-44.ids_1,5,15540,15630,read_write_magazine,0
1,vp1/run2_2018-05-29-14-33-44.ids_1,5,15630,15720,read_write_magazine,1
1,vp1/run2_2018-05-29-14-33-44.ids_1,5,15720,15810,read_write_magazine,2
1,vp1/run2_2018-05-29-14-33-44.ids_1,5,15810,15900,read_write_magazine,3
1,vp1/run2_2018-05-29-14-33-44.ids_1,5,15900,15990,read_write_magazine,4
1,vp1/run2_2018-05-29-14-33-44.ids_1,5,15990,16080,read_write_magazine,5
1,vp1/run2_2018-05-29-14-33-44.ids_1,5,16080,16170,read_write_magazine,6
1,vp1/run2_2018-05-29-14-33-44.ids_1,5,16170,16260,read_write_magazine,7
1,vp1/run2_2018-05-29-14-33-44.ids_1,5,16260,16350,read_write_magazine,8
1,vp1/run2_2018-05-29-14-33-44.ids_1,5,16350,16440,read_write_magazine,9
1,vp1/run2_2018-05-29-14-33-44.ids_1,5,16440,16530,read_write_magazine,10
1,vp1/run2_2018-05-29-14-33-44.ids_1,5,16530,16620,read_write_magazine,11
1,vp1/run2_2018-05-29-14-33-44.ids_1,5,16620,16710,read_write_magazine,12
1,vp1/run2_2018-05-29-14-33-44.ids_1,5,16710,16800,read_write_magazine,13
1,vp1/run2_2018-05-29-14-33-44.ids_1,5,16800,16890,read_write_magazine,14
1,vp1/run2_2018-05-29-14-33-44.ids_1,5,16890,16980,read_write_magazine,15
1,vp1/run2_2018-05-29-14-33-44.ids_1,5,16980,17070,read_write_magazine,16
1,vp1/run2_2018-05-29-14-33-44.ids_1,5,17070,17160,read_write_magazine,17
1,vp1/run2_2018-05-29-14-33-44.ids_1,5,17160,17250,read_write_magazine,18
1,vp1/run2_2018-05-29-14-33-44.ids_1,5,17250,17340,read_write_magazine,19
1,vp1/run2_2018-05-29-14-33-44.ids_1,5,17340,17430,read_write_magazine,20
1,vp1/run2_2018-05-29-14-33-44.ids_1,5,17430,17520,read_write_magazine,21
1,vp1/run2_2018-05-29-14-33-44.ids_1,5,17520,17610,read_write_magazine,22
1,vp1/run2_2018-05-29-14-33-44.ids_1,5,17610,17700,read_write_magazine,23
1,vp1/run2_2018-05-29-14-33-44.ids_1,5,17700,17790,read_write_magazine,24
1,vp1/run2_2018-05-29-14-33-44.ids_1,5,17790,17880,read_write_magazine,25
1,vp1/run2_2018-05-29-14-33-44.ids_1,5,17880,17970,read_write_magazine,26
1,vp1/run2_2018-05-29-14-33-44.ids_1,5,17970,18060,read_write_magazine,27
1,vp1/run2_2018-05-29-14-33-44.ids_1,5,18060,18150,read_write_magazine,28
1,vp1/run2_2018-05-29-14-33-44.ids_1,5,18150,18240,read_write_magazine,29
1,vp1/run2_2018-05-29-14-33-44.ids_1,5,18240,18330,read_write_magazine,30
1,vp1/run2_2018-05-29-14-33-44.ids_1,5,18330,18420,read_write_magazine,31
1,vp1/run2_2018-05-29-14-33-44.ids_1,5,18420,18510,read_write_magazine,32
1,vp1/run2_2018-05-29-14-33-44.ids_1,5,18510,18600,read_write_magazine,33
1,vp1/run2_2018-05-29-14-33-44.ids_1,5,18600,18690,read_write_magazine,34
1,vp1/run2_2018-05-29-14-33-44.ids_1,5,18690,18780,read_write_magazine,35
1,vp1/run2_2018-05-29-14-33-44.ids_1,5,18780,18788,read_write_magazine,36
1,vp1/run2_2018-05-29-14-33-44.ids_1,6,19470,19560,eat_drink,0
1,vp1/run2_2018-05-29-14-33-44.ids_1,6,19560,19650,eat_drink,1
1,vp1/run2_2018-05-29-14-33-44.ids_1,6,19650,19740,eat_drink,2
1,vp1/run2_2018-05-29-14-33-44.ids_1,6,19740,19830,eat_drink,3
1,vp1/run2_2018-05-29-14-33-44.ids_1,6,19830,19920,eat_drink,4
1,vp1/run2_2018-05-29-14-33-44.ids_1,6,19920,20010,eat_drink,5
1,vp1/run2_2018-05-29-14-33-44.ids_1,6,20010,20100,eat_drink,6
1,vp1/run2_2018-05-29-14-33-44.ids_1,6,20100,20190,eat_drink,7
1,vp1/run2_2018-05-29-14-33-44.ids_1,6,20190,20280,eat_drink,8
1,vp1/run2_2018-05-29-14-33-44.ids_1,6,20280,20370,eat_drink,9
1,vp1/run2_2018-05-29-14-33-44.ids_1,6,20370,20460,eat_drink,10
1,vp1/run2_2018-05-29-14-33-44.ids_1,6,20460,20550,eat_drink,11
1,vp1/run2_2018-05-29-14-33-44.ids_1,6,20550,20640,eat_drink,12
1,vp1/run2_2018-05-29-14-33-44.ids_1,6,20640,20730,eat_drink,13
1,vp1/run2_2018-05-29-14-33-44.ids_1,6,20730,20820,eat_drink,14
1,vp1/run2_2018-05-29-14-33-44.ids_1,6,20820,20910,eat_drink,15
1,vp1/run2_2018-05-29-14-33-44.ids_1,6,20910,21000,eat_drink,16
1,vp1/run2_2018-05-29-14-33-44.ids_1,6,21000,21090,eat_drink,17
1,vp1/run2_2018-05-29-14-33-44.ids_1,6,21090,21180,eat_drink,18
1,vp1/run2_2018-05-29-14-33-44.ids_1,6,21180,21270,eat_drink,19
1,vp1/run2_2018-05-29-14-33-44.ids_1,6,21270,21360,eat_drink,20
1,vp1/run2_2018-05-29-14-33-44.ids_1,6,21360,21450,eat_drink,21
1,vp1/run2_2018-05-29-14-33-44.ids_1,6,21450,21540,eat_drink,22
1,vp1/run2_2018-05-29-14-33-44.ids_1,6,21540,21630,eat_drink,23
1,vp1/run2_2018-05-29-14-33-44.ids_1,6,21630,21720,eat_drink,24
1,vp1/run2_2018-05-29-14-33-44.ids_1,6,21720,21810,eat_drink,25
1,vp1/run2_2018-05-29-14-33-44.ids_1,6,21810,21900,eat_drink,26
1,vp1/run2_2018-05-29-14-33-44.ids_1,6,21900,21990,eat_drink,27
1,vp1/run2_2018-05-29-14-33-44.ids_1,6,21990,22080,eat_drink,28
1,vp1/run2_2018-05-29-14-33-44.ids_1,6,22080,22170,eat_drink,29
1,vp1/run2_2018-05-29-14-33-44.ids_1,6,22170,22260,eat_drink,30
1,vp1/run2_2018-05-29-14-33-44.ids_1,6,22260,22350,eat_drink,31
1,vp1/run2_2018-05-29-14-33-44.ids_1,6,22350,22440,eat_drink,32
1,vp1/run2_2018-05-29-14-33-44.ids_1,6,22440,22530,eat_drink,33
1,vp1/run2_2018-05-29-14-33-44.ids_1,6,22530,22620,eat_drink,34
1,vp1/run2_2018-05-29-14-33-44.ids_1,6,22620,22710,eat_drink,35
1,vp1/run2_2018-05-29-14-33-44.ids_1,6,22710,22748,eat_drink,36
1,vp1/run2_2018-05-29-14-33-44.ids_1,7,23340,23430,read_write_newspaper,0
1,vp1/run2_2018-05-29-14-33-44.ids_1,7,23430,23520,read_write_newspaper,1
1,vp1/run2_2018-05-29-14-33-44.ids_1,7,23520,23610,read_write_newspaper,2
1,vp1/run2_2018-05-29-14-33-44.ids_1,7,23610,23700,read_write_newspaper,3
1,vp1/run2_2018-05-29-14-33-44.ids_1,7,23700,23790,read_write_newspaper,4
1,vp1/run2_2018-05-29-14-33-44.ids_1,7,23790,23880,read_write_newspaper,5
1,vp1/run2_2018-05-29-14-33-44.ids_1,7,23880,23970,read_write_newspaper,6
1,vp1/run2_2018-05-29-14-33-44.ids_1,7,23970,24060,read_write_newspaper,7
1,vp1/run2_2018-05-29-14-33-44.ids_1,7,24060,24150,read_write_newspaper,8
1,vp1/run2_2018-05-29-14-33-44.ids_1,7,24150,24240,read_write_newspaper,9
1,vp1/run2_2018-05-29-14-33-44.ids_1,7,24240,24330,read_write_newspaper,10
1,vp1/run2_2018-05-29-14-33-44.ids_1,7,24330,24420,read_write_newspaper,11
1,vp1/run2_2018-05-29-14-33-44.ids_1,7,24420,24510,read_write_newspaper,12
1,vp1/run2_2018-05-29-14-33-44.ids_1,7,24510,24600,read_write_newspaper,13
1,vp1/run2_2018-05-29-14-33-44.ids_1,7,24600,24690,read_write_newspaper,14
1,vp1/run2_2018-05-29-14-33-44.ids_1,7,24690,24780,read_write_newspaper,15
1,vp1/run2_2018-05-29-14-33-44.ids_1,7,24780,24870,read_write_newspaper,16
1,vp1/run2_2018-05-29-14-33-44.ids_1,7,24870,24960,read_write_newspaper,17
1,vp1/run2_2018-05-29-14-33-44.ids_1,7,24960,25050,read_write_newspaper,18
1,vp1/run2_2018-05-29-14-33-44.ids_1,7,25050,25140,read_write_newspaper,19
1,vp1/run2_2018-05-29-14-33-44.ids_1,7,25140,25230,read_write_newspaper,20
1,vp1/run2_2018-05-29-14-33-44.ids_1,7,25230,25320,read_write_newspaper,21
1,vp1/run2_2018-05-29-14-33-44.ids_1,7,25320,25410,read_write_newspaper,22
1,vp1/run2_2018-05-29-14-33-44.ids_1,7,25410,25500,read_write_newspaper,23
1,vp1/run2_2018-05-29-14-33-44.ids_1,7,25500,25590,read_write_newspaper,24
1,vp1/run2_2018-05-29-14-33-44.ids_1,7,25590,25680,read_write_newspaper,25
1,vp1/run2_2018-05-29-14-33-44.ids_1,7,25680,25770,read_write_newspaper,26
1,vp1/run2_2018-05-29-14-33-44.ids_1,7,25770,25860,read_write_newspaper,27
1,vp1/run2_2018-05-29-14-33-44.ids_1,7,25860,25950,read_write_newspaper,28
1,vp1/run2_2018-05-29-14-33-44.ids_1,7,25950,26018,read_write_newspaper,29
1,vp1/run2_2018-05-29-14-33-44.ids_1,8,26640,26730,watch_video,0
1,vp1/run2_2018-05-29-14-33-44.ids_1,8,26730,26820,watch_video,1
1,vp1/run2_2018-05-29-14-33-44.ids_1,8,26820,26910,watch_video,2
1,vp1/run2_2018-05-29-14-33-44.ids_1,8,26910,27000,watch_video,3
1,vp1/run2_2018-05-29-14-33-44.ids_1,8,27000,27090,watch_video,4
1,vp1/run2_2018-05-29-14-33-44.ids_1,8,27090,27180,watch_video,5
1,vp1/run2_2018-05-29-14-33-44.ids_1,8,27180,27270,watch_video,6
1,vp1/run2_2018-05-29-14-33-44.ids_1,8,27270,27360,watch_video,7
1,vp1/run2_2018-05-29-14-33-44.ids_1,8,27360,27450,watch_video,8
1,vp1/run2_2018-05-29-14-33-44.ids_1,8,27450,27540,watch_video,9
1,vp1/run2_2018-05-29-14-33-44.ids_1,8,27540,27630,watch_video,10
1,vp1/run2_2018-05-29-14-33-44.ids_1,8,27630,27720,watch_video,11
1,vp1/run2_2018-05-29-14-33-44.ids_1,8,27720,27810,watch_video,12
1,vp1/run2_2018-05-29-14-33-44.ids_1,8,27810,27900,watch_video,13
1,vp1/run2_2018-05-29-14-33-44.ids_1,8,27900,27990,watch_video,14
1,vp1/run2_2018-05-29-14-33-44.ids_1,8,27990,28080,watch_video,15
1,vp1/run2_2018-05-29-14-33-44.ids_1,8,28080,28170,watch_video,16
1,vp1/run2_2018-05-29-14-33-44.ids_1,8,28170,28260,watch_video,17
1,vp1/run2_2018-05-29-14-33-44.ids_1,8,28260,28350,watch_video,18
1,vp1/run2_2018-05-29-14-33-44.ids_1,8,28350,28440,watch_video,19
1,vp1/run2_2018-05-29-14-33-44.ids_1,8,28440,28530,watch_video,20
1,vp1/run2_2018-05-29-14-33-44.ids_1,8,28530,28620,watch_video,21
1,vp1/run2_2018-05-29-14-33-44.ids_1,8,28620,28710,watch_video,22
1,vp1/run2_2018-05-29-14-33-44.ids_1,8,28710,28800,watch_video,23
1,vp1/run2_2018-05-29-14-33-44.ids_1,8,28800,28890,watch_video,24
1,vp1/run2_2018-05-29-14-33-44.ids_1,8,28890,28980,watch_video,25
1,vp1/run2_2018-05-29-14-33-44.ids_1,8,28980,29070,watch_video,26
1,vp1/run2_2018-05-29-14-33-44.ids_1,8,29070,29160,watch_video,27
1,vp1/run2_2018-05-29-14-33-44.ids_1,8,29160,29250,watch_video,28
1,vp1/run2_2018-05-29-14-33-44.ids_1,8,29250,29340,watch_video,29
1,vp1/run2_2018-05-29-14-33-44.ids_1,8,29340,29430,watch_video,30
1,vp1/run2_2018-05-29-14-33-44.ids_1,8,29430,29520,watch_video,31
1,vp1/run2_2018-05-29-14-33-44.ids_1,8,29520,29610,watch_video,32
1,vp1/run2_2018-05-29-14-33-44.ids_1,8,29610,29700,watch_video,33
1,vp1/run2_2018-05-29-14-33-44.ids_1,8,29700,29790,watch_video,34
1,vp1/run2_2018-05-29-14-33-44.ids_1,8,29790,29880,watch_video,35
1,vp1/run2_2018-05-29-14-33-44.ids_1,8,29880,29970,watch_video,36
1,vp1/run2_2018-05-29-14-33-44.ids_1,8,29970,30060,watch_video,37
1,vp1/run2_2018-05-29-14-33-44.ids_1,8,30060,30150,watch_video,38
1,vp1/run2_2018-05-29-14-33-44.ids_1,8,30150,30240,watch_video,39
1,vp1/run2_2018-05-29-14-33-44.ids_1,8,30240,30330,watch_video,40
1,vp1/run2_2018-05-29-14-33-44.ids_1,8,30330,30420,watch_video,41
1,vp1/run2_2018-05-29-14-33-44.ids_1,8,30420,30510,watch_video,42
1,vp1/run2_2018-05-29-14-33-44.ids_1,8,30510,30600,watch_video,43
1,vp1/run2_2018-05-29-14-33-44.ids_1,8,30600,30690,watch_video,44
1,vp1/run2_2018-05-29-14-33-44.ids_1,8,30690,30780,watch_video,45
1,vp1/run2_2018-05-29-14-33-44.ids_1,8,30780,30870,watch_video,46
1,vp1/run2_2018-05-29-14-33-44.ids_1,8,30870,30960,watch_video,47
1,vp1/run2_2018-05-29-14-33-44.ids_1,8,30960,31050,watch_video,48
1,vp1/run2_2018-05-29-14-33-44.ids_1,8,31050,31140,watch_video,49
1,vp1/run2_2018-05-29-14-33-44.ids_1,8,31140,31230,watch_video,50
1,vp1/run2_2018-05-29-14-33-44.ids_1,8,31230,31320,watch_video,51
1,vp1/run2_2018-05-29-14-33-44.ids_1,8,31320,31410,watch_video,52
1,vp1/run2_2018-05-29-14-33-44.ids_1,8,31410,31500,watch_video,53
1,vp1/run2_2018-05-29-14-33-44.ids_1,8,31500,31590,watch_video,54
1,vp1/run2_2018-05-29-14-33-44.ids_1,8,31590,31680,watch_video,55
1,vp1/run2_2018-05-29-14-33-44.ids_1,8,31680,31770,watch_video,56
1,vp1/run2_2018-05-29-14-33-44.ids_1,8,31770,31860,watch_video,57
1,vp1/run2_2018-05-29-14-33-44.ids_1,8,31860,31950,watch_video,58
1,vp1/run2_2018-05-29-14-33-44.ids_1,8,31950,32040,watch_video,59
1,vp1/run2_2018-05-29-14-33-44.ids_1,8,32040,32130,watch_video,60
1,vp1/run2_2018-05-29-14-33-44.ids_1,8,32130,32220,watch_video,61
1,vp1/run2_2018-05-29-14-33-44.ids_1,8,32220,32310,watch_video,62
1,vp1/run2_2018-05-29-14-33-44.ids_1,8,32310,32400,watch_video,63
1,vp1/run2_2018-05-29-14-33-44.ids_1,8,32400,32490,watch_video,64
1,vp1/run2_2018-05-29-14-33-44.ids_1,8,32490,32580,watch_video,65
1,vp1/run2_2018-05-29-14-33-44.ids_1,8,32580,32670,watch_video,66
1,vp1/run2_2018-05-29-14-33-44.ids_1,8,32670,32760,watch_video,67
1,vp1/run2_2018-05-29-14-33-44.ids_1,8,32760,32850,watch_video,68
1,vp1/run2_2018-05-29-14-33-44.ids_1,8,32850,32940,watch_video,69
1,vp1/run2_2018-05-29-14-33-44.ids_1,8,32940,33030,watch_video,70
1,vp1/run2_2018-05-29-14-33-44.ids_1,8,33030,33120,watch_video,71
1,vp1/run2_2018-05-29-14-33-44.ids_1,8,33120,33210,watch_video,72
1,vp1/run2_2018-05-29-14-33-44.ids_1,8,33210,33300,watch_video,73
1,vp1/run2_2018-05-29-14-33-44.ids_1,8,33300,33390,watch_video,74
1,vp1/run2_2018-05-29-14-33-44.ids_1,8,33390,33480,watch_video,75
1,vp1/run2_2018-05-29-14-33-44.ids_1,8,33480,33570,watch_video,76
1,vp1/run2_2018-05-29-14-33-44.ids_1,8,33570,33660,watch_video,77
1,vp1/run2_2018-05-29-14-33-44.ids_1,8,33660,33750,watch_video,78
1,vp1/run2_2018-05-29-14-33-44.ids_1,8,33750,33840,watch_video,79
1,vp1/run2_2018-05-29-14-33-44.ids_1,8,33840,33930,watch_video,80
1,vp1/run2_2018-05-29-14-33-44.ids_1,8,33930,34020,watch_video,81
1,vp1/run2_2018-05-29-14-33-44.ids_1,8,34020,34110,watch_video,82
1,vp1/run2_2018-05-29-14-33-44.ids_1,8,34110,34200,watch_video,83
1,vp1/run2_2018-05-29-14-33-44.ids_1,8,34200,34290,watch_video,84
1,vp1/run2_2018-05-29-14-33-44.ids_1,8,34290,34380,watch_video,85
1,vp1/run2_2018-05-29-14-33-44.ids_1,8,34380,34470,watch_video,86
1,vp1/run2_2018-05-29-14-33-44.ids_1,8,34470,34560,watch_video,87
1,vp1/run2_2018-05-29-14-33-44.ids_1,8,34560,34650,watch_video,88
1,vp1/run2_2018-05-29-14-33-44.ids_1,8,34650,34740,watch_video,89
1,vp1/run2_2018-05-29-14-33-44.ids_1,8,34740,34830,watch_video,90
1,vp1/run2_2018-05-29-14-33-44.ids_1,8,34830,34920,watch_video,91
1,vp1/run2_2018-05-29-14-33-44.ids_1,8,34920,35010,watch_video,92
1,vp1/run2_2018-05-29-14-33-44.ids_1,8,35010,35100,watch_video,93
1,vp1/run2_2018-05-29-14-33-44.ids_1,8,35100,35190,watch_video,94
1,vp1/run2_2018-05-29-14-33-44.ids_1,8,35190,35280,watch_video,95
1,vp1/run2_2018-05-29-14-33-44.ids_1,8,35280,35370,watch_video,96
1,vp1/run2_2018-05-29-14-33-44.ids_1,8,35370,35460,watch_video,97
1,vp1/run2_2018-05-29-14-33-44.ids_1,8,35460,35550,watch_video,98
1,vp1/run2_2018-05-29-14-33-44.ids_1,8,35550,35640,watch_video,99
1,vp1/run2_2018-05-29-14-33-44.ids_1,8,35640,35730,watch_video,100
1,vp1/run2_2018-05-29-14-33-44.ids_1,8,35730,35820,watch_video,101
1,vp1/run2_2018-05-29-14-33-44.ids_1,8,35820,35910,watch_video,102
1,vp1/run2_2018-05-29-14-33-44.ids_1,8,35910,36000,watch_video,103
1,vp1/run2_2018-05-29-14-33-44.ids_1,8,36000,36090,watch_video,104
1,vp1/run2_2018-05-29-14-33-44.ids_1,8,36090,36180,watch_video,105
1,vp1/run2_2018-05-29-14-33-44.ids_1,8,36180,36270,watch_video,106
1,vp1/run2_2018-05-29-14-33-44.ids_1,8,36270,36360,watch_video,107
1,vp1/run2_2018-05-29-14-33-44.ids_1,8,36360,36450,watch_video,108
1,vp1/run2_2018-05-29-14-33-44.ids_1,8,36450,36540,watch_video,109
1,vp1/run2_2018-05-29-14-33-44.ids_1,8,36540,36630,watch_video,110
1,vp1/run2_2018-05-29-14-33-44.ids_1,8,36630,36720,watch_video,111
1,vp1/run2_2018-05-29-14-33-44.ids_1,8,36720,36810,watch_video,112
1,vp1/run2_2018-05-29-14-33-44.ids_1,8,36810,36900,watch_video,113
1,vp1/run2_2018-05-29-14-33-44.ids_1,8,36900,36990,watch_video,114
1,vp1/run2_2018-05-29-14-33-44.ids_1,8,36990,37080,watch_video,115
1,vp1/run2_2018-05-29-14-33-44.ids_1,8,37080,37170,watch_video,116
1,vp1/run2_2018-05-29-14-33-44.ids_1,8,37170,37260,watch_video,117
1,vp1/run2_2018-05-29-14-33-44.ids_1,8,37260,37269,watch_video,118
1,vp1/run2_2018-05-29-14-33-44.ids_1,9,37470,37560,take_off_sunglasses,0
1,vp1/run2_2018-05-29-14-33-44.ids_1,9,37560,37650,take_off_sunglasses,1
1,vp1/run2_2018-05-29-14-33-44.ids_1,9,37650,37740,take_off_sunglasses,2
1,vp1/run2_2018-05-29-14-33-44.ids_1,9,37740,37830,take_off_sunglasses,3
1,vp1/run2_2018-05-29-14-33-44.ids_1,9,37830,37920,take_off_sunglasses,4
1,vp1/run2_2018-05-29-14-33-44.ids_1,9,37920,38010,take_off_sunglasses,5
1,vp1/run2_2018-05-29-14-33-44.ids_1,9,38010,38100,take_off_sunglasses,6
1,vp1/run2_2018-05-29-14-33-44.ids_1,9,38100,38190,take_off_sunglasses,7
1,vp1/run2_2018-05-29-14-33-44.ids_1,9,38190,38280,take_off_sunglasses,8
1,vp1/run2_2018-05-29-14-33-44.ids_1,9,38280,38370,take_off_sunglasses,9
1,vp1/run2_2018-05-29-14-33-44.ids_1,9,38370,38409,take_off_sunglasses,10
1,vp1/run2_2018-05-29-14-33-44.ids_1,10,38880,38970,work,0
1,vp1/run2_2018-05-29-14-33-44.ids_1,10,38970,39060,work,1
1,vp1/run2_2018-05-29-14-33-44.ids_1,10,39060,39150,work,2
1,vp1/run2_2018-05-29-14-33-44.ids_1,10,39150,39240,work,3
1,vp1/run2_2018-05-29-14-33-44.ids_1,10,39240,39330,work,4
1,vp1/run2_2018-05-29-14-33-44.ids_1,10,39330,39420,work,5
1,vp1/run2_2018-05-29-14-33-44.ids_1,10,39420,39510,work,6
1,vp1/run2_2018-05-29-14-33-44.ids_1,10,39510,39600,work,7
1,vp1/run2_2018-05-29-14-33-44.ids_1,10,39600,39690,work,8
1,vp1/run2_2018-05-29-14-33-44.ids_1,10,39690,39780,work,9
1,vp1/run2_2018-05-29-14-33-44.ids_1,10,39780,39870,work,10
1,vp1/run2_2018-05-29-14-33-44.ids_1,10,39870,39960,work,11
1,vp1/run2_2018-05-29-14-33-44.ids_1,10,39960,40050,work,12
1,vp1/run2_2018-05-29-14-33-44.ids_1,10,40050,40140,work,13
1,vp1/run2_2018-05-29-14-33-44.ids_1,10,40140,40230,work,14
1,vp1/run2_2018-05-29-14-33-44.ids_1,10,40230,40320,work,15
1,vp1/run2_2018-05-29-14-33-44.ids_1,10,40320,40410,work,16
1,vp1/run2_2018-05-29-14-33-44.ids_1,10,40410,40500,work,17
1,vp1/run2_2018-05-29-14-33-44.ids_1,10,40500,40590,work,18
1,vp1/run2_2018-05-29-14-33-44.ids_1,10,40590,40680,work,19
1,vp1/run2_2018-05-29-14-33-44.ids_1,10,40680,40770,work,20
1,vp1/run2_2018-05-29-14-33-44.ids_1,10,40770,40860,work,21
1,vp1/run2_2018-05-29-14-33-44.ids_1,10,40860,40950,work,22
1,vp1/run2_2018-05-29-14-33-44.ids_1,10,40950,41040,work,23
1,vp1/run2_2018-05-29-14-33-44.ids_1,10,41040,41130,work,24
1,vp1/run2_2018-05-29-14-33-44.ids_1,10,41130,41199,work,25
1,vp1/run2_2018-05-29-14-33-44.ids_1,11,41640,41730,final_task,0
1,vp1/run2_2018-05-29-14-33-44.ids_1,11,41730,41820,final_task,1
1,vp1/run2_2018-05-29-14-33-44.ids_1,11,41820,41910,final_task,2
1,vp1/run2_2018-05-29-14-33-44.ids_1,11,41910,42000,final_task,3
1,vp1/run2_2018-05-29-14-33-44.ids_1,11,42000,42090,final_task,4
1,vp1/run2_2018-05-29-14-33-44.ids_1,11,42090,42180,final_task,5
1,vp1/run2_2018-05-29-14-33-44.ids_1,11,42180,42270,final_task,6
1,vp1/run2_2018-05-29-14-33-44.ids_1,11,42270,42360,final_task,7
1,vp1/run2_2018-05-29-14-33-44.ids_1,11,42360,42450,final_task,8
1,vp1/run2_2018-05-29-14-33-44.ids_1,11,42450,42480,final_task,9
2,vp2/run1_2018-05-03-14-08-31.ids_1,0,240,330,fasten_seat_belt,0
2,vp2/run1_2018-05-03-14-08-31.ids_1,0,330,420,fasten_seat_belt,1
2,vp2/run1_2018-05-03-14-08-31.ids_1,0,420,510,fasten_seat_belt,2
2,vp2/run1_2018-05-03-14-08-31.ids_1,0,510,600,fasten_seat_belt,3
2,vp2/run1_2018-05-03-14-08-31.ids_1,0,600,690,fasten_seat_belt,4
2,vp2/run1_2018-05-03-14-08-31.ids_1,0,690,780,fasten_seat_belt,5
2,vp2/run1_2018-05-03-14-08-31.ids_1,0,780,870,fasten_seat_belt,6
2,vp2/run1_2018-05-03-14-08-31.ids_1,0,870,960,fasten_seat_belt,7
2,vp2/run1_2018-05-03-14-08-31.ids_1,0,960,1050,fasten_seat_belt,8
2,vp2/run1_2018-05-03-14-08-31.ids_1,0,1050,1140,fasten_seat_belt,9
2,vp2/run1_2018-05-03-14-08-31.ids_1,0,1140,1209,fasten_seat_belt,10
2,vp2/run1_2018-05-03-14-08-31.ids_1,1,9330,9420,hand_over,0
2,vp2/run1_2018-05-03-14-08-31.ids_1,1,9420,9510,hand_over,1
2,vp2/run1_2018-05-03-14-08-31.ids_1,1,9510,9600,hand_over,2
2,vp2/run1_2018-05-03-14-08-31.ids_1,1,9600,9668,hand_over,3
2,vp2/run1_2018-05-03-14-08-31.ids_1,2,10020,10110,read_write_newspaper,0
2,vp2/run1_2018-05-03-14-08-31.ids_1,2,10110,10200,read_write_newspaper,1
2,vp2/run1_2018-05-03-14-08-31.ids_1,2,10200,10290,read_write_newspaper,2
2,vp2/run1_2018-05-03-14-08-31.ids_1,2,10290,10380,read_write_newspaper,3
2,vp2/run1_2018-05-03-14-08-31.ids_1,2,10380,10470,read_write_newspaper,4
2,vp2/run1_2018-05-03-14-08-31.ids_1,2,10470,10560,read_write_newspaper,5
2,vp2/run1_2018-05-03-14-08-31.ids_1,2,10560,10650,read_write_newspaper,6
2,vp2/run1_2018-05-03-14-08-31.ids_1,2,10650,10740,read_write_newspaper,7
2,vp2/run1_2018-05-03-14-08-31.ids_1,2,10740,10830,read_write_newspaper,8
2,vp2/run1_2018-05-03-14-08-31.ids_1,2,10830,10920,read_write_newspaper,9
2,vp2/run1_2018-05-03-14-08-31.ids_1,2,10920,11010,read_write_newspaper,10
2,vp2/run1_2018-05-03-14-08-31.ids_1,2,11010,11100,read_write_newspaper,11
2,vp2/run1_2018-05-03-14-08-31.ids_1,2,11100,11190,read_write_newspaper,12
2,vp2/run1_2018-05-03-14-08-31.ids_1,2,11190,11280,read_write_newspaper,13
2,vp2/run1_2018-05-03-14-08-31.ids_1,2,11280,11370,read_write_newspaper,14
2,vp2/run1_2018-05-03-14-08-31.ids_1,2,11370,11460,read_write_newspaper,15
2,vp2/run1_2018-05-03-14-08-31.ids_1,2,11460,11550,read_write_newspaper,16
2,vp2/run1_2018-05-03-14-08-31.ids_1,2,11550,11640,read_write_newspaper,17
2,vp2/run1_2018-05-03-14-08-31.ids_1,2,11640,11730,read_write_newspaper,18
2,vp2/run1_2018-05-03-14-08-31.ids_1,2,11730,11820,read_write_newspaper,19
2,vp2/run1_2018-05-03-14-08-31.ids_1,2,11820,11910,read_write_newspaper,20
2,vp2/run1_2018-05-03-14-08-31.ids_1,2,11910,12000,read_write_newspaper,21
2,vp2/run1_2018-05-03-14-08-31.ids_1,2,12000,12090,read_write_newspaper,22
2,vp2/run1_2018-05-03-14-08-31.ids_1,2,12090,12180,read_write_newspaper,23
2,vp2/run1_2018-05-03-14-08-31.ids_1,2,12180,12270,read_write_newspaper,24
2,vp2/run1_2018-05-03-14-08-31.ids_1,2,12270,12360,read_write_newspaper,25
2,vp2/run1_2018-05-03-14-08-31.ids_1,2,12360,12450,read_write_newspaper,26
2,vp2/run1_2018-05-03-14-08-31.ids_1,2,12450,12540,read_write_newspaper,27
2,vp2/run1_2018-05-03-14-08-31.ids_1,2,12540,12630,read_write_newspaper,28
2,vp2/run1_2018-05-03-14-08-31.ids_1,2,12630,12720,read_write_newspaper,29
2,vp2/run1_2018-05-03-14-08-31.ids_1,2,12720,12810,read_write_newspaper,30
2,vp2/run1_2018-05-03-14-08-31.ids_1,2,12810,12878,read_write_newspaper,31
2,vp2/run1_2018-05-03-14-08-31.ids_1,3,14190,14280,put_on_jacket,0
2,vp2/run1_2018-05-03-14-08-31.ids_1,3,14280,14370,put_on_jacket,1
2,vp2/run1_2018-05-03-14-08-31.ids_1,3,14370,14460,put_on_jacket,2
2,vp2/run1_2018-05-03-14-08-31.ids_1,3,14460,14550,put_on_jacket,3
2,vp2/run1_2018-05-03-14-08-31.ids_1,3,14550,14640,put_on_jacket,4
2,vp2/run1_2018-05-03-14-08-31.ids_1,3,14640,14730,put_on_jacket,5
2,vp2/run1_2018-05-03-14-08-31.ids_1,3,14730,14820,put_on_jacket,6
2,vp2/run1_2018-05-03-14-08-31.ids_1,3,14820,14910,put_on_jacket,7
2,vp2/run1_2018-05-03-14-08-31.ids_1,3,14910,15000,put_on_jacket,8
2,vp2/run1_2018-05-03-14-08-31.ids_1,3,15000,15090,put_on_jacket,9
2,vp2/run1_2018-05-03-14-08-31.ids_1,3,15090,15180,put_on_jacket,10
2,vp2/run1_2018-05-03-14-08-31.ids_1,3,15180,15270,put_on_jacket,11
2,vp2/run1_2018-05-03-14-08-31.ids_1,3,15270,15360,put_on_jacket,12
2,vp2/run1_2018-05-03-14-08-31.ids_1,3,15360,15450,put_on_jacket,13
2,vp2/run1_2018-05-03-14-08-31.ids_1,3,15450,15540,put_on_jacket,14
2,vp2/run1_2018-05-03-14-08-31.ids_1,3,15540,15578,put_on_jacket,15
2,vp2/run1_2018-05-03-14-08-31.ids_1,4,16950,17040,read_write_magazine,0
2,vp2/run1_2018-05-03-14-08-31.ids_1,4,17040,17130,read_write_magazine,1
2,vp2/run1_2018-05-03-14-08-31.ids_1,4,17130,17220,read_write_magazine,2
2,vp2/run1_2018-05-03-14-08-31.ids_1,4,17220,17310,read_write_magazine,3
2,vp2/run1_2018-05-03-14-08-31.ids_1,4,17310,17400,read_write_magazine,4
2,vp2/run1_2018-05-03-14-08-31.ids_1,4,17400,17490,read_write_magazine,5
2,vp2/run1_2018-05-03-14-08-31.ids_1,4,17490,17580,read_write_magazine,6
2,vp2/run1_2018-05-03-14-08-31.ids_1,4,17580,17670,read_write_magazine,7
2,vp2/run1_2018-05-03-14-08-31.ids_1,4,17670,17760,read_write_magazine,8
2,vp2/run1_2018-05-03-14-08-31.ids_1,4,17760,17850,read_write_magazine,9
2,vp2/run1_2018-05-03-14-08-31.ids_1,4,17850,17940,read_write_magazine,10
2,vp2/run1_2018-05-03-14-08-31.ids_1,4,17940,18030,read_write_magazine,11
2,vp2/run1_2018-05-03-14-08-31.ids_1,4,18030,18120,read_write_magazine,12
2,vp2/run1_2018-05-03-14-08-31.ids_1,4,18120,18210,read_write_magazine,13
2,vp2/run1_2018-05-03-14-08-31.ids_1,4,18210,18300,read_write_magazine,14
2,vp2/run1_2018-05-03-14-08-31.ids_1,4,18300,18390,read_write_magazine,15
2,vp2/run1_2018-05-03-14-08-31.ids_1,4,18390,18480,read_write_magazine,16
2,vp2/run1_2018-05-03-14-08-31.ids_1,4,18480,18570,read_write_magazine,17
2,vp2/run1_2018-05-03-14-08-31.ids_1,4,18570,18660,read_write_magazine,18
2,vp2/run1_2018-05-03-14-08-31.ids_1,4,18660,18750,read_write_magazine,19
2,vp2/run1_2018-05-03-14-08-31.ids_1,4,18750,18840,read_write_magazine,20
2,vp2/run1_2018-05-03-14-08-31.ids_1,4,18840,18930,read_write_magazine,21
2,vp2/run1_2018-05-03-14-08-31.ids_1,4,18930,19020,read_write_magazine,22
2,vp2/run1_2018-05-03-14-08-31.ids_1,4,19020,19110,read_write_magazine,23
2,vp2/run1_2018-05-03-14-08-31.ids_1,4,19110,19200,read_write_magazine,24
2,vp2/run1_2018-05-03-14-08-31.ids_1,4,19200,19290,read_write_magazine,25
2,vp2/run1_2018-05-03-14-08-31.ids_1,4,19290,19380,read_write_magazine,26
2,vp2/run1_2018-05-03-14-08-31.ids_1,4,19380,19470,read_write_magazine,27
2,vp2/run1_2018-05-03-14-08-31.ids_1,4,19470,19560,read_write_magazine,28
2,vp2/run1_2018-05-03-14-08-31.ids_1,4,19560,19650,read_write_magazine,29
2,vp2/run1_2018-05-03-14-08-31.ids_1,4,19650,19740,read_write_magazine,30
2,vp2/run1_2018-05-03-14-08-31.ids_1,4,19740,19830,read_write_magazine,31
2,vp2/run1_2018-05-03-14-08-31.ids_1,4,19830,19920,read_write_magazine,32
2,vp2/run1_2018-05-03-14-08-31.ids_1,4,19920,20010,read_write_magazine,33
2,vp2/run1_2018-05-03-14-08-31.ids_1,4,20010,20100,read_write_magazine,34
2,vp2/run1_2018-05-03-14-08-31.ids_1,4,20100,20190,read_write_magazine,35
2,vp2/run1_2018-05-03-14-08-31.ids_1,4,20190,20280,read_write_magazine,36
2,vp2/run1_2018-05-03-14-08-31.ids_1,4,20280,20370,read_write_magazine,37
2,vp2/run1_2018-05-03-14-08-31.ids_1,4,20370,20378,read_write_magazine,38
2,vp2/run1_2018-05-03-14-08-31.ids_1,5,20820,20910,watch_video,0
2,vp2/run1_2018-05-03-14-08-31.ids_1,5,20910,21000,watch_video,1
2,vp2/run1_2018-05-03-14-08-31.ids_1,5,21000,21090,watch_video,2
2,vp2/run1_2018-05-03-14-08-31.ids_1,5,21090,21180,watch_video,3
2,vp2/run1_2018-05-03-14-08-31.ids_1,5,21180,21270,watch_video,4
2,vp2/run1_2018-05-03-14-08-31.ids_1,5,21270,21360,watch_video,5
2,vp2/run1_2018-05-03-14-08-31.ids_1,5,21360,21450,watch_video,6
2,vp2/run1_2018-05-03-14-08-31.ids_1,5,21450,21540,watch_video,7
2,vp2/run1_2018-05-03-14-08-31.ids_1,5,21540,21630,watch_video,8
2,vp2/run1_2018-05-03-14-08-31.ids_1,5,21630,21720,watch_video,9
2,vp2/run1_2018-05-03-14-08-31.ids_1,5,21720,21810,watch_video,10
2,vp2/run1_2018-05-03-14-08-31.ids_1,5,21810,21900,watch_video,11
2,vp2/run1_2018-05-03-14-08-31.ids_1,5,21900,21990,watch_video,12
2,vp2/run1_2018-05-03-14-08-31.ids_1,5,21990,22080,watch_video,13
2,vp2/run1_2018-05-03-14-08-31.ids_1,5,22080,22170,watch_video,14
2,vp2/run1_2018-05-03-14-08-31.ids_1,5,22170,22260,watch_video,15
2,vp2/run1_2018-05-03-14-08-31.ids_1,5,22260,22350,watch_video,16
2,vp2/run1_2018-05-03-14-08-31.ids_1,5,22350,22440,watch_video,17
2,vp2/run1_2018-05-03-14-08-31.ids_1,5,22440,22530,watch_video,18
2,vp2/run1_2018-05-03-14-08-31.ids_1,5,22530,22620,watch_video,19
2,vp2/run1_2018-05-03-14-08-31.ids_1,5,22620,22710,watch_video,20
2,vp2/run1_2018-05-03-14-08-31.ids_1,5,22710,22800,watch_video,21
2,vp2/run1_2018-05-03-14-08-31.ids_1,5,22800,22890,watch_video,22
2,vp2/run1_2018-05-03-14-08-31.ids_1,5,22890,22980,watch_video,23
2,vp2/run1_2018-05-03-14-08-31.ids_1,5,22980,23070,watch_video,24
2,vp2/run1_2018-05-03-14-08-31.ids_1,5,23070,23160,watch_video,25
2,vp2/run1_2018-05-03-14-08-31.ids_1,5,23160,23250,watch_video,26
2,vp2/run1_2018-05-03-14-08-31.ids_1,5,23250,23340,watch_video,27
2,vp2/run1_2018-05-03-14-08-31.ids_1,5,23340,23430,watch_video,28
2,vp2/run1_2018-05-03-14-08-31.ids_1,5,23430,23520,watch_video,29
2,vp2/run1_2018-05-03-14-08-31.ids_1,5,23520,23610,watch_video,30
2,vp2/run1_2018-05-03-14-08-31.ids_1,5,23610,23700,watch_video,31
2,vp2/run1_2018-05-03-14-08-31.ids_1,5,23700,23790,watch_video,32
2,vp2/run1_2018-05-03-14-08-31.ids_1,5,23790,23880,watch_video,33
2,vp2/run1_2018-05-03-14-08-31.ids_1,5,23880,23970,watch_video,34
2,vp2/run1_2018-05-03-14-08-31.ids_1,5,23970,24060,watch_video,35
2,vp2/run1_2018-05-03-14-08-31.ids_1,5,24060,24150,watch_video,36
2,vp2/run1_2018-05-03-14-08-31.ids_1,5,24150,24240,watch_video,37
2,vp2/run1_2018-05-03-14-08-31.ids_1,5,24240,24330,watch_video,38
2,vp2/run1_2018-05-03-14-08-31.ids_1,5,24330,24420,watch_video,39
2,vp2/run1_2018-05-03-14-08-31.ids_1,5,24420,24510,watch_video,40
2,vp2/run1_2018-05-03-14-08-31.ids_1,5,24510,24600,watch_video,41
2,vp2/run1_2018-05-03-14-08-31.ids_1,5,24600,24690,watch_video,42
2,vp2/run1_2018-05-03-14-08-31.ids_1,5,24690,24780,watch_video,43
2,vp2/run1_2018-05-03-14-08-31.ids_1,5,24780,24870,watch_video,44
2,vp2/run1_2018-05-03-14-08-31.ids_1,5,24870,24960,watch_video,45
2,vp2/run1_2018-05-03-14-08-31.ids_1,5,24960,25050,watch_video,46
2,vp2/run1_2018-05-03-14-08-31.ids_1,5,25050,25140,watch_video,47
2,vp2/run1_2018-05-03-14-08-31.ids_1,5,25140,25230,watch_video,48
2,vp2/run1_2018-05-03-14-08-31.ids_1,5,25230,25320,watch_video,49
2,vp2/run1_2018-05-03-14-08-31.ids_1,5,25320,25410,watch_video,50
2,vp2/run1_2018-05-03-14-08-31.ids_1,5,25410,25500,watch_video,51
2,vp2/run1_2018-05-03-14-08-31.ids_1,5,25500,25590,watch_video,52
2,vp2/run1_2018-05-03-14-08-31.ids_1,5,25590,25680,watch_video,53
2,vp2/run1_2018-05-03-14-08-31.ids_1,5,25680,25770,watch_video,54
2,vp2/run1_2018-05-03-14-08-31.ids_1,5,25770,25860,watch_video,55
2,vp2/run1_2018-05-03-14-08-31.ids_1,5,25860,25950,watch_video,56
2,vp2/run1_2018-05-03-14-08-31.ids_1,5,25950,26040,watch_video,57
2,vp2/run1_2018-05-03-14-08-31.ids_1,5,26040,26130,watch_video,58
2,vp2/run1_2018-05-03-14-08-31.ids_1,5,26130,26220,watch_video,59
2,vp2/run1_2018-05-03-14-08-31.ids_1,5,26220,26310,watch_video,60
2,vp2/run1_2018-05-03-14-08-31.ids_1,5,26310,26400,watch_video,61
2,vp2/run1_2018-05-03-14-08-31.ids_1,5,26400,26490,watch_video,62
2,vp2/run1_2018-05-03-14-08-31.ids_1,5,26490,26580,watch_video,63
2,vp2/run1_2018-05-03-14-08-31.ids_1,5,26580,26670,watch_video,64
2,vp2/run1_2018-05-03-14-08-31.ids_1,5,26670,26760,watch_video,65
2,vp2/run1_2018-05-03-14-08-31.ids_1,5,26760,26850,watch_video,66
2,vp2/run1_2018-05-03-14-08-31.ids_1,5,26850,26940,watch_video,67
2,vp2/run1_2018-05-03-14-08-31.ids_1,5,26940,27030,watch_video,68
2,vp2/run1_2018-05-03-14-08-31.ids_1,5,27030,27120,watch_video,69
2,vp2/run1_2018-05-03-14-08-31.ids_1,5,27120,27210,watch_video,70
2,vp2/run1_2018-05-03-14-08-31.ids_1,5,27210,27300,watch_video,71
2,vp2/run1_2018-05-03-14-08-31.ids_1,5,27300,27390,watch_video,72
2,vp2/run1_2018-05-03-14-08-31.ids_1,5,27390,27480,watch_video,73
2,vp2/run1_2018-05-03-14-08-31.ids_1,5,27480,27570,watch_video,74
2,vp2/run1_2018-05-03-14-08-31.ids_1,5,27570,27660,watch_video,75
2,vp2/run1_2018-05-03-14-08-31.ids_1,5,27660,27750,watch_video,76
2,vp2/run1_2018-05-03-14-08-31.ids_1,5,27750,27840,watch_video,77
2,vp2/run1_2018-05-03-14-08-31.ids_1,5,27840,27930,watch_video,78
2,vp2/run1_2018-05-03-14-08-31.ids_1,5,27930,28020,watch_video,79
2,vp2/run1_2018-05-03-14-08-31.ids_1,5,28020,28110,watch_video,80
2,vp2/run1_2018-05-03-14-08-31.ids_1,5,28110,28200,watch_video,81
2,vp2/run1_2018-05-03-14-08-31.ids_1,5,28200,28290,watch_video,82
2,vp2/run1_2018-05-03-14-08-31.ids_1,5,28290,28380,watch_video,83
2,vp2/run1_2018-05-03-14-08-31.ids_1,5,28380,28470,watch_video,84
2,vp2/run1_2018-05-03-14-08-31.ids_1,5,28470,28560,watch_video,85
2,vp2/run1_2018-05-03-14-08-31.ids_1,5,28560,28650,watch_video,86
2,vp2/run1_2018-05-03-14-08-31.ids_1,5,28650,28740,watch_video,87
2,vp2/run1_2018-05-03-14-08-31.ids_1,5,28740,28830,watch_video,88
2,vp2/run1_2018-05-03-14-08-31.ids_1,5,28830,28920,watch_video,89
2,vp2/run1_2018-05-03-14-08-31.ids_1,5,28920,29010,watch_video,90
2,vp2/run1_2018-05-03-14-08-31.ids_1,5,29010,29100,watch_video,91
2,vp2/run1_2018-05-03-14-08-31.ids_1,5,29100,29190,watch_video,92
2,vp2/run1_2018-05-03-14-08-31.ids_1,5,29190,29280,watch_video,93
2,vp2/run1_2018-05-03-14-08-31.ids_1,5,29280,29370,watch_video,94
2,vp2/run1_2018-05-03-14-08-31.ids_1,5,29370,29460,watch_video,95
2,vp2/run1_2018-05-03-14-08-31.ids_1,5,29460,29498,watch_video,96
2,vp2/run1_2018-05-03-14-08-31.ids_1,6,30480,30570,take_off_jacket,0
2,vp2/run1_2018-05-03-14-08-31.ids_1,6,30570,30660,take_off_jacket,1
2,vp2/run1_2018-05-03-14-08-31.ids_1,6,30660,30750,take_off_jacket,2
2,vp2/run1_2018-05-03-14-08-31.ids_1,6,30750,30840,take_off_jacket,3
2,vp2/run1_2018-05-03-14-08-31.ids_1,6,30840,30930,take_off_jacket,4
2,vp2/run1_2018-05-03-14-08-31.ids_1,6,30930,31020,take_off_jacket,5
2,vp2/run1_2018-05-03-14-08-31.ids_1,6,31020,31110,take_off_jacket,6
2,vp2/run1_2018-05-03-14-08-31.ids_1,6,31110,31200,take_off_jacket,7
2,vp2/run1_2018-05-03-14-08-31.ids_1,6,31200,31290,take_off_jacket,8
2,vp2/run1_2018-05-03-14-08-31.ids_1,6,31290,31329,take_off_jacket,9
2,vp2/run1_2018-05-03-14-08-31.ids_1,7,32040,32130,put_on_sunglasses,0
2,vp2/run1_2018-05-03-14-08-31.ids_1,7,32130,32220,put_on_sunglasses,1
2,vp2/run1_2018-05-03-14-08-31.ids_1,7,32220,32310,put_on_sunglasses,2
2,vp2/run1_2018-05-03-14-08-31.ids_1,7,32310,32400,put_on_sunglasses,3
2,vp2/run1_2018-05-03-14-08-31.ids_1,7,32400,32490,put_on_sunglasses,4
2,vp2/run1_2018-05-03-14-08-31.ids_1,7,32490,32529,put_on_sunglasses,5
2,vp2/run1_2018-05-03-14-08-31.ids_1,8,33900,33990,work,0
2,vp2/run1_2018-05-03-14-08-31.ids_1,8,33990,34080,work,1
2,vp2/run1_2018-05-03-14-08-31.ids_1,8,34080,34170,work,2
2,vp2/run1_2018-05-03-14-08-31.ids_1,8,34170,34260,work,3
2,vp2/run1_2018-05-03-14-08-31.ids_1,8,34260,34350,work,4
2,vp2/run1_2018-05-03-14-08-31.ids_1,8,34350,34440,work,5
2,vp2/run1_2018-05-03-14-08-31.ids_1,8,34440,34530,work,6
2,vp2/run1_2018-05-03-14-08-31.ids_1,8,34530,34620,work,7
2,vp2/run1_2018-05-03-14-08-31.ids_1,8,34620,34710,work,8
2,vp2/run1_2018-05-03-14-08-31.ids_1,8,34710,34800,work,9
2,vp2/run1_2018-05-03-14-08-31.ids_1,8,34800,34890,work,10
2,vp2/run1_2018-05-03-14-08-31.ids_1,8,34890,34980,work,11
2,vp2/run1_2018-05-03-14-08-31.ids_1,8,34980,35070,work,12
2,vp2/run1_2018-05-03-14-08-31.ids_1,8,35070,35160,work,13
2,vp2/run1_2018-05-03-14-08-31.ids_1,8,35160,35250,work,14
2,vp2/run1_2018-05-03-14-08-31.ids_1,8,35250,35340,work,15
2,vp2/run1_2018-05-03-14-08-31.ids_1,8,35340,35430,work,16
2,vp2/run1_2018-05-03-14-08-31.ids_1,8,35430,35520,work,17
2,vp2/run1_2018-05-03-14-08-31.ids_1,8,35520,35610,work,18
2,vp2/run1_2018-05-03-14-08-31.ids_1,8,35610,35700,work,19
2,vp2/run1_2018-05-03-14-08-31.ids_1,8,35700,35790,work,20
2,vp2/run1_2018-05-03-14-08-31.ids_1,8,35790,35880,work,21
2,vp2/run1_2018-05-03-14-08-31.ids_1,8,35880,35970,work,22
2,vp2/run1_2018-05-03-14-08-31.ids_1,8,35970,36060,work,23
2,vp2/run1_2018-05-03-14-08-31.ids_1,8,36060,36150,work,24
2,vp2/run1_2018-05-03-14-08-31.ids_1,8,36150,36240,work,25
2,vp2/run1_2018-05-03-14-08-31.ids_1,8,36240,36330,work,26
2,vp2/run1_2018-05-03-14-08-31.ids_1,8,36330,36369,work,27
2,vp2/run1_2018-05-03-14-08-31.ids_1,9,39390,39480,eat_drink,0
2,vp2/run1_2018-05-03-14-08-31.ids_1,9,39480,39570,eat_drink,1
2,vp2/run1_2018-05-03-14-08-31.ids_1,9,39570,39660,eat_drink,2
2,vp2/run1_2018-05-03-14-08-31.ids_1,9,39660,39750,eat_drink,3
2,vp2/run1_2018-05-03-14-08-31.ids_1,9,39750,39840,eat_drink,4
2,vp2/run1_2018-05-03-14-08-31.ids_1,9,39840,39930,eat_drink,5
2,vp2/run1_2018-05-03-14-08-31.ids_1,9,39930,40020,eat_drink,6
2,vp2/run1_2018-05-03-14-08-31.ids_1,9,40020,40110,eat_drink,7
2,vp2/run1_2018-05-03-14-08-31.ids_1,9,40110,40200,eat_drink,8
2,vp2/run1_2018-05-03-14-08-31.ids_1,9,40200,40290,eat_drink,9
2,vp2/run1_2018-05-03-14-08-31.ids_1,9,40290,40380,eat_drink,10
2,vp2/run1_2018-05-03-14-08-31.ids_1,9,40380,40470,eat_drink,11
2,vp2/run1_2018-05-03-14-08-31.ids_1,9,40470,40560,eat_drink,12
2,vp2/run1_2018-05-03-14-08-31.ids_1,9,40560,40650,eat_drink,13
2,vp2/run1_2018-05-03-14-08-31.ids_1,9,40650,40740,eat_drink,14
2,vp2/run1_2018-05-03-14-08-31.ids_1,9,40740,40830,eat_drink,15
2,vp2/run1_2018-05-03-14-08-31.ids_1,9,40830,40869,eat_drink,16
2,vp2/run1_2018-05-03-14-08-31.ids_1,10,40890,40980,take_off_sunglasses,0
2,vp2/run1_2018-05-03-14-08-31.ids_1,10,40980,41070,take_off_sunglasses,1
2,vp2/run1_2018-05-03-14-08-31.ids_1,10,41070,41109,take_off_sunglasses,2
2,vp2/run2_2018-05-24-17-22-26.ids_1,0,0,90,fasten_seat_belt,0
2,vp2/run2_2018-05-24-17-22-26.ids_1,0,90,180,fasten_seat_belt,1
2,vp2/run2_2018-05-24-17-22-26.ids_1,0,180,270,fasten_seat_belt,2
2,vp2/run2_2018-05-24-17-22-26.ids_1,0,270,360,fasten_seat_belt,3
2,vp2/run2_2018-05-24-17-22-26.ids_1,0,360,450,fasten_seat_belt,4
2,vp2/run2_2018-05-24-17-22-26.ids_1,0,450,540,fasten_seat_belt,5
2,vp2/run2_2018-05-24-17-22-26.ids_1,0,540,630,fasten_seat_belt,6
2,vp2/run2_2018-05-24-17-22-26.ids_1,0,630,720,fasten_seat_belt,7
2,vp2/run2_2018-05-24-17-22-26.ids_1,0,720,810,fasten_seat_belt,8
2,vp2/run2_2018-05-24-17-22-26.ids_1,0,810,900,fasten_seat_belt,9
2,vp2/run2_2018-05-24-17-22-26.ids_1,0,900,990,fasten_seat_belt,10
2,vp2/run2_2018-05-24-17-22-26.ids_1,0,990,1029,fasten_seat_belt,11
2,vp2/run2_2018-05-24-17-22-26.ids_1,1,6420,6510,hand_over,0
2,vp2/run2_2018-05-24-17-22-26.ids_1,1,6510,6600,hand_over,1
2,vp2/run2_2018-05-24-17-22-26.ids_1,1,6600,6690,hand_over,2
2,vp2/run2_2018-05-24-17-22-26.ids_1,1,6690,6780,hand_over,3
2,vp2/run2_2018-05-24-17-22-26.ids_1,1,6780,6870,hand_over,4
2,vp2/run2_2018-05-24-17-22-26.ids_1,1,6870,6909,hand_over,5
2,vp2/run2_2018-05-24-17-22-26.ids_1,2,7800,7890,read_write_newspaper,0
2,vp2/run2_2018-05-24-17-22-26.ids_1,2,7890,7980,read_write_newspaper,1
2,vp2/run2_2018-05-24-17-22-26.ids_1,2,7980,8070,read_write_newspaper,2
2,vp2/run2_2018-05-24-17-22-26.ids_1,2,8070,8160,read_write_newspaper,3
2,vp2/run2_2018-05-24-17-22-26.ids_1,2,8160,8250,read_write_newspaper,4
2,vp2/run2_2018-05-24-17-22-26.ids_1,2,8250,8340,read_write_newspaper,5
2,vp2/run2_2018-05-24-17-22-26.ids_1,2,8340,8430,read_write_newspaper,6
2,vp2/run2_2018-05-24-17-22-26.ids_1,2,8430,8520,read_write_newspaper,7
2,vp2/run2_2018-05-24-17-22-26.ids_1,2,8520,8610,read_write_newspaper,8
2,vp2/run2_2018-05-24-17-22-26.ids_1,2,8610,8700,read_write_newspaper,9
2,vp2/run2_2018-05-24-17-22-26.ids_1,2,8700,8790,read_write_newspaper,10
2,vp2/run2_2018-05-24-17-22-26.ids_1,2,8790,8880,read_write_newspaper,11
2,vp2/run2_2018-05-24-17-22-26.ids_1,2,8880,8970,read_write_newspaper,12
2,vp2/run2_2018-05-24-17-22-26.ids_1,2,8970,9060,read_write_newspaper,13
2,vp2/run2_2018-05-24-17-22-26.ids_1,2,9060,9150,read_write_newspaper,14
2,vp2/run2_2018-05-24-17-22-26.ids_1,2,9150,9240,read_write_newspaper,15
2,vp2/run2_2018-05-24-17-22-26.ids_1,2,9240,9330,read_write_newspaper,16
2,vp2/run2_2018-05-24-17-22-26.ids_1,2,9330,9420,read_write_newspaper,17
2,vp2/run2_2018-05-24-17-22-26.ids_1,2,9420,9510,read_write_newspaper,18
2,vp2/run2_2018-05-24-17-22-26.ids_1,2,9510,9600,read_write_newspaper,19
2,vp2/run2_2018-05-24-17-22-26.ids_1,2,9600,9690,read_write_newspaper,20
2,vp2/run2_2018-05-24-17-22-26.ids_1,2,9690,9780,read_write_newspaper,21
2,vp2/run2_2018-05-24-17-22-26.ids_1,2,9780,9870,read_write_newspaper,22
2,vp2/run2_2018-05-24-17-22-26.ids_1,2,9870,9960,read_write_newspaper,23
2,vp2/run2_2018-05-24-17-22-26.ids_1,2,9960,10050,read_write_newspaper,24
2,vp2/run2_2018-05-24-17-22-26.ids_1,2,10050,10140,read_write_newspaper,25
2,vp2/run2_2018-05-24-17-22-26.ids_1,2,10140,10230,read_write_newspaper,26
2,vp2/run2_2018-05-24-17-22-26.ids_1,2,10230,10320,read_write_newspaper,27
2,vp2/run2_2018-05-24-17-22-26.ids_1,2,10320,10410,read_write_newspaper,28
2,vp2/run2_2018-05-24-17-22-26.ids_1,2,10410,10500,read_write_newspaper,29
2,vp2/run2_2018-05-24-17-22-26.ids_1,2,10500,10590,read_write_newspaper,30
2,vp2/run2_2018-05-24-17-22-26.ids_1,2,10590,10680,read_write_newspaper,31
2,vp2/run2_2018-05-24-17-22-26.ids_1,2,10680,10770,read_write_newspaper,32
2,vp2/run2_2018-05-24-17-22-26.ids_1,2,10770,10860,read_write_newspaper,33
2,vp2/run2_2018-05-24-17-22-26.ids_1,2,10860,10950,read_write_newspaper,34
2,vp2/run2_2018-05-24-17-22-26.ids_1,2,10950,11040,read_write_newspaper,35
2,vp2/run2_2018-05-24-17-22-26.ids_1,2,11040,11130,read_write_newspaper,36
2,vp2/run2_2018-05-24-17-22-26.ids_1,2,11130,11220,read_write_newspaper,37
2,vp2/run2_2018-05-24-17-22-26.ids_1,2,11220,11310,read_write_newspaper,38
2,vp2/run2_2018-05-24-17-22-26.ids_1,2,11310,11318,read_write_newspaper,39
2,vp2/run2_2018-05-24-17-22-26.ids_1,3,11610,11700,read_write_magazine,0
2,vp2/run2_2018-05-24-17-22-26.ids_1,3,11700,11790,read_write_magazine,1
2,vp2/run2_2018-05-24-17-22-26.ids_1,3,11790,11880,read_write_magazine,2
2,vp2/run2_2018-05-24-17-22-26.ids_1,3,11880,11970,read_write_magazine,3
2,vp2/run2_2018-05-24-17-22-26.ids_1,3,11970,12060,read_write_magazine,4
2,vp2/run2_2018-05-24-17-22-26.ids_1,3,12060,12150,read_write_magazine,5
2,vp2/run2_2018-05-24-17-22-26.ids_1,3,12150,12240,read_write_magazine,6
2,vp2/run2_2018-05-24-17-22-26.ids_1,3,12240,12330,read_write_magazine,7
2,vp2/run2_2018-05-24-17-22-26.ids_1,3,12330,12420,read_write_magazine,8
2,vp2/run2_2018-05-24-17-22-26.ids_1,3,12420,12510,read_write_magazine,9
2,vp2/run2_2018-05-24-17-22-26.ids_1,3,12510,12600,read_write_magazine,10
2,vp2/run2_2018-05-24-17-22-26.ids_1,3,12600,12690,read_write_magazine,11
2,vp2/run2_2018-05-24-17-22-26.ids_1,3,12690,12780,read_write_magazine,12
2,vp2/run2_2018-05-24-17-22-26.ids_1,3,12780,12870,read_write_magazine,13
2,vp2/run2_2018-05-24-17-22-26.ids_1,3,12870,12960,read_write_magazine,14
2,vp2/run2_2018-05-24-17-22-26.ids_1,3,12960,13050,read_write_magazine,15
2,vp2/run2_2018-05-24-17-22-26.ids_1,3,13050,13140,read_write_magazine,16
2,vp2/run2_2018-05-24-17-22-26.ids_1,3,13140,13230,read_write_magazine,17
2,vp2/run2_2018-05-24-17-22-26.ids_1,3,13230,13320,read_write_magazine,18
2,vp2/run2_2018-05-24-17-22-26.ids_1,3,13320,13410,read_write_magazine,19
2,vp2/run2_2018-05-24-17-22-26.ids_1,3,13410,13500,read_write_magazine,20
2,vp2/run2_2018-05-24-17-22-26.ids_1,3,13500,13590,read_write_magazine,21
2,vp2/run2_2018-05-24-17-22-26.ids_1,3,13590,13680,read_write_magazine,22
2,vp2/run2_2018-05-24-17-22-26.ids_1,3,13680,13770,read_write_magazine,23
2,vp2/run2_2018-05-24-17-22-26.ids_1,3,13770,13860,read_write_magazine,24
2,vp2/run2_2018-05-24-17-22-26.ids_1,3,13860,13950,read_write_magazine,25
2,vp2/run2_2018-05-24-17-22-26.ids_1,3,13950,14040,read_write_magazine,26
2,vp2/run2_2018-05-24-17-22-26.ids_1,3,14040,14130,read_write_magazine,27
2,vp2/run2_2018-05-24-17-22-26.ids_1,3,14130,14220,read_write_magazine,28
2,vp2/run2_2018-05-24-17-22-26.ids_1,3,14220,14310,read_write_magazine,29
2,vp2/run2_2018-05-24-17-22-26.ids_1,3,14310,14400,read_write_magazine,30
2,vp2/run2_2018-05-24-17-22-26.ids_1,3,14400,14490,read_write_magazine,31
2,vp2/run2_2018-05-24-17-22-26.ids_1,3,14490,14580,read_write_magazine,32
2,vp2/run2_2018-05-24-17-22-26.ids_1,3,14580,14670,read_write_magazine,33
2,vp2/run2_2018-05-24-17-22-26.ids_1,3,14670,14760,read_write_magazine,34
2,vp2/run2_2018-05-24-17-22-26.ids_1,3,14760,14850,read_write_magazine,35
2,vp2/run2_2018-05-24-17-22-26.ids_1,3,14850,14940,read_write_magazine,36
2,vp2/run2_2018-05-24-17-22-26.ids_1,3,14940,15030,read_write_magazine,37
2,vp2/run2_2018-05-24-17-22-26.ids_1,3,15030,15120,read_write_magazine,38
2,vp2/run2_2018-05-24-17-22-26.ids_1,3,15120,15210,read_write_magazine,39
2,vp2/run2_2018-05-24-17-22-26.ids_1,3,15210,15300,read_write_magazine,40
2,vp2/run2_2018-05-24-17-22-26.ids_1,3,15300,15390,read_write_magazine,41
2,vp2/run2_2018-05-24-17-22-26.ids_1,3,15390,15480,read_write_magazine,42
2,vp2/run2_2018-05-24-17-22-26.ids_1,3,15480,15570,read_write_magazine,43
2,vp2/run2_2018-05-24-17-22-26.ids_1,3,15570,15660,read_write_magazine,44
2,vp2/run2_2018-05-24-17-22-26.ids_1,3,15660,15750,read_write_magazine,45
2,vp2/run2_2018-05-24-17-22-26.ids_1,3,15750,15840,read_write_magazine,46
2,vp2/run2_2018-05-24-17-22-26.ids_1,3,15840,15908,read_write_magazine,47
2,vp2/run2_2018-05-24-17-22-26.ids_1,4,16320,16410,put_on_jacket,0
2,vp2/run2_2018-05-24-17-22-26.ids_1,4,16410,16500,put_on_jacket,1
2,vp2/run2_2018-05-24-17-22-26.ids_1,4,16500,16590,put_on_jacket,2
2,vp2/run2_2018-05-24-17-22-26.ids_1,4,16590,16680,put_on_jacket,3
2,vp2/run2_2018-05-24-17-22-26.ids_1,4,16680,16770,put_on_jacket,4
2,vp2/run2_2018-05-24-17-22-26.ids_1,4,16770,16860,put_on_jacket,5
2,vp2/run2_2018-05-24-17-22-26.ids_1,4,16860,16950,put_on_jacket,6
2,vp2/run2_2018-05-24-17-22-26.ids_1,4,16950,17040,put_on_jacket,7
2,vp2/run2_2018-05-24-17-22-26.ids_1,4,17040,17130,put_on_jacket,8
2,vp2/run2_2018-05-24-17-22-26.ids_1,4,17130,17220,put_on_jacket,9
2,vp2/run2_2018-05-24-17-22-26.ids_1,4,17220,17310,put_on_jacket,10
2,vp2/run2_2018-05-24-17-22-26.ids_1,4,17310,17400,put_on_jacket,11
2,vp2/run2_2018-05-24-17-22-26.ids_1,4,17400,17438,put_on_jacket,12
2,vp2/run2_2018-05-24-17-22-26.ids_1,5,18240,18330,put_on_sunglasses,0
2,vp2/run2_2018-05-24-17-22-26.ids_1,5,18330,18420,put_on_sunglasses,1
2,vp2/run2_2018-05-24-17-22-26.ids_1,5,18420,18510,put_on_sunglasses,2
2,vp2/run2_2018-05-24-17-22-26.ids_1,5,18510,18600,put_on_sunglasses,3
2,vp2/run2_2018-05-24-17-22-26.ids_1,5,18600,18690,put_on_sunglasses,4
2,vp2/run2_2018-05-24-17-22-26.ids_1,5,18690,18780,put_on_sunglasses,5
2,vp2/run2_2018-05-24-17-22-26.ids_1,5,18780,18870,put_on_sunglasses,6
2,vp2/run2_2018-05-24-17-22-26.ids_1,5,18870,18960,put_on_sunglasses,7
2,vp2/run2_2018-05-24-17-22-26.ids_1,5,18960,19050,put_on_sunglasses,8
2,vp2/run2_2018-05-24-17-22-26.ids_1,5,19050,19118,put_on_sunglasses,9
2,vp2/run2_2018-05-24-17-22-26.ids_1,6,19590,19680,eat_drink,0
2,vp2/run2_2018-05-24-17-22-26.ids_1,6,19680,19770,eat_drink,1
2,vp2/run2_2018-05-24-17-22-26.ids_1,6,19770,19860,eat_drink,2
2,vp2/run2_2018-05-24-17-22-26.ids_1,6,19860,19950,eat_drink,3
2,vp2/run2_2018-05-24-17-22-26.ids_1,6,19950,20040,eat_drink,4
2,vp2/run2_2018-05-24-17-22-26.ids_1,6,20040,20130,eat_drink,5
2,vp2/run2_2018-05-24-17-22-26.ids_1,6,20130,20220,eat_drink,6
2,vp2/run2_2018-05-24-17-22-26.ids_1,6,20220,20310,eat_drink,7
2,vp2/run2_2018-05-24-17-22-26.ids_1,6,20310,20400,eat_drink,8
2,vp2/run2_2018-05-24-17-22-26.ids_1,6,20400,20490,eat_drink,9
2,vp2/run2_2018-05-24-17-22-26.ids_1,6,20490,20580,eat_drink,10
2,vp2/run2_2018-05-24-17-22-26.ids_1,6,20580,20670,eat_drink,11
2,vp2/run2_2018-05-24-17-22-26.ids_1,6,20670,20760,eat_drink,12
2,vp2/run2_2018-05-24-17-22-26.ids_1,6,20760,20850,eat_drink,13
2,vp2/run2_2018-05-24-17-22-26.ids_1,6,20850,20940,eat_drink,14
2,vp2/run2_2018-05-24-17-22-26.ids_1,6,20940,21030,eat_drink,15
2,vp2/run2_2018-05-24-17-22-26.ids_1,6,21030,21120,eat_drink,16
2,vp2/run2_2018-05-24-17-22-26.ids_1,6,21120,21210,eat_drink,17
2,vp2/run2_2018-05-24-17-22-26.ids_1,6,21210,21300,eat_drink,18
2,vp2/run2_2018-05-24-17-22-26.ids_1,6,21300,21390,eat_drink,19
2,vp2/run2_2018-05-24-17-22-26.ids_1,6,21390,21480,eat_drink,20
2,vp2/run2_2018-05-24-17-22-26.ids_1,6,21480,21570,eat_drink,21
2,vp2/run2_2018-05-24-17-22-26.ids_1,6,21570,21660,eat_drink,22
2,vp2/run2_2018-05-24-17-22-26.ids_1,6,21660,21750,eat_drink,23
2,vp2/run2_2018-05-24-17-22-26.ids_1,6,21750,21840,eat_drink,24
2,vp2/run2_2018-05-24-17-22-26.ids_1,6,21840,21930,eat_drink,25
2,vp2/run2_2018-05-24-17-22-26.ids_1,6,21930,22020,eat_drink,26
2,vp2/run2_2018-05-24-17-22-26.ids_1,6,22020,22110,eat_drink,27
2,vp2/run2_2018-05-24-17-22-26.ids_1,6,22110,22200,eat_drink,28
2,vp2/run2_2018-05-24-17-22-26.ids_1,6,22200,22290,eat_drink,29
2,vp2/run2_2018-05-24-17-22-26.ids_1,6,22290,22380,eat_drink,30
2,vp2/run2_2018-05-24-17-22-26.ids_1,6,22380,22470,eat_drink,31
2,vp2/run2_2018-05-24-17-22-26.ids_1,6,22470,22560,eat_drink,32
2,vp2/run2_2018-05-24-17-22-26.ids_1,6,22560,22568,eat_drink,33
2,vp2/run2_2018-05-24-17-22-26.ids_1,7,23640,23730,take_off_jacket,0
2,vp2/run2_2018-05-24-17-22-26.ids_1,7,23730,23820,take_off_jacket,1
2,vp2/run2_2018-05-24-17-22-26.ids_1,7,23820,23910,take_off_jacket,2
2,vp2/run2_2018-05-24-17-22-26.ids_1,7,23910,24000,take_off_jacket,3
2,vp2/run2_2018-05-24-17-22-26.ids_1,7,24000,24090,take_off_jacket,4
2,vp2/run2_2018-05-24-17-22-26.ids_1,7,24090,24180,take_off_jacket,5
2,vp2/run2_2018-05-24-17-22-26.ids_1,7,24180,24270,take_off_jacket,6
2,vp2/run2_2018-05-24-17-22-26.ids_1,7,24270,24360,take_off_jacket,7
2,vp2/run2_2018-05-24-17-22-26.ids_1,7,24360,24368,take_off_jacket,8
2,vp2/run2_2018-05-24-17-22-26.ids_1,8,24630,24720,work,0
2,vp2/run2_2018-05-24-17-22-26.ids_1,8,24720,24810,work,1
2,vp2/run2_2018-05-24-17-22-26.ids_1,8,24810,24900,work,2
2,vp2/run2_2018-05-24-17-22-26.ids_1,8,24900,24990,work,3
2,vp2/run2_2018-05-24-17-22-26.ids_1,8,24990,25080,work,4
2,vp2/run2_2018-05-24-17-22-26.ids_1,8,25080,25170,work,5
2,vp2/run2_2018-05-24-17-22-26.ids_1,8,25170,25260,work,6
2,vp2/run2_2018-05-24-17-22-26.ids_1,8,25260,25350,work,7
2,vp2/run2_2018-05-24-17-22-26.ids_1,8,25350,25440,work,8
2,vp2/run2_2018-05-24-17-22-26.ids_1,8,25440,25530,work,9
2,vp2/run2_2018-05-24-17-22-26.ids_1,8,25530,25620,work,10
2,vp2/run2_2018-05-24-17-22-26.ids_1,8,25620,25710,work,11
2,vp2/run2_2018-05-24-17-22-26.ids_1,8,25710,25800,work,12
2,vp2/run2_2018-05-24-17-22-26.ids_1,8,25800,25890,work,13
2,vp2/run2_2018-05-24-17-22-26.ids_1,8,25890,25980,work,14
2,vp2/run2_2018-05-24-17-22-26.ids_1,8,25980,26070,work,15
2,vp2/run2_2018-05-24-17-22-26.ids_1,8,26070,26160,work,16
2,vp2/run2_2018-05-24-17-22-26.ids_1,8,26160,26250,work,17
2,vp2/run2_2018-05-24-17-22-26.ids_1,8,26250,26340,work,18
2,vp2/run2_2018-05-24-17-22-26.ids_1,8,26340,26430,work,19
2,vp2/run2_2018-05-24-17-22-26.ids_1,8,26430,26520,work,20
2,vp2/run2_2018-05-24-17-22-26.ids_1,8,26520,26610,work,21
2,vp2/run2_2018-05-24-17-22-26.ids_1,8,26610,26700,work,22
2,vp2/run2_2018-05-24-17-22-26.ids_1,8,26700,26790,work,23
2,vp2/run2_2018-05-24-17-22-26.ids_1,8,26790,26880,work,24
2,vp2/run2_2018-05-24-17-22-26.ids_1,8,26880,26970,work,25
2,vp2/run2_2018-05-24-17-22-26.ids_1,8,26970,27060,work,26
2,vp2/run2_2018-05-24-17-22-26.ids_1,8,27060,27150,work,27
2,vp2/run2_2018-05-24-17-22-26.ids_1,8,27150,27240,work,28
2,vp2/run2_2018-05-24-17-22-26.ids_1,8,27240,27330,work,29
2,vp2/run2_2018-05-24-17-22-26.ids_1,8,27330,27420,work,30
2,vp2/run2_2018-05-24-17-22-26.ids_1,8,27420,27510,work,31
2,vp2/run2_2018-05-24-17-22-26.ids_1,8,27510,27600,work,32
2,vp2/run2_2018-05-24-17-22-26.ids_1,8,27600,27638,work,33
2,vp2/run2_2018-05-24-17-22-26.ids_1,9,27990,28080,watch_video,0
2,vp2/run2_2018-05-24-17-22-26.ids_1,9,28080,28170,watch_video,1
2,vp2/run2_2018-05-24-17-22-26.ids_1,9,28170,28260,watch_video,2
2,vp2/run2_2018-05-24-17-22-26.ids_1,9,28260,28350,watch_video,3
2,vp2/run2_2018-05-24-17-22-26.ids_1,9,28350,28440,watch_video,4
2,vp2/run2_2018-05-24-17-22-26.ids_1,9,28440,28530,watch_video,5
2,vp2/run2_2018-05-24-17-22-26.ids_1,9,28530,28620,watch_video,6
2,vp2/run2_2018-05-24-17-22-26.ids_1,9,28620,28710,watch_video,7
2,vp2/run2_2018-05-24-17-22-26.ids_1,9,28710,28800,watch_video,8
2,vp2/run2_2018-05-24-17-22-26.ids_1,9,28800,28890,watch_video,9
2,vp2/run2_2018-05-24-17-22-26.ids_1,9,28890,28980,watch_video,10
2,vp2/run2_2018-05-24-17-22-26.ids_1,9,28980,29070,watch_video,11
2,vp2/run2_2018-05-24-17-22-26.ids_1,9,29070,29160,watch_video,12
2,vp2/run2_2018-05-24-17-22-26.ids_1,9,29160,29250,watch_video,13
2,vp2/run2_2018-05-24-17-22-26.ids_1,9,29250,29340,watch_video,14
2,vp2/run2_2018-05-24-17-22-26.ids_1,9,29340,29430,watch_video,15
2,vp2/run2_2018-05-24-17-22-26.ids_1,9,29430,29520,watch_video,16
2,vp2/run2_2018-05-24-17-22-26.ids_1,9,29520,29610,watch_video,17
2,vp2/run2_2018-05-24-17-22-26.ids_1,9,29610,29700,watch_video,18
2,vp2/run2_2018-05-24-17-22-26.ids_1,9,29700,29790,watch_video,19
2,vp2/run2_2018-05-24-17-22-26.ids_1,9,29790,29880,watch_video,20
2,vp2/run2_2018-05-24-17-22-26.ids_1,9,29880,29970,watch_video,21
2,vp2/run2_2018-05-24-17-22-26.ids_1,9,29970,30060,watch_video,22
2,vp2/run2_2018-05-24-17-22-26.ids_1,9,30060,30150,watch_video,23
2,vp2/run2_2018-05-24-17-22-26.ids_1,9,30150,30240,watch_video,24
2,vp2/run2_2018-05-24-17-22-26.ids_1,9,30240,30330,watch_video,25
2,vp2/run2_2018-05-24-17-22-26.ids_1,9,30330,30420,watch_video,26
2,vp2/run2_2018-05-24-17-22-26.ids_1,9,30420,30510,watch_video,27
2,vp2/run2_2018-05-24-17-22-26.ids_1,9,30510,30600,watch_video,28
2,vp2/run2_2018-05-24-17-22-26.ids_1,9,30600,30690,watch_video,29
2,vp2/run2_2018-05-24-17-22-26.ids_1,9,30690,30780,watch_video,30
2,vp2/run2_2018-05-24-17-22-26.ids_1,9,30780,30870,watch_video,31
2,vp2/run2_2018-05-24-17-22-26.ids_1,9,30870,30960,watch_video,32
2,vp2/run2_2018-05-24-17-22-26.ids_1,9,30960,31050,watch_video,33
2,vp2/run2_2018-05-24-17-22-26.ids_1,9,31050,31140,watch_video,34
2,vp2/run2_2018-05-24-17-22-26.ids_1,9,31140,31230,watch_video,35
2,vp2/run2_2018-05-24-17-22-26.ids_1,9,31230,31320,watch_video,36
2,vp2/run2_2018-05-24-17-22-26.ids_1,9,31320,31410,watch_video,37
2,vp2/run2_2018-05-24-17-22-26.ids_1,9,31410,31500,watch_video,38
2,vp2/run2_2018-05-24-17-22-26.ids_1,9,31500,31590,watch_video,39
2,vp2/run2_2018-05-24-17-22-26.ids_1,9,31590,31680,watch_video,40
2,vp2/run2_2018-05-24-17-22-26.ids_1,9,31680,31770,watch_video,41
2,vp2/run2_2018-05-24-17-22-26.ids_1,9,31770,31860,watch_video,42
2,vp2/run2_2018-05-24-17-22-26.ids_1,9,31860,31950,watch_video,43
2,vp2/run2_2018-05-24-17-22-26.ids_1,9,31950,32040,watch_video,44
2,vp2/run2_2018-05-24-17-22-26.ids_1,9,32040,32130,watch_video,45
2,vp2/run2_2018-05-24-17-22-26.ids_1,9,32130,32220,watch_video,46
2,vp2/run2_2018-05-24-17-22-26.ids_1,9,32220,32310,watch_video,47
2,vp2/run2_2018-05-24-17-22-26.ids_1,9,32310,32400,watch_video,48
2,vp2/run2_2018-05-24-17-22-26.ids_1,9,32400,32490,watch_video,49
2,vp2/run2_2018-05-24-17-22-26.ids_1,9,32490,32580,watch_video,50
2,vp2/run2_2018-05-24-17-22-26.ids_1,9,32580,32670,watch_video,51
2,vp2/run2_2018-05-24-17-22-26.ids_1,9,32670,32760,watch_video,52
2,vp2/run2_2018-05-24-17-22-26.ids_1,9,32760,32850,watch_video,53
2,vp2/run2_2018-05-24-17-22-26.ids_1,9,32850,32940,watch_video,54
2,vp2/run2_2018-05-24-17-22-26.ids_1,9,32940,33030,watch_video,55
2,vp2/run2_2018-05-24-17-22-26.ids_1,9,33030,33120,watch_video,56
2,vp2/run2_2018-05-24-17-22-26.ids_1,9,33120,33210,watch_video,57
2,vp2/run2_2018-05-24-17-22-26.ids_1,9,33210,33300,watch_video,58
2,vp2/run2_2018-05-24-17-22-26.ids_1,9,33300,33390,watch_video,59
2,vp2/run2_2018-05-24-17-22-26.ids_1,9,33390,33480,watch_video,60
2,vp2/run2_2018-05-24-17-22-26.ids_1,9,33480,33570,watch_video,61
2,vp2/run2_2018-05-24-17-22-26.ids_1,9,33570,33660,watch_video,62
2,vp2/run2_2018-05-24-17-22-26.ids_1,9,33660,33750,watch_video,63
2,vp2/run2_2018-05-24-17-22-26.ids_1,9,33750,33840,watch_video,64
2,vp2/run2_2018-05-24-17-22-26.ids_1,9,33840,33930,watch_video,65
2,vp2/run2_2018-05-24-17-22-26.ids_1,9,33930,34020,watch_video,66
2,vp2/run2_2018-05-24-17-22-26.ids_1,9,34020,34110,watch_video,67
2,vp2/run2_2018-05-24-17-22-26.ids_1,9,34110,34200,watch_video,68
2,vp2/run2_2018-05-24-17-22-26.ids_1,9,34200,34290,watch_video,69
2,vp2/run2_2018-05-24-17-22-26.ids_1,9,34290,34380,watch_video,70
2,vp2/run2_2018-05-24-17-22-26.ids_1,9,34380,34470,watch_video,71
2,vp2/run2_2018-05-24-17-22-26.ids_1,9,34470,34560,watch_video,72
2,vp2/run2_2018-05-24-17-22-26.ids_1,9,34560,34650,watch_video,73
2,vp2/run2_2018-05-24-17-22-26.ids_1,9,34650,34740,watch_video,74
2,vp2/run2_2018-05-24-17-22-26.ids_1,9,34740,34830,watch_video,75
2,vp2/run2_2018-05-24-17-22-26.ids_1,9,34830,34920,watch_video,76
2,vp2/run2_2018-05-24-17-22-26.ids_1,9,34920,35010,watch_video,77
2,vp2/run2_2018-05-24-17-22-26.ids_1,9,35010,35100,watch_video,78
2,vp2/run2_2018-05-24-17-22-26.ids_1,9,35100,35190,watch_video,79
2,vp2/run2_2018-05-24-17-22-26.ids_1,9,35190,35280,watch_video,80
2,vp2/run2_2018-05-24-17-22-26.ids_1,9,35280,35370,watch_video,81
2,vp2/run2_2018-05-24-17-22-26.ids_1,9,35370,35460,watch_video,82
2,vp2/run2_2018-05-24-17-22-26.ids_1,9,35460,35550,watch_video,83
2,vp2/run2_2018-05-24-17-22-26.ids_1,9,35550,35589,watch_video,84
2,vp2/run2_2018-05-24-17-22-26.ids_1,10,36330,36420,take_off_sunglasses,0
2,vp2/run2_2018-05-24-17-22-26.ids_1,10,36420,36489,take_off_sunglasses,1
2,vp2/run2_2018-05-24-17-22-26.ids_1,11,39510,39600,final_task,0
2,vp2/run2_2018-05-24-17-22-26.ids_1,11,39600,39690,final_task,1
2,vp2/run2_2018-05-24-17-22-26.ids_1,11,39690,39780,final_task,2
2,vp2/run2_2018-05-24-17-22-26.ids_1,11,39780,39870,final_task,3
2,vp2/run2_2018-05-24-17-22-26.ids_1,11,39870,39960,final_task,4
2,vp2/run2_2018-05-24-17-22-26.ids_1,11,39960,40050,final_task,5
2,vp2/run2_2018-05-24-17-22-26.ids_1,11,40050,40140,final_task,6
2,vp2/run2_2018-05-24-17-22-26.ids_1,11,40140,40230,final_task,7
2,vp2/run2_2018-05-24-17-22-26.ids_1,11,40230,40320,final_task,8
2,vp2/run2_2018-05-24-17-22-26.ids_1,11,40320,40410,final_task,9
2,vp2/run2_2018-05-24-17-22-26.ids_1,11,40410,40470,final_task,10
4,vp4/run1_2018-05-22-13-28-51.ids_1,0,0,90,fasten_seat_belt,0
4,vp4/run1_2018-05-22-13-28-51.ids_1,0,90,180,fasten_seat_belt,1
4,vp4/run1_2018-05-22-13-28-51.ids_1,0,180,270,fasten_seat_belt,2
4,vp4/run1_2018-05-22-13-28-51.ids_1,0,270,360,fasten_seat_belt,3
4,vp4/run1_2018-05-22-13-28-51.ids_1,0,360,450,fasten_seat_belt,4
4,vp4/run1_2018-05-22-13-28-51.ids_1,0,450,540,fasten_seat_belt,5
4,vp4/run1_2018-05-22-13-28-51.ids_1,0,540,630,fasten_seat_belt,6
4,vp4/run1_2018-05-22-13-28-51.ids_1,0,630,720,fasten_seat_belt,7
4,vp4/run1_2018-05-22-13-28-51.ids_1,0,720,810,fasten_seat_belt,8
4,vp4/run1_2018-05-22-13-28-51.ids_1,0,810,900,fasten_seat_belt,9
4,vp4/run1_2018-05-22-13-28-51.ids_1,0,900,990,fasten_seat_belt,10
4,vp4/run1_2018-05-22-13-28-51.ids_1,0,990,1080,fasten_seat_belt,11
4,vp4/run1_2018-05-22-13-28-51.ids_1,0,1080,1170,fasten_seat_belt,12
4,vp4/run1_2018-05-22-13-28-51.ids_1,0,1170,1260,fasten_seat_belt,13
4,vp4/run1_2018-05-22-13-28-51.ids_1,0,1260,1350,fasten_seat_belt,14
4,vp4/run1_2018-05-22-13-28-51.ids_1,0,1350,1440,fasten_seat_belt,15
4,vp4/run1_2018-05-22-13-28-51.ids_1,0,1440,1530,fasten_seat_belt,16
4,vp4/run1_2018-05-22-13-28-51.ids_1,0,1530,1620,fasten_seat_belt,17
4,vp4/run1_2018-05-22-13-28-51.ids_1,0,1620,1710,fasten_seat_belt,18
4,vp4/run1_2018-05-22-13-28-51.ids_1,0,1710,1800,fasten_seat_belt,19
4,vp4/run1_2018-05-22-13-28-51.ids_1,0,1800,1890,fasten_seat_belt,20
4,vp4/run1_2018-05-22-13-28-51.ids_1,0,1890,1980,fasten_seat_belt,21
4,vp4/run1_2018-05-22-13-28-51.ids_1,0,1980,2070,fasten_seat_belt,22
4,vp4/run1_2018-05-22-13-28-51.ids_1,0,2070,2160,fasten_seat_belt,23
4,vp4/run1_2018-05-22-13-28-51.ids_1,0,2160,2250,fasten_seat_belt,24
4,vp4/run1_2018-05-22-13-28-51.ids_1,0,2250,2340,fasten_seat_belt,25
4,vp4/run1_2018-05-22-13-28-51.ids_1,0,2340,2430,fasten_seat_belt,26
4,vp4/run1_2018-05-22-13-28-51.ids_1,0,2430,2520,fasten_seat_belt,27
4,vp4/run1_2018-05-22-13-28-51.ids_1,0,2520,2610,fasten_seat_belt,28
4,vp4/run1_2018-05-22-13-28-51.ids_1,0,2610,2700,fasten_seat_belt,29
4,vp4/run1_2018-05-22-13-28-51.ids_1,0,2700,2790,fasten_seat_belt,30
4,vp4/run1_2018-05-22-13-28-51.ids_1,0,2790,2880,fasten_seat_belt,31
4,vp4/run1_2018-05-22-13-28-51.ids_1,0,2880,2970,fasten_seat_belt,32
4,vp4/run1_2018-05-22-13-28-51.ids_1,0,2970,3060,fasten_seat_belt,33
4,vp4/run1_2018-05-22-13-28-51.ids_1,0,3060,3150,fasten_seat_belt,34
4,vp4/run1_2018-05-22-13-28-51.ids_1,0,3150,3240,fasten_seat_belt,35
4,vp4/run1_2018-05-22-13-28-51.ids_1,0,3240,3330,fasten_seat_belt,36
4,vp4/run1_2018-05-22-13-28-51.ids_1,0,3330,3339,fasten_seat_belt,37
4,vp4/run1_2018-05-22-13-28-51.ids_1,1,11460,11550,hand_over,0
4,vp4/run1_2018-05-22-13-28-51.ids_1,1,11550,11640,hand_over,1
4,vp4/run1_2018-05-22-13-28-51.ids_1,1,11640,11730,hand_over,2
4,vp4/run1_2018-05-22-13-28-51.ids_1,1,11730,11820,hand_over,3
4,vp4/run1_2018-05-22-13-28-51.ids_1,1,11820,11910,hand_over,4
4,vp4/run1_2018-05-22-13-28-51.ids_1,1,11910,12000,hand_over,5
4,vp4/run1_2018-05-22-13-28-51.ids_1,1,12000,12060,hand_over,6
4,vp4/run1_2018-05-22-13-28-51.ids_1,2,12600,12690,put_on_jacket,0
4,vp4/run1_2018-05-22-13-28-51.ids_1,2,12690,12780,put_on_jacket,1
4,vp4/run1_2018-05-22-13-28-51.ids_1,2,12780,12870,put_on_jacket,2
4,vp4/run1_2018-05-22-13-28-51.ids_1,2,12870,12960,put_on_jacket,3
4,vp4/run1_2018-05-22-13-28-51.ids_1,2,12960,13050,put_on_jacket,4
4,vp4/run1_2018-05-22-13-28-51.ids_1,2,13050,13140,put_on_jacket,5
4,vp4/run1_2018-05-22-13-28-51.ids_1,2,13140,13230,put_on_jacket,6
4,vp4/run1_2018-05-22-13-28-51.ids_1,2,13230,13320,put_on_jacket,7
4,vp4/run1_2018-05-22-13-28-51.ids_1,2,13320,13410,put_on_jacket,8
4,vp4/run1_2018-05-22-13-28-51.ids_1,2,13410,13500,put_on_jacket,9
4,vp4/run1_2018-05-22-13-28-51.ids_1,2,13500,13590,put_on_jacket,10
4,vp4/run1_2018-05-22-13-28-51.ids_1,2,13590,13680,put_on_jacket,11
4,vp4/run1_2018-05-22-13-28-51.ids_1,2,13680,13770,put_on_jacket,12
4,vp4/run1_2018-05-22-13-28-51.ids_1,2,13770,13860,put_on_jacket,13
4,vp4/run1_2018-05-22-13-28-51.ids_1,2,13860,13950,put_on_jacket,14
4,vp4/run1_2018-05-22-13-28-51.ids_1,2,13950,14040,put_on_jacket,15
4,vp4/run1_2018-05-22-13-28-51.ids_1,2,14040,14130,put_on_jacket,16
4,vp4/run1_2018-05-22-13-28-51.ids_1,2,14130,14190,put_on_jacket,17
4,vp4/run1_2018-05-22-13-28-51.ids_1,3,14220,14310,eat_drink,0
4,vp4/run1_2018-05-22-13-28-51.ids_1,3,14310,14400,eat_drink,1
4,vp4/run1_2018-05-22-13-28-51.ids_1,3,14400,14490,eat_drink,2
4,vp4/run1_2018-05-22-13-28-51.ids_1,3,14490,14580,eat_drink,3
4,vp4/run1_2018-05-22-13-28-51.ids_1,3,14580,14670,eat_drink,4
4,vp4/run1_2018-05-22-13-28-51.ids_1,3,14670,14760,eat_drink,5
4,vp4/run1_2018-05-22-13-28-51.ids_1,3,14760,14850,eat_drink,6
4,vp4/run1_2018-05-22-13-28-51.ids_1,3,14850,14940,eat_drink,7
4,vp4/run1_2018-05-22-13-28-51.ids_1,3,14940,15030,eat_drink,8
4,vp4/run1_2018-05-22-13-28-51.ids_1,3,15030,15120,eat_drink,9
4,vp4/run1_2018-05-22-13-28-51.ids_1,3,15120,15210,eat_drink,10
4,vp4/run1_2018-05-22-13-28-51.ids_1,3,15210,15300,eat_drink,11
4,vp4/run1_2018-05-22-13-28-51.ids_1,3,15300,15390,eat_drink,12
4,vp4/run1_2018-05-22-13-28-51.ids_1,3,15390,15480,eat_drink,13
4,vp4/run1_2018-05-22-13-28-51.ids_1,3,15480,15570,eat_drink,14
4,vp4/run1_2018-05-22-13-28-51.ids_1,3,15570,15660,eat_drink,15
4,vp4/run1_2018-05-22-13-28-51.ids_1,3,15660,15750,eat_drink,16
4,vp4/run1_2018-05-22-13-28-51.ids_1,3,15750,15840,eat_drink,17
4,vp4/run1_2018-05-22-13-28-51.ids_1,3,15840,15930,eat_drink,18
4,vp4/run1_2018-05-22-13-28-51.ids_1,3,15930,16020,eat_drink,19
4,vp4/run1_2018-05-22-13-28-51.ids_1,3,16020,16110,eat_drink,20
4,vp4/run1_2018-05-22-13-28-51.ids_1,3,16110,16200,eat_drink,21
4,vp4/run1_2018-05-22-13-28-51.ids_1,3,16200,16290,eat_drink,22
4,vp4/run1_2018-05-22-13-28-51.ids_1,3,16290,16380,eat_drink,23
4,vp4/run1_2018-05-22-13-28-51.ids_1,3,16380,16470,eat_drink,24
4,vp4/run1_2018-05-22-13-28-51.ids_1,3,16470,16560,eat_drink,25
4,vp4/run1_2018-05-22-13-28-51.ids_1,3,16560,16650,eat_drink,26
4,vp4/run1_2018-05-22-13-28-51.ids_1,3,16650,16740,eat_drink,27
4,vp4/run1_2018-05-22-13-28-51.ids_1,3,16740,16830,eat_drink,28
4,vp4/run1_2018-05-22-13-28-51.ids_1,3,16830,16920,eat_drink,29
4,vp4/run1_2018-05-22-13-28-51.ids_1,3,16920,17010,eat_drink,30
4,vp4/run1_2018-05-22-13-28-51.ids_1,3,17010,17100,eat_drink,31
4,vp4/run1_2018-05-22-13-28-51.ids_1,3,17100,17190,eat_drink,32
4,vp4/run1_2018-05-22-13-28-51.ids_1,3,17190,17280,eat_drink,33
4,vp4/run1_2018-05-22-13-28-51.ids_1,3,17280,17370,eat_drink,34
4,vp4/run1_2018-05-22-13-28-51.ids_1,3,17370,17460,eat_drink,35
4,vp4/run1_2018-05-22-13-28-51.ids_1,3,17460,17550,eat_drink,36
4,vp4/run1_2018-05-22-13-28-51.ids_1,3,17550,17640,eat_drink,37
4,vp4/run1_2018-05-22-13-28-51.ids_1,3,17640,17730,eat_drink,38
4,vp4/run1_2018-05-22-13-28-51.ids_1,3,17730,17820,eat_drink,39
4,vp4/run1_2018-05-22-13-28-51.ids_1,3,17820,17910,eat_drink,40
4,vp4/run1_2018-05-22-13-28-51.ids_1,3,17910,18000,eat_drink,41
4,vp4/run1_2018-05-22-13-28-51.ids_1,3,18000,18090,eat_drink,42
4,vp4/run1_2018-05-22-13-28-51.ids_1,3,18090,18150,eat_drink,43
4,vp4/run1_2018-05-22-13-28-51.ids_1,4,18180,18270,put_on_sunglasses,0
4,vp4/run1_2018-05-22-13-28-51.ids_1,4,18270,18360,put_on_sunglasses,1
4,vp4/run1_2018-05-22-13-28-51.ids_1,4,18360,18450,put_on_sunglasses,2
4,vp4/run1_2018-05-22-13-28-51.ids_1,4,18450,18540,put_on_sunglasses,3
4,vp4/run1_2018-05-22-13-28-51.ids_1,4,18540,18600,put_on_sunglasses,4
4,vp4/run1_2018-05-22-13-28-51.ids_1,5,18690,18780,take_off_sunglasses,0
4,vp4/run1_2018-05-22-13-28-51.ids_1,5,18780,18870,take_off_sunglasses,1
4,vp4/run1_2018-05-22-13-28-51.ids_1,5,18870,18960,take_off_sunglasses,2
4,vp4/run1_2018-05-22-13-28-51.ids_1,5,18960,19050,take_off_sunglasses,3
4,vp4/run1_2018-05-22-13-28-51.ids_1,5,19050,19110,take_off_sunglasses,4
4,vp4/run1_2018-05-22-13-28-51.ids_1,6,23700,23790,read_write_magazine,0
4,vp4/run1_2018-05-22-13-28-51.ids_1,6,23790,23880,read_write_magazine,1
4,vp4/run1_2018-05-22-13-28-51.ids_1,6,23880,23970,read_write_magazine,2
4,vp4/run1_2018-05-22-13-28-51.ids_1,6,23970,24060,read_write_magazine,3
4,vp4/run1_2018-05-22-13-28-51.ids_1,6,24060,24150,read_write_magazine,4
4,vp4/run1_2018-05-22-13-28-51.ids_1,6,24150,24240,read_write_magazine,5
4,vp4/run1_2018-05-22-13-28-51.ids_1,6,24240,24330,read_write_magazine,6
4,vp4/run1_2018-05-22-13-28-51.ids_1,6,24330,24420,read_write_magazine,7
4,vp4/run1_2018-05-22-13-28-51.ids_1,6,24420,24510,read_write_magazine,8
4,vp4/run1_2018-05-22-13-28-51.ids_1,6,24510,24600,read_write_magazine,9
4,vp4/run1_2018-05-22-13-28-51.ids_1,6,24600,24690,read_write_magazine,10
4,vp4/run1_2018-05-22-13-28-51.ids_1,6,24690,24780,read_write_magazine,11
4,vp4/run1_2018-05-22-13-28-51.ids_1,6,24780,24870,read_write_magazine,12
4,vp4/run1_2018-05-22-13-28-51.ids_1,6,24870,24960,read_write_magazine,13
4,vp4/run1_2018-05-22-13-28-51.ids_1,6,24960,25050,read_write_magazine,14
4,vp4/run1_2018-05-22-13-28-51.ids_1,6,25050,25140,read_write_magazine,15
4,vp4/run1_2018-05-22-13-28-51.ids_1,6,25140,25230,read_write_magazine,16
4,vp4/run1_2018-05-22-13-28-51.ids_1,6,25230,25320,read_write_magazine,17
4,vp4/run1_2018-05-22-13-28-51.ids_1,6,25320,25410,read_write_magazine,18
4,vp4/run1_2018-05-22-13-28-51.ids_1,6,25410,25500,read_write_magazine,19
4,vp4/run1_2018-05-22-13-28-51.ids_1,6,25500,25590,read_write_magazine,20
4,vp4/run1_2018-05-22-13-28-51.ids_1,6,25590,25680,read_write_magazine,21
4,vp4/run1_2018-05-22-13-28-51.ids_1,6,25680,25770,read_write_magazine,22
4,vp4/run1_2018-05-22-13-28-51.ids_1,6,25770,25860,read_write_magazine,23
4,vp4/run1_2018-05-22-13-28-51.ids_1,6,25860,25950,read_write_magazine,24
4,vp4/run1_2018-05-22-13-28-51.ids_1,6,25950,26040,read_write_magazine,25
4,vp4/run1_2018-05-22-13-28-51.ids_1,6,26040,26130,read_write_magazine,26
4,vp4/run1_2018-05-22-13-28-51.ids_1,6,26130,26220,read_write_magazine,27
4,vp4/run1_2018-05-22-13-28-51.ids_1,6,26220,26310,read_write_magazine,28
4,vp4/run1_2018-05-22-13-28-51.ids_1,6,26310,26400,read_write_magazine,29
4,vp4/run1_2018-05-22-13-28-51.ids_1,6,26400,26490,read_write_magazine,30
4,vp4/run1_2018-05-22-13-28-51.ids_1,6,26490,26580,read_write_magazine,31
4,vp4/run1_2018-05-22-13-28-51.ids_1,6,26580,26670,read_write_magazine,32
4,vp4/run1_2018-05-22-13-28-51.ids_1,6,26670,26760,read_write_magazine,33
4,vp4/run1_2018-05-22-13-28-51.ids_1,6,26760,26850,read_write_magazine,34
4,vp4/run1_2018-05-22-13-28-51.ids_1,6,26850,26940,read_write_magazine,35
4,vp4/run1_2018-05-22-13-28-51.ids_1,6,26940,27030,read_write_magazine,36
4,vp4/run1_2018-05-22-13-28-51.ids_1,6,27030,27120,read_write_magazine,37
4,vp4/run1_2018-05-22-13-28-51.ids_1,6,27120,27210,read_write_magazine,38
4,vp4/run1_2018-05-22-13-28-51.ids_1,6,27210,27300,read_write_magazine,39
4,vp4/run1_2018-05-22-13-28-51.ids_1,6,27300,27390,read_write_magazine,40
4,vp4/run1_2018-05-22-13-28-51.ids_1,6,27390,27480,read_write_magazine,41
4,vp4/run1_2018-05-22-13-28-51.ids_1,6,27480,27570,read_write_magazine,42
4,vp4/run1_2018-05-22-13-28-51.ids_1,6,27570,27660,read_write_magazine,43
4,vp4/run1_2018-05-22-13-28-51.ids_1,6,27660,27750,read_write_magazine,44
4,vp4/run1_2018-05-22-13-28-51.ids_1,6,27750,27840,read_write_magazine,45
4,vp4/run1_2018-05-22-13-28-51.ids_1,6,27840,27930,read_write_magazine,46
4,vp4/run1_2018-05-22-13-28-51.ids_1,6,27930,28020,read_write_magazine,47
4,vp4/run1_2018-05-22-13-28-51.ids_1,6,28020,28110,read_write_magazine,48
4,vp4/run1_2018-05-22-13-28-51.ids_1,6,28110,28200,read_write_magazine,49
4,vp4/run1_2018-05-22-13-28-51.ids_1,6,28200,28290,read_write_magazine,50
4,vp4/run1_2018-05-22-13-28-51.ids_1,6,28290,28380,read_write_magazine,51
4,vp4/run1_2018-05-22-13-28-51.ids_1,6,28380,28470,read_write_magazine,52
4,vp4/run1_2018-05-22-13-28-51.ids_1,6,28470,28560,read_write_magazine,53
4,vp4/run1_2018-05-22-13-28-51.ids_1,6,28560,28650,read_write_magazine,54
4,vp4/run1_2018-05-22-13-28-51.ids_1,6,28650,28740,read_write_magazine,55
4,vp4/run1_2018-05-22-13-28-51.ids_1,6,28740,28830,read_write_magazine,56
4,vp4/run1_2018-05-22-13-28-51.ids_1,6,28830,28920,read_write_magazine,57
4,vp4/run1_2018-05-22-13-28-51.ids_1,6,28920,29010,read_write_magazine,58
4,vp4/run1_2018-05-22-13-28-51.ids_1,6,29010,29100,read_write_magazine,59
4,vp4/run1_2018-05-22-13-28-51.ids_1,6,29100,29190,read_write_magazine,60
4,vp4/run1_2018-05-22-13-28-51.ids_1,6,29190,29280,read_write_magazine,61
4,vp4/run1_2018-05-22-13-28-51.ids_1,6,29280,29370,read_write_magazine,62
4,vp4/run1_2018-05-22-13-28-51.ids_1,6,29370,29460,read_write_magazine,63
4,vp4/run1_2018-05-22-13-28-51.ids_1,6,29460,29550,read_write_magazine,64
4,vp4/run1_2018-05-22-13-28-51.ids_1,6,29550,29640,read_write_magazine,65
4,vp4/run1_2018-05-22-13-28-51.ids_1,6,29640,29730,read_write_magazine,66
4,vp4/run1_2018-05-22-13-28-51.ids_1,6,29730,29820,read_write_magazine,67
4,vp4/run1_2018-05-22-13-28-51.ids_1,6,29820,29910,read_write_magazine,68
4,vp4/run1_2018-05-22-13-28-51.ids_1,6,29910,30000,read_write_magazine,69
4,vp4/run1_2018-05-22-13-28-51.ids_1,6,30000,30090,read_write_magazine,70
4,vp4/run1_2018-05-22-13-28-51.ids_1,6,30090,30180,read_write_magazine,71
4,vp4/run1_2018-05-22-13-28-51.ids_1,6,30180,30270,read_write_magazine,72
4,vp4/run1_2018-05-22-13-28-51.ids_1,6,30270,30360,read_write_magazine,73
4,vp4/run1_2018-05-22-13-28-51.ids_1,6,30360,30450,read_write_magazine,74
4,vp4/run1_2018-05-22-13-28-51.ids_1,6,30450,30540,read_write_magazine,75
4,vp4/run1_2018-05-22-13-28-51.ids_1,6,30540,30630,read_write_magazine,76
4,vp4/run1_2018-05-22-13-28-51.ids_1,6,30630,30720,read_write_magazine,77
4,vp4/run1_2018-05-22-13-28-51.ids_1,6,30720,30810,read_write_magazine,78
4,vp4/run1_2018-05-22-13-28-51.ids_1,6,30810,30900,read_write_magazine,79
4,vp4/run1_2018-05-22-13-28-51.ids_1,6,30900,30990,read_write_magazine,80
4,vp4/run1_2018-05-22-13-28-51.ids_1,6,30990,31080,read_write_magazine,81
4,vp4/run1_2018-05-22-13-28-51.ids_1,6,31080,31170,read_write_magazine,82
4,vp4/run1_2018-05-22-13-28-51.ids_1,6,31170,31260,read_write_magazine,83
4,vp4/run1_2018-05-22-13-28-51.ids_1,6,31260,31350,read_write_magazine,84
4,vp4/run1_2018-05-22-13-28-51.ids_1,6,31350,31440,read_write_magazine,85
4,vp4/run1_2018-05-22-13-28-51.ids_1,6,31440,31530,read_write_magazine,86
4,vp4/run1_2018-05-22-13-28-51.ids_1,6,31530,31620,read_write_magazine,87
4,vp4/run1_2018-05-22-13-28-51.ids_1,6,31620,31710,read_write_magazine,88
4,vp4/run1_2018-05-22-13-28-51.ids_1,6,31710,31800,read_write_magazine,89
4,vp4/run1_2018-05-22-13-28-51.ids_1,6,31800,31890,read_write_magazine,90
4,vp4/run1_2018-05-22-13-28-51.ids_1,6,31890,31980,read_write_magazine,91
4,vp4/run1_2018-05-22-13-28-51.ids_1,6,31980,32070,read_write_magazine,92
4,vp4/run1_2018-05-22-13-28-51.ids_1,6,32070,32160,read_write_magazine,93
4,vp4/run1_2018-05-22-13-28-51.ids_1,6,32160,32250,read_write_magazine,94
4,vp4/run1_2018-05-22-13-28-51.ids_1,6,32250,32340,read_write_magazine,95
4,vp4/run1_2018-05-22-13-28-51.ids_1,6,32340,32430,read_write_magazine,96
4,vp4/run1_2018-05-22-13-28-51.ids_1,6,32430,32520,read_write_magazine,97
4,vp4/run1_2018-05-22-13-28-51.ids_1,6,32520,32610,read_write_magazine,98
4,vp4/run1_2018-05-22-13-28-51.ids_1,6,32610,32700,read_write_magazine,99
4,vp4/run1_2018-05-22-13-28-51.ids_1,6,32700,32790,read_write_magazine,100
4,vp4/run1_2018-05-22-13-28-51.ids_1,6,32790,32880,read_write_magazine,101
4,vp4/run1_2018-05-22-13-28-51.ids_1,6,32880,32970,read_write_magazine,102
4,vp4/run1_2018-05-22-13-28-51.ids_1,6,32970,33060,read_write_magazine,103
4,vp4/run1_2018-05-22-13-28-51.ids_1,6,33060,33150,read_write_magazine,104
4,vp4/run1_2018-05-22-13-28-51.ids_1,7,36300,36390,work,0
4,vp4/run1_2018-05-22-13-28-51.ids_1,7,36390,36480,work,1
4,vp4/run1_2018-05-22-13-28-51.ids_1,7,36480,36570,work,2
4,vp4/run1_2018-05-22-13-28-51.ids_1,7,36570,36660,work,3
4,vp4/run1_2018-05-22-13-28-51.ids_1,7,36660,36750,work,4
4,vp4/run1_2018-05-22-13-28-51.ids_1,7,36750,36840,work,5
4,vp4/run1_2018-05-22-13-28-51.ids_1,7,36840,36930,work,6
4,vp4/run1_2018-05-22-13-28-51.ids_1,7,36930,37020,work,7
4,vp4/run1_2018-05-22-13-28-51.ids_1,7,37020,37110,work,8
4,vp4/run1_2018-05-22-13-28-51.ids_1,7,37110,37200,work,9
4,vp4/run1_2018-05-22-13-28-51.ids_1,7,37200,37290,work,10
4,vp4/run1_2018-05-22-13-28-51.ids_1,7,37290,37380,work,11
4,vp4/run1_2018-05-22-13-28-51.ids_1,7,37380,37470,work,12
4,vp4/run1_2018-05-22-13-28-51.ids_1,7,37470,37560,work,13
4,vp4/run1_2018-05-22-13-28-51.ids_1,7,37560,37650,work,14
4,vp4/run1_2018-05-22-13-28-51.ids_1,7,37650,37740,work,15
4,vp4/run1_2018-05-22-13-28-51.ids_1,7,37740,37830,work,16
4,vp4/run1_2018-05-22-13-28-51.ids_1,7,37830,37920,work,17
4,vp4/run1_2018-05-22-13-28-51.ids_1,7,37920,38010,work,18
4,vp4/run1_2018-05-22-13-28-51.ids_1,7,38010,38100,work,19
4,vp4/run1_2018-05-22-13-28-51.ids_1,7,38100,38190,work,20
4,vp4/run1_2018-05-22-13-28-51.ids_1,7,38190,38280,work,21
4,vp4/run1_2018-05-22-13-28-51.ids_1,7,38280,38370,work,22
4,vp4/run1_2018-05-22-13-28-51.ids_1,7,38370,38460,work,23
4,vp4/run1_2018-05-22-13-28-51.ids_1,7,38460,38550,work,24
4,vp4/run1_2018-05-22-13-28-51.ids_1,7,38550,38640,work,25
4,vp4/run1_2018-05-22-13-28-51.ids_1,7,38640,38730,work,26
4,vp4/run1_2018-05-22-13-28-51.ids_1,7,38730,38820,work,27
4,vp4/run1_2018-05-22-13-28-51.ids_1,7,38820,38910,work,28
4,vp4/run1_2018-05-22-13-28-51.ids_1,7,38910,39000,work,29
4,vp4/run1_2018-05-22-13-28-51.ids_1,7,39000,39090,work,30
4,vp4/run1_2018-05-22-13-28-51.ids_1,7,39090,39180,work,31
4,vp4/run1_2018-05-22-13-28-51.ids_1,7,39180,39270,work,32
4,vp4/run1_2018-05-22-13-28-51.ids_1,7,39270,39360,work,33
4,vp4/run1_2018-05-22-13-28-51.ids_1,7,39360,39450,work,34
4,vp4/run1_2018-05-22-13-28-51.ids_1,7,39450,39540,work,35
4,vp4/run1_2018-05-22-13-28-51.ids_1,7,39540,39630,work,36
4,vp4/run1_2018-05-22-13-28-51.ids_1,7,39630,39720,work,37
4,vp4/run1_2018-05-22-13-28-51.ids_1,7,39720,39810,work,38
4,vp4/run1_2018-05-22-13-28-51.ids_1,7,39810,39900,work,39
4,vp4/run1_2018-05-22-13-28-51.ids_1,7,39900,39990,work,40
4,vp4/run1_2018-05-22-13-28-51.ids_1,7,39990,40080,work,41
4,vp4/run1_2018-05-22-13-28-51.ids_1,7,40080,40170,work,42
4,vp4/run1_2018-05-22-13-28-51.ids_1,7,40170,40260,work,43
4,vp4/run1_2018-05-22-13-28-51.ids_1,7,40260,40350,work,44
4,vp4/run1_2018-05-22-13-28-51.ids_1,7,40350,40440,work,45
4,vp4/run1_2018-05-22-13-28-51.ids_1,7,40440,40530,work,46
4,vp4/run1_2018-05-22-13-28-51.ids_1,7,40530,40620,work,47
4,vp4/run1_2018-05-22-13-28-51.ids_1,7,40620,40710,work,48
4,vp4/run1_2018-05-22-13-28-51.ids_1,7,40710,40800,work,49
4,vp4/run1_2018-05-22-13-28-51.ids_1,7,40800,40890,work,50
4,vp4/run1_2018-05-22-13-28-51.ids_1,7,40890,40980,work,51
4,vp4/run1_2018-05-22-13-28-51.ids_1,7,40980,41070,work,52
4,vp4/run1_2018-05-22-13-28-51.ids_1,7,41070,41160,work,53
4,vp4/run1_2018-05-22-13-28-51.ids_1,7,41160,41250,work,54
4,vp4/run1_2018-05-22-13-28-51.ids_1,7,41250,41340,work,55
4,vp4/run1_2018-05-22-13-28-51.ids_1,7,41340,41430,work,56
4,vp4/run1_2018-05-22-13-28-51.ids_1,7,41430,41520,work,57
4,vp4/run1_2018-05-22-13-28-51.ids_1,7,41520,41610,work,58
4,vp4/run1_2018-05-22-13-28-51.ids_1,7,41610,41700,work,59
4,vp4/run1_2018-05-22-13-28-51.ids_1,7,41700,41790,work,60
4,vp4/run1_2018-05-22-13-28-51.ids_1,7,41790,41880,work,61
4,vp4/run1_2018-05-22-13-28-51.ids_1,7,41880,41970,work,62
4,vp4/run1_2018-05-22-13-28-51.ids_1,7,41970,42060,work,63
4,vp4/run1_2018-05-22-13-28-51.ids_1,7,42060,42150,work,64
4,vp4/run1_2018-05-22-13-28-51.ids_1,7,42150,42240,work,65
4,vp4/run1_2018-05-22-13-28-51.ids_1,7,42240,42330,work,66
4,vp4/run1_2018-05-22-13-28-51.ids_1,7,42330,42420,work,67
4,vp4/run1_2018-05-22-13-28-51.ids_1,7,42420,42510,work,68
4,vp4/run1_2018-05-22-13-28-51.ids_1,7,42510,42600,work,69
4,vp4/run1_2018-05-22-13-28-51.ids_1,7,42600,42690,work,70
4,vp4/run1_2018-05-22-13-28-51.ids_1,7,42690,42780,work,71
4,vp4/run1_2018-05-22-13-28-51.ids_1,7,42780,42870,work,72
4,vp4/run1_2018-05-22-13-28-51.ids_1,7,42870,42960,work,73
4,vp4/run1_2018-05-22-13-28-51.ids_1,7,42960,43050,work,74
4,vp4/run1_2018-05-22-13-28-51.ids_1,7,43050,43140,work,75
4,vp4/run1_2018-05-22-13-28-51.ids_1,7,43140,43230,work,76
4,vp4/run1_2018-05-22-13-28-51.ids_1,7,43230,43320,work,77
4,vp4/run1_2018-05-22-13-28-51.ids_1,7,43320,43410,work,78
4,vp4/run1_2018-05-22-13-28-51.ids_1,7,43410,43500,work,79
4,vp4/run1_2018-05-22-13-28-51.ids_1,7,43500,43590,work,80
4,vp4/run1_2018-05-22-13-28-51.ids_1,7,43590,43680,work,81
4,vp4/run1_2018-05-22-13-28-51.ids_1,7,43680,43770,work,82
4,vp4/run1_2018-05-22-13-28-51.ids_1,7,43770,43860,work,83
4,vp4/run1_2018-05-22-13-28-51.ids_1,7,43860,43950,work,84
4,vp4/run1_2018-05-22-13-28-51.ids_1,7,43950,44010,work,85
4,vp4/run1_2018-05-22-13-28-51.ids_1,8,44490,44580,eat_drink,0
4,vp4/run1_2018-05-22-13-28-51.ids_1,8,44580,44670,eat_drink,1
4,vp4/run1_2018-05-22-13-28-51.ids_1,8,44670,44760,eat_drink,2
4,vp4/run1_2018-05-22-13-28-51.ids_1,8,44760,44850,eat_drink,3
4,vp4/run1_2018-05-22-13-28-51.ids_1,8,44850,44940,eat_drink,4
4,vp4/run1_2018-05-22-13-28-51.ids_1,8,44940,45030,eat_drink,5
4,vp4/run1_2018-05-22-13-28-51.ids_1,8,45030,45120,eat_drink,6
4,vp4/run1_2018-05-22-13-28-51.ids_1,8,45120,45210,eat_drink,7
4,vp4/run1_2018-05-22-13-28-51.ids_1,8,45210,45300,eat_drink,8
4,vp4/run1_2018-05-22-13-28-51.ids_1,8,45300,45390,eat_drink,9
4,vp4/run1_2018-05-22-13-28-51.ids_1,8,45390,45480,eat_drink,10
4,vp4/run1_2018-05-22-13-28-51.ids_1,8,45480,45570,eat_drink,11
4,vp4/run1_2018-05-22-13-28-51.ids_1,8,45570,45660,eat_drink,12
4,vp4/run1_2018-05-22-13-28-51.ids_1,8,45660,45750,eat_drink,13
4,vp4/run1_2018-05-22-13-28-51.ids_1,8,45750,45840,eat_drink,14
4,vp4/run1_2018-05-22-13-28-51.ids_1,8,45840,45930,eat_drink,15
4,vp4/run1_2018-05-22-13-28-51.ids_1,8,45930,46020,eat_drink,16
4,vp4/run1_2018-05-22-13-28-51.ids_1,8,46020,46110,eat_drink,17
4,vp4/run1_2018-05-22-13-28-51.ids_1,8,46110,46200,eat_drink,18
4,vp4/run1_2018-05-22-13-28-51.ids_1,8,46200,46290,eat_drink,19
4,vp4/run1_2018-05-22-13-28-51.ids_1,8,46290,46380,eat_drink,20
4,vp4/run1_2018-05-22-13-28-51.ids_1,8,46380,46470,eat_drink,21
4,vp4/run1_2018-05-22-13-28-51.ids_1,8,46470,46560,eat_drink,22
4,vp4/run1_2018-05-22-13-28-51.ids_1,8,46560,46650,eat_drink,23
4,vp4/run1_2018-05-22-13-28-51.ids_1,8,46650,46740,eat_drink,24
4,vp4/run1_2018-05-22-13-28-51.ids_1,8,46740,46830,eat_drink,25
4,vp4/run1_2018-05-22-13-28-51.ids_1,8,46830,46920,eat_drink,26
4,vp4/run1_2018-05-22-13-28-51.ids_1,8,46920,47010,eat_drink,27
4,vp4/run1_2018-05-22-13-28-51.ids_1,8,47010,47100,eat_drink,28
4,vp4/run1_2018-05-22-13-28-51.ids_1,8,47100,47130,eat_drink,29
4,vp4/run1_2018-05-22-13-28-51.ids_1,9,55110,55200,take_off_jacket,0
4,vp4/run1_2018-05-22-13-28-51.ids_1,9,55200,55290,take_off_jacket,1
4,vp4/run1_2018-05-22-13-28-51.ids_1,9,55290,55380,take_off_jacket,2
4,vp4/run1_2018-05-22-13-28-51.ids_1,9,55380,55470,take_off_jacket,3
4,vp4/run1_2018-05-22-13-28-51.ids_1,9,55470,55560,take_off_jacket,4
4,vp4/run1_2018-05-22-13-28-51.ids_1,9,55560,55650,take_off_jacket,5
4,vp4/run1_2018-05-22-13-28-51.ids_1,9,55650,55740,take_off_jacket,6
4,vp4/run1_2018-05-22-13-28-51.ids_1,9,55740,55830,take_off_jacket,7
4,vp4/run1_2018-05-22-13-28-51.ids_1,9,55830,55920,take_off_jacket,8
4,vp4/run1_2018-05-22-13-28-51.ids_1,9,55920,56010,take_off_jacket,9
4,vp4/run1_2018-05-22-13-28-51.ids_1,9,56010,56040,take_off_jacket,10
4,vp4/run1_2018-05-22-13-28-51.ids_1,10,57600,57690,read_write_newspaper,0
4,vp4/run1_2018-05-22-13-28-51.ids_1,10,57690,57780,read_write_newspaper,1
4,vp4/run1_2018-05-22-13-28-51.ids_1,10,57780,57870,read_write_newspaper,2
4,vp4/run1_2018-05-22-13-28-51.ids_1,10,57870,57960,read_write_newspaper,3
4,vp4/run1_2018-05-22-13-28-51.ids_1,10,57960,58050,read_write_newspaper,4
4,vp4/run1_2018-05-22-13-28-51.ids_1,10,58050,58140,read_write_newspaper,5
4,vp4/run1_2018-05-22-13-28-51.ids_1,10,58140,58230,read_write_newspaper,6
4,vp4/run1_2018-05-22-13-28-51.ids_1,10,58230,58320,read_write_newspaper,7
4,vp4/run1_2018-05-22-13-28-51.ids_1,10,58320,58410,read_write_newspaper,8
4,vp4/run1_2018-05-22-13-28-51.ids_1,10,58410,58500,read_write_newspaper,9
4,vp4/run1_2018-05-22-13-28-51.ids_1,10,58500,58590,read_write_newspaper,10
4,vp4/run1_2018-05-22-13-28-51.ids_1,10,58590,58680,read_write_newspaper,11
4,vp4/run1_2018-05-22-13-28-51.ids_1,10,58680,58770,read_write_newspaper,12
4,vp4/run1_2018-05-22-13-28-51.ids_1,10,58770,58860,read_write_newspaper,13
4,vp4/run1_2018-05-22-13-28-51.ids_1,10,58860,58950,read_write_newspaper,14
4,vp4/run1_2018-05-22-13-28-51.ids_1,10,58950,59040,read_write_newspaper,15
4,vp4/run1_2018-05-22-13-28-51.ids_1,10,59040,59130,read_write_newspaper,16
4,vp4/run1_2018-05-22-13-28-51.ids_1,10,59130,59220,read_write_newspaper,17
4,vp4/run1_2018-05-22-13-28-51.ids_1,10,59220,59310,read_write_newspaper,18
4,vp4/run1_2018-05-22-13-28-51.ids_1,10,59310,59400,read_write_newspaper,19
4,vp4/run1_2018-05-22-13-28-51.ids_1,10,59400,59490,read_write_newspaper,20
4,vp4/run1_2018-05-22-13-28-51.ids_1,10,59490,59580,read_write_newspaper,21
4,vp4/run1_2018-05-22-13-28-51.ids_1,10,59580,59670,read_write_newspaper,22
4,vp4/run1_2018-05-22-13-28-51.ids_1,10,59670,59760,read_write_newspaper,23
4,vp4/run1_2018-05-22-13-28-51.ids_1,10,59760,59850,read_write_newspaper,24
4,vp4/run1_2018-05-22-13-28-51.ids_1,10,59850,59940,read_write_newspaper,25
4,vp4/run1_2018-05-22-13-28-51.ids_1,10,59940,60030,read_write_newspaper,26
4,vp4/run1_2018-05-22-13-28-51.ids_1,10,60030,60120,read_write_newspaper,27
4,vp4/run1_2018-05-22-13-28-51.ids_1,10,60120,60210,read_write_newspaper,28
4,vp4/run1_2018-05-22-13-28-51.ids_1,10,60210,60300,read_write_newspaper,29
4,vp4/run1_2018-05-22-13-28-51.ids_1,10,60300,60390,read_write_newspaper,30
4,vp4/run1_2018-05-22-13-28-51.ids_1,10,60390,60480,read_write_newspaper,31
4,vp4/run1_2018-05-22-13-28-51.ids_1,10,60480,60570,read_write_newspaper,32
4,vp4/run1_2018-05-22-13-28-51.ids_1,10,60570,60660,read_write_newspaper,33
4,vp4/run1_2018-05-22-13-28-51.ids_1,10,60660,60750,read_write_newspaper,34
4,vp4/run1_2018-05-22-13-28-51.ids_1,10,60750,60840,read_write_newspaper,35
4,vp4/run1_2018-05-22-13-28-51.ids_1,10,60840,60930,read_write_newspaper,36
4,vp4/run1_2018-05-22-13-28-51.ids_1,10,60930,61020,read_write_newspaper,37
4,vp4/run1_2018-05-22-13-28-51.ids_1,10,61020,61110,read_write_newspaper,38
4,vp4/run1_2018-05-22-13-28-51.ids_1,10,61110,61200,read_write_newspaper,39
4,vp4/run1_2018-05-22-13-28-51.ids_1,10,61200,61290,read_write_newspaper,40
4,vp4/run1_2018-05-22-13-28-51.ids_1,10,61290,61380,read_write_newspaper,41
4,vp4/run1_2018-05-22-13-28-51.ids_1,10,61380,61470,read_write_newspaper,42
4,vp4/run1_2018-05-22-13-28-51.ids_1,10,61470,61560,read_write_newspaper,43
4,vp4/run1_2018-05-22-13-28-51.ids_1,10,61560,61650,read_write_newspaper,44
4,vp4/run1_2018-05-22-13-28-51.ids_1,10,61650,61740,read_write_newspaper,45
4,vp4/run1_2018-05-22-13-28-51.ids_1,10,61740,61830,read_write_newspaper,46
4,vp4/run1_2018-05-22-13-28-51.ids_1,10,61830,61920,read_write_newspaper,47
4,vp4/run1_2018-05-22-13-28-51.ids_1,10,61920,62010,read_write_newspaper,48
4,vp4/run1_2018-05-22-13-28-51.ids_1,10,62010,62100,read_write_newspaper,49
4,vp4/run1_2018-05-22-13-28-51.ids_1,10,62100,62190,read_write_newspaper,50
4,vp4/run1_2018-05-22-13-28-51.ids_1,10,62190,62280,read_write_newspaper,51
4,vp4/run1_2018-05-22-13-28-51.ids_1,10,62280,62370,read_write_newspaper,52
4,vp4/run1_2018-05-22-13-28-51.ids_1,10,62370,62460,read_write_newspaper,53
4,vp4/run1_2018-05-22-13-28-51.ids_1,10,62460,62550,read_write_newspaper,54
4,vp4/run1_2018-05-22-13-28-51.ids_1,10,62550,62640,read_write_newspaper,55
4,vp4/run1_2018-05-22-13-28-51.ids_1,10,62640,62730,read_write_newspaper,56
4,vp4/run1_2018-05-22-13-28-51.ids_1,10,62730,62820,read_write_newspaper,57
4,vp4/run1_2018-05-22-13-28-51.ids_1,10,62820,62910,read_write_newspaper,58
4,vp4/run1_2018-05-22-13-28-51.ids_1,10,62910,63000,read_write_newspaper,59
4,vp4/run1_2018-05-22-13-28-51.ids_1,10,63000,63030,read_write_newspaper,60
4,vp4/run1_2018-05-22-13-28-51.ids_1,11,65010,65100,final_task,0
4,vp4/run1_2018-05-22-13-28-51.ids_1,11,65100,65190,final_task,1
4,vp4/run1_2018-05-22-13-28-51.ids_1,11,65190,65280,final_task,2
4,vp4/run1_2018-05-22-13-28-51.ids_1,11,65280,65370,final_task,3
4,vp4/run1_2018-05-22-13-28-51.ids_1,11,65370,65460,final_task,4
4,vp4/run1_2018-05-22-13-28-51.ids_1,11,65460,65550,final_task,5
4,vp4/run1_2018-05-22-13-28-51.ids_1,11,65550,65640,final_task,6
4,vp4/run1_2018-05-22-13-28-51.ids_1,11,65640,65730,final_task,7
4,vp4/run1_2018-05-22-13-28-51.ids_1,11,65730,65820,final_task,8
4,vp4/run1_2018-05-22-13-28-51.ids_1,11,65820,65910,final_task,9
4,vp4/run1_2018-05-22-13-28-51.ids_1,11,65910,66000,final_task,10
4,vp4/run1_2018-05-22-13-28-51.ids_1,11,66000,66060,final_task,11
4,vp4/run2_2018-05-22-14-25-04.ids_1,0,0,90,fasten_seat_belt,0
4,vp4/run2_2018-05-22-14-25-04.ids_1,0,90,180,fasten_seat_belt,1
4,vp4/run2_2018-05-22-14-25-04.ids_1,0,180,270,fasten_seat_belt,2
4,vp4/run2_2018-05-22-14-25-04.ids_1,0,270,360,fasten_seat_belt,3
4,vp4/run2_2018-05-22-14-25-04.ids_1,0,360,450,fasten_seat_belt,4
4,vp4/run2_2018-05-22-14-25-04.ids_1,0,450,540,fasten_seat_belt,5
4,vp4/run2_2018-05-22-14-25-04.ids_1,0,540,630,fasten_seat_belt,6
4,vp4/run2_2018-05-22-14-25-04.ids_1,0,630,720,fasten_seat_belt,7
4,vp4/run2_2018-05-22-14-25-04.ids_1,0,720,810,fasten_seat_belt,8
4,vp4/run2_2018-05-22-14-25-04.ids_1,0,810,900,fasten_seat_belt,9
4,vp4/run2_2018-05-22-14-25-04.ids_1,0,900,990,fasten_seat_belt,10
4,vp4/run2_2018-05-22-14-25-04.ids_1,0,990,1080,fasten_seat_belt,11
4,vp4/run2_2018-05-22-14-25-04.ids_1,0,1080,1170,fasten_seat_belt,12
4,vp4/run2_2018-05-22-14-25-04.ids_1,0,1170,1260,fasten_seat_belt,13
4,vp4/run2_2018-05-22-14-25-04.ids_1,0,1260,1350,fasten_seat_belt,14
4,vp4/run2_2018-05-22-14-25-04.ids_1,0,1350,1440,fasten_seat_belt,15
4,vp4/run2_2018-05-22-14-25-04.ids_1,0,1440,1530,fasten_seat_belt,16
4,vp4/run2_2018-05-22-14-25-04.ids_1,0,1530,1620,fasten_seat_belt,17
4,vp4/run2_2018-05-22-14-25-04.ids_1,0,1620,1710,fasten_seat_belt,18
4,vp4/run2_2018-05-22-14-25-04.ids_1,0,1710,1800,fasten_seat_belt,19
4,vp4/run2_2018-05-22-14-25-04.ids_1,0,1800,1890,fasten_seat_belt,20
4,vp4/run2_2018-05-22-14-25-04.ids_1,0,1890,1929,fasten_seat_belt,21
4,vp4/run2_2018-05-22-14-25-04.ids_1,1,10020,10110,hand_over,0
4,vp4/run2_2018-05-22-14-25-04.ids_1,1,10110,10200,hand_over,1
4,vp4/run2_2018-05-22-14-25-04.ids_1,1,10200,10290,hand_over,2
4,vp4/run2_2018-05-22-14-25-04.ids_1,1,10290,10380,hand_over,3
4,vp4/run2_2018-05-22-14-25-04.ids_1,2,11100,11190,eat_drink,0
4,vp4/run2_2018-05-22-14-25-04.ids_1,2,11190,11280,eat_drink,1
4,vp4/run2_2018-05-22-14-25-04.ids_1,2,11280,11370,eat_drink,2
4,vp4/run2_2018-05-22-14-25-04.ids_1,2,11370,11460,eat_drink,3
4,vp4/run2_2018-05-22-14-25-04.ids_1,2,11460,11550,eat_drink,4
4,vp4/run2_2018-05-22-14-25-04.ids_1,2,11550,11640,eat_drink,5
4,vp4/run2_2018-05-22-14-25-04.ids_1,2,11640,11730,eat_drink,6
4,vp4/run2_2018-05-22-14-25-04.ids_1,2,11730,11820,eat_drink,7
4,vp4/run2_2018-05-22-14-25-04.ids_1,2,11820,11910,eat_drink,8
4,vp4/run2_2018-05-22-14-25-04.ids_1,2,11910,12000,eat_drink,9
4,vp4/run2_2018-05-22-14-25-04.ids_1,2,12000,12090,eat_drink,10
4,vp4/run2_2018-05-22-14-25-04.ids_1,2,12090,12180,eat_drink,11
4,vp4/run2_2018-05-22-14-25-04.ids_1,2,12180,12270,eat_drink,12
4,vp4/run2_2018-05-22-14-25-04.ids_1,2,12270,12360,eat_drink,13
4,vp4/run2_2018-05-22-14-25-04.ids_1,2,12360,12450,eat_drink,14
4,vp4/run2_2018-05-22-14-25-04.ids_1,2,12450,12540,eat_drink,15
4,vp4/run2_2018-05-22-14-25-04.ids_1,2,12540,12630,eat_drink,16
4,vp4/run2_2018-05-22-14-25-04.ids_1,2,12630,12720,eat_drink,17
4,vp4/run2_2018-05-22-14-25-04.ids_1,2,12720,12810,eat_drink,18
4,vp4/run2_2018-05-22-14-25-04.ids_1,2,12810,12900,eat_drink,19
4,vp4/run2_2018-05-22-14-25-04.ids_1,2,12900,12990,eat_drink,20
4,vp4/run2_2018-05-22-14-25-04.ids_1,2,12990,13080,eat_drink,21
4,vp4/run2_2018-05-22-14-25-04.ids_1,2,13080,13170,eat_drink,22
4,vp4/run2_2018-05-22-14-25-04.ids_1,2,13170,13260,eat_drink,23
4,vp4/run2_2018-05-22-14-25-04.ids_1,2,13260,13350,eat_drink,24
4,vp4/run2_2018-05-22-14-25-04.ids_1,2,13350,13440,eat_drink,25
4,vp4/run2_2018-05-22-14-25-04.ids_1,2,13440,13530,eat_drink,26
4,vp4/run2_2018-05-22-14-25-04.ids_1,2,13530,13620,eat_drink,27
4,vp4/run2_2018-05-22-14-25-04.ids_1,2,13620,13710,eat_drink,28
4,vp4/run2_2018-05-22-14-25-04.ids_1,2,13710,13800,eat_drink,29
4,vp4/run2_2018-05-22-14-25-04.ids_1,2,13800,13890,eat_drink,30
4,vp4/run2_2018-05-22-14-25-04.ids_1,2,13890,13980,eat_drink,31
4,vp4/run2_2018-05-22-14-25-04.ids_1,2,13980,14070,eat_drink,32
4,vp4/run2_2018-05-22-14-25-04.ids_1,2,14070,14160,eat_drink,33
4,vp4/run2_2018-05-22-14-25-04.ids_1,2,14160,14250,eat_drink,34
4,vp4/run2_2018-05-22-14-25-04.ids_1,2,14250,14340,eat_drink,35
4,vp4/run2_2018-05-22-14-25-04.ids_1,2,14340,14430,eat_drink,36
4,vp4/run2_2018-05-22-14-25-04.ids_1,2,14430,14520,eat_drink,37
4,vp4/run2_2018-05-22-14-25-04.ids_1,2,14520,14610,eat_drink,38
4,vp4/run2_2018-05-22-14-25-04.ids_1,2,14610,14700,eat_drink,39
4,vp4/run2_2018-05-22-14-25-04.ids_1,2,14700,14790,eat_drink,40
4,vp4/run2_2018-05-22-14-25-04.ids_1,2,14790,14880,eat_drink,41
4,vp4/run2_2018-05-22-14-25-04.ids_1,2,14880,14970,eat_drink,42
4,vp4/run2_2018-05-22-14-25-04.ids_1,2,14970,15060,eat_drink,43
4,vp4/run2_2018-05-22-14-25-04.ids_1,2,15060,15150,eat_drink,44
4,vp4/run2_2018-05-22-14-25-04.ids_1,2,15150,15240,eat_drink,45
4,vp4/run2_2018-05-22-14-25-04.ids_1,2,15240,15330,eat_drink,46
4,vp4/run2_2018-05-22-14-25-04.ids_1,2,15330,15420,eat_drink,47
4,vp4/run2_2018-05-22-14-25-04.ids_1,2,15420,15510,eat_drink,48
4,vp4/run2_2018-05-22-14-25-04.ids_1,2,15510,15600,eat_drink,49
4,vp4/run2_2018-05-22-14-25-04.ids_1,2,15600,15690,eat_drink,50
4,vp4/run2_2018-05-22-14-25-04.ids_1,2,15690,15780,eat_drink,51
4,vp4/run2_2018-05-22-14-25-04.ids_1,2,15780,15870,eat_drink,52
4,vp4/run2_2018-05-22-14-25-04.ids_1,2,15870,15960,eat_drink,53
4,vp4/run2_2018-05-22-14-25-04.ids_1,2,15960,16050,eat_drink,54
4,vp4/run2_2018-05-22-14-25-04.ids_1,2,16050,16140,eat_drink,55
4,vp4/run2_2018-05-22-14-25-04.ids_1,2,16140,16230,eat_drink,56
4,vp4/run2_2018-05-22-14-25-04.ids_1,2,16230,16320,eat_drink,57
4,vp4/run2_2018-05-22-14-25-04.ids_1,2,16320,16410,eat_drink,58
4,vp4/run2_2018-05-22-14-25-04.ids_1,2,16410,16500,eat_drink,59
4,vp4/run2_2018-05-22-14-25-04.ids_1,2,16500,16590,eat_drink,60
4,vp4/run2_2018-05-22-14-25-04.ids_1,2,16590,16680,eat_drink,61
4,vp4/run2_2018-05-22-14-25-04.ids_1,2,16680,16770,eat_drink,62
4,vp4/run2_2018-05-22-14-25-04.ids_1,2,16770,16860,eat_drink,63
4,vp4/run2_2018-05-22-14-25-04.ids_1,2,16860,16950,eat_drink,64
4,vp4/run2_2018-05-22-14-25-04.ids_1,2,16950,17040,eat_drink,65
4,vp4/run2_2018-05-22-14-25-04.ids_1,2,17040,17130,eat_drink,66
4,vp4/run2_2018-05-22-14-25-04.ids_1,2,17130,17220,eat_drink,67
4,vp4/run2_2018-05-22-14-25-04.ids_1,2,17220,17310,eat_drink,68
4,vp4/run2_2018-05-22-14-25-04.ids_1,2,17310,17400,eat_drink,69
4,vp4/run2_2018-05-22-14-25-04.ids_1,2,17400,17490,eat_drink,70
4,vp4/run2_2018-05-22-14-25-04.ids_1,2,17490,17580,eat_drink,71
4,vp4/run2_2018-05-22-14-25-04.ids_1,2,17580,17670,eat_drink,72
4,vp4/run2_2018-05-22-14-25-04.ids_1,2,17670,17760,eat_drink,73
4,vp4/run2_2018-05-22-14-25-04.ids_1,2,17760,17850,eat_drink,74
4,vp4/run2_2018-05-22-14-25-04.ids_1,2,17850,17940,eat_drink,75
4,vp4/run2_2018-05-22-14-25-04.ids_1,2,17940,18030,eat_drink,76
4,vp4/run2_2018-05-22-14-25-04.ids_1,2,18030,18120,eat_drink,77
4,vp4/run2_2018-05-22-14-25-04.ids_1,3,21240,21330,put_on_sunglasses,0
4,vp4/run2_2018-05-22-14-25-04.ids_1,3,21330,21420,put_on_sunglasses,1
4,vp4/run2_2018-05-22-14-25-04.ids_1,3,21420,21510,put_on_sunglasses,2
4,vp4/run2_2018-05-22-14-25-04.ids_1,3,21510,21540,put_on_sunglasses,3
4,vp4/run2_2018-05-22-14-25-04.ids_1,4,22170,22260,read_write_magazine,0
4,vp4/run2_2018-05-22-14-25-04.ids_1,4,22260,22350,read_write_magazine,1
4,vp4/run2_2018-05-22-14-25-04.ids_1,4,22350,22440,read_write_magazine,2
4,vp4/run2_2018-05-22-14-25-04.ids_1,4,22440,22530,read_write_magazine,3
4,vp4/run2_2018-05-22-14-25-04.ids_1,4,22530,22620,read_write_magazine,4
4,vp4/run2_2018-05-22-14-25-04.ids_1,4,22620,22710,read_write_magazine,5
4,vp4/run2_2018-05-22-14-25-04.ids_1,4,22710,22800,read_write_magazine,6
4,vp4/run2_2018-05-22-14-25-04.ids_1,4,22800,22890,read_write_magazine,7
4,vp4/run2_2018-05-22-14-25-04.ids_1,4,22890,22980,read_write_magazine,8
4,vp4/run2_2018-05-22-14-25-04.ids_1,4,22980,23070,read_write_magazine,9
4,vp4/run2_2018-05-22-14-25-04.ids_1,4,23070,23160,read_write_magazine,10
4,vp4/run2_2018-05-22-14-25-04.ids_1,4,23160,23250,read_write_magazine,11
4,vp4/run2_2018-05-22-14-25-04.ids_1,4,23250,23340,read_write_magazine,12
4,vp4/run2_2018-05-22-14-25-04.ids_1,4,23340,23430,read_write_magazine,13
4,vp4/run2_2018-05-22-14-25-04.ids_1,4,23430,23520,read_write_magazine,14
4,vp4/run2_2018-05-22-14-25-04.ids_1,4,23520,23610,read_write_magazine,15
4,vp4/run2_2018-05-22-14-25-04.ids_1,4,23610,23700,read_write_magazine,16
4,vp4/run2_2018-05-22-14-25-04.ids_1,4,23700,23790,read_write_magazine,17
4,vp4/run2_2018-05-22-14-25-04.ids_1,4,23790,23880,read_write_magazine,18
4,vp4/run2_2018-05-22-14-25-04.ids_1,4,23880,23970,read_write_magazine,19
4,vp4/run2_2018-05-22-14-25-04.ids_1,4,23970,24060,read_write_magazine,20
4,vp4/run2_2018-05-22-14-25-04.ids_1,4,24060,24120,read_write_magazine,21
4,vp4/run2_2018-05-22-14-25-04.ids_1,5,24870,24960,put_on_jacket,0
4,vp4/run2_2018-05-22-14-25-04.ids_1,5,24960,25050,put_on_jacket,1
4,vp4/run2_2018-05-22-14-25-04.ids_1,5,25050,25140,put_on_jacket,2
4,vp4/run2_2018-05-22-14-25-04.ids_1,5,25140,25230,put_on_jacket,3
4,vp4/run2_2018-05-22-14-25-04.ids_1,5,25230,25320,put_on_jacket,4
4,vp4/run2_2018-05-22-14-25-04.ids_1,5,25320,25410,put_on_jacket,5
4,vp4/run2_2018-05-22-14-25-04.ids_1,5,25410,25500,put_on_jacket,6
4,vp4/run2_2018-05-22-14-25-04.ids_1,5,25500,25590,put_on_jacket,7
4,vp4/run2_2018-05-22-14-25-04.ids_1,5,25590,25680,put_on_jacket,8
4,vp4/run2_2018-05-22-14-25-04.ids_1,5,25680,25770,put_on_jacket,9
4,vp4/run2_2018-05-22-14-25-04.ids_1,5,25770,25860,put_on_jacket,10
4,vp4/run2_2018-05-22-14-25-04.ids_1,5,25860,25950,put_on_jacket,11
4,vp4/run2_2018-05-22-14-25-04.ids_1,5,25950,26040,put_on_jacket,12
4,vp4/run2_2018-05-22-14-25-04.ids_1,5,26040,26130,put_on_jacket,13
4,vp4/run2_2018-05-22-14-25-04.ids_1,5,26130,26220,put_on_jacket,14
4,vp4/run2_2018-05-22-14-25-04.ids_1,5,26220,26310,put_on_jacket,15
4,vp4/run2_2018-05-22-14-25-04.ids_1,5,26310,26400,put_on_jacket,16
4,vp4/run2_2018-05-22-14-25-04.ids_1,5,26400,26430,put_on_jacket,17
4,vp4/run2_2018-05-22-14-25-04.ids_1,6,26820,26910,work,0
4,vp4/run2_2018-05-22-14-25-04.ids_1,6,26910,27000,work,1
4,vp4/run2_2018-05-22-14-25-04.ids_1,6,27000,27090,work,2
4,vp4/run2_2018-05-22-14-25-04.ids_1,6,27090,27180,work,3
4,vp4/run2_2018-05-22-14-25-04.ids_1,6,27180,27270,work,4
4,vp4/run2_2018-05-22-14-25-04.ids_1,6,27270,27360,work,5
4,vp4/run2_2018-05-22-14-25-04.ids_1,6,27360,27450,work,6
4,vp4/run2_2018-05-22-14-25-04.ids_1,6,27450,27540,work,7
4,vp4/run2_2018-05-22-14-25-04.ids_1,6,27540,27630,work,8
4,vp4/run2_2018-05-22-14-25-04.ids_1,6,27630,27720,work,9
4,vp4/run2_2018-05-22-14-25-04.ids_1,6,27720,27810,work,10
4,vp4/run2_2018-05-22-14-25-04.ids_1,6,27810,27900,work,11
4,vp4/run2_2018-05-22-14-25-04.ids_1,6,27900,27990,work,12
4,vp4/run2_2018-05-22-14-25-04.ids_1,6,27990,28080,work,13
4,vp4/run2_2018-05-22-14-25-04.ids_1,6,28080,28170,work,14
4,vp4/run2_2018-05-22-14-25-04.ids_1,6,28170,28260,work,15
4,vp4/run2_2018-05-22-14-25-04.ids_1,6,28260,28350,work,16
4,vp4/run2_2018-05-22-14-25-04.ids_1,6,28350,28440,work,17
4,vp4/run2_2018-05-22-14-25-04.ids_1,6,28440,28530,work,18
4,vp4/run2_2018-05-22-14-25-04.ids_1,6,28530,28620,work,19
4,vp4/run2_2018-05-22-14-25-04.ids_1,6,28620,28710,work,20
4,vp4/run2_2018-05-22-14-25-04.ids_1,6,28710,28800,work,21
4,vp4/run2_2018-05-22-14-25-04.ids_1,6,28800,28890,work,22
4,vp4/run2_2018-05-22-14-25-04.ids_1,6,28890,28980,work,23
4,vp4/run2_2018-05-22-14-25-04.ids_1,6,28980,29070,work,24
4,vp4/run2_2018-05-22-14-25-04.ids_1,6,29070,29160,work,25
4,vp4/run2_2018-05-22-14-25-04.ids_1,6,29160,29250,work,26
4,vp4/run2_2018-05-22-14-25-04.ids_1,6,29250,29340,work,27
4,vp4/run2_2018-05-22-14-25-04.ids_1,6,29340,29430,work,28
4,vp4/run2_2018-05-22-14-25-04.ids_1,6,29430,29520,work,29
4,vp4/run2_2018-05-22-14-25-04.ids_1,6,29520,29610,work,30
4,vp4/run2_2018-05-22-14-25-04.ids_1,6,29610,29700,work,31
4,vp4/run2_2018-05-22-14-25-04.ids_1,6,29700,29790,work,32
4,vp4/run2_2018-05-22-14-25-04.ids_1,6,29790,29880,work,33
4,vp4/run2_2018-05-22-14-25-04.ids_1,6,29880,29970,work,34
4,vp4/run2_2018-05-22-14-25-04.ids_1,6,29970,30060,work,35
4,vp4/run2_2018-05-22-14-25-04.ids_1,6,30060,30150,work,36
4,vp4/run2_2018-05-22-14-25-04.ids_1,6,30150,30240,work,37
4,vp4/run2_2018-05-22-14-25-04.ids_1,6,30240,30330,work,38
4,vp4/run2_2018-05-22-14-25-04.ids_1,6,30330,30420,work,39
4,vp4/run2_2018-05-22-14-25-04.ids_1,6,30420,30510,work,40
4,vp4/run2_2018-05-22-14-25-04.ids_1,6,30510,30600,work,41
4,vp4/run2_2018-05-22-14-25-04.ids_1,6,30600,30690,work,42
4,vp4/run2_2018-05-22-14-25-04.ids_1,6,30690,30780,work,43
4,vp4/run2_2018-05-22-14-25-04.ids_1,6,30780,30870,work,44
4,vp4/run2_2018-05-22-14-25-04.ids_1,6,30870,30960,work,45
4,vp4/run2_2018-05-22-14-25-04.ids_1,6,30960,31050,work,46
4,vp4/run2_2018-05-22-14-25-04.ids_1,6,31050,31140,work,47
4,vp4/run2_2018-05-22-14-25-04.ids_1,6,31140,31230,work,48
4,vp4/run2_2018-05-22-14-25-04.ids_1,6,31230,31320,work,49
4,vp4/run2_2018-05-22-14-25-04.ids_1,6,31320,31410,work,50
4,vp4/run2_2018-05-22-14-25-04.ids_1,7,31890,31980,take_off_sunglasses,0
4,vp4/run2_2018-05-22-14-25-04.ids_1,7,31980,32070,take_off_sunglasses,1
4,vp4/run2_2018-05-22-14-25-04.ids_1,7,32070,32100,take_off_sunglasses,2
4,vp4/run2_2018-05-22-14-25-04.ids_1,8,33390,33480,read_write_newspaper,0
4,vp4/run2_2018-05-22-14-25-04.ids_1,8,33480,33570,read_write_newspaper,1
4,vp4/run2_2018-05-22-14-25-04.ids_1,8,33570,33660,read_write_newspaper,2
4,vp4/run2_2018-05-22-14-25-04.ids_1,8,33660,33750,read_write_newspaper,3
4,vp4/run2_2018-05-22-14-25-04.ids_1,8,33750,33840,read_write_newspaper,4
4,vp4/run2_2018-05-22-14-25-04.ids_1,8,33840,33930,read_write_newspaper,5
4,vp4/run2_2018-05-22-14-25-04.ids_1,8,33930,34020,read_write_newspaper,6
4,vp4/run2_2018-05-22-14-25-04.ids_1,8,34020,34110,read_write_newspaper,7
4,vp4/run2_2018-05-22-14-25-04.ids_1,8,34110,34200,read_write_newspaper,8
4,vp4/run2_2018-05-22-14-25-04.ids_1,8,34200,34290,read_write_newspaper,9
4,vp4/run2_2018-05-22-14-25-04.ids_1,8,34290,34380,read_write_newspaper,10
4,vp4/run2_2018-05-22-14-25-04.ids_1,8,34380,34470,read_write_newspaper,11
4,vp4/run2_2018-05-22-14-25-04.ids_1,8,34470,34560,read_write_newspaper,12
4,vp4/run2_2018-05-22-14-25-04.ids_1,8,34560,34650,read_write_newspaper,13
4,vp4/run2_2018-05-22-14-25-04.ids_1,8,34650,34740,read_write_newspaper,14
4,vp4/run2_2018-05-22-14-25-04.ids_1,8,34740,34830,read_write_newspaper,15
4,vp4/run2_2018-05-22-14-25-04.ids_1,8,34830,34920,read_write_newspaper,16
4,vp4/run2_2018-05-22-14-25-04.ids_1,8,34920,35010,read_write_newspaper,17
4,vp4/run2_2018-05-22-14-25-04.ids_1,8,35010,35100,read_write_newspaper,18
4,vp4/run2_2018-05-22-14-25-04.ids_1,8,35100,35190,read_write_newspaper,19
4,vp4/run2_2018-05-22-14-25-04.ids_1,8,35190,35280,read_write_newspaper,20
4,vp4/run2_2018-05-22-14-25-04.ids_1,8,35280,35370,read_write_newspaper,21
4,vp4/run2_2018-05-22-14-25-04.ids_1,8,35370,35460,read_write_newspaper,22
4,vp4/run2_2018-05-22-14-25-04.ids_1,8,35460,35550,read_write_newspaper,23
4,vp4/run2_2018-05-22-14-25-04.ids_1,8,35550,35640,read_write_newspaper,24
4,vp4/run2_2018-05-22-14-25-04.ids_1,8,35640,35730,read_write_newspaper,25
4,vp4/run2_2018-05-22-14-25-04.ids_1,8,35730,35820,read_write_newspaper,26
4,vp4/run2_2018-05-22-14-25-04.ids_1,8,35820,35910,read_write_newspaper,27
4,vp4/run2_2018-05-22-14-25-04.ids_1,8,35910,36000,read_write_newspaper,28
4,vp4/run2_2018-05-22-14-25-04.ids_1,8,36000,36090,read_write_newspaper,29
4,vp4/run2_2018-05-22-14-25-04.ids_1,8,36090,36180,read_write_newspaper,30
4,vp4/run2_2018-05-22-14-25-04.ids_1,8,36180,36270,read_write_newspaper,31
4,vp4/run2_2018-05-22-14-25-04.ids_1,8,36270,36360,read_write_newspaper,32
4,vp4/run2_2018-05-22-14-25-04.ids_1,8,36360,36450,read_write_newspaper,33
4,vp4/run2_2018-05-22-14-25-04.ids_1,8,36450,36480,read_write_newspaper,34
4,vp4/run2_2018-05-22-14-25-04.ids_1,9,47550,47640,eat_drink,0
4,vp4/run2_2018-05-22-14-25-04.ids_1,9,47640,47730,eat_drink,1
4,vp4/run2_2018-05-22-14-25-04.ids_1,9,47730,47820,eat_drink,2
4,vp4/run2_2018-05-22-14-25-04.ids_1,9,47820,47910,eat_drink,3
4,vp4/run2_2018-05-22-14-25-04.ids_1,9,47910,48000,eat_drink,4
4,vp4/run2_2018-05-22-14-25-04.ids_1,9,48000,48090,eat_drink,5
4,vp4/run2_2018-05-22-14-25-04.ids_1,9,48090,48180,eat_drink,6
4,vp4/run2_2018-05-22-14-25-04.ids_1,9,48180,48270,eat_drink,7
4,vp4/run2_2018-05-22-14-25-04.ids_1,9,48270,48360,eat_drink,8
4,vp4/run2_2018-05-22-14-25-04.ids_1,9,48360,48450,eat_drink,9
4,vp4/run2_2018-05-22-14-25-04.ids_1,9,48450,48540,eat_drink,10
4,vp4/run2_2018-05-22-14-25-04.ids_1,9,48540,48630,eat_drink,11
4,vp4/run2_2018-05-22-14-25-04.ids_1,9,48630,48720,eat_drink,12
4,vp4/run2_2018-05-22-14-25-04.ids_1,9,48720,48810,eat_drink,13
4,vp4/run2_2018-05-22-14-25-04.ids_1,9,48810,48900,eat_drink,14
4,vp4/run2_2018-05-22-14-25-04.ids_1,9,48900,48990,eat_drink,15
4,vp4/run2_2018-05-22-14-25-04.ids_1,9,48990,49080,eat_drink,16
4,vp4/run2_2018-05-22-14-25-04.ids_1,9,49080,49170,eat_drink,17
4,vp4/run2_2018-05-22-14-25-04.ids_1,9,49170,49260,eat_drink,18
4,vp4/run2_2018-05-22-14-25-04.ids_1,9,49260,49350,eat_drink,19
4,vp4/run2_2018-05-22-14-25-04.ids_1,9,49350,49440,eat_drink,20
4,vp4/run2_2018-05-22-14-25-04.ids_1,9,49440,49470,eat_drink,21
4,vp4/run2_2018-05-22-14-25-04.ids_1,10,50400,50490,take_off_jacket,0
4,vp4/run2_2018-05-22-14-25-04.ids_1,10,50490,50580,take_off_jacket,1
4,vp4/run2_2018-05-22-14-25-04.ids_1,10,50580,50670,take_off_jacket,2
4,vp4/run2_2018-05-22-14-25-04.ids_1,10,50670,50760,take_off_jacket,3
4,vp4/run2_2018-05-22-14-25-04.ids_1,10,50760,50850,take_off_jacket,4
4,vp4/run2_2018-05-22-14-25-04.ids_1,10,50850,50880,take_off_jacket,5
4,vp4/run2_2018-05-22-14-25-04.ids_1,11,53070,53160,final_task,0
4,vp4/run2_2018-05-22-14-25-04.ids_1,11,53160,53250,final_task,1
4,vp4/run2_2018-05-22-14-25-04.ids_1,11,53250,53340,final_task,2
4,vp4/run2_2018-05-22-14-25-04.ids_1,11,53340,53430,final_task,3
4,vp4/run2_2018-05-22-14-25-04.ids_1,11,53430,53520,final_task,4
4,vp4/run2_2018-05-22-14-25-04.ids_1,11,53520,53610,final_task,5
4,vp4/run2_2018-05-22-14-25-04.ids_1,11,53610,53700,final_task,6
4,vp4/run2_2018-05-22-14-25-04.ids_1,11,53700,53790,final_task,7
4,vp4/run2_2018-05-22-14-25-04.ids_1,11,53790,53880,final_task,8
4,vp4/run2_2018-05-22-14-25-04.ids_1,11,53880,53970,final_task,9
4,vp4/run2_2018-05-22-14-25-04.ids_1,11,53970,54060,final_task,10
4,vp4/run2_2018-05-22-14-25-04.ids_1,11,54060,54150,final_task,11
5,vp5/run1_2018-05-22-15-10-41.ids_1,0,0,90,fasten_seat_belt,0
5,vp5/run1_2018-05-22-15-10-41.ids_1,0,90,180,fasten_seat_belt,1
5,vp5/run1_2018-05-22-15-10-41.ids_1,0,180,270,fasten_seat_belt,2
5,vp5/run1_2018-05-22-15-10-41.ids_1,0,270,360,fasten_seat_belt,3
5,vp5/run1_2018-05-22-15-10-41.ids_1,0,360,450,fasten_seat_belt,4
5,vp5/run1_2018-05-22-15-10-41.ids_1,0,450,540,fasten_seat_belt,5
5,vp5/run1_2018-05-22-15-10-41.ids_1,0,540,630,fasten_seat_belt,6
5,vp5/run1_2018-05-22-15-10-41.ids_1,0,630,720,fasten_seat_belt,7
5,vp5/run1_2018-05-22-15-10-41.ids_1,0,720,810,fasten_seat_belt,8
5,vp5/run1_2018-05-22-15-10-41.ids_1,0,810,900,fasten_seat_belt,9
5,vp5/run1_2018-05-22-15-10-41.ids_1,0,900,990,fasten_seat_belt,10
5,vp5/run1_2018-05-22-15-10-41.ids_1,0,990,1080,fasten_seat_belt,11
5,vp5/run1_2018-05-22-15-10-41.ids_1,0,1080,1170,fasten_seat_belt,12
5,vp5/run1_2018-05-22-15-10-41.ids_1,0,1170,1260,fasten_seat_belt,13
5,vp5/run1_2018-05-22-15-10-41.ids_1,0,1260,1350,fasten_seat_belt,14
5,vp5/run1_2018-05-22-15-10-41.ids_1,0,1350,1440,fasten_seat_belt,15
5,vp5/run1_2018-05-22-15-10-41.ids_1,0,1440,1530,fasten_seat_belt,16
5,vp5/run1_2018-05-22-15-10-41.ids_1,0,1530,1620,fasten_seat_belt,17
5,vp5/run1_2018-05-22-15-10-41.ids_1,0,1620,1710,fasten_seat_belt,18
5,vp5/run1_2018-05-22-15-10-41.ids_1,0,1710,1800,fasten_seat_belt,19
5,vp5/run1_2018-05-22-15-10-41.ids_1,0,1800,1890,fasten_seat_belt,20
5,vp5/run1_2018-05-22-15-10-41.ids_1,0,1890,1980,fasten_seat_belt,21
5,vp5/run1_2018-05-22-15-10-41.ids_1,0,1980,2070,fasten_seat_belt,22
5,vp5/run1_2018-05-22-15-10-41.ids_1,0,2070,2160,fasten_seat_belt,23
5,vp5/run1_2018-05-22-15-10-41.ids_1,0,2160,2229,fasten_seat_belt,24
5,vp5/run1_2018-05-22-15-10-41.ids_1,1,10320,10410,hand_over,0
5,vp5/run1_2018-05-22-15-10-41.ids_1,1,10410,10500,hand_over,1
5,vp5/run1_2018-05-22-15-10-41.ids_1,1,10500,10590,hand_over,2
5,vp5/run1_2018-05-22-15-10-41.ids_1,1,10590,10658,hand_over,3
5,vp5/run1_2018-05-22-15-10-41.ids_1,2,10980,11070,work,0
5,vp5/run1_2018-05-22-15-10-41.ids_1,2,11070,11160,work,1
5,vp5/run1_2018-05-22-15-10-41.ids_1,2,11160,11250,work,2
5,vp5/run1_2018-05-22-15-10-41.ids_1,2,11250,11340,work,3
5,vp5/run1_2018-05-22-15-10-41.ids_1,2,11340,11430,work,4
5,vp5/run1_2018-05-22-15-10-41.ids_1,2,11430,11520,work,5
5,vp5/run1_2018-05-22-15-10-41.ids_1,2,11520,11610,work,6
5,vp5/run1_2018-05-22-15-10-41.ids_1,2,11610,11700,work,7
5,vp5/run1_2018-05-22-15-10-41.ids_1,2,11700,11790,work,8
5,vp5/run1_2018-05-22-15-10-41.ids_1,2,11790,11880,work,9
5,vp5/run1_2018-05-22-15-10-41.ids_1,2,11880,11970,work,10
5,vp5/run1_2018-05-22-15-10-41.ids_1,2,11970,12060,work,11
5,vp5/run1_2018-05-22-15-10-41.ids_1,2,12060,12150,work,12
5,vp5/run1_2018-05-22-15-10-41.ids_1,2,12150,12240,work,13
5,vp5/run1_2018-05-22-15-10-41.ids_1,2,12240,12330,work,14
5,vp5/run1_2018-05-22-15-10-41.ids_1,2,12330,12420,work,15
5,vp5/run1_2018-05-22-15-10-41.ids_1,2,12420,12510,work,16
5,vp5/run1_2018-05-22-15-10-41.ids_1,2,12510,12600,work,17
5,vp5/run1_2018-05-22-15-10-41.ids_1,2,12600,12690,work,18
5,vp5/run1_2018-05-22-15-10-41.ids_1,2,12690,12780,work,19
5,vp5/run1_2018-05-22-15-10-41.ids_1,2,12780,12870,work,20
5,vp5/run1_2018-05-22-15-10-41.ids_1,2,12870,12960,work,21
5,vp5/run1_2018-05-22-15-10-41.ids_1,2,12960,13050,work,22
5,vp5/run1_2018-05-22-15-10-41.ids_1,2,13050,13140,work,23
5,vp5/run1_2018-05-22-15-10-41.ids_1,2,13140,13230,work,24
5,vp5/run1_2018-05-22-15-10-41.ids_1,2,13230,13320,work,25
5,vp5/run1_2018-05-22-15-10-41.ids_1,2,13320,13410,work,26
5,vp5/run1_2018-05-22-15-10-41.ids_1,2,13410,13500,work,27
5,vp5/run1_2018-05-22-15-10-41.ids_1,2,13500,13590,work,28
5,vp5/run1_2018-05-22-15-10-41.ids_1,2,13590,13680,work,29
5,vp5/run1_2018-05-22-15-10-41.ids_1,2,13680,13770,work,30
5,vp5/run1_2018-05-22-15-10-41.ids_1,2,13770,13860,work,31
5,vp5/run1_2018-05-22-15-10-41.ids_1,2,13860,13950,work,32
5,vp5/run1_2018-05-22-15-10-41.ids_1,2,13950,14040,work,33
5,vp5/run1_2018-05-22-15-10-41.ids_1,2,14040,14130,work,34
5,vp5/run1_2018-05-22-15-10-41.ids_1,2,14130,14198,work,35
5,vp5/run1_2018-05-22-15-10-41.ids_1,3,17220,17310,eat_drink,0
5,vp5/run1_2018-05-22-15-10-41.ids_1,3,17310,17400,eat_drink,1
5,vp5/run1_2018-05-22-15-10-41.ids_1,3,17400,17490,eat_drink,2
5,vp5/run1_2018-05-22-15-10-41.ids_1,3,17490,17580,eat_drink,3
5,vp5/run1_2018-05-22-15-10-41.ids_1,3,17580,17670,eat_drink,4
5,vp5/run1_2018-05-22-15-10-41.ids_1,3,17670,17760,eat_drink,5
5,vp5/run1_2018-05-22-15-10-41.ids_1,3,17760,17850,eat_drink,6
5,vp5/run1_2018-05-22-15-10-41.ids_1,3,17850,17940,eat_drink,7
5,vp5/run1_2018-05-22-15-10-41.ids_1,3,17940,18030,eat_drink,8
5,vp5/run1_2018-05-22-15-10-41.ids_1,3,18030,18120,eat_drink,9
5,vp5/run1_2018-05-22-15-10-41.ids_1,3,18120,18210,eat_drink,10
5,vp5/run1_2018-05-22-15-10-41.ids_1,3,18210,18300,eat_drink,11
5,vp5/run1_2018-05-22-15-10-41.ids_1,3,18300,18390,eat_drink,12
5,vp5/run1_2018-05-22-15-10-41.ids_1,3,18390,18480,eat_drink,13
5,vp5/run1_2018-05-22-15-10-41.ids_1,3,18480,18570,eat_drink,14
5,vp5/run1_2018-05-22-15-10-41.ids_1,3,18570,18660,eat_drink,15
5,vp5/run1_2018-05-22-15-10-41.ids_1,3,18660,18750,eat_drink,16
5,vp5/run1_2018-05-22-15-10-41.ids_1,3,18750,18840,eat_drink,17
5,vp5/run1_2018-05-22-15-10-41.ids_1,3,18840,18930,eat_drink,18
5,vp5/run1_2018-05-22-15-10-41.ids_1,3,18930,19020,eat_drink,19
5,vp5/run1_2018-05-22-15-10-41.ids_1,3,19020,19110,eat_drink,20
5,vp5/run1_2018-05-22-15-10-41.ids_1,3,19110,19200,eat_drink,21
5,vp5/run1_2018-05-22-15-10-41.ids_1,3,19200,19290,eat_drink,22
5,vp5/run1_2018-05-22-15-10-41.ids_1,3,19290,19380,eat_drink,23
5,vp5/run1_2018-05-22-15-10-41.ids_1,3,19380,19470,eat_drink,24
5,vp5/run1_2018-05-22-15-10-41.ids_1,3,19470,19560,eat_drink,25
5,vp5/run1_2018-05-22-15-10-41.ids_1,3,19560,19650,eat_drink,26
5,vp5/run1_2018-05-22-15-10-41.ids_1,3,19650,19740,eat_drink,27
5,vp5/run1_2018-05-22-15-10-41.ids_1,3,19740,19830,eat_drink,28
5,vp5/run1_2018-05-22-15-10-41.ids_1,3,19830,19920,eat_drink,29
5,vp5/run1_2018-05-22-15-10-41.ids_1,3,19920,20010,eat_drink,30
5,vp5/run1_2018-05-22-15-10-41.ids_1,3,20010,20100,eat_drink,31
5,vp5/run1_2018-05-22-15-10-41.ids_1,3,20100,20190,eat_drink,32
5,vp5/run1_2018-05-22-15-10-41.ids_1,3,20190,20280,eat_drink,33
5,vp5/run1_2018-05-22-15-10-41.ids_1,3,20280,20370,eat_drink,34
5,vp5/run1_2018-05-22-15-10-41.ids_1,3,20370,20460,eat_drink,35
5,vp5/run1_2018-05-22-15-10-41.ids_1,3,20460,20550,eat_drink,36
5,vp5/run1_2018-05-22-15-10-41.ids_1,3,20550,20640,eat_drink,37
5,vp5/run1_2018-05-22-15-10-41.ids_1,3,20640,20730,eat_drink,38
5,vp5/run1_2018-05-22-15-10-41.ids_1,3,20730,20820,eat_drink,39
5,vp5/run1_2018-05-22-15-10-41.ids_1,3,20820,20910,eat_drink,40
5,vp5/run1_2018-05-22-15-10-41.ids_1,3,20910,21000,eat_drink,41
5,vp5/run1_2018-05-22-15-10-41.ids_1,3,21000,21090,eat_drink,42
5,vp5/run1_2018-05-22-15-10-41.ids_1,3,21090,21180,eat_drink,43
5,vp5/run1_2018-05-22-15-10-41.ids_1,3,21180,21270,eat_drink,44
5,vp5/run1_2018-05-22-15-10-41.ids_1,3,21270,21360,eat_drink,45
5,vp5/run1_2018-05-22-15-10-41.ids_1,3,21360,21450,eat_drink,46
5,vp5/run1_2018-05-22-15-10-41.ids_1,3,21450,21540,eat_drink,47
5,vp5/run1_2018-05-22-15-10-41.ids_1,3,21540,21630,eat_drink,48
5,vp5/run1_2018-05-22-15-10-41.ids_1,3,21630,21720,eat_drink,49
5,vp5/run1_2018-05-22-15-10-41.ids_1,3,21720,21810,eat_drink,50
5,vp5/run1_2018-05-22-15-10-41.ids_1,3,21810,21900,eat_drink,51
5,vp5/run1_2018-05-22-15-10-41.ids_1,3,21900,21990,eat_drink,52
5,vp5/run1_2018-05-22-15-10-41.ids_1,3,21990,22080,eat_drink,53
5,vp5/run1_2018-05-22-15-10-41.ids_1,3,22080,22170,eat_drink,54
5,vp5/run1_2018-05-22-15-10-41.ids_1,3,22170,22260,eat_drink,55
5,vp5/run1_2018-05-22-15-10-41.ids_1,3,22260,22350,eat_drink,56
5,vp5/run1_2018-05-22-15-10-41.ids_1,3,22350,22440,eat_drink,57
5,vp5/run1_2018-05-22-15-10-41.ids_1,3,22440,22530,eat_drink,58
5,vp5/run1_2018-05-22-15-10-41.ids_1,3,22530,22620,eat_drink,59
5,vp5/run1_2018-05-22-15-10-41.ids_1,3,22620,22710,eat_drink,60
5,vp5/run1_2018-05-22-15-10-41.ids_1,3,22710,22800,eat_drink,61
5,vp5/run1_2018-05-22-15-10-41.ids_1,3,22800,22890,eat_drink,62
5,vp5/run1_2018-05-22-15-10-41.ids_1,3,22890,22980,eat_drink,63
5,vp5/run1_2018-05-22-15-10-41.ids_1,3,22980,23070,eat_drink,64
5,vp5/run1_2018-05-22-15-10-41.ids_1,3,23070,23160,eat_drink,65
5,vp5/run1_2018-05-22-15-10-41.ids_1,3,23160,23250,eat_drink,66
5,vp5/run1_2018-05-22-15-10-41.ids_1,3,23250,23340,eat_drink,67
5,vp5/run1_2018-05-22-15-10-41.ids_1,3,23340,23430,eat_drink,68
5,vp5/run1_2018-05-22-15-10-41.ids_1,3,23430,23520,eat_drink,69
5,vp5/run1_2018-05-22-15-10-41.ids_1,3,23520,23610,eat_drink,70
5,vp5/run1_2018-05-22-15-10-41.ids_1,3,23610,23700,eat_drink,71
5,vp5/run1_2018-05-22-15-10-41.ids_1,3,23700,23790,eat_drink,72
5,vp5/run1_2018-05-22-15-10-41.ids_1,3,23790,23880,eat_drink,73
5,vp5/run1_2018-05-22-15-10-41.ids_1,3,23880,23970,eat_drink,74
5,vp5/run1_2018-05-22-15-10-41.ids_1,3,23970,24060,eat_drink,75
5,vp5/run1_2018-05-22-15-10-41.ids_1,3,24060,24150,eat_drink,76
5,vp5/run1_2018-05-22-15-10-41.ids_1,3,24150,24240,eat_drink,77
5,vp5/run1_2018-05-22-15-10-41.ids_1,3,24240,24330,eat_drink,78
5,vp5/run1_2018-05-22-15-10-41.ids_1,3,24330,24420,eat_drink,79
5,vp5/run1_2018-05-22-15-10-41.ids_1,3,24420,24510,eat_drink,80
5,vp5/run1_2018-05-22-15-10-41.ids_1,3,24510,24600,eat_drink,81
5,vp5/run1_2018-05-22-15-10-41.ids_1,3,24600,24690,eat_drink,82
5,vp5/run1_2018-05-22-15-10-41.ids_1,3,24690,24780,eat_drink,83
5,vp5/run1_2018-05-22-15-10-41.ids_1,3,24780,24870,eat_drink,84
5,vp5/run1_2018-05-22-15-10-41.ids_1,3,24870,24960,eat_drink,85
5,vp5/run1_2018-05-22-15-10-41.ids_1,3,24960,25050,eat_drink,86
5,vp5/run1_2018-05-22-15-10-41.ids_1,3,25050,25140,eat_drink,87
5,vp5/run1_2018-05-22-15-10-41.ids_1,3,25140,25230,eat_drink,88
5,vp5/run1_2018-05-22-15-10-41.ids_1,3,25230,25320,eat_drink,89
5,vp5/run1_2018-05-22-15-10-41.ids_1,3,25320,25410,eat_drink,90
5,vp5/run1_2018-05-22-15-10-41.ids_1,3,25410,25500,eat_drink,91
5,vp5/run1_2018-05-22-15-10-41.ids_1,3,25500,25590,eat_drink,92
5,vp5/run1_2018-05-22-15-10-41.ids_1,3,25590,25680,eat_drink,93
5,vp5/run1_2018-05-22-15-10-41.ids_1,3,25680,25770,eat_drink,94
5,vp5/run1_2018-05-22-15-10-41.ids_1,3,25770,25860,eat_drink,95
5,vp5/run1_2018-05-22-15-10-41.ids_1,3,25860,25950,eat_drink,96
5,vp5/run1_2018-05-22-15-10-41.ids_1,3,25950,26040,eat_drink,97
5,vp5/run1_2018-05-22-15-10-41.ids_1,3,26040,26130,eat_drink,98
5,vp5/run1_2018-05-22-15-10-41.ids_1,3,26130,26220,eat_drink,99
5,vp5/run1_2018-05-22-15-10-41.ids_1,3,26220,26310,eat_drink,100
5,vp5/run1_2018-05-22-15-10-41.ids_1,3,26310,26400,eat_drink,101
5,vp5/run1_2018-05-22-15-10-41.ids_1,3,26400,26408,eat_drink,102
5,vp5/run1_2018-05-22-15-10-41.ids_1,4,27150,27240,read_write_newspaper,0
5,vp5/run1_2018-05-22-15-10-41.ids_1,4,27240,27330,read_write_newspaper,1
5,vp5/run1_2018-05-22-15-10-41.ids_1,4,27330,27420,read_write_newspaper,2
5,vp5/run1_2018-05-22-15-10-41.ids_1,4,27420,27510,read_write_newspaper,3
5,vp5/run1_2018-05-22-15-10-41.ids_1,4,27510,27600,read_write_newspaper,4
5,vp5/run1_2018-05-22-15-10-41.ids_1,4,27600,27690,read_write_newspaper,5
5,vp5/run1_2018-05-22-15-10-41.ids_1,4,27690,27780,read_write_newspaper,6
5,vp5/run1_2018-05-22-15-10-41.ids_1,4,27780,27870,read_write_newspaper,7
5,vp5/run1_2018-05-22-15-10-41.ids_1,4,27870,27960,read_write_newspaper,8
5,vp5/run1_2018-05-22-15-10-41.ids_1,4,27960,28050,read_write_newspaper,9
5,vp5/run1_2018-05-22-15-10-41.ids_1,4,28050,28140,read_write_newspaper,10
5,vp5/run1_2018-05-22-15-10-41.ids_1,4,28140,28230,read_write_newspaper,11
5,vp5/run1_2018-05-22-15-10-41.ids_1,4,28230,28320,read_write_newspaper,12
5,vp5/run1_2018-05-22-15-10-41.ids_1,4,28320,28410,read_write_newspaper,13
5,vp5/run1_2018-05-22-15-10-41.ids_1,4,28410,28500,read_write_newspaper,14
5,vp5/run1_2018-05-22-15-10-41.ids_1,4,28500,28590,read_write_newspaper,15
5,vp5/run1_2018-05-22-15-10-41.ids_1,4,28590,28680,read_write_newspaper,16
5,vp5/run1_2018-05-22-15-10-41.ids_1,4,28680,28770,read_write_newspaper,17
5,vp5/run1_2018-05-22-15-10-41.ids_1,4,28770,28860,read_write_newspaper,18
5,vp5/run1_2018-05-22-15-10-41.ids_1,4,28860,28950,read_write_newspaper,19
5,vp5/run1_2018-05-22-15-10-41.ids_1,4,28950,29040,read_write_newspaper,20
5,vp5/run1_2018-05-22-15-10-41.ids_1,4,29040,29130,read_write_newspaper,21
5,vp5/run1_2018-05-22-15-10-41.ids_1,4,29130,29220,read_write_newspaper,22
5,vp5/run1_2018-05-22-15-10-41.ids_1,4,29220,29310,read_write_newspaper,23
5,vp5/run1_2018-05-22-15-10-41.ids_1,4,29310,29400,read_write_newspaper,24
5,vp5/run1_2018-05-22-15-10-41.ids_1,4,29400,29490,read_write_newspaper,25
5,vp5/run1_2018-05-22-15-10-41.ids_1,4,29490,29580,read_write_newspaper,26
5,vp5/run1_2018-05-22-15-10-41.ids_1,4,29580,29670,read_write_newspaper,27
5,vp5/run1_2018-05-22-15-10-41.ids_1,4,29670,29760,read_write_newspaper,28
5,vp5/run1_2018-05-22-15-10-41.ids_1,4,29760,29850,read_write_newspaper,29
5,vp5/run1_2018-05-22-15-10-41.ids_1,4,29850,29940,read_write_newspaper,30
5,vp5/run1_2018-05-22-15-10-41.ids_1,4,29940,29948,read_write_newspaper,31
5,vp5/run1_2018-05-22-15-10-41.ids_1,5,30780,30870,put_on_sunglasses,0
5,vp5/run1_2018-05-22-15-10-41.ids_1,5,30870,30960,put_on_sunglasses,1
5,vp5/run1_2018-05-22-15-10-41.ids_1,5,30960,31050,put_on_sunglasses,2
5,vp5/run1_2018-05-22-15-10-41.ids_1,5,31050,31140,put_on_sunglasses,3
5,vp5/run1_2018-05-22-15-10-41.ids_1,5,31140,31230,put_on_sunglasses,4
5,vp5/run1_2018-05-22-15-10-41.ids_1,5,31230,31320,put_on_sunglasses,5
5,vp5/run1_2018-05-22-15-10-41.ids_1,5,31320,31329,put_on_sunglasses,6
5,vp5/run1_2018-05-22-15-10-41.ids_1,6,32790,32880,read_write_magazine,0
5,vp5/run1_2018-05-22-15-10-41.ids_1,6,32880,32970,read_write_magazine,1
5,vp5/run1_2018-05-22-15-10-41.ids_1,6,32970,33060,read_write_magazine,2
5,vp5/run1_2018-05-22-15-10-41.ids_1,6,33060,33150,read_write_magazine,3
5,vp5/run1_2018-05-22-15-10-41.ids_1,6,33150,33240,read_write_magazine,4
5,vp5/run1_2018-05-22-15-10-41.ids_1,6,33240,33330,read_write_magazine,5
5,vp5/run1_2018-05-22-15-10-41.ids_1,6,33330,33420,read_write_magazine,6
5,vp5/run1_2018-05-22-15-10-41.ids_1,6,33420,33510,read_write_magazine,7
5,vp5/run1_2018-05-22-15-10-41.ids_1,6,33510,33600,read_write_magazine,8
5,vp5/run1_2018-05-22-15-10-41.ids_1,6,33600,33690,read_write_magazine,9
5,vp5/run1_2018-05-22-15-10-41.ids_1,6,33690,33780,read_write_magazine,10
5,vp5/run1_2018-05-22-15-10-41.ids_1,6,33780,33870,read_write_magazine,11
5,vp5/run1_2018-05-22-15-10-41.ids_1,6,33870,33960,read_write_magazine,12
5,vp5/run1_2018-05-22-15-10-41.ids_1,6,33960,34050,read_write_magazine,13
5,vp5/run1_2018-05-22-15-10-41.ids_1,6,34050,34140,read_write_magazine,14
5,vp5/run1_2018-05-22-15-10-41.ids_1,6,34140,34230,read_write_magazine,15
5,vp5/run1_2018-05-22-15-10-41.ids_1,6,34230,34320,read_write_magazine,16
5,vp5/run1_2018-05-22-15-10-41.ids_1,6,34320,34410,read_write_magazine,17
5,vp5/run1_2018-05-22-15-10-41.ids_1,6,34410,34500,read_write_magazine,18
5,vp5/run1_2018-05-22-15-10-41.ids_1,6,34500,34590,read_write_magazine,19
5,vp5/run1_2018-05-22-15-10-41.ids_1,6,34590,34680,read_write_magazine,20
5,vp5/run1_2018-05-22-15-10-41.ids_1,6,34680,34770,read_write_magazine,21
5,vp5/run1_2018-05-22-15-10-41.ids_1,6,34770,34860,read_write_magazine,22
5,vp5/run1_2018-05-22-15-10-41.ids_1,6,34860,34950,read_write_magazine,23
5,vp5/run1_2018-05-22-15-10-41.ids_1,6,34950,35040,read_write_magazine,24
5,vp5/run1_2018-05-22-15-10-41.ids_1,6,35040,35130,read_write_magazine,25
5,vp5/run1_2018-05-22-15-10-41.ids_1,6,35130,35220,read_write_magazine,26
5,vp5/run1_2018-05-22-15-10-41.ids_1,6,35220,35310,read_write_magazine,27
5,vp5/run1_2018-05-22-15-10-41.ids_1,6,35310,35400,read_write_magazine,28
5,vp5/run1_2018-05-22-15-10-41.ids_1,6,35400,35490,read_write_magazine,29
5,vp5/run1_2018-05-22-15-10-41.ids_1,6,35490,35580,read_write_magazine,30
5,vp5/run1_2018-05-22-15-10-41.ids_1,6,35580,35670,read_write_magazine,31
5,vp5/run1_2018-05-22-15-10-41.ids_1,6,35670,35760,read_write_magazine,32
5,vp5/run1_2018-05-22-15-10-41.ids_1,6,35760,35850,read_write_magazine,33
5,vp5/run1_2018-05-22-15-10-41.ids_1,6,35850,35940,read_write_magazine,34
5,vp5/run1_2018-05-22-15-10-41.ids_1,6,35940,36030,read_write_magazine,35
5,vp5/run1_2018-05-22-15-10-41.ids_1,6,36030,36120,read_write_magazine,36
5,vp5/run1_2018-05-22-15-10-41.ids_1,6,36120,36210,read_write_magazine,37
5,vp5/run1_2018-05-22-15-10-41.ids_1,6,36210,36300,read_write_magazine,38
5,vp5/run1_2018-05-22-15-10-41.ids_1,6,36300,36390,read_write_magazine,39
5,vp5/run1_2018-05-22-15-10-41.ids_1,6,36390,36480,read_write_magazine,40
5,vp5/run1_2018-05-22-15-10-41.ids_1,6,36480,36570,read_write_magazine,41
5,vp5/run1_2018-05-22-15-10-41.ids_1,6,36570,36660,read_write_magazine,42
5,vp5/run1_2018-05-22-15-10-41.ids_1,6,36660,36750,read_write_magazine,43
5,vp5/run1_2018-05-22-15-10-41.ids_1,6,36750,36840,read_write_magazine,44
5,vp5/run1_2018-05-22-15-10-41.ids_1,6,36840,36930,read_write_magazine,45
5,vp5/run1_2018-05-22-15-10-41.ids_1,6,36930,37020,read_write_magazine,46
5,vp5/run1_2018-05-22-15-10-41.ids_1,6,37020,37110,read_write_magazine,47
5,vp5/run1_2018-05-22-15-10-41.ids_1,6,37110,37200,read_write_magazine,48
5,vp5/run1_2018-05-22-15-10-41.ids_1,6,37200,37290,read_write_magazine,49
5,vp5/run1_2018-05-22-15-10-41.ids_1,6,37290,37380,read_write_magazine,50
5,vp5/run1_2018-05-22-15-10-41.ids_1,6,37380,37470,read_write_magazine,51
5,vp5/run1_2018-05-22-15-10-41.ids_1,6,37470,37539,read_write_magazine,52
5,vp5/run1_2018-05-22-15-10-41.ids_1,7,38160,38250,put_on_jacket,0
5,vp5/run1_2018-05-22-15-10-41.ids_1,7,38250,38340,put_on_jacket,1
5,vp5/run1_2018-05-22-15-10-41.ids_1,7,38340,38430,put_on_jacket,2
5,vp5/run1_2018-05-22-15-10-41.ids_1,7,38430,38520,put_on_jacket,3
5,vp5/run1_2018-05-22-15-10-41.ids_1,7,38520,38610,put_on_jacket,4
5,vp5/run1_2018-05-22-15-10-41.ids_1,7,38610,38700,put_on_jacket,5
5,vp5/run1_2018-05-22-15-10-41.ids_1,7,38700,38790,put_on_jacket,6
5,vp5/run1_2018-05-22-15-10-41.ids_1,7,38790,38880,put_on_jacket,7
5,vp5/run1_2018-05-22-15-10-41.ids_1,7,38880,38970,put_on_jacket,8
5,vp5/run1_2018-05-22-15-10-41.ids_1,7,38970,39060,put_on_jacket,9
5,vp5/run1_2018-05-22-15-10-41.ids_1,7,39060,39150,put_on_jacket,10
5,vp5/run1_2018-05-22-15-10-41.ids_1,7,39150,39219,put_on_jacket,11
5,vp5/run1_2018-05-22-15-10-41.ids_1,8,40740,40830,watch_video,0
5,vp5/run1_2018-05-22-15-10-41.ids_1,8,40830,40920,watch_video,1
5,vp5/run1_2018-05-22-15-10-41.ids_1,8,40920,41010,watch_video,2
5,vp5/run1_2018-05-22-15-10-41.ids_1,8,41010,41100,watch_video,3
5,vp5/run1_2018-05-22-15-10-41.ids_1,8,41100,41190,watch_video,4
5,vp5/run1_2018-05-22-15-10-41.ids_1,8,41190,41280,watch_video,5
5,vp5/run1_2018-05-22-15-10-41.ids_1,8,41280,41370,watch_video,6
5,vp5/run1_2018-05-22-15-10-41.ids_1,8,41370,41460,watch_video,7
5,vp5/run1_2018-05-22-15-10-41.ids_1,8,41460,41550,watch_video,8
5,vp5/run1_2018-05-22-15-10-41.ids_1,8,41550,41640,watch_video,9
5,vp5/run1_2018-05-22-15-10-41.ids_1,8,41640,41730,watch_video,10
5,vp5/run1_2018-05-22-15-10-41.ids_1,8,41730,41820,watch_video,11
5,vp5/run1_2018-05-22-15-10-41.ids_1,8,41820,41910,watch_video,12
5,vp5/run1_2018-05-22-15-10-41.ids_1,8,41910,42000,watch_video,13
5,vp5/run1_2018-05-22-15-10-41.ids_1,8,42000,42090,watch_video,14
5,vp5/run1_2018-05-22-15-10-41.ids_1,8,42090,42180,watch_video,15
5,vp5/run1_2018-05-22-15-10-41.ids_1,8,42180,42270,watch_video,16
5,vp5/run1_2018-05-22-15-10-41.ids_1,8,42270,42360,watch_video,17
5,vp5/run1_2018-05-22-15-10-41.ids_1,8,42360,42450,watch_video,18
5,vp5/run1_2018-05-22-15-10-41.ids_1,8,42450,42540,watch_video,19
5,vp5/run1_2018-05-22-15-10-41.ids_1,8,42540,42630,watch_video,20
5,vp5/run1_2018-05-22-15-10-41.ids_1,8,42630,42720,watch_video,21
5,vp5/run1_2018-05-22-15-10-41.ids_1,8,42720,42810,watch_video,22
5,vp5/run1_2018-05-22-15-10-41.ids_1,8,42810,42900,watch_video,23
5,vp5/run1_2018-05-22-15-10-41.ids_1,8,42900,42990,watch_video,24
5,vp5/run1_2018-05-22-15-10-41.ids_1,8,42990,43080,watch_video,25
5,vp5/run1_2018-05-22-15-10-41.ids_1,8,43080,43170,watch_video,26
5,vp5/run1_2018-05-22-15-10-41.ids_1,8,43170,43260,watch_video,27
5,vp5/run1_2018-05-22-15-10-41.ids_1,8,43260,43350,watch_video,28
5,vp5/run1_2018-05-22-15-10-41.ids_1,8,43350,43440,watch_video,29
5,vp5/run1_2018-05-22-15-10-41.ids_1,8,43440,43530,watch_video,30
5,vp5/run1_2018-05-22-15-10-41.ids_1,8,43530,43620,watch_video,31
5,vp5/run1_2018-05-22-15-10-41.ids_1,8,43620,43710,watch_video,32
5,vp5/run1_2018-05-22-15-10-41.ids_1,8,43710,43800,watch_video,33
5,vp5/run1_2018-05-22-15-10-41.ids_1,8,43800,43890,watch_video,34
5,vp5/run1_2018-05-22-15-10-41.ids_1,8,43890,43980,watch_video,35
5,vp5/run1_2018-05-22-15-10-41.ids_1,8,43980,44070,watch_video,36
5,vp5/run1_2018-05-22-15-10-41.ids_1,8,44070,44160,watch_video,37
5,vp5/run1_2018-05-22-15-10-41.ids_1,8,44160,44250,watch_video,38
5,vp5/run1_2018-05-22-15-10-41.ids_1,8,44250,44340,watch_video,39
5,vp5/run1_2018-05-22-15-10-41.ids_1,8,44340,44430,watch_video,40
5,vp5/run1_2018-05-22-15-10-41.ids_1,8,44430,44520,watch_video,41
5,vp5/run1_2018-05-22-15-10-41.ids_1,8,44520,44610,watch_video,42
5,vp5/run1_2018-05-22-15-10-41.ids_1,8,44610,44700,watch_video,43
5,vp5/run1_2018-05-22-15-10-41.ids_1,8,44700,44790,watch_video,44
5,vp5/run1_2018-05-22-15-10-41.ids_1,8,44790,44880,watch_video,45
5,vp5/run1_2018-05-22-15-10-41.ids_1,8,44880,44970,watch_video,46
5,vp5/run1_2018-05-22-15-10-41.ids_1,8,44970,45060,watch_video,47
5,vp5/run1_2018-05-22-15-10-41.ids_1,8,45060,45150,watch_video,48
5,vp5/run1_2018-05-22-15-10-41.ids_1,8,45150,45240,watch_video,49
5,vp5/run1_2018-05-22-15-10-41.ids_1,8,45240,45330,watch_video,50
5,vp5/run1_2018-05-22-15-10-41.ids_1,8,45330,45420,watch_video,51
5,vp5/run1_2018-05-22-15-10-41.ids_1,8,45420,45510,watch_video,52
5,vp5/run1_2018-05-22-15-10-41.ids_1,8,45510,45600,watch_video,53
5,vp5/run1_2018-05-22-15-10-41.ids_1,8,45600,45690,watch_video,54
5,vp5/run1_2018-05-22-15-10-41.ids_1,8,45690,45780,watch_video,55
5,vp5/run1_2018-05-22-15-10-41.ids_1,8,45780,45870,watch_video,56
5,vp5/run1_2018-05-22-15-10-41.ids_1,8,45870,45960,watch_video,57
5,vp5/run1_2018-05-22-15-10-41.ids_1,8,45960,46050,watch_video,58
5,vp5/run1_2018-05-22-15-10-41.ids_1,8,46050,46140,watch_video,59
5,vp5/run1_2018-05-22-15-10-41.ids_1,8,46140,46230,watch_video,60
5,vp5/run1_2018-05-22-15-10-41.ids_1,8,46230,46320,watch_video,61
5,vp5/run1_2018-05-22-15-10-41.ids_1,8,46320,46410,watch_video,62
5,vp5/run1_2018-05-22-15-10-41.ids_1,8,46410,46500,watch_video,63
5,vp5/run1_2018-05-22-15-10-41.ids_1,8,46500,46590,watch_video,64
5,vp5/run1_2018-05-22-15-10-41.ids_1,8,46590,46680,watch_video,65
5,vp5/run1_2018-05-22-15-10-41.ids_1,8,46680,46770,watch_video,66
5,vp5/run1_2018-05-22-15-10-41.ids_1,8,46770,46860,watch_video,67
5,vp5/run1_2018-05-22-15-10-41.ids_1,8,46860,46950,watch_video,68
5,vp5/run1_2018-05-22-15-10-41.ids_1,8,46950,47040,watch_video,69
5,vp5/run1_2018-05-22-15-10-41.ids_1,8,47040,47130,watch_video,70
5,vp5/run1_2018-05-22-15-10-41.ids_1,8,47130,47220,watch_video,71
5,vp5/run1_2018-05-22-15-10-41.ids_1,8,47220,47310,watch_video,72
5,vp5/run1_2018-05-22-15-10-41.ids_1,8,47310,47400,watch_video,73
5,vp5/run1_2018-05-22-15-10-41.ids_1,8,47400,47490,watch_video,74
5,vp5/run1_2018-05-22-15-10-41.ids_1,8,47490,47580,watch_video,75
5,vp5/run1_2018-05-22-15-10-41.ids_1,8,47580,47670,watch_video,76
5,vp5/run1_2018-05-22-15-10-41.ids_1,8,47670,47760,watch_video,77
5,vp5/run1_2018-05-22-15-10-41.ids_1,8,47760,47850,watch_video,78
5,vp5/run1_2018-05-22-15-10-41.ids_1,8,47850,47940,watch_video,79
5,vp5/run1_2018-05-22-15-10-41.ids_1,8,47940,48030,watch_video,80
5,vp5/run1_2018-05-22-15-10-41.ids_1,8,48030,48120,watch_video,81
5,vp5/run1_2018-05-22-15-10-41.ids_1,8,48120,48210,watch_video,82
5,vp5/run1_2018-05-22-15-10-41.ids_1,8,48210,48300,watch_video,83
5,vp5/run1_2018-05-22-15-10-41.ids_1,8,48300,48390,watch_video,84
5,vp5/run1_2018-05-22-15-10-41.ids_1,8,48390,48459,watch_video,85
5,vp5/run1_2018-05-22-15-10-41.ids_1,9,49680,49770,take_off_jacket,0
5,vp5/run1_2018-05-22-15-10-41.ids_1,9,49770,49860,take_off_jacket,1
5,vp5/run1_2018-05-22-15-10-41.ids_1,9,49860,49950,take_off_jacket,2
5,vp5/run1_2018-05-22-15-10-41.ids_1,9,49950,50040,take_off_jacket,3
5,vp5/run1_2018-05-22-15-10-41.ids_1,9,50040,50130,take_off_jacket,4
5,vp5/run1_2018-05-22-15-10-41.ids_1,9,50130,50139,take_off_jacket,5
5,vp5/run1_2018-05-22-15-10-41.ids_1,10,51150,51240,take_off_sunglasses,0
5,vp5/run1_2018-05-22-15-10-41.ids_1,10,51240,51330,take_off_sunglasses,1
5,vp5/run1_2018-05-22-15-10-41.ids_1,10,51330,51420,take_off_sunglasses,2
5,vp5/run1_2018-05-22-15-10-41.ids_1,10,51420,51510,take_off_sunglasses,3
5,vp5/run1_2018-05-22-15-10-41.ids_1,10,51510,51549,take_off_sunglasses,4
5,vp5/run1_2018-05-22-15-10-41.ids_1,11,51750,51840,final_task,0
5,vp5/run1_2018-05-22-15-10-41.ids_1,11,51840,51930,final_task,1
5,vp5/run1_2018-05-22-15-10-41.ids_1,11,51930,52020,final_task,2
5,vp5/run1_2018-05-22-15-10-41.ids_1,11,52020,52110,final_task,3
5,vp5/run1_2018-05-22-15-10-41.ids_1,11,52110,52200,final_task,4
5,vp5/run1_2018-05-22-15-10-41.ids_1,11,52200,52290,final_task,5
5,vp5/run1_2018-05-22-15-10-41.ids_1,11,52290,52380,final_task,6
5,vp5/run1_2018-05-22-15-10-41.ids_1,11,52380,52470,final_task,7
5,vp5/run1_2018-05-22-15-10-41.ids_1,11,52470,52560,final_task,8
5,vp5/run1_2018-05-22-15-10-41.ids_1,11,52560,52650,final_task,9
5,vp5/run1_2018-05-22-15-10-41.ids_1,11,52650,52740,final_task,10
5,vp5/run1_2018-05-22-15-10-41.ids_1,11,52740,52830,final_task,11
5,vp5/run1_2018-05-22-15-10-41.ids_1,11,52830,52920,final_task,12
5,vp5/run2b_2018-05-22-15-50-07.ids_1,0,0,90,fasten_seat_belt,0
5,vp5/run2b_2018-05-22-15-50-07.ids_1,0,90,180,fasten_seat_belt,1
5,vp5/run2b_2018-05-22-15-50-07.ids_1,0,180,270,fasten_seat_belt,2
5,vp5/run2b_2018-05-22-15-50-07.ids_1,0,270,360,fasten_seat_belt,3
5,vp5/run2b_2018-05-22-15-50-07.ids_1,0,360,450,fasten_seat_belt,4
5,vp5/run2b_2018-05-22-15-50-07.ids_1,0,450,540,fasten_seat_belt,5
5,vp5/run2b_2018-05-22-15-50-07.ids_1,0,540,630,fasten_seat_belt,6
5,vp5/run2b_2018-05-22-15-50-07.ids_1,0,630,720,fasten_seat_belt,7
5,vp5/run2b_2018-05-22-15-50-07.ids_1,0,720,810,fasten_seat_belt,8
5,vp5/run2b_2018-05-22-15-50-07.ids_1,0,810,900,fasten_seat_belt,9
5,vp5/run2b_2018-05-22-15-50-07.ids_1,0,900,990,fasten_seat_belt,10
5,vp5/run2b_2018-05-22-15-50-07.ids_1,0,990,1059,fasten_seat_belt,11
5,vp5/run2b_2018-05-22-15-50-07.ids_1,1,6450,6540,hand_over,0
5,vp5/run2b_2018-05-22-15-50-07.ids_1,1,6540,6630,hand_over,1
5,vp5/run2b_2018-05-22-15-50-07.ids_1,1,6630,6720,hand_over,2
5,vp5/run2b_2018-05-22-15-50-07.ids_1,1,6720,6810,hand_over,3
5,vp5/run2b_2018-05-22-15-50-07.ids_1,1,6810,6819,hand_over,4
5,vp5/run2b_2018-05-22-15-50-07.ids_1,2,7170,7260,read_write_magazine,0
5,vp5/run2b_2018-05-22-15-50-07.ids_1,2,7260,7350,read_write_magazine,1
5,vp5/run2b_2018-05-22-15-50-07.ids_1,2,7350,7440,read_write_magazine,2
5,vp5/run2b_2018-05-22-15-50-07.ids_1,2,7440,7530,read_write_magazine,3
5,vp5/run2b_2018-05-22-15-50-07.ids_1,2,7530,7620,read_write_magazine,4
5,vp5/run2b_2018-05-22-15-50-07.ids_1,2,7620,7710,read_write_magazine,5
5,vp5/run2b_2018-05-22-15-50-07.ids_1,2,7710,7800,read_write_magazine,6
5,vp5/run2b_2018-05-22-15-50-07.ids_1,2,7800,7890,read_write_magazine,7
5,vp5/run2b_2018-05-22-15-50-07.ids_1,2,7890,7980,read_write_magazine,8
5,vp5/run2b_2018-05-22-15-50-07.ids_1,2,7980,8070,read_write_magazine,9
5,vp5/run2b_2018-05-22-15-50-07.ids_1,2,8070,8160,read_write_magazine,10
5,vp5/run2b_2018-05-22-15-50-07.ids_1,2,8160,8250,read_write_magazine,11
5,vp5/run2b_2018-05-22-15-50-07.ids_1,2,8250,8340,read_write_magazine,12
5,vp5/run2b_2018-05-22-15-50-07.ids_1,2,8340,8430,read_write_magazine,13
5,vp5/run2b_2018-05-22-15-50-07.ids_1,2,8430,8520,read_write_magazine,14
5,vp5/run2b_2018-05-22-15-50-07.ids_1,2,8520,8610,read_write_magazine,15
5,vp5/run2b_2018-05-22-15-50-07.ids_1,2,8610,8700,read_write_magazine,16
5,vp5/run2b_2018-05-22-15-50-07.ids_1,2,8700,8790,read_write_magazine,17
5,vp5/run2b_2018-05-22-15-50-07.ids_1,2,8790,8880,read_write_magazine,18
5,vp5/run2b_2018-05-22-15-50-07.ids_1,2,8880,8970,read_write_magazine,19
5,vp5/run2b_2018-05-22-15-50-07.ids_1,2,8970,9060,read_write_magazine,20
5,vp5/run2b_2018-05-22-15-50-07.ids_1,2,9060,9150,read_write_magazine,21
5,vp5/run2b_2018-05-22-15-50-07.ids_1,2,9150,9240,read_write_magazine,22
5,vp5/run2b_2018-05-22-15-50-07.ids_1,2,9240,9330,read_write_magazine,23
5,vp5/run2b_2018-05-22-15-50-07.ids_1,2,9330,9420,read_write_magazine,24
5,vp5/run2b_2018-05-22-15-50-07.ids_1,2,9420,9510,read_write_magazine,25
5,vp5/run2b_2018-05-22-15-50-07.ids_1,2,9510,9600,read_write_magazine,26
5,vp5/run2b_2018-05-22-15-50-07.ids_1,2,9600,9690,read_write_magazine,27
5,vp5/run2b_2018-05-22-15-50-07.ids_1,2,9690,9780,read_write_magazine,28
5,vp5/run2b_2018-05-22-15-50-07.ids_1,2,9780,9870,read_write_magazine,29
5,vp5/run2b_2018-05-22-15-50-07.ids_1,2,9870,9960,read_write_magazine,30
5,vp5/run2b_2018-05-22-15-50-07.ids_1,2,9960,10050,read_write_magazine,31
5,vp5/run2b_2018-05-22-15-50-07.ids_1,2,10050,10140,read_write_magazine,32
5,vp5/run2b_2018-05-22-15-50-07.ids_1,2,10140,10230,read_write_magazine,33
5,vp5/run2b_2018-05-22-15-50-07.ids_1,2,10230,10320,read_write_magazine,34
5,vp5/run2b_2018-05-22-15-50-07.ids_1,2,10320,10410,read_write_magazine,35
5,vp5/run2b_2018-05-22-15-50-07.ids_1,2,10410,10500,read_write_magazine,36
5,vp5/run2b_2018-05-22-15-50-07.ids_1,2,10500,10590,read_write_magazine,37
5,vp5/run2b_2018-05-22-15-50-07.ids_1,2,10590,10598,read_write_magazine,38
5,vp5/run2b_2018-05-22-15-50-07.ids_1,3,13650,13740,watch_video,0
5,vp5/run2b_2018-05-22-15-50-07.ids_1,3,13740,13830,watch_video,1
5,vp5/run2b_2018-05-22-15-50-07.ids_1,3,13830,13920,watch_video,2
5,vp5/run2b_2018-05-22-15-50-07.ids_1,3,13920,14010,watch_video,3
5,vp5/run2b_2018-05-22-15-50-07.ids_1,3,14010,14100,watch_video,4
5,vp5/run2b_2018-05-22-15-50-07.ids_1,3,14100,14190,watch_video,5
5,vp5/run2b_2018-05-22-15-50-07.ids_1,3,14190,14280,watch_video,6
5,vp5/run2b_2018-05-22-15-50-07.ids_1,3,14280,14370,watch_video,7
5,vp5/run2b_2018-05-22-15-50-07.ids_1,3,14370,14460,watch_video,8
5,vp5/run2b_2018-05-22-15-50-07.ids_1,3,14460,14550,watch_video,9
5,vp5/run2b_2018-05-22-15-50-07.ids_1,3,14550,14640,watch_video,10
5,vp5/run2b_2018-05-22-15-50-07.ids_1,3,14640,14730,watch_video,11
5,vp5/run2b_2018-05-22-15-50-07.ids_1,3,14730,14820,watch_video,12
5,vp5/run2b_2018-05-22-15-50-07.ids_1,3,14820,14910,watch_video,13
5,vp5/run2b_2018-05-22-15-50-07.ids_1,3,14910,15000,watch_video,14
5,vp5/run2b_2018-05-22-15-50-07.ids_1,3,15000,15090,watch_video,15
5,vp5/run2b_2018-05-22-15-50-07.ids_1,3,15090,15180,watch_video,16
5,vp5/run2b_2018-05-22-15-50-07.ids_1,3,15180,15270,watch_video,17
5,vp5/run2b_2018-05-22-15-50-07.ids_1,3,15270,15360,watch_video,18
5,vp5/run2b_2018-05-22-15-50-07.ids_1,3,15360,15450,watch_video,19
5,vp5/run2b_2018-05-22-15-50-07.ids_1,3,15450,15540,watch_video,20
5,vp5/run2b_2018-05-22-15-50-07.ids_1,3,15540,15630,watch_video,21
5,vp5/run2b_2018-05-22-15-50-07.ids_1,3,15630,15720,watch_video,22
5,vp5/run2b_2018-05-22-15-50-07.ids_1,3,15720,15810,watch_video,23
5,vp5/run2b_2018-05-22-15-50-07.ids_1,3,15810,15900,watch_video,24
5,vp5/run2b_2018-05-22-15-50-07.ids_1,3,15900,15990,watch_video,25
5,vp5/run2b_2018-05-22-15-50-07.ids_1,3,15990,16080,watch_video,26
5,vp5/run2b_2018-05-22-15-50-07.ids_1,3,16080,16170,watch_video,27
5,vp5/run2b_2018-05-22-15-50-07.ids_1,3,16170,16260,watch_video,28
5,vp5/run2b_2018-05-22-15-50-07.ids_1,3,16260,16350,watch_video,29
5,vp5/run2b_2018-05-22-15-50-07.ids_1,3,16350,16440,watch_video,30
5,vp5/run2b_2018-05-22-15-50-07.ids_1,3,16440,16530,watch_video,31
5,vp5/run2b_2018-05-22-15-50-07.ids_1,3,16530,16620,watch_video,32
5,vp5/run2b_2018-05-22-15-50-07.ids_1,3,16620,16710,watch_video,33
5,vp5/run2b_2018-05-22-15-50-07.ids_1,3,16710,16800,watch_video,34
5,vp5/run2b_2018-05-22-15-50-07.ids_1,3,16800,16890,watch_video,35
5,vp5/run2b_2018-05-22-15-50-07.ids_1,3,16890,16980,watch_video,36
5,vp5/run2b_2018-05-22-15-50-07.ids_1,3,16980,17070,watch_video,37
5,vp5/run2b_2018-05-22-15-50-07.ids_1,3,17070,17160,watch_video,38
5,vp5/run2b_2018-05-22-15-50-07.ids_1,3,17160,17250,watch_video,39
5,vp5/run2b_2018-05-22-15-50-07.ids_1,3,17250,17340,watch_video,40
5,vp5/run2b_2018-05-22-15-50-07.ids_1,3,17340,17430,watch_video,41
5,vp5/run2b_2018-05-22-15-50-07.ids_1,3,17430,17520,watch_video,42
5,vp5/run2b_2018-05-22-15-50-07.ids_1,3,17520,17610,watch_video,43
5,vp5/run2b_2018-05-22-15-50-07.ids_1,3,17610,17700,watch_video,44
5,vp5/run2b_2018-05-22-15-50-07.ids_1,3,17700,17790,watch_video,45
5,vp5/run2b_2018-05-22-15-50-07.ids_1,3,17790,17880,watch_video,46
5,vp5/run2b_2018-05-22-15-50-07.ids_1,3,17880,17970,watch_video,47
5,vp5/run2b_2018-05-22-15-50-07.ids_1,3,17970,18060,watch_video,48
5,vp5/run2b_2018-05-22-15-50-07.ids_1,3,18060,18150,watch_video,49
5,vp5/run2b_2018-05-22-15-50-07.ids_1,3,18150,18240,watch_video,50
5,vp5/run2b_2018-05-22-15-50-07.ids_1,3,18240,18330,watch_video,51
5,vp5/run2b_2018-05-22-15-50-07.ids_1,3,18330,18420,watch_video,52
5,vp5/run2b_2018-05-22-15-50-07.ids_1,3,18420,18510,watch_video,53
5,vp5/run2b_2018-05-22-15-50-07.ids_1,3,18510,18600,watch_video,54
5,vp5/run2b_2018-05-22-15-50-07.ids_1,3,18600,18690,watch_video,55
5,vp5/run2b_2018-05-22-15-50-07.ids_1,3,18690,18780,watch_video,56
5,vp5/run2b_2018-05-22-15-50-07.ids_1,3,18780,18870,watch_video,57
5,vp5/run2b_2018-05-22-15-50-07.ids_1,3,18870,18960,watch_video,58
5,vp5/run2b_2018-05-22-15-50-07.ids_1,3,18960,19050,watch_video,59
5,vp5/run2b_2018-05-22-15-50-07.ids_1,3,19050,19140,watch_video,60
5,vp5/run2b_2018-05-22-15-50-07.ids_1,3,19140,19230,watch_video,61
5,vp5/run2b_2018-05-22-15-50-07.ids_1,3,19230,19320,watch_video,62
5,vp5/run2b_2018-05-22-15-50-07.ids_1,3,19320,19410,watch_video,63
5,vp5/run2b_2018-05-22-15-50-07.ids_1,3,19410,19478,watch_video,64
5,vp5/run2b_2018-05-22-15-50-07.ids_1,4,20670,20760,put_on_jacket,0
5,vp5/run2b_2018-05-22-15-50-07.ids_1,4,20760,20850,put_on_jacket,1
5,vp5/run2b_2018-05-22-15-50-07.ids_1,4,20850,20940,put_on_jacket,2
5,vp5/run2b_2018-05-22-15-50-07.ids_1,4,20940,21030,put_on_jacket,3
5,vp5/run2b_2018-05-22-15-50-07.ids_1,4,21030,21120,put_on_jacket,4
5,vp5/run2b_2018-05-22-15-50-07.ids_1,4,21120,21210,put_on_jacket,5
5,vp5/run2b_2018-05-22-15-50-07.ids_1,4,21210,21300,put_on_jacket,6
5,vp5/run2b_2018-05-22-15-50-07.ids_1,4,21300,21390,put_on_jacket,7
5,vp5/run2b_2018-05-22-15-50-07.ids_1,4,21390,21480,put_on_jacket,8
5,vp5/run2b_2018-05-22-15-50-07.ids_1,4,21480,21488,put_on_jacket,9
5,vp5/run2b_2018-05-22-15-50-07.ids_1,5,23190,23280,take_off_jacket,0
5,vp5/run2b_2018-05-22-15-50-07.ids_1,5,23280,23370,take_off_jacket,1
5,vp5/run2b_2018-05-22-15-50-07.ids_1,5,23370,23460,take_off_jacket,2
5,vp5/run2b_2018-05-22-15-50-07.ids_1,5,23460,23550,take_off_jacket,3
5,vp5/run2b_2018-05-22-15-50-07.ids_1,5,23550,23618,take_off_jacket,4
5,vp5/run2b_2018-05-22-15-50-07.ids_1,6,24960,25050,put_on_sunglasses,0
5,vp5/run2b_2018-05-22-15-50-07.ids_1,6,25050,25140,put_on_sunglasses,1
5,vp5/run2b_2018-05-22-15-50-07.ids_1,6,25140,25230,put_on_sunglasses,2
5,vp5/run2b_2018-05-22-15-50-07.ids_1,6,25230,25320,put_on_sunglasses,3
5,vp5/run2b_2018-05-22-15-50-07.ids_1,6,25320,25358,put_on_sunglasses,4
5,vp5/run2b_2018-05-22-15-50-07.ids_1,7,25560,25650,eat_drink,0
5,vp5/run2b_2018-05-22-15-50-07.ids_1,7,25650,25740,eat_drink,1
5,vp5/run2b_2018-05-22-15-50-07.ids_1,7,25740,25830,eat_drink,2
5,vp5/run2b_2018-05-22-15-50-07.ids_1,7,25830,25920,eat_drink,3
5,vp5/run2b_2018-05-22-15-50-07.ids_1,7,25920,26010,eat_drink,4
5,vp5/run2b_2018-05-22-15-50-07.ids_1,7,26010,26100,eat_drink,5
5,vp5/run2b_2018-05-22-15-50-07.ids_1,7,26100,26190,eat_drink,6
5,vp5/run2b_2018-05-22-15-50-07.ids_1,7,26190,26280,eat_drink,7
5,vp5/run2b_2018-05-22-15-50-07.ids_1,7,26280,26370,eat_drink,8
5,vp5/run2b_2018-05-22-15-50-07.ids_1,7,26370,26460,eat_drink,9
5,vp5/run2b_2018-05-22-15-50-07.ids_1,7,26460,26550,eat_drink,10
5,vp5/run2b_2018-05-22-15-50-07.ids_1,7,26550,26640,eat_drink,11
5,vp5/run2b_2018-05-22-15-50-07.ids_1,7,26640,26730,eat_drink,12
5,vp5/run2b_2018-05-22-15-50-07.ids_1,7,26730,26820,eat_drink,13
5,vp5/run2b_2018-05-22-15-50-07.ids_1,7,26820,26910,eat_drink,14
5,vp5/run2b_2018-05-22-15-50-07.ids_1,7,26910,27000,eat_drink,15
5,vp5/run2b_2018-05-22-15-50-07.ids_1,7,27000,27090,eat_drink,16
5,vp5/run2b_2018-05-22-15-50-07.ids_1,7,27090,27180,eat_drink,17
5,vp5/run2b_2018-05-22-15-50-07.ids_1,7,27180,27270,eat_drink,18
5,vp5/run2b_2018-05-22-15-50-07.ids_1,7,27270,27360,eat_drink,19
5,vp5/run2b_2018-05-22-15-50-07.ids_1,7,27360,27450,eat_drink,20
5,vp5/run2b_2018-05-22-15-50-07.ids_1,7,27450,27540,eat_drink,21
5,vp5/run2b_2018-05-22-15-50-07.ids_1,7,27540,27630,eat_drink,22
5,vp5/run2b_2018-05-22-15-50-07.ids_1,7,27630,27720,eat_drink,23
5,vp5/run2b_2018-05-22-15-50-07.ids_1,7,27720,27810,eat_drink,24
5,vp5/run2b_2018-05-22-15-50-07.ids_1,7,27810,27900,eat_drink,25
5,vp5/run2b_2018-05-22-15-50-07.ids_1,7,27900,27990,eat_drink,26
5,vp5/run2b_2018-05-22-15-50-07.ids_1,7,27990,28080,eat_drink,27
5,vp5/run2b_2018-05-22-15-50-07.ids_1,7,28080,28170,eat_drink,28
5,vp5/run2b_2018-05-22-15-50-07.ids_1,7,28170,28260,eat_drink,29
5,vp5/run2b_2018-05-22-15-50-07.ids_1,7,28260,28350,eat_drink,30
5,vp5/run2b_2018-05-22-15-50-07.ids_1,7,28350,28440,eat_drink,31
5,vp5/run2b_2018-05-22-15-50-07.ids_1,7,28440,28530,eat_drink,32
5,vp5/run2b_2018-05-22-15-50-07.ids_1,7,28530,28620,eat_drink,33
5,vp5/run2b_2018-05-22-15-50-07.ids_1,7,28620,28710,eat_drink,34
5,vp5/run2b_2018-05-22-15-50-07.ids_1,7,28710,28800,eat_drink,35
5,vp5/run2b_2018-05-22-15-50-07.ids_1,7,28800,28890,eat_drink,36
5,vp5/run2b_2018-05-22-15-50-07.ids_1,7,28890,28980,eat_drink,37
5,vp5/run2b_2018-05-22-15-50-07.ids_1,7,28980,29070,eat_drink,38
5,vp5/run2b_2018-05-22-15-50-07.ids_1,7,29070,29160,eat_drink,39
5,vp5/run2b_2018-05-22-15-50-07.ids_1,7,29160,29250,eat_drink,40
5,vp5/run2b_2018-05-22-15-50-07.ids_1,7,29250,29340,eat_drink,41
5,vp5/run2b_2018-05-22-15-50-07.ids_1,7,29340,29430,eat_drink,42
5,vp5/run2b_2018-05-22-15-50-07.ids_1,7,29430,29520,eat_drink,43
5,vp5/run2b_2018-05-22-15-50-07.ids_1,7,29520,29610,eat_drink,44
5,vp5/run2b_2018-05-22-15-50-07.ids_1,7,29610,29700,eat_drink,45
5,vp5/run2b_2018-05-22-15-50-07.ids_1,7,29700,29790,eat_drink,46
5,vp5/run2b_2018-05-22-15-50-07.ids_1,7,29790,29880,eat_drink,47
5,vp5/run2b_2018-05-22-15-50-07.ids_1,7,29880,29970,eat_drink,48
5,vp5/run2b_2018-05-22-15-50-07.ids_1,7,29970,30038,eat_drink,49
5,vp5/run2b_2018-05-22-15-50-07.ids_1,8,30600,30690,read_write_newspaper,0
5,vp5/run2b_2018-05-22-15-50-07.ids_1,8,30690,30780,read_write_newspaper,1
5,vp5/run2b_2018-05-22-15-50-07.ids_1,8,30780,30870,read_write_newspaper,2
5,vp5/run2b_2018-05-22-15-50-07.ids_1,8,30870,30960,read_write_newspaper,3
5,vp5/run2b_2018-05-22-15-50-07.ids_1,8,30960,31050,read_write_newspaper,4
5,vp5/run2b_2018-05-22-15-50-07.ids_1,8,31050,31140,read_write_newspaper,5
5,vp5/run2b_2018-05-22-15-50-07.ids_1,8,31140,31230,read_write_newspaper,6
5,vp5/run2b_2018-05-22-15-50-07.ids_1,8,31230,31320,read_write_newspaper,7
5,vp5/run2b_2018-05-22-15-50-07.ids_1,8,31320,31410,read_write_newspaper,8
5,vp5/run2b_2018-05-22-15-50-07.ids_1,8,31410,31500,read_write_newspaper,9
5,vp5/run2b_2018-05-22-15-50-07.ids_1,8,31500,31590,read_write_newspaper,10
5,vp5/run2b_2018-05-22-15-50-07.ids_1,8,31590,31680,read_write_newspaper,11
5,vp5/run2b_2018-05-22-15-50-07.ids_1,8,31680,31770,read_write_newspaper,12
5,vp5/run2b_2018-05-22-15-50-07.ids_1,8,31770,31860,read_write_newspaper,13
5,vp5/run2b_2018-05-22-15-50-07.ids_1,8,31860,31950,read_write_newspaper,14
5,vp5/run2b_2018-05-22-15-50-07.ids_1,8,31950,32040,read_write_newspaper,15
5,vp5/run2b_2018-05-22-15-50-07.ids_1,8,32040,32130,read_write_newspaper,16
5,vp5/run2b_2018-05-22-15-50-07.ids_1,8,32130,32220,read_write_newspaper,17
5,vp5/run2b_2018-05-22-15-50-07.ids_1,8,32220,32289,read_write_newspaper,18
5,vp5/run2b_2018-05-22-15-50-07.ids_1,9,33750,33840,take_off_sunglasses,0
5,vp5/run2b_2018-05-22-15-50-07.ids_1,9,33840,33930,take_off_sunglasses,1
5,vp5/run2b_2018-05-22-15-50-07.ids_1,9,33930,34020,take_off_sunglasses,2
5,vp5/run2b_2018-05-22-15-50-07.ids_1,9,34020,34029,take_off_sunglasses,3
5,vp5/run2b_2018-05-22-15-50-07.ids_1,10,34410,34500,work,0
5,vp5/run2b_2018-05-22-15-50-07.ids_1,10,34500,34590,work,1
5,vp5/run2b_2018-05-22-15-50-07.ids_1,10,34590,34680,work,2
5,vp5/run2b_2018-05-22-15-50-07.ids_1,10,34680,34770,work,3
5,vp5/run2b_2018-05-22-15-50-07.ids_1,10,34770,34860,work,4
5,vp5/run2b_2018-05-22-15-50-07.ids_1,10,34860,34950,work,5
5,vp5/run2b_2018-05-22-15-50-07.ids_1,10,34950,35040,work,6
5,vp5/run2b_2018-05-22-15-50-07.ids_1,10,35040,35130,work,7
5,vp5/run2b_2018-05-22-15-50-07.ids_1,10,35130,35220,work,8
5,vp5/run2b_2018-05-22-15-50-07.ids_1,10,35220,35310,work,9
5,vp5/run2b_2018-05-22-15-50-07.ids_1,10,35310,35400,work,10
5,vp5/run2b_2018-05-22-15-50-07.ids_1,10,35400,35490,work,11
5,vp5/run2b_2018-05-22-15-50-07.ids_1,10,35490,35580,work,12
5,vp5/run2b_2018-05-22-15-50-07.ids_1,10,35580,35670,work,13
5,vp5/run2b_2018-05-22-15-50-07.ids_1,10,35670,35760,work,14
5,vp5/run2b_2018-05-22-15-50-07.ids_1,10,35760,35850,work,15
5,vp5/run2b_2018-05-22-15-50-07.ids_1,10,35850,35940,work,16
5,vp5/run2b_2018-05-22-15-50-07.ids_1,10,35940,36030,work,17
5,vp5/run2b_2018-05-22-15-50-07.ids_1,10,36030,36120,work,18
5,vp5/run2b_2018-05-22-15-50-07.ids_1,10,36120,36210,work,19
5,vp5/run2b_2018-05-22-15-50-07.ids_1,10,36210,36300,work,20
5,vp5/run2b_2018-05-22-15-50-07.ids_1,10,36300,36390,work,21
5,vp5/run2b_2018-05-22-15-50-07.ids_1,10,36390,36480,work,22
5,vp5/run2b_2018-05-22-15-50-07.ids_1,10,36480,36570,work,23
5,vp5/run2b_2018-05-22-15-50-07.ids_1,10,36570,36660,work,24
5,vp5/run2b_2018-05-22-15-50-07.ids_1,10,36660,36750,work,25
5,vp5/run2b_2018-05-22-15-50-07.ids_1,10,36750,36840,work,26
5,vp5/run2b_2018-05-22-15-50-07.ids_1,10,36840,36930,work,27
5,vp5/run2b_2018-05-22-15-50-07.ids_1,10,36930,37020,work,28
5,vp5/run2b_2018-05-22-15-50-07.ids_1,10,37020,37110,work,29
5,vp5/run2b_2018-05-22-15-50-07.ids_1,10,37110,37200,work,30
5,vp5/run2b_2018-05-22-15-50-07.ids_1,10,37200,37290,work,31
5,vp5/run2b_2018-05-22-15-50-07.ids_1,10,37290,37380,work,32
5,vp5/run2b_2018-05-22-15-50-07.ids_1,10,37380,37470,work,33
5,vp5/run2b_2018-05-22-15-50-07.ids_1,10,37470,37479,work,34
5,vp5/run2b_2018-05-22-15-50-07.ids_1,11,38010,38100,final_task,0
5,vp5/run2b_2018-05-22-15-50-07.ids_1,11,38100,38190,final_task,1
5,vp5/run2b_2018-05-22-15-50-07.ids_1,11,38190,38280,final_task,2
5,vp5/run2b_2018-05-22-15-50-07.ids_1,11,38280,38370,final_task,3
5,vp5/run2b_2018-05-22-15-50-07.ids_1,11,38370,38460,final_task,4
5,vp5/run2b_2018-05-22-15-50-07.ids_1,11,38460,38550,final_task,5
5,vp5/run2b_2018-05-22-15-50-07.ids_1,11,38550,38640,final_task,6
5,vp5/run2b_2018-05-22-15-50-07.ids_1,11,38640,38700,final_task,7
6,vp6/run1_2018-05-23-10-21-45.ids_1,0,120,210,fasten_seat_belt,0
6,vp6/run1_2018-05-23-10-21-45.ids_1,0,210,300,fasten_seat_belt,1
6,vp6/run1_2018-05-23-10-21-45.ids_1,0,300,390,fasten_seat_belt,2
6,vp6/run1_2018-05-23-10-21-45.ids_1,0,390,480,fasten_seat_belt,3
6,vp6/run1_2018-05-23-10-21-45.ids_1,0,480,559,fasten_seat_belt,4
6,vp6/run1_2018-05-23-10-21-45.ids_1,1,8458,8548,hand_over,0
6,vp6/run1_2018-05-23-10-21-45.ids_1,1,8548,8638,hand_over,1
6,vp6/run1_2018-05-23-10-21-45.ids_1,1,8638,8728,hand_over,2
6,vp6/run1_2018-05-23-10-21-45.ids_1,1,8728,8818,hand_over,3
6,vp6/run1_2018-05-23-10-21-45.ids_1,1,8818,8908,hand_over,4
6,vp6/run1_2018-05-23-10-21-45.ids_1,1,8908,8942,hand_over,5
6,vp6/run1_2018-05-23-10-21-45.ids_1,2,9373,9463,put_on_jacket,0
6,vp6/run1_2018-05-23-10-21-45.ids_1,2,9463,9553,put_on_jacket,1
6,vp6/run1_2018-05-23-10-21-45.ids_1,2,9553,9643,put_on_jacket,2
6,vp6/run1_2018-05-23-10-21-45.ids_1,2,9643,9733,put_on_jacket,3
6,vp6/run1_2018-05-23-10-21-45.ids_1,2,9733,9823,put_on_jacket,4
6,vp6/run1_2018-05-23-10-21-45.ids_1,2,9823,9913,put_on_jacket,5
6,vp6/run1_2018-05-23-10-21-45.ids_1,2,9913,10003,put_on_jacket,6
6,vp6/run1_2018-05-23-10-21-45.ids_1,2,10003,10093,put_on_jacket,7
6,vp6/run1_2018-05-23-10-21-45.ids_1,2,10093,10183,put_on_jacket,8
6,vp6/run1_2018-05-23-10-21-45.ids_1,2,10183,10273,put_on_jacket,9
6,vp6/run1_2018-05-23-10-21-45.ids_1,2,10273,10363,put_on_jacket,10
6,vp6/run1_2018-05-23-10-21-45.ids_1,2,10363,10387,put_on_jacket,11
6,vp6/run1_2018-05-23-10-21-45.ids_1,3,12686,12776,read_write_newspaper,0
6,vp6/run1_2018-05-23-10-21-45.ids_1,3,12776,12866,read_write_newspaper,1
6,vp6/run1_2018-05-23-10-21-45.ids_1,3,12866,12956,read_write_newspaper,2
6,vp6/run1_2018-05-23-10-21-45.ids_1,3,12956,13046,read_write_newspaper,3
6,vp6/run1_2018-05-23-10-21-45.ids_1,3,13046,13136,read_write_newspaper,4
6,vp6/run1_2018-05-23-10-21-45.ids_1,3,13136,13226,read_write_newspaper,5
6,vp6/run1_2018-05-23-10-21-45.ids_1,3,13226,13316,read_write_newspaper,6
6,vp6/run1_2018-05-23-10-21-45.ids_1,3,13316,13406,read_write_newspaper,7
6,vp6/run1_2018-05-23-10-21-45.ids_1,3,13406,13496,read_write_newspaper,8
6,vp6/run1_2018-05-23-10-21-45.ids_1,3,13496,13586,read_write_newspaper,9
6,vp6/run1_2018-05-23-10-21-45.ids_1,3,13586,13676,read_write_newspaper,10
6,vp6/run1_2018-05-23-10-21-45.ids_1,3,13676,13766,read_write_newspaper,11
6,vp6/run1_2018-05-23-10-21-45.ids_1,3,13766,13856,read_write_newspaper,12
6,vp6/run1_2018-05-23-10-21-45.ids_1,3,13856,13946,read_write_newspaper,13
6,vp6/run1_2018-05-23-10-21-45.ids_1,3,13946,14036,read_write_newspaper,14
6,vp6/run1_2018-05-23-10-21-45.ids_1,3,14036,14126,read_write_newspaper,15
6,vp6/run1_2018-05-23-10-21-45.ids_1,3,14126,14216,read_write_newspaper,16
6,vp6/run1_2018-05-23-10-21-45.ids_1,3,14216,14306,read_write_newspaper,17
6,vp6/run1_2018-05-23-10-21-45.ids_1,3,14306,14396,read_write_newspaper,18
6,vp6/run1_2018-05-23-10-21-45.ids_1,3,14396,14486,read_write_newspaper,19
6,vp6/run1_2018-05-23-10-21-45.ids_1,3,14486,14576,read_write_newspaper,20
6,vp6/run1_2018-05-23-10-21-45.ids_1,3,14576,14666,read_write_newspaper,21
6,vp6/run1_2018-05-23-10-21-45.ids_1,3,14666,14756,read_write_newspaper,22
6,vp6/run1_2018-05-23-10-21-45.ids_1,3,14756,14846,read_write_newspaper,23
6,vp6/run1_2018-05-23-10-21-45.ids_1,3,14846,14936,read_write_newspaper,24
6,vp6/run1_2018-05-23-10-21-45.ids_1,3,14936,15026,read_write_newspaper,25
6,vp6/run1_2018-05-23-10-21-45.ids_1,3,15026,15116,read_write_newspaper,26
6,vp6/run1_2018-05-23-10-21-45.ids_1,3,15116,15206,read_write_newspaper,27
6,vp6/run1_2018-05-23-10-21-45.ids_1,3,15206,15296,read_write_newspaper,28
6,vp6/run1_2018-05-23-10-21-45.ids_1,3,15296,15386,read_write_newspaper,29
6,vp6/run1_2018-05-23-10-21-45.ids_1,3,15386,15476,read_write_newspaper,30
6,vp6/run1_2018-05-23-10-21-45.ids_1,3,15476,15566,read_write_newspaper,31
6,vp6/run1_2018-05-23-10-21-45.ids_1,3,15566,15656,read_write_newspaper,32
6,vp6/run1_2018-05-23-10-21-45.ids_1,3,15656,15746,read_write_newspaper,33
6,vp6/run1_2018-05-23-10-21-45.ids_1,3,15746,15836,read_write_newspaper,34
6,vp6/run1_2018-05-23-10-21-45.ids_1,3,15836,15926,read_write_newspaper,35
6,vp6/run1_2018-05-23-10-21-45.ids_1,3,15926,16016,read_write_newspaper,36
6,vp6/run1_2018-05-23-10-21-45.ids_1,3,16016,16106,read_write_newspaper,37
6,vp6/run1_2018-05-23-10-21-45.ids_1,3,16106,16196,read_write_newspaper,38
6,vp6/run1_2018-05-23-10-21-45.ids_1,3,16196,16286,read_write_newspaper,39
6,vp6/run1_2018-05-23-10-21-45.ids_1,3,16286,16376,read_write_newspaper,40
6,vp6/run1_2018-05-23-10-21-45.ids_1,3,16376,16466,read_write_newspaper,41
6,vp6/run1_2018-05-23-10-21-45.ids_1,3,16466,16556,read_write_newspaper,42
6,vp6/run1_2018-05-23-10-21-45.ids_1,3,16556,16646,read_write_newspaper,43
6,vp6/run1_2018-05-23-10-21-45.ids_1,3,16646,16736,read_write_newspaper,44
6,vp6/run1_2018-05-23-10-21-45.ids_1,3,16736,16826,read_write_newspaper,45
6,vp6/run1_2018-05-23-10-21-45.ids_1,3,16826,16916,read_write_newspaper,46
6,vp6/run1_2018-05-23-10-21-45.ids_1,3,16916,16933,read_write_newspaper,47
6,vp6/run1_2018-05-23-10-21-45.ids_1,4,21830,21920,hand_over,0
6,vp6/run1_2018-05-23-10-21-45.ids_1,4,21920,22010,hand_over,1
6,vp6/run1_2018-05-23-10-21-45.ids_1,4,22010,22100,hand_over,2
6,vp6/run1_2018-05-23-10-21-45.ids_1,4,22100,22190,hand_over,3
6,vp6/run1_2018-05-23-10-21-45.ids_1,4,22190,22206,hand_over,4
6,vp6/run1_2018-05-23-10-21-45.ids_1,5,22215,22305,work,0
6,vp6/run1_2018-05-23-10-21-45.ids_1,5,22305,22395,work,1
6,vp6/run1_2018-05-23-10-21-45.ids_1,5,22395,22485,work,2
6,vp6/run1_2018-05-23-10-21-45.ids_1,5,22485,22575,work,3
6,vp6/run1_2018-05-23-10-21-45.ids_1,5,22575,22665,work,4
6,vp6/run1_2018-05-23-10-21-45.ids_1,5,22665,22755,work,5
6,vp6/run1_2018-05-23-10-21-45.ids_1,5,22755,22845,work,6
6,vp6/run1_2018-05-23-10-21-45.ids_1,5,22845,22935,work,7
6,vp6/run1_2018-05-23-10-21-45.ids_1,5,22935,23025,work,8
6,vp6/run1_2018-05-23-10-21-45.ids_1,5,23025,23115,work,9
6,vp6/run1_2018-05-23-10-21-45.ids_1,5,23115,23205,work,10
6,vp6/run1_2018-05-23-10-21-45.ids_1,5,23205,23295,work,11
6,vp6/run1_2018-05-23-10-21-45.ids_1,5,23295,23385,work,12
6,vp6/run1_2018-05-23-10-21-45.ids_1,5,23385,23475,work,13
6,vp6/run1_2018-05-23-10-21-45.ids_1,5,23475,23565,work,14
6,vp6/run1_2018-05-23-10-21-45.ids_1,5,23565,23655,work,15
6,vp6/run1_2018-05-23-10-21-45.ids_1,5,23655,23745,work,16
6,vp6/run1_2018-05-23-10-21-45.ids_1,5,23745,23835,work,17
6,vp6/run1_2018-05-23-10-21-45.ids_1,5,23835,23925,work,18
6,vp6/run1_2018-05-23-10-21-45.ids_1,5,23925,24015,work,19
6,vp6/run1_2018-05-23-10-21-45.ids_1,5,24015,24105,work,20
6,vp6/run1_2018-05-23-10-21-45.ids_1,5,24105,24195,work,21
6,vp6/run1_2018-05-23-10-21-45.ids_1,5,24195,24285,work,22
6,vp6/run1_2018-05-23-10-21-45.ids_1,5,24285,24375,work,23
6,vp6/run1_2018-05-23-10-21-45.ids_1,5,24375,24465,work,24
6,vp6/run1_2018-05-23-10-21-45.ids_1,5,24465,24555,work,25
6,vp6/run1_2018-05-23-10-21-45.ids_1,5,24555,24645,work,26
6,vp6/run1_2018-05-23-10-21-45.ids_1,5,24645,24735,work,27
6,vp6/run1_2018-05-23-10-21-45.ids_1,5,24735,24825,work,28
6,vp6/run1_2018-05-23-10-21-45.ids_1,5,24825,24915,work,29
6,vp6/run1_2018-05-23-10-21-45.ids_1,5,24915,25005,work,30
6,vp6/run1_2018-05-23-10-21-45.ids_1,5,25005,25095,work,31
6,vp6/run1_2018-05-23-10-21-45.ids_1,5,25095,25185,work,32
6,vp6/run1_2018-05-23-10-21-45.ids_1,5,25185,25275,work,33
6,vp6/run1_2018-05-23-10-21-45.ids_1,5,25275,25365,work,34
6,vp6/run1_2018-05-23-10-21-45.ids_1,5,25365,25455,work,35
6,vp6/run1_2018-05-23-10-21-45.ids_1,5,25455,25545,work,36
6,vp6/run1_2018-05-23-10-21-45.ids_1,5,25545,25635,work,37
6,vp6/run1_2018-05-23-10-21-45.ids_1,5,25635,25725,work,38
6,vp6/run1_2018-05-23-10-21-45.ids_1,5,25725,25815,work,39
6,vp6/run1_2018-05-23-10-21-45.ids_1,5,25815,25905,work,40
6,vp6/run1_2018-05-23-10-21-45.ids_1,5,25905,25995,work,41
6,vp6/run1_2018-05-23-10-21-45.ids_1,5,25995,26085,work,42
6,vp6/run1_2018-05-23-10-21-45.ids_1,5,26085,26175,work,43
6,vp6/run1_2018-05-23-10-21-45.ids_1,5,26175,26265,work,44
6,vp6/run1_2018-05-23-10-21-45.ids_1,5,26265,26355,work,45
6,vp6/run1_2018-05-23-10-21-45.ids_1,5,26355,26445,work,46
6,vp6/run1_2018-05-23-10-21-45.ids_1,5,26445,26535,work,47
6,vp6/run1_2018-05-23-10-21-45.ids_1,5,26535,26625,work,48
6,vp6/run1_2018-05-23-10-21-45.ids_1,5,26625,26672,work,49
6,vp6/run1_2018-05-23-10-21-45.ids_1,6,27300,27390,read_write_magazine,0
6,vp6/run1_2018-05-23-10-21-45.ids_1,6,27390,27480,read_write_magazine,1
6,vp6/run1_2018-05-23-10-21-45.ids_1,6,27480,27570,read_write_magazine,2
6,vp6/run1_2018-05-23-10-21-45.ids_1,6,27570,27660,read_write_magazine,3
6,vp6/run1_2018-05-23-10-21-45.ids_1,6,27660,27750,read_write_magazine,4
6,vp6/run1_2018-05-23-10-21-45.ids_1,6,27750,27840,read_write_magazine,5
6,vp6/run1_2018-05-23-10-21-45.ids_1,6,27840,27930,read_write_magazine,6
6,vp6/run1_2018-05-23-10-21-45.ids_1,6,27930,28020,read_write_magazine,7
6,vp6/run1_2018-05-23-10-21-45.ids_1,6,28020,28110,read_write_magazine,8
6,vp6/run1_2018-05-23-10-21-45.ids_1,6,28110,28200,read_write_magazine,9
6,vp6/run1_2018-05-23-10-21-45.ids_1,6,28200,28290,read_write_magazine,10
6,vp6/run1_2018-05-23-10-21-45.ids_1,6,28290,28380,read_write_magazine,11
6,vp6/run1_2018-05-23-10-21-45.ids_1,6,28380,28470,read_write_magazine,12
6,vp6/run1_2018-05-23-10-21-45.ids_1,6,28470,28560,read_write_magazine,13
6,vp6/run1_2018-05-23-10-21-45.ids_1,6,28560,28650,read_write_magazine,14
6,vp6/run1_2018-05-23-10-21-45.ids_1,6,28650,28740,read_write_magazine,15
6,vp6/run1_2018-05-23-10-21-45.ids_1,6,28740,28830,read_write_magazine,16
6,vp6/run1_2018-05-23-10-21-45.ids_1,6,28830,28920,read_write_magazine,17
6,vp6/run1_2018-05-23-10-21-45.ids_1,6,28920,29010,read_write_magazine,18
6,vp6/run1_2018-05-23-10-21-45.ids_1,6,29010,29100,read_write_magazine,19
6,vp6/run1_2018-05-23-10-21-45.ids_1,6,29100,29190,read_write_magazine,20
6,vp6/run1_2018-05-23-10-21-45.ids_1,6,29190,29280,read_write_magazine,21
6,vp6/run1_2018-05-23-10-21-45.ids_1,6,29280,29370,read_write_magazine,22
6,vp6/run1_2018-05-23-10-21-45.ids_1,6,29370,29460,read_write_magazine,23
6,vp6/run1_2018-05-23-10-21-45.ids_1,6,29460,29550,read_write_magazine,24
6,vp6/run1_2018-05-23-10-21-45.ids_1,6,29550,29640,read_write_magazine,25
6,vp6/run1_2018-05-23-10-21-45.ids_1,6,29640,29730,read_write_magazine,26
6,vp6/run1_2018-05-23-10-21-45.ids_1,6,29730,29820,read_write_magazine,27
6,vp6/run1_2018-05-23-10-21-45.ids_1,6,29820,29910,read_write_magazine,28
6,vp6/run1_2018-05-23-10-21-45.ids_1,6,29910,30000,read_write_magazine,29
6,vp6/run1_2018-05-23-10-21-45.ids_1,6,30000,30090,read_write_magazine,30
6,vp6/run1_2018-05-23-10-21-45.ids_1,6,30090,30180,read_write_magazine,31
6,vp6/run1_2018-05-23-10-21-45.ids_1,6,30180,30270,read_write_magazine,32
6,vp6/run1_2018-05-23-10-21-45.ids_1,6,30270,30360,read_write_magazine,33
6,vp6/run1_2018-05-23-10-21-45.ids_1,6,30360,30409,read_write_magazine,34
6,vp6/run1_2018-05-23-10-21-45.ids_1,7,31957,32047,put_on_sunglasses,0
6,vp6/run1_2018-05-23-10-21-45.ids_1,7,32047,32137,put_on_sunglasses,1
6,vp6/run1_2018-05-23-10-21-45.ids_1,7,32137,32227,put_on_sunglasses,2
6,vp6/run1_2018-05-23-10-21-45.ids_1,7,32227,32317,put_on_sunglasses,3
6,vp6/run1_2018-05-23-10-21-45.ids_1,7,32317,32337,put_on_sunglasses,4
6,vp6/run1_2018-05-23-10-21-45.ids_1,8,37351,37441,take_off_sunglasses,0
6,vp6/run1_2018-05-23-10-21-45.ids_1,8,37441,37531,take_off_sunglasses,1
6,vp6/run1_2018-05-23-10-21-45.ids_1,8,37531,37551,take_off_sunglasses,2
6,vp6/run1_2018-05-23-10-21-45.ids_1,9,37551,37618,hand_over,0
6,vp6/run1_2018-05-23-10-21-45.ids_1,10,39151,39241,eat_drink,0
6,vp6/run1_2018-05-23-10-21-45.ids_1,10,39241,39331,eat_drink,1
6,vp6/run1_2018-05-23-10-21-45.ids_1,10,39331,39421,eat_drink,2
6,vp6/run1_2018-05-23-10-21-45.ids_1,10,39421,39511,eat_drink,3
6,vp6/run1_2018-05-23-10-21-45.ids_1,10,39511,39601,eat_drink,4
6,vp6/run1_2018-05-23-10-21-45.ids_1,10,39601,39691,eat_drink,5
6,vp6/run1_2018-05-23-10-21-45.ids_1,10,39691,39781,eat_drink,6
6,vp6/run1_2018-05-23-10-21-45.ids_1,10,39781,39871,eat_drink,7
6,vp6/run1_2018-05-23-10-21-45.ids_1,10,39871,39961,eat_drink,8
6,vp6/run1_2018-05-23-10-21-45.ids_1,10,39961,40051,eat_drink,9
6,vp6/run1_2018-05-23-10-21-45.ids_1,10,40051,40141,eat_drink,10
6,vp6/run1_2018-05-23-10-21-45.ids_1,10,40141,40231,eat_drink,11
6,vp6/run1_2018-05-23-10-21-45.ids_1,10,40231,40321,eat_drink,12
6,vp6/run1_2018-05-23-10-21-45.ids_1,10,40321,40411,eat_drink,13
6,vp6/run1_2018-05-23-10-21-45.ids_1,10,40411,40501,eat_drink,14
6,vp6/run1_2018-05-23-10-21-45.ids_1,10,40501,40591,eat_drink,15
6,vp6/run1_2018-05-23-10-21-45.ids_1,10,40591,40681,eat_drink,16
6,vp6/run1_2018-05-23-10-21-45.ids_1,10,40681,40771,eat_drink,17
6,vp6/run1_2018-05-23-10-21-45.ids_1,10,40771,40861,eat_drink,18
6,vp6/run1_2018-05-23-10-21-45.ids_1,10,40861,40951,eat_drink,19
6,vp6/run1_2018-05-23-10-21-45.ids_1,10,40951,41041,eat_drink,20
6,vp6/run1_2018-05-23-10-21-45.ids_1,10,41041,41131,eat_drink,21
6,vp6/run1_2018-05-23-10-21-45.ids_1,10,41131,41221,eat_drink,22
6,vp6/run1_2018-05-23-10-21-45.ids_1,10,41221,41300,eat_drink,23
6,vp6/run1_2018-05-23-10-21-45.ids_1,11,41818,41908,eat_drink,0
6,vp6/run1_2018-05-23-10-21-45.ids_1,11,41908,41998,eat_drink,1
6,vp6/run1_2018-05-23-10-21-45.ids_1,11,41998,42088,eat_drink,2
6,vp6/run1_2018-05-23-10-21-45.ids_1,11,42088,42178,eat_drink,3
6,vp6/run1_2018-05-23-10-21-45.ids_1,11,42178,42268,eat_drink,4
6,vp6/run1_2018-05-23-10-21-45.ids_1,11,42268,42358,eat_drink,5
6,vp6/run1_2018-05-23-10-21-45.ids_1,11,42358,42448,eat_drink,6
6,vp6/run1_2018-05-23-10-21-45.ids_1,11,42448,42458,eat_drink,7
6,vp6/run1_2018-05-23-10-21-45.ids_1,12,45417,45507,hand_over,0
6,vp6/run1_2018-05-23-10-21-45.ids_1,12,45507,45597,hand_over,1
6,vp6/run1_2018-05-23-10-21-45.ids_1,12,45597,45687,hand_over,2
6,vp6/run1_2018-05-23-10-21-45.ids_1,12,45687,45777,hand_over,3
6,vp6/run1_2018-05-23-10-21-45.ids_1,13,47734,47824,put_on_sunglasses,0
6,vp6/run1_2018-05-23-10-21-45.ids_1,13,47824,47914,put_on_sunglasses,1
6,vp6/run1_2018-05-23-10-21-45.ids_1,13,47914,48004,put_on_sunglasses,2
6,vp6/run1_2018-05-23-10-21-45.ids_1,13,48004,48017,put_on_sunglasses,3
6,vp6/run1_2018-05-23-10-21-45.ids_1,14,48484,48574,hand_over,0
6,vp6/run1_2018-05-23-10-21-45.ids_1,14,48574,48627,hand_over,1
6,vp6/run1_2018-05-23-10-21-45.ids_1,15,50284,50374,take_off_jacket,0
6,vp6/run1_2018-05-23-10-21-45.ids_1,15,50374,50464,take_off_jacket,1
6,vp6/run1_2018-05-23-10-21-45.ids_1,15,50464,50554,take_off_jacket,2
6,vp6/run1_2018-05-23-10-21-45.ids_1,15,50554,50644,take_off_jacket,3
6,vp6/run1_2018-05-23-10-21-45.ids_1,15,50644,50734,take_off_jacket,4
6,vp6/run1_2018-05-23-10-21-45.ids_1,15,50734,50754,take_off_jacket,5
6,vp6/run1_2018-05-23-10-21-45.ids_1,16,52180,52270,final_task,0
6,vp6/run1_2018-05-23-10-21-45.ids_1,16,52270,52360,final_task,1
6,vp6/run1_2018-05-23-10-21-45.ids_1,16,52360,52450,final_task,2
6,vp6/run1_2018-05-23-10-21-45.ids_1,16,52450,52540,final_task,3
6,vp6/run1_2018-05-23-10-21-45.ids_1,16,52540,52630,final_task,4
6,vp6/run1_2018-05-23-10-21-45.ids_1,16,52630,52720,final_task,5
6,vp6/run1_2018-05-23-10-21-45.ids_1,16,52720,52810,final_task,6
6,vp6/run1_2018-05-23-10-21-45.ids_1,16,52810,52900,final_task,7
6,vp6/run1_2018-05-23-10-21-45.ids_1,16,52900,52990,final_task,8
6,vp6/run1_2018-05-23-10-21-45.ids_1,16,52990,53080,final_task,9
6,vp6/run1_2018-05-23-10-21-45.ids_1,16,53080,53170,final_task,10
6,vp6/run1_2018-05-23-10-21-45.ids_1,16,53170,53260,final_task,11
6,vp6/run1_2018-05-23-10-21-45.ids_1,16,53260,53350,final_task,12
6,vp6/run1_2018-05-23-10-21-45.ids_1,16,53350,53440,final_task,13
6,vp6/run1_2018-05-23-10-21-45.ids_1,16,53440,53506,final_task,14
6,vp6/run2_2018-05-23-11-05-00.ids_1,0,0,90,fasten_seat_belt,0
6,vp6/run2_2018-05-23-11-05-00.ids_1,0,90,180,fasten_seat_belt,1
6,vp6/run2_2018-05-23-11-05-00.ids_1,0,180,270,fasten_seat_belt,2
6,vp6/run2_2018-05-23-11-05-00.ids_1,0,270,360,fasten_seat_belt,3
6,vp6/run2_2018-05-23-11-05-00.ids_1,0,360,450,fasten_seat_belt,4
6,vp6/run2_2018-05-23-11-05-00.ids_1,0,450,540,fasten_seat_belt,5
6,vp6/run2_2018-05-23-11-05-00.ids_1,0,540,630,fasten_seat_belt,6
6,vp6/run2_2018-05-23-11-05-00.ids_1,0,630,720,fasten_seat_belt,7
6,vp6/run2_2018-05-23-11-05-00.ids_1,0,720,810,fasten_seat_belt,8
6,vp6/run2_2018-05-23-11-05-00.ids_1,0,810,900,fasten_seat_belt,9
6,vp6/run2_2018-05-23-11-05-00.ids_1,0,900,990,fasten_seat_belt,10
6,vp6/run2_2018-05-23-11-05-00.ids_1,0,990,1080,fasten_seat_belt,11
6,vp6/run2_2018-05-23-11-05-00.ids_1,0,1080,1170,fasten_seat_belt,12
6,vp6/run2_2018-05-23-11-05-00.ids_1,0,1170,1239,fasten_seat_belt,13
6,vp6/run2_2018-05-23-11-05-00.ids_1,1,6660,6750,hand_over,0
6,vp6/run2_2018-05-23-11-05-00.ids_1,1,6750,6840,hand_over,1
6,vp6/run2_2018-05-23-11-05-00.ids_1,1,6840,6909,hand_over,2
6,vp6/run2_2018-05-23-11-05-00.ids_1,2,7710,7800,read_write_magazine,0
6,vp6/run2_2018-05-23-11-05-00.ids_1,2,7800,7890,read_write_magazine,1
6,vp6/run2_2018-05-23-11-05-00.ids_1,2,7890,7980,read_write_magazine,2
6,vp6/run2_2018-05-23-11-05-00.ids_1,2,7980,8070,read_write_magazine,3
6,vp6/run2_2018-05-23-11-05-00.ids_1,2,8070,8160,read_write_magazine,4
6,vp6/run2_2018-05-23-11-05-00.ids_1,2,8160,8250,read_write_magazine,5
6,vp6/run2_2018-05-23-11-05-00.ids_1,2,8250,8340,read_write_magazine,6
6,vp6/run2_2018-05-23-11-05-00.ids_1,2,8340,8430,read_write_magazine,7
6,vp6/run2_2018-05-23-11-05-00.ids_1,2,8430,8520,read_write_magazine,8
6,vp6/run2_2018-05-23-11-05-00.ids_1,2,8520,8610,read_write_magazine,9
6,vp6/run2_2018-05-23-11-05-00.ids_1,2,8610,8700,read_write_magazine,10
6,vp6/run2_2018-05-23-11-05-00.ids_1,2,8700,8790,read_write_magazine,11
6,vp6/run2_2018-05-23-11-05-00.ids_1,2,8790,8880,read_write_magazine,12
6,vp6/run2_2018-05-23-11-05-00.ids_1,2,8880,8970,read_write_magazine,13
6,vp6/run2_2018-05-23-11-05-00.ids_1,2,8970,9060,read_write_magazine,14
6,vp6/run2_2018-05-23-11-05-00.ids_1,2,9060,9150,read_write_magazine,15
6,vp6/run2_2018-05-23-11-05-00.ids_1,2,9150,9240,read_write_magazine,16
6,vp6/run2_2018-05-23-11-05-00.ids_1,2,9240,9330,read_write_magazine,17
6,vp6/run2_2018-05-23-11-05-00.ids_1,2,9330,9420,read_write_magazine,18
6,vp6/run2_2018-05-23-11-05-00.ids_1,2,9420,9510,read_write_magazine,19
6,vp6/run2_2018-05-23-11-05-00.ids_1,2,9510,9600,read_write_magazine,20
6,vp6/run2_2018-05-23-11-05-00.ids_1,2,9600,9690,read_write_magazine,21
6,vp6/run2_2018-05-23-11-05-00.ids_1,2,9690,9780,read_write_magazine,22
6,vp6/run2_2018-05-23-11-05-00.ids_1,2,9780,9870,read_write_magazine,23
6,vp6/run2_2018-05-23-11-05-00.ids_1,2,9870,9960,read_write_magazine,24
6,vp6/run2_2018-05-23-11-05-00.ids_1,2,9960,10050,read_write_magazine,25
6,vp6/run2_2018-05-23-11-05-00.ids_1,2,10050,10140,read_write_magazine,26
6,vp6/run2_2018-05-23-11-05-00.ids_1,2,10140,10230,read_write_magazine,27
6,vp6/run2_2018-05-23-11-05-00.ids_1,2,10230,10320,read_write_magazine,28
6,vp6/run2_2018-05-23-11-05-00.ids_1,2,10320,10410,read_write_magazine,29
6,vp6/run2_2018-05-23-11-05-00.ids_1,2,10410,10419,read_write_magazine,30
6,vp6/run2_2018-05-23-11-05-00.ids_1,3,10830,10920,put_on_jacket,0
6,vp6/run2_2018-05-23-11-05-00.ids_1,3,10920,11010,put_on_jacket,1
6,vp6/run2_2018-05-23-11-05-00.ids_1,3,11010,11100,put_on_jacket,2
6,vp6/run2_2018-05-23-11-05-00.ids_1,3,11100,11190,put_on_jacket,3
6,vp6/run2_2018-05-23-11-05-00.ids_1,3,11190,11280,put_on_jacket,4
6,vp6/run2_2018-05-23-11-05-00.ids_1,3,11280,11370,put_on_jacket,5
6,vp6/run2_2018-05-23-11-05-00.ids_1,3,11370,11460,put_on_jacket,6
6,vp6/run2_2018-05-23-11-05-00.ids_1,3,11460,11550,put_on_jacket,7
6,vp6/run2_2018-05-23-11-05-00.ids_1,3,11550,11640,put_on_jacket,8
6,vp6/run2_2018-05-23-11-05-00.ids_1,3,11640,11730,put_on_jacket,9
6,vp6/run2_2018-05-23-11-05-00.ids_1,3,11730,11820,put_on_jacket,10
6,vp6/run2_2018-05-23-11-05-00.ids_1,3,11820,11910,put_on_jacket,11
6,vp6/run2_2018-05-23-11-05-00.ids_1,3,11910,12000,put_on_jacket,12
6,vp6/run2_2018-05-23-11-05-00.ids_1,3,12000,12090,put_on_jacket,13
6,vp6/run2_2018-05-23-11-05-00.ids_1,3,12090,12180,put_on_jacket,14
6,vp6/run2_2018-05-23-11-05-00.ids_1,3,12180,12219,put_on_jacket,15
6,vp6/run2_2018-05-23-11-05-00.ids_1,4,12960,13050,put_on_sunglasses,0
6,vp6/run2_2018-05-23-11-05-00.ids_1,4,13050,13140,put_on_sunglasses,1
6,vp6/run2_2018-05-23-11-05-00.ids_1,4,13140,13230,put_on_sunglasses,2
6,vp6/run2_2018-05-23-11-05-00.ids_1,4,13230,13320,put_on_sunglasses,3
6,vp6/run2_2018-05-23-11-05-00.ids_1,4,13320,13410,put_on_sunglasses,4
6,vp6/run2_2018-05-23-11-05-00.ids_1,4,13410,13500,put_on_sunglasses,5
6,vp6/run2_2018-05-23-11-05-00.ids_1,4,13500,13569,put_on_sunglasses,6
6,vp6/run2_2018-05-23-11-05-00.ids_1,5,14280,14370,eat_drink,0
6,vp6/run2_2018-05-23-11-05-00.ids_1,5,14370,14460,eat_drink,1
6,vp6/run2_2018-05-23-11-05-00.ids_1,5,14460,14550,eat_drink,2
6,vp6/run2_2018-05-23-11-05-00.ids_1,5,14550,14640,eat_drink,3
6,vp6/run2_2018-05-23-11-05-00.ids_1,5,14640,14730,eat_drink,4
6,vp6/run2_2018-05-23-11-05-00.ids_1,5,14730,14820,eat_drink,5
6,vp6/run2_2018-05-23-11-05-00.ids_1,5,14820,14910,eat_drink,6
6,vp6/run2_2018-05-23-11-05-00.ids_1,5,14910,15000,eat_drink,7
6,vp6/run2_2018-05-23-11-05-00.ids_1,5,15000,15090,eat_drink,8
6,vp6/run2_2018-05-23-11-05-00.ids_1,5,15090,15180,eat_drink,9
6,vp6/run2_2018-05-23-11-05-00.ids_1,5,15180,15270,eat_drink,10
6,vp6/run2_2018-05-23-11-05-00.ids_1,5,15270,15360,eat_drink,11
6,vp6/run2_2018-05-23-11-05-00.ids_1,5,15360,15450,eat_drink,12
6,vp6/run2_2018-05-23-11-05-00.ids_1,5,15450,15540,eat_drink,13
6,vp6/run2_2018-05-23-11-05-00.ids_1,5,15540,15630,eat_drink,14
6,vp6/run2_2018-05-23-11-05-00.ids_1,5,15630,15720,eat_drink,15
6,vp6/run2_2018-05-23-11-05-00.ids_1,5,15720,15810,eat_drink,16
6,vp6/run2_2018-05-23-11-05-00.ids_1,5,15810,15900,eat_drink,17
6,vp6/run2_2018-05-23-11-05-00.ids_1,5,15900,15990,eat_drink,18
6,vp6/run2_2018-05-23-11-05-00.ids_1,5,15990,16080,eat_drink,19
6,vp6/run2_2018-05-23-11-05-00.ids_1,5,16080,16170,eat_drink,20
6,vp6/run2_2018-05-23-11-05-00.ids_1,5,16170,16260,eat_drink,21
6,vp6/run2_2018-05-23-11-05-00.ids_1,5,16260,16350,eat_drink,22
6,vp6/run2_2018-05-23-11-05-00.ids_1,5,16350,16440,eat_drink,23
6,vp6/run2_2018-05-23-11-05-00.ids_1,5,16440,16530,eat_drink,24
6,vp6/run2_2018-05-23-11-05-00.ids_1,5,16530,16620,eat_drink,25
6,vp6/run2_2018-05-23-11-05-00.ids_1,5,16620,16710,eat_drink,26
6,vp6/run2_2018-05-23-11-05-00.ids_1,5,16710,16800,eat_drink,27
6,vp6/run2_2018-05-23-11-05-00.ids_1,5,16800,16890,eat_drink,28
6,vp6/run2_2018-05-23-11-05-00.ids_1,5,16890,16980,eat_drink,29
6,vp6/run2_2018-05-23-11-05-00.ids_1,5,16980,17070,eat_drink,30
6,vp6/run2_2018-05-23-11-05-00.ids_1,5,17070,17160,eat_drink,31
6,vp6/run2_2018-05-23-11-05-00.ids_1,5,17160,17250,eat_drink,32
6,vp6/run2_2018-05-23-11-05-00.ids_1,5,17250,17340,eat_drink,33
6,vp6/run2_2018-05-23-11-05-00.ids_1,5,17340,17430,eat_drink,34
6,vp6/run2_2018-05-23-11-05-00.ids_1,5,17430,17520,eat_drink,35
6,vp6/run2_2018-05-23-11-05-00.ids_1,5,17520,17610,eat_drink,36
6,vp6/run2_2018-05-23-11-05-00.ids_1,5,17610,17700,eat_drink,37
6,vp6/run2_2018-05-23-11-05-00.ids_1,5,17700,17790,eat_drink,38
6,vp6/run2_2018-05-23-11-05-00.ids_1,5,17790,17880,eat_drink,39
6,vp6/run2_2018-05-23-11-05-00.ids_1,5,17880,17889,eat_drink,40
6,vp6/run2_2018-05-23-11-05-00.ids_1,6,18120,18210,watch_video,0
6,vp6/run2_2018-05-23-11-05-00.ids_1,6,18210,18300,watch_video,1
6,vp6/run2_2018-05-23-11-05-00.ids_1,6,18300,18390,watch_video,2
6,vp6/run2_2018-05-23-11-05-00.ids_1,6,18390,18480,watch_video,3
6,vp6/run2_2018-05-23-11-05-00.ids_1,6,18480,18570,watch_video,4
6,vp6/run2_2018-05-23-11-05-00.ids_1,6,18570,18660,watch_video,5
6,vp6/run2_2018-05-23-11-05-00.ids_1,6,18660,18750,watch_video,6
6,vp6/run2_2018-05-23-11-05-00.ids_1,6,18750,18840,watch_video,7
6,vp6/run2_2018-05-23-11-05-00.ids_1,6,18840,18930,watch_video,8
6,vp6/run2_2018-05-23-11-05-00.ids_1,6,18930,19020,watch_video,9
6,vp6/run2_2018-05-23-11-05-00.ids_1,6,19020,19110,watch_video,10
6,vp6/run2_2018-05-23-11-05-00.ids_1,6,19110,19200,watch_video,11
6,vp6/run2_2018-05-23-11-05-00.ids_1,6,19200,19290,watch_video,12
6,vp6/run2_2018-05-23-11-05-00.ids_1,6,19290,19380,watch_video,13
6,vp6/run2_2018-05-23-11-05-00.ids_1,6,19380,19470,watch_video,14
6,vp6/run2_2018-05-23-11-05-00.ids_1,6,19470,19560,watch_video,15
6,vp6/run2_2018-05-23-11-05-00.ids_1,6,19560,19650,watch_video,16
6,vp6/run2_2018-05-23-11-05-00.ids_1,6,19650,19740,watch_video,17
6,vp6/run2_2018-05-23-11-05-00.ids_1,6,19740,19830,watch_video,18
6,vp6/run2_2018-05-23-11-05-00.ids_1,6,19830,19920,watch_video,19
6,vp6/run2_2018-05-23-11-05-00.ids_1,6,19920,20010,watch_video,20
6,vp6/run2_2018-05-23-11-05-00.ids_1,6,20010,20100,watch_video,21
6,vp6/run2_2018-05-23-11-05-00.ids_1,6,20100,20190,watch_video,22
6,vp6/run2_2018-05-23-11-05-00.ids_1,6,20190,20280,watch_video,23
6,vp6/run2_2018-05-23-11-05-00.ids_1,6,20280,20370,watch_video,24
6,vp6/run2_2018-05-23-11-05-00.ids_1,6,20370,20460,watch_video,25
6,vp6/run2_2018-05-23-11-05-00.ids_1,6,20460,20550,watch_video,26
6,vp6/run2_2018-05-23-11-05-00.ids_1,6,20550,20640,watch_video,27
6,vp6/run2_2018-05-23-11-05-00.ids_1,6,20640,20730,watch_video,28
6,vp6/run2_2018-05-23-11-05-00.ids_1,6,20730,20820,watch_video,29
6,vp6/run2_2018-05-23-11-05-00.ids_1,6,20820,20910,watch_video,30
6,vp6/run2_2018-05-23-11-05-00.ids_1,6,20910,21000,watch_video,31
6,vp6/run2_2018-05-23-11-05-00.ids_1,6,21000,21090,watch_video,32
6,vp6/run2_2018-05-23-11-05-00.ids_1,6,21090,21180,watch_video,33
6,vp6/run2_2018-05-23-11-05-00.ids_1,6,21180,21270,watch_video,34
6,vp6/run2_2018-05-23-11-05-00.ids_1,6,21270,21360,watch_video,35
6,vp6/run2_2018-05-23-11-05-00.ids_1,6,21360,21450,watch_video,36
6,vp6/run2_2018-05-23-11-05-00.ids_1,6,21450,21540,watch_video,37
6,vp6/run2_2018-05-23-11-05-00.ids_1,6,21540,21630,watch_video,38
6,vp6/run2_2018-05-23-11-05-00.ids_1,6,21630,21720,watch_video,39
6,vp6/run2_2018-05-23-11-05-00.ids_1,6,21720,21810,watch_video,40
6,vp6/run2_2018-05-23-11-05-00.ids_1,6,21810,21900,watch_video,41
6,vp6/run2_2018-05-23-11-05-00.ids_1,6,21900,21990,watch_video,42
6,vp6/run2_2018-05-23-11-05-00.ids_1,6,21990,22080,watch_video,43
6,vp6/run2_2018-05-23-11-05-00.ids_1,6,22080,22170,watch_video,44
6,vp6/run2_2018-05-23-11-05-00.ids_1,6,22170,22260,watch_video,45
6,vp6/run2_2018-05-23-11-05-00.ids_1,6,22260,22350,watch_video,46
6,vp6/run2_2018-05-23-11-05-00.ids_1,6,22350,22440,watch_video,47
6,vp6/run2_2018-05-23-11-05-00.ids_1,6,22440,22530,watch_video,48
6,vp6/run2_2018-05-23-11-05-00.ids_1,6,22530,22620,watch_video,49
6,vp6/run2_2018-05-23-11-05-00.ids_1,6,22620,22710,watch_video,50
6,vp6/run2_2018-05-23-11-05-00.ids_1,6,22710,22800,watch_video,51
6,vp6/run2_2018-05-23-11-05-00.ids_1,6,22800,22890,watch_video,52
6,vp6/run2_2018-05-23-11-05-00.ids_1,6,22890,22980,watch_video,53
6,vp6/run2_2018-05-23-11-05-00.ids_1,6,22980,23070,watch_video,54
6,vp6/run2_2018-05-23-11-05-00.ids_1,6,23070,23160,watch_video,55
6,vp6/run2_2018-05-23-11-05-00.ids_1,6,23160,23250,watch_video,56
6,vp6/run2_2018-05-23-11-05-00.ids_1,6,23250,23340,watch_video,57
6,vp6/run2_2018-05-23-11-05-00.ids_1,6,23340,23430,watch_video,58
6,vp6/run2_2018-05-23-11-05-00.ids_1,6,23430,23520,watch_video,59
6,vp6/run2_2018-05-23-11-05-00.ids_1,6,23520,23610,watch_video,60
6,vp6/run2_2018-05-23-11-05-00.ids_1,6,23610,23700,watch_video,61
6,vp6/run2_2018-05-23-11-05-00.ids_1,6,23700,23790,watch_video,62
6,vp6/run2_2018-05-23-11-05-00.ids_1,6,23790,23880,watch_video,63
6,vp6/run2_2018-05-23-11-05-00.ids_1,6,23880,23970,watch_video,64
6,vp6/run2_2018-05-23-11-05-00.ids_1,6,23970,24060,watch_video,65
6,vp6/run2_2018-05-23-11-05-00.ids_1,6,24060,24150,watch_video,66
6,vp6/run2_2018-05-23-11-05-00.ids_1,6,24150,24240,watch_video,67
6,vp6/run2_2018-05-23-11-05-00.ids_1,6,24240,24330,watch_video,68
6,vp6/run2_2018-05-23-11-05-00.ids_1,6,24330,24420,watch_video,69
6,vp6/run2_2018-05-23-11-05-00.ids_1,6,24420,24510,watch_video,70
6,vp6/run2_2018-05-23-11-05-00.ids_1,6,24510,24600,watch_video,71
6,vp6/run2_2018-05-23-11-05-00.ids_1,6,24600,24690,watch_video,72
6,vp6/run2_2018-05-23-11-05-00.ids_1,6,24690,24780,watch_video,73
6,vp6/run2_2018-05-23-11-05-00.ids_1,6,24780,24870,watch_video,74
6,vp6/run2_2018-05-23-11-05-00.ids_1,6,24870,24960,watch_video,75
6,vp6/run2_2018-05-23-11-05-00.ids_1,6,24960,25050,watch_video,76
6,vp6/run2_2018-05-23-11-05-00.ids_1,6,25050,25140,watch_video,77
6,vp6/run2_2018-05-23-11-05-00.ids_1,6,25140,25230,watch_video,78
6,vp6/run2_2018-05-23-11-05-00.ids_1,6,25230,25320,watch_video,79
6,vp6/run2_2018-05-23-11-05-00.ids_1,6,25320,25410,watch_video,80
6,vp6/run2_2018-05-23-11-05-00.ids_1,6,25410,25500,watch_video,81
6,vp6/run2_2018-05-23-11-05-00.ids_1,6,25500,25590,watch_video,82
6,vp6/run2_2018-05-23-11-05-00.ids_1,6,25590,25680,watch_video,83
6,vp6/run2_2018-05-23-11-05-00.ids_1,6,25680,25770,watch_video,84
6,vp6/run2_2018-05-23-11-05-00.ids_1,6,25770,25860,watch_video,85
6,vp6/run2_2018-05-23-11-05-00.ids_1,6,25860,25950,watch_video,86
6,vp6/run2_2018-05-23-11-05-00.ids_1,6,25950,26040,watch_video,87
6,vp6/run2_2018-05-23-11-05-00.ids_1,6,26040,26130,watch_video,88
6,vp6/run2_2018-05-23-11-05-00.ids_1,6,26130,26220,watch_video,89
6,vp6/run2_2018-05-23-11-05-00.ids_1,6,26220,26310,watch_video,90
6,vp6/run2_2018-05-23-11-05-00.ids_1,6,26310,26400,watch_video,91
6,vp6/run2_2018-05-23-11-05-00.ids_1,6,26400,26490,watch_video,92
6,vp6/run2_2018-05-23-11-05-00.ids_1,6,26490,26580,watch_video,93
6,vp6/run2_2018-05-23-11-05-00.ids_1,6,26580,26670,watch_video,94
6,vp6/run2_2018-05-23-11-05-00.ids_1,6,26670,26760,watch_video,95
6,vp6/run2_2018-05-23-11-05-00.ids_1,6,26760,26829,watch_video,96
6,vp6/run2_2018-05-23-11-05-00.ids_1,7,29880,29970,work,0
6,vp6/run2_2018-05-23-11-05-00.ids_1,7,29970,30060,work,1
6,vp6/run2_2018-05-23-11-05-00.ids_1,7,30060,30150,work,2
6,vp6/run2_2018-05-23-11-05-00.ids_1,7,30150,30240,work,3
6,vp6/run2_2018-05-23-11-05-00.ids_1,7,30240,30330,work,4
6,vp6/run2_2018-05-23-11-05-00.ids_1,7,30330,30420,work,5
6,vp6/run2_2018-05-23-11-05-00.ids_1,7,30420,30510,work,6
6,vp6/run2_2018-05-23-11-05-00.ids_1,7,30510,30600,work,7
6,vp6/run2_2018-05-23-11-05-00.ids_1,7,30600,30690,work,8
6,vp6/run2_2018-05-23-11-05-00.ids_1,7,30690,30780,work,9
6,vp6/run2_2018-05-23-11-05-00.ids_1,7,30780,30870,work,10
6,vp6/run2_2018-05-23-11-05-00.ids_1,7,30870,30960,work,11
6,vp6/run2_2018-05-23-11-05-00.ids_1,7,30960,31050,work,12
6,vp6/run2_2018-05-23-11-05-00.ids_1,7,31050,31140,work,13
6,vp6/run2_2018-05-23-11-05-00.ids_1,7,31140,31230,work,14
6,vp6/run2_2018-05-23-11-05-00.ids_1,7,31230,31320,work,15
6,vp6/run2_2018-05-23-11-05-00.ids_1,7,31320,31410,work,16
6,vp6/run2_2018-05-23-11-05-00.ids_1,7,31410,31500,work,17
6,vp6/run2_2018-05-23-11-05-00.ids_1,7,31500,31590,work,18
6,vp6/run2_2018-05-23-11-05-00.ids_1,7,31590,31680,work,19
6,vp6/run2_2018-05-23-11-05-00.ids_1,7,31680,31770,work,20
6,vp6/run2_2018-05-23-11-05-00.ids_1,7,31770,31860,work,21
6,vp6/run2_2018-05-23-11-05-00.ids_1,7,31860,31950,work,22
6,vp6/run2_2018-05-23-11-05-00.ids_1,7,31950,32040,work,23
6,vp6/run2_2018-05-23-11-05-00.ids_1,7,32040,32130,work,24
6,vp6/run2_2018-05-23-11-05-00.ids_1,7,32130,32220,work,25
6,vp6/run2_2018-05-23-11-05-00.ids_1,7,32220,32310,work,26
6,vp6/run2_2018-05-23-11-05-00.ids_1,7,32310,32400,work,27
6,vp6/run2_2018-05-23-11-05-00.ids_1,7,32400,32490,work,28
6,vp6/run2_2018-05-23-11-05-00.ids_1,7,32490,32580,work,29
6,vp6/run2_2018-05-23-11-05-00.ids_1,7,32580,32670,work,30
6,vp6/run2_2018-05-23-11-05-00.ids_1,7,32670,32760,work,31
6,vp6/run2_2018-05-23-11-05-00.ids_1,7,32760,32850,work,32
6,vp6/run2_2018-05-23-11-05-00.ids_1,7,32850,32940,work,33
6,vp6/run2_2018-05-23-11-05-00.ids_1,7,32940,33030,work,34
6,vp6/run2_2018-05-23-11-05-00.ids_1,7,33030,33120,work,35
6,vp6/run2_2018-05-23-11-05-00.ids_1,7,33120,33210,work,36
6,vp6/run2_2018-05-23-11-05-00.ids_1,7,33210,33300,work,37
6,vp6/run2_2018-05-23-11-05-00.ids_1,7,33300,33390,work,38
6,vp6/run2_2018-05-23-11-05-00.ids_1,7,33390,33480,work,39
6,vp6/run2_2018-05-23-11-05-00.ids_1,7,33480,33570,work,40
6,vp6/run2_2018-05-23-11-05-00.ids_1,7,33570,33660,work,41
6,vp6/run2_2018-05-23-11-05-00.ids_1,7,33660,33750,work,42
6,vp6/run2_2018-05-23-11-05-00.ids_1,7,33750,33840,work,43
6,vp6/run2_2018-05-23-11-05-00.ids_1,7,33840,33930,work,44
6,vp6/run2_2018-05-23-11-05-00.ids_1,7,33930,34020,work,45
6,vp6/run2_2018-05-23-11-05-00.ids_1,7,34020,34110,work,46
6,vp6/run2_2018-05-23-11-05-00.ids_1,7,34110,34200,work,47
6,vp6/run2_2018-05-23-11-05-00.ids_1,7,34200,34290,work,48
6,vp6/run2_2018-05-23-11-05-00.ids_1,7,34290,34380,work,49
6,vp6/run2_2018-05-23-11-05-00.ids_1,7,34380,34470,work,50
6,vp6/run2_2018-05-23-11-05-00.ids_1,7,34470,34509,work,51
6,vp6/run2_2018-05-23-11-05-00.ids_1,8,35340,35430,take_off_sunglasses,0
6,vp6/run2_2018-05-23-11-05-00.ids_1,8,35430,35520,take_off_sunglasses,1
6,vp6/run2_2018-05-23-11-05-00.ids_1,8,35520,35610,take_off_sunglasses,2
6,vp6/run2_2018-05-23-11-05-00.ids_1,8,35610,35679,take_off_sunglasses,3
6,vp6/run2_2018-05-23-11-05-00.ids_1,9,36150,36240,read_write_newspaper,0
6,vp6/run2_2018-05-23-11-05-00.ids_1,9,36240,36330,read_write_newspaper,1
6,vp6/run2_2018-05-23-11-05-00.ids_1,9,36330,36420,read_write_newspaper,2
6,vp6/run2_2018-05-23-11-05-00.ids_1,9,36420,36510,read_write_newspaper,3
6,vp6/run2_2018-05-23-11-05-00.ids_1,9,36510,36600,read_write_newspaper,4
6,vp6/run2_2018-05-23-11-05-00.ids_1,9,36600,36690,read_write_newspaper,5
6,vp6/run2_2018-05-23-11-05-00.ids_1,9,36690,36780,read_write_newspaper,6
6,vp6/run2_2018-05-23-11-05-00.ids_1,9,36780,36870,read_write_newspaper,7
6,vp6/run2_2018-05-23-11-05-00.ids_1,9,36870,36960,read_write_newspaper,8
6,vp6/run2_2018-05-23-11-05-00.ids_1,9,36960,37050,read_write_newspaper,9
6,vp6/run2_2018-05-23-11-05-00.ids_1,9,37050,37140,read_write_newspaper,10
6,vp6/run2_2018-05-23-11-05-00.ids_1,9,37140,37230,read_write_newspaper,11
6,vp6/run2_2018-05-23-11-05-00.ids_1,9,37230,37320,read_write_newspaper,12
6,vp6/run2_2018-05-23-11-05-00.ids_1,9,37320,37410,read_write_newspaper,13
6,vp6/run2_2018-05-23-11-05-00.ids_1,9,37410,37500,read_write_newspaper,14
6,vp6/run2_2018-05-23-11-05-00.ids_1,9,37500,37590,read_write_newspaper,15
6,vp6/run2_2018-05-23-11-05-00.ids_1,9,37590,37680,read_write_newspaper,16
6,vp6/run2_2018-05-23-11-05-00.ids_1,9,37680,37770,read_write_newspaper,17
6,vp6/run2_2018-05-23-11-05-00.ids_1,9,37770,37860,read_write_newspaper,18
6,vp6/run2_2018-05-23-11-05-00.ids_1,9,37860,37950,read_write_newspaper,19
6,vp6/run2_2018-05-23-11-05-00.ids_1,9,37950,38040,read_write_newspaper,20
6,vp6/run2_2018-05-23-11-05-00.ids_1,9,38040,38130,read_write_newspaper,21
6,vp6/run2_2018-05-23-11-05-00.ids_1,9,38130,38220,read_write_newspaper,22
6,vp6/run2_2018-05-23-11-05-00.ids_1,9,38220,38229,read_write_newspaper,23
6,vp6/run2_2018-05-23-11-05-00.ids_1,10,38670,38760,take_off_jacket,0
6,vp6/run2_2018-05-23-11-05-00.ids_1,10,38760,38850,take_off_jacket,1
6,vp6/run2_2018-05-23-11-05-00.ids_1,10,38850,38940,take_off_jacket,2
6,vp6/run2_2018-05-23-11-05-00.ids_1,10,38940,39030,take_off_jacket,3
6,vp6/run2_2018-05-23-11-05-00.ids_1,10,39030,39120,take_off_jacket,4
6,vp6/run2_2018-05-23-11-05-00.ids_1,10,39120,39210,take_off_jacket,5
6,vp6/run2_2018-05-23-11-05-00.ids_1,10,39210,39300,take_off_jacket,6
6,vp6/run2_2018-05-23-11-05-00.ids_1,10,39300,39390,take_off_jacket,7
6,vp6/run2_2018-05-23-11-05-00.ids_1,10,39390,39480,take_off_jacket,8
6,vp6/run2_2018-05-23-11-05-00.ids_1,10,39480,39519,take_off_jacket,9
6,vp6/run2_2018-05-23-11-05-00.ids_1,11,40320,40410,final_task,0
6,vp6/run2_2018-05-23-11-05-00.ids_1,11,40410,40500,final_task,1
6,vp6/run2_2018-05-23-11-05-00.ids_1,11,40500,40590,final_task,2
6,vp6/run2_2018-05-23-11-05-00.ids_1,11,40590,40680,final_task,3
6,vp6/run2_2018-05-23-11-05-00.ids_1,11,40680,40770,final_task,4
6,vp6/run2_2018-05-23-11-05-00.ids_1,11,40770,40860,final_task,5
6,vp6/run2_2018-05-23-11-05-00.ids_1,11,40860,40950,final_task,6
6,vp6/run2_2018-05-23-11-05-00.ids_1,11,40950,41040,final_task,7
6,vp6/run2_2018-05-23-11-05-00.ids_1,11,41040,41130,final_task,8
6,vp6/run2_2018-05-23-11-05-00.ids_1,11,41130,41220,final_task,9
6,vp6/run2_2018-05-23-11-05-00.ids_1,11,41220,41310,final_task,10
6,vp6/run2_2018-05-23-11-05-00.ids_1,11,41310,41400,final_task,11
6,vp6/run2_2018-05-23-11-05-00.ids_1,11,41400,41490,final_task,12
6,vp6/run2_2018-05-23-11-05-00.ids_1,11,41490,41580,final_task,13
6,vp6/run2_2018-05-23-11-05-00.ids_1,11,41580,41670,final_task,14
6,vp6/run2_2018-05-23-11-05-00.ids_1,11,41670,41760,final_task,15
6,vp6/run2_2018-05-23-11-05-00.ids_1,11,41760,41769,final_task,16
7,vp7/run1_2018-05-23-13-16-52.ids_1,0,0,90,fasten_seat_belt,0
7,vp7/run1_2018-05-23-13-16-52.ids_1,0,90,180,fasten_seat_belt,1
7,vp7/run1_2018-05-23-13-16-52.ids_1,0,180,270,fasten_seat_belt,2
7,vp7/run1_2018-05-23-13-16-52.ids_1,0,270,360,fasten_seat_belt,3
7,vp7/run1_2018-05-23-13-16-52.ids_1,0,360,450,fasten_seat_belt,4
7,vp7/run1_2018-05-23-13-16-52.ids_1,0,450,540,fasten_seat_belt,5
7,vp7/run1_2018-05-23-13-16-52.ids_1,0,540,630,fasten_seat_belt,6
7,vp7/run1_2018-05-23-13-16-52.ids_1,0,630,720,fasten_seat_belt,7
7,vp7/run1_2018-05-23-13-16-52.ids_1,0,720,810,fasten_seat_belt,8
7,vp7/run1_2018-05-23-13-16-52.ids_1,0,810,900,fasten_seat_belt,9
7,vp7/run1_2018-05-23-13-16-52.ids_1,0,900,990,fasten_seat_belt,10
7,vp7/run1_2018-05-23-13-16-52.ids_1,0,990,1080,fasten_seat_belt,11
7,vp7/run1_2018-05-23-13-16-52.ids_1,0,1080,1170,fasten_seat_belt,12
7,vp7/run1_2018-05-23-13-16-52.ids_1,0,1170,1260,fasten_seat_belt,13
7,vp7/run1_2018-05-23-13-16-52.ids_1,0,1260,1350,fasten_seat_belt,14
7,vp7/run1_2018-05-23-13-16-52.ids_1,0,1350,1440,fasten_seat_belt,15
7,vp7/run1_2018-05-23-13-16-52.ids_1,0,1440,1470,fasten_seat_belt,16
7,vp7/run1_2018-05-23-13-16-52.ids_1,1,6810,6900,hand_over,0
7,vp7/run1_2018-05-23-13-16-52.ids_1,1,6900,6990,hand_over,1
7,vp7/run1_2018-05-23-13-16-52.ids_1,1,6990,7080,hand_over,2
7,vp7/run1_2018-05-23-13-16-52.ids_1,1,7080,7170,hand_over,3
7,vp7/run1_2018-05-23-13-16-52.ids_1,1,7170,7260,hand_over,4
7,vp7/run1_2018-05-23-13-16-52.ids_1,1,7260,7350,hand_over,5
7,vp7/run1_2018-05-23-13-16-52.ids_1,1,7350,7440,hand_over,6
7,vp7/run1_2018-05-23-13-16-52.ids_1,1,7440,7530,hand_over,7
7,vp7/run1_2018-05-23-13-16-52.ids_1,1,7530,7620,hand_over,8
7,vp7/run1_2018-05-23-13-16-52.ids_1,1,7620,7710,hand_over,9
7,vp7/run1_2018-05-23-13-16-52.ids_1,1,7710,7800,hand_over,10
7,vp7/run1_2018-05-23-13-16-52.ids_1,1,7800,7890,hand_over,11
7,vp7/run1_2018-05-23-13-16-52.ids_1,1,7890,7980,hand_over,12
7,vp7/run1_2018-05-23-13-16-52.ids_1,1,7980,8070,hand_over,13
7,vp7/run1_2018-05-23-13-16-52.ids_1,1,8070,8100,hand_over,14
7,vp7/run1_2018-05-23-13-16-52.ids_1,2,8520,8610,eat_drink,0
7,vp7/run1_2018-05-23-13-16-52.ids_1,2,8610,8700,eat_drink,1
7,vp7/run1_2018-05-23-13-16-52.ids_1,2,8700,8790,eat_drink,2
7,vp7/run1_2018-05-23-13-16-52.ids_1,2,8790,8880,eat_drink,3
7,vp7/run1_2018-05-23-13-16-52.ids_1,2,8880,8970,eat_drink,4
7,vp7/run1_2018-05-23-13-16-52.ids_1,2,8970,9060,eat_drink,5
7,vp7/run1_2018-05-23-13-16-52.ids_1,2,9060,9150,eat_drink,6
7,vp7/run1_2018-05-23-13-16-52.ids_1,2,9150,9240,eat_drink,7
7,vp7/run1_2018-05-23-13-16-52.ids_1,2,9240,9330,eat_drink,8
7,vp7/run1_2018-05-23-13-16-52.ids_1,2,9330,9420,eat_drink,9
7,vp7/run1_2018-05-23-13-16-52.ids_1,2,9420,9510,eat_drink,10
7,vp7/run1_2018-05-23-13-16-52.ids_1,2,9510,9600,eat_drink,11
7,vp7/run1_2018-05-23-13-16-52.ids_1,2,9600,9690,eat_drink,12
7,vp7/run1_2018-05-23-13-16-52.ids_1,2,9690,9780,eat_drink,13
7,vp7/run1_2018-05-23-13-16-52.ids_1,2,9780,9870,eat_drink,14
7,vp7/run1_2018-05-23-13-16-52.ids_1,2,9870,9960,eat_drink,15
7,vp7/run1_2018-05-23-13-16-52.ids_1,2,9960,10050,eat_drink,16
7,vp7/run1_2018-05-23-13-16-52.ids_1,2,10050,10140,eat_drink,17
7,vp7/run1_2018-05-23-13-16-52.ids_1,2,10140,10230,eat_drink,18
7,vp7/run1_2018-05-23-13-16-52.ids_1,2,10230,10320,eat_drink,19
7,vp7/run1_2018-05-23-13-16-52.ids_1,2,10320,10410,eat_drink,20
7,vp7/run1_2018-05-23-13-16-52.ids_1,2,10410,10500,eat_drink,21
7,vp7/run1_2018-05-23-13-16-52.ids_1,2,10500,10560,eat_drink,22
7,vp7/run1_2018-05-23-13-16-52.ids_1,3,10800,10890,read_write_magazine,0
7,vp7/run1_2018-05-23-13-16-52.ids_1,3,10890,10980,read_write_magazine,1
7,vp7/run1_2018-05-23-13-16-52.ids_1,3,10980,11070,read_write_magazine,2
7,vp7/run1_2018-05-23-13-16-52.ids_1,3,11070,11160,read_write_magazine,3
7,vp7/run1_2018-05-23-13-16-52.ids_1,3,11160,11250,read_write_magazine,4
7,vp7/run1_2018-05-23-13-16-52.ids_1,3,11250,11340,read_write_magazine,5
7,vp7/run1_2018-05-23-13-16-52.ids_1,3,11340,11430,read_write_magazine,6
7,vp7/run1_2018-05-23-13-16-52.ids_1,3,11430,11520,read_write_magazine,7
7,vp7/run1_2018-05-23-13-16-52.ids_1,3,11520,11610,read_write_magazine,8
7,vp7/run1_2018-05-23-13-16-52.ids_1,3,11610,11700,read_write_magazine,9
7,vp7/run1_2018-05-23-13-16-52.ids_1,3,11700,11790,read_write_magazine,10
7,vp7/run1_2018-05-23-13-16-52.ids_1,3,11790,11880,read_write_magazine,11
7,vp7/run1_2018-05-23-13-16-52.ids_1,3,11880,11970,read_write_magazine,12
7,vp7/run1_2018-05-23-13-16-52.ids_1,3,11970,12060,read_write_magazine,13
7,vp7/run1_2018-05-23-13-16-52.ids_1,3,12060,12150,read_write_magazine,14
7,vp7/run1_2018-05-23-13-16-52.ids_1,3,12150,12240,read_write_magazine,15
7,vp7/run1_2018-05-23-13-16-52.ids_1,3,12240,12330,read_write_magazine,16
7,vp7/run1_2018-05-23-13-16-52.ids_1,4,12450,12540,put_on_sunglasses,0
7,vp7/run1_2018-05-23-13-16-52.ids_1,4,12540,12630,put_on_sunglasses,1
7,vp7/run1_2018-05-23-13-16-52.ids_1,4,12630,12720,put_on_sunglasses,2
7,vp7/run1_2018-05-23-13-16-52.ids_1,4,12720,12810,put_on_sunglasses,3
7,vp7/run1_2018-05-23-13-16-52.ids_1,4,12810,12900,put_on_sunglasses,4
7,vp7/run1_2018-05-23-13-16-52.ids_1,4,12900,12990,put_on_sunglasses,5
7,vp7/run1_2018-05-23-13-16-52.ids_1,4,12990,13050,put_on_sunglasses,6
7,vp7/run1_2018-05-23-13-16-52.ids_1,5,15060,15150,read_write_newspaper,0
7,vp7/run1_2018-05-23-13-16-52.ids_1,5,15150,15240,read_write_newspaper,1
7,vp7/run1_2018-05-23-13-16-52.ids_1,5,15240,15330,read_write_newspaper,2
7,vp7/run1_2018-05-23-13-16-52.ids_1,5,15330,15420,read_write_newspaper,3
7,vp7/run1_2018-05-23-13-16-52.ids_1,5,15420,15510,read_write_newspaper,4
7,vp7/run1_2018-05-23-13-16-52.ids_1,5,15510,15600,read_write_newspaper,5
7,vp7/run1_2018-05-23-13-16-52.ids_1,5,15600,15690,read_write_newspaper,6
7,vp7/run1_2018-05-23-13-16-52.ids_1,5,15690,15780,read_write_newspaper,7
7,vp7/run1_2018-05-23-13-16-52.ids_1,5,15780,15870,read_write_newspaper,8
7,vp7/run1_2018-05-23-13-16-52.ids_1,5,15870,15960,read_write_newspaper,9
7,vp7/run1_2018-05-23-13-16-52.ids_1,5,15960,16050,read_write_newspaper,10
7,vp7/run1_2018-05-23-13-16-52.ids_1,5,16050,16140,read_write_newspaper,11
7,vp7/run1_2018-05-23-13-16-52.ids_1,5,16140,16230,read_write_newspaper,12
7,vp7/run1_2018-05-23-13-16-52.ids_1,5,16230,16320,read_write_newspaper,13
7,vp7/run1_2018-05-23-13-16-52.ids_1,5,16320,16410,read_write_newspaper,14
7,vp7/run1_2018-05-23-13-16-52.ids_1,5,16410,16500,read_write_newspaper,15
7,vp7/run1_2018-05-23-13-16-52.ids_1,5,16500,16590,read_write_newspaper,16
7,vp7/run1_2018-05-23-13-16-52.ids_1,5,16590,16680,read_write_newspaper,17
7,vp7/run1_2018-05-23-13-16-52.ids_1,5,16680,16770,read_write_newspaper,18
7,vp7/run1_2018-05-23-13-16-52.ids_1,5,16770,16860,read_write_newspaper,19
7,vp7/run1_2018-05-23-13-16-52.ids_1,5,16860,16950,read_write_newspaper,20
7,vp7/run1_2018-05-23-13-16-52.ids_1,5,16950,17040,read_write_newspaper,21
7,vp7/run1_2018-05-23-13-16-52.ids_1,5,17040,17130,read_write_newspaper,22
7,vp7/run1_2018-05-23-13-16-52.ids_1,5,17130,17220,read_write_newspaper,23
7,vp7/run1_2018-05-23-13-16-52.ids_1,5,17220,17310,read_write_newspaper,24
7,vp7/run1_2018-05-23-13-16-52.ids_1,5,17310,17400,read_write_newspaper,25
7,vp7/run1_2018-05-23-13-16-52.ids_1,5,17400,17490,read_write_newspaper,26
7,vp7/run1_2018-05-23-13-16-52.ids_1,5,17490,17580,read_write_newspaper,27
7,vp7/run1_2018-05-23-13-16-52.ids_1,5,17580,17670,read_write_newspaper,28
7,vp7/run1_2018-05-23-13-16-52.ids_1,5,17670,17760,read_write_newspaper,29
7,vp7/run1_2018-05-23-13-16-52.ids_1,5,17760,17850,read_write_newspaper,30
7,vp7/run1_2018-05-23-13-16-52.ids_1,5,17850,17940,read_write_newspaper,31
7,vp7/run1_2018-05-23-13-16-52.ids_1,5,17940,18030,read_write_newspaper,32
7,vp7/run1_2018-05-23-13-16-52.ids_1,5,18030,18120,read_write_newspaper,33
7,vp7/run1_2018-05-23-13-16-52.ids_1,5,18120,18210,read_write_newspaper,34
7,vp7/run1_2018-05-23-13-16-52.ids_1,5,18210,18300,read_write_newspaper,35
7,vp7/run1_2018-05-23-13-16-52.ids_1,5,18300,18390,read_write_newspaper,36
7,vp7/run1_2018-05-23-13-16-52.ids_1,5,18390,18480,read_write_newspaper,37
7,vp7/run1_2018-05-23-13-16-52.ids_1,5,18480,18570,read_write_newspaper,38
7,vp7/run1_2018-05-23-13-16-52.ids_1,5,18570,18660,read_write_newspaper,39
7,vp7/run1_2018-05-23-13-16-52.ids_1,5,18660,18750,read_write_newspaper,40
7,vp7/run1_2018-05-23-13-16-52.ids_1,5,18750,18840,read_write_newspaper,41
7,vp7/run1_2018-05-23-13-16-52.ids_1,5,18840,18930,read_write_newspaper,42
7,vp7/run1_2018-05-23-13-16-52.ids_1,5,18930,19020,read_write_newspaper,43
7,vp7/run1_2018-05-23-13-16-52.ids_1,5,19020,19110,read_write_newspaper,44
7,vp7/run1_2018-05-23-13-16-52.ids_1,5,19110,19170,read_write_newspaper,45
7,vp7/run1_2018-05-23-13-16-52.ids_1,6,19230,19320,eat_drink,0
7,vp7/run1_2018-05-23-13-16-52.ids_1,6,19320,19410,eat_drink,1
7,vp7/run1_2018-05-23-13-16-52.ids_1,6,19410,19500,eat_drink,2
7,vp7/run1_2018-05-23-13-16-52.ids_1,6,19500,19590,eat_drink,3
7,vp7/run1_2018-05-23-13-16-52.ids_1,6,19590,19680,eat_drink,4
7,vp7/run1_2018-05-23-13-16-52.ids_1,6,19680,19770,eat_drink,5
7,vp7/run1_2018-05-23-13-16-52.ids_1,6,19770,19860,eat_drink,6
7,vp7/run1_2018-05-23-13-16-52.ids_1,6,19860,19950,eat_drink,7
7,vp7/run1_2018-05-23-13-16-52.ids_1,6,19950,20040,eat_drink,8
7,vp7/run1_2018-05-23-13-16-52.ids_1,6,20040,20130,eat_drink,9
7,vp7/run1_2018-05-23-13-16-52.ids_1,6,20130,20220,eat_drink,10
7,vp7/run1_2018-05-23-13-16-52.ids_1,6,20220,20310,eat_drink,11
7,vp7/run1_2018-05-23-13-16-52.ids_1,6,20310,20400,eat_drink,12
7,vp7/run1_2018-05-23-13-16-52.ids_1,6,20400,20430,eat_drink,13
7,vp7/run1_2018-05-23-13-16-52.ids_1,7,20430,20520,work,0
7,vp7/run1_2018-05-23-13-16-52.ids_1,7,20520,20610,work,1
7,vp7/run1_2018-05-23-13-16-52.ids_1,7,20610,20700,work,2
7,vp7/run1_2018-05-23-13-16-52.ids_1,7,20700,20790,work,3
7,vp7/run1_2018-05-23-13-16-52.ids_1,7,20790,20880,work,4
7,vp7/run1_2018-05-23-13-16-52.ids_1,7,20880,20970,work,5
7,vp7/run1_2018-05-23-13-16-52.ids_1,7,20970,21060,work,6
7,vp7/run1_2018-05-23-13-16-52.ids_1,7,21060,21150,work,7
7,vp7/run1_2018-05-23-13-16-52.ids_1,7,21150,21240,work,8
7,vp7/run1_2018-05-23-13-16-52.ids_1,7,21240,21330,work,9
7,vp7/run1_2018-05-23-13-16-52.ids_1,7,21330,21420,work,10
7,vp7/run1_2018-05-23-13-16-52.ids_1,7,21420,21510,work,11
7,vp7/run1_2018-05-23-13-16-52.ids_1,7,21510,21600,work,12
7,vp7/run1_2018-05-23-13-16-52.ids_1,7,21600,21690,work,13
7,vp7/run1_2018-05-23-13-16-52.ids_1,7,21690,21780,work,14
7,vp7/run1_2018-05-23-13-16-52.ids_1,7,21780,21870,work,15
7,vp7/run1_2018-05-23-13-16-52.ids_1,7,21870,21960,work,16
7,vp7/run1_2018-05-23-13-16-52.ids_1,7,21960,22050,work,17
7,vp7/run1_2018-05-23-13-16-52.ids_1,7,22050,22140,work,18
7,vp7/run1_2018-05-23-13-16-52.ids_1,7,22140,22230,work,19
7,vp7/run1_2018-05-23-13-16-52.ids_1,7,22230,22320,work,20
7,vp7/run1_2018-05-23-13-16-52.ids_1,7,22320,22410,work,21
7,vp7/run1_2018-05-23-13-16-52.ids_1,7,22410,22500,work,22
7,vp7/run1_2018-05-23-13-16-52.ids_1,7,22500,22590,work,23
7,vp7/run1_2018-05-23-13-16-52.ids_1,7,22590,22680,work,24
7,vp7/run1_2018-05-23-13-16-52.ids_1,7,22680,22770,work,25
7,vp7/run1_2018-05-23-13-16-52.ids_1,7,22770,22860,work,26
7,vp7/run1_2018-05-23-13-16-52.ids_1,7,22860,22950,work,27
7,vp7/run1_2018-05-23-13-16-52.ids_1,7,22950,23040,work,28
7,vp7/run1_2018-05-23-13-16-52.ids_1,7,23040,23130,work,29
7,vp7/run1_2018-05-23-13-16-52.ids_1,7,23130,23220,work,30
7,vp7/run1_2018-05-23-13-16-52.ids_1,7,23220,23310,work,31
7,vp7/run1_2018-05-23-13-16-52.ids_1,7,23310,23400,work,32
7,vp7/run1_2018-05-23-13-16-52.ids_1,7,23400,23490,work,33
7,vp7/run1_2018-05-23-13-16-52.ids_1,7,23490,23550,work,34
7,vp7/run1_2018-05-23-13-16-52.ids_1,8,24150,24240,eat_drink,0
7,vp7/run1_2018-05-23-13-16-52.ids_1,8,24240,24330,eat_drink,1
7,vp7/run1_2018-05-23-13-16-52.ids_1,8,24330,24420,eat_drink,2
7,vp7/run1_2018-05-23-13-16-52.ids_1,8,24420,24510,eat_drink,3
7,vp7/run1_2018-05-23-13-16-52.ids_1,8,24510,24600,eat_drink,4
7,vp7/run1_2018-05-23-13-16-52.ids_1,8,24600,24690,eat_drink,5
7,vp7/run1_2018-05-23-13-16-52.ids_1,8,24690,24780,eat_drink,6
7,vp7/run1_2018-05-23-13-16-52.ids_1,8,24780,24870,eat_drink,7
7,vp7/run1_2018-05-23-13-16-52.ids_1,8,24870,24960,eat_drink,8
7,vp7/run1_2018-05-23-13-16-52.ids_1,8,24960,25050,eat_drink,9
7,vp7/run1_2018-05-23-13-16-52.ids_1,8,25050,25140,eat_drink,10
7,vp7/run1_2018-05-23-13-16-52.ids_1,8,25140,25230,eat_drink,11
7,vp7/run1_2018-05-23-13-16-52.ids_1,8,25230,25320,eat_drink,12
7,vp7/run1_2018-05-23-13-16-52.ids_1,8,25320,25410,eat_drink,13
7,vp7/run1_2018-05-23-13-16-52.ids_1,8,25410,25500,eat_drink,14
7,vp7/run1_2018-05-23-13-16-52.ids_1,8,25500,25590,eat_drink,15
7,vp7/run1_2018-05-23-13-16-52.ids_1,8,25590,25680,eat_drink,16
7,vp7/run1_2018-05-23-13-16-52.ids_1,8,25680,25770,eat_drink,17
7,vp7/run1_2018-05-23-13-16-52.ids_1,8,25770,25860,eat_drink,18
7,vp7/run1_2018-05-23-13-16-52.ids_1,8,25860,25950,eat_drink,19
7,vp7/run1_2018-05-23-13-16-52.ids_1,8,25950,26040,eat_drink,20
7,vp7/run1_2018-05-23-13-16-52.ids_1,8,26040,26130,eat_drink,21
7,vp7/run1_2018-05-23-13-16-52.ids_1,8,26130,26220,eat_drink,22
7,vp7/run1_2018-05-23-13-16-52.ids_1,8,26220,26310,eat_drink,23
7,vp7/run1_2018-05-23-13-16-52.ids_1,8,26310,26400,eat_drink,24
7,vp7/run1_2018-05-23-13-16-52.ids_1,8,26400,26490,eat_drink,25
7,vp7/run1_2018-05-23-13-16-52.ids_1,8,26490,26580,eat_drink,26
7,vp7/run1_2018-05-23-13-16-52.ids_1,8,26580,26670,eat_drink,27
7,vp7/run1_2018-05-23-13-16-52.ids_1,8,26670,26760,eat_drink,28
7,vp7/run1_2018-05-23-13-16-52.ids_1,8,26760,26850,eat_drink,29
7,vp7/run1_2018-05-23-13-16-52.ids_1,8,26850,26940,eat_drink,30
7,vp7/run1_2018-05-23-13-16-52.ids_1,8,26940,27030,eat_drink,31
7,vp7/run1_2018-05-23-13-16-52.ids_1,8,27030,27120,eat_drink,32
7,vp7/run1_2018-05-23-13-16-52.ids_1,8,27120,27210,eat_drink,33
7,vp7/run1_2018-05-23-13-16-52.ids_1,8,27210,27300,eat_drink,34
7,vp7/run1_2018-05-23-13-16-52.ids_1,8,27300,27390,eat_drink,35
7,vp7/run1_2018-05-23-13-16-52.ids_1,8,27390,27480,eat_drink,36
7,vp7/run1_2018-05-23-13-16-52.ids_1,8,27480,27570,eat_drink,37
7,vp7/run1_2018-05-23-13-16-52.ids_1,8,27570,27660,eat_drink,38
7,vp7/run1_2018-05-23-13-16-52.ids_1,8,27660,27750,eat_drink,39
7,vp7/run1_2018-05-23-13-16-52.ids_1,8,27750,27780,eat_drink,40
7,vp7/run1_2018-05-23-13-16-52.ids_1,9,29280,29370,hand_over,0
7,vp7/run1_2018-05-23-13-16-52.ids_1,9,29370,29460,hand_over,1
7,vp7/run1_2018-05-23-13-16-52.ids_1,9,29460,29550,hand_over,2
7,vp7/run1_2018-05-23-13-16-52.ids_1,10,30900,30990,put_on_jacket,0
7,vp7/run1_2018-05-23-13-16-52.ids_1,10,30990,31080,put_on_jacket,1
7,vp7/run1_2018-05-23-13-16-52.ids_1,10,31080,31170,put_on_jacket,2
7,vp7/run1_2018-05-23-13-16-52.ids_1,10,31170,31260,put_on_jacket,3
7,vp7/run1_2018-05-23-13-16-52.ids_1,10,31260,31350,put_on_jacket,4
7,vp7/run1_2018-05-23-13-16-52.ids_1,10,31350,31440,put_on_jacket,5
7,vp7/run1_2018-05-23-13-16-52.ids_1,10,31440,31530,put_on_jacket,6
7,vp7/run1_2018-05-23-13-16-52.ids_1,10,31530,31620,put_on_jacket,7
7,vp7/run1_2018-05-23-13-16-52.ids_1,10,31620,31710,put_on_jacket,8
7,vp7/run1_2018-05-23-13-16-52.ids_1,10,31710,31800,put_on_jacket,9
7,vp7/run1_2018-05-23-13-16-52.ids_1,10,31800,31890,put_on_jacket,10
7,vp7/run1_2018-05-23-13-16-52.ids_1,10,31890,31980,put_on_jacket,11
7,vp7/run1_2018-05-23-13-16-52.ids_1,10,31980,32040,put_on_jacket,12
7,vp7/run1_2018-05-23-13-16-52.ids_1,11,34950,35040,take_off_jacket,0
7,vp7/run1_2018-05-23-13-16-52.ids_1,11,35040,35130,take_off_jacket,1
7,vp7/run1_2018-05-23-13-16-52.ids_1,11,35130,35220,take_off_jacket,2
7,vp7/run1_2018-05-23-13-16-52.ids_1,11,35220,35310,take_off_jacket,3
7,vp7/run1_2018-05-23-13-16-52.ids_1,11,35310,35400,take_off_jacket,4
7,vp7/run1_2018-05-23-13-16-52.ids_1,11,35400,35490,take_off_jacket,5
7,vp7/run1_2018-05-23-13-16-52.ids_1,11,35490,35580,take_off_jacket,6
7,vp7/run1_2018-05-23-13-16-52.ids_1,11,35580,35670,take_off_jacket,7
7,vp7/run1_2018-05-23-13-16-52.ids_1,11,35670,35760,take_off_jacket,8
7,vp7/run1_2018-05-23-13-16-52.ids_1,11,35760,35850,take_off_jacket,9
7,vp7/run1_2018-05-23-13-16-52.ids_1,11,35850,35940,take_off_jacket,10
7,vp7/run1_2018-05-23-13-16-52.ids_1,11,35940,36030,take_off_jacket,11
7,vp7/run1_2018-05-23-13-16-52.ids_1,11,36030,36120,take_off_jacket,12
7,vp7/run1_2018-05-23-13-16-52.ids_1,11,36120,36210,take_off_jacket,13
7,vp7/run1_2018-05-23-13-16-52.ids_1,11,36210,36300,take_off_jacket,14
7,vp7/run1_2018-05-23-13-16-52.ids_1,11,36300,36390,take_off_jacket,15
7,vp7/run1_2018-05-23-13-16-52.ids_1,11,36390,36480,take_off_jacket,16
7,vp7/run1_2018-05-23-13-16-52.ids_1,11,36480,36570,take_off_jacket,17
7,vp7/run1_2018-05-23-13-16-52.ids_1,11,36570,36660,take_off_jacket,18
7,vp7/run1_2018-05-23-13-16-52.ids_1,11,36660,36750,take_off_jacket,19
7,vp7/run1_2018-05-23-13-16-52.ids_1,11,36750,36840,take_off_jacket,20
7,vp7/run1_2018-05-23-13-16-52.ids_1,11,36840,36930,take_off_jacket,21
7,vp7/run1_2018-05-23-13-16-52.ids_1,11,36930,37020,take_off_jacket,22
7,vp7/run1_2018-05-23-13-16-52.ids_1,11,37020,37110,take_off_jacket,23
7,vp7/run1_2018-05-23-13-16-52.ids_1,11,37110,37200,take_off_jacket,24
7,vp7/run1_2018-05-23-13-16-52.ids_1,11,37200,37290,take_off_jacket,25
7,vp7/run1_2018-05-23-13-16-52.ids_1,11,37290,37380,take_off_jacket,26
7,vp7/run1_2018-05-23-13-16-52.ids_1,11,37380,37410,take_off_jacket,27
7,vp7/run1_2018-05-23-13-16-52.ids_1,12,38820,38910,final_task,0
7,vp7/run1_2018-05-23-13-16-52.ids_1,12,38910,39000,final_task,1
7,vp7/run1_2018-05-23-13-16-52.ids_1,12,39000,39090,final_task,2
7,vp7/run1_2018-05-23-13-16-52.ids_1,12,39090,39180,final_task,3
7,vp7/run1_2018-05-23-13-16-52.ids_1,12,39180,39270,final_task,4
7,vp7/run1_2018-05-23-13-16-52.ids_1,12,39270,39360,final_task,5
7,vp7/run1_2018-05-23-13-16-52.ids_1,12,39360,39450,final_task,6
7,vp7/run1_2018-05-23-13-16-52.ids_1,12,39450,39540,final_task,7
7,vp7/run1_2018-05-23-13-16-52.ids_1,12,39540,39630,final_task,8
7,vp7/run1_2018-05-23-13-16-52.ids_1,12,39630,39720,final_task,9
7,vp7/run1_2018-05-23-13-16-52.ids_1,12,39720,39810,final_task,10
7,vp7/run1_2018-05-23-13-16-52.ids_1,12,39810,39900,final_task,11
7,vp7/run1_2018-05-23-13-16-52.ids_1,12,39900,39990,final_task,12
7,vp7/run2b_2018-05-23-13-54-07.ids_1,0,0,90,fasten_seat_belt,0
7,vp7/run2b_2018-05-23-13-54-07.ids_1,0,90,180,fasten_seat_belt,1
7,vp7/run2b_2018-05-23-13-54-07.ids_1,0,180,270,fasten_seat_belt,2
7,vp7/run2b_2018-05-23-13-54-07.ids_1,0,270,360,fasten_seat_belt,3
7,vp7/run2b_2018-05-23-13-54-07.ids_1,0,360,450,fasten_seat_belt,4
7,vp7/run2b_2018-05-23-13-54-07.ids_1,0,450,540,fasten_seat_belt,5
7,vp7/run2b_2018-05-23-13-54-07.ids_1,0,540,630,fasten_seat_belt,6
7,vp7/run2b_2018-05-23-13-54-07.ids_1,0,630,720,fasten_seat_belt,7
7,vp7/run2b_2018-05-23-13-54-07.ids_1,0,720,810,fasten_seat_belt,8
7,vp7/run2b_2018-05-23-13-54-07.ids_1,0,810,900,fasten_seat_belt,9
7,vp7/run2b_2018-05-23-13-54-07.ids_1,0,900,990,fasten_seat_belt,10
7,vp7/run2b_2018-05-23-13-54-07.ids_1,0,990,1080,fasten_seat_belt,11
7,vp7/run2b_2018-05-23-13-54-07.ids_1,0,1080,1170,fasten_seat_belt,12
7,vp7/run2b_2018-05-23-13-54-07.ids_1,1,6150,6240,hand_over,0
7,vp7/run2b_2018-05-23-13-54-07.ids_1,1,6240,6330,hand_over,1
7,vp7/run2b_2018-05-23-13-54-07.ids_1,2,6480,6570,put_on_sunglasses,0
7,vp7/run2b_2018-05-23-13-54-07.ids_1,2,6570,6660,put_on_sunglasses,1
7,vp7/run2b_2018-05-23-13-54-07.ids_1,2,6660,6720,put_on_sunglasses,2
7,vp7/run2b_2018-05-23-13-54-07.ids_1,3,7710,7800,read_write_newspaper,0
7,vp7/run2b_2018-05-23-13-54-07.ids_1,3,7800,7890,read_write_newspaper,1
7,vp7/run2b_2018-05-23-13-54-07.ids_1,3,7890,7980,read_write_newspaper,2
7,vp7/run2b_2018-05-23-13-54-07.ids_1,3,7980,8070,read_write_newspaper,3
7,vp7/run2b_2018-05-23-13-54-07.ids_1,3,8070,8160,read_write_newspaper,4
7,vp7/run2b_2018-05-23-13-54-07.ids_1,3,8160,8250,read_write_newspaper,5
7,vp7/run2b_2018-05-23-13-54-07.ids_1,3,8250,8340,read_write_newspaper,6
7,vp7/run2b_2018-05-23-13-54-07.ids_1,3,8340,8430,read_write_newspaper,7
7,vp7/run2b_2018-05-23-13-54-07.ids_1,3,8430,8520,read_write_newspaper,8
7,vp7/run2b_2018-05-23-13-54-07.ids_1,3,8520,8610,read_write_newspaper,9
7,vp7/run2b_2018-05-23-13-54-07.ids_1,3,8610,8700,read_write_newspaper,10
7,vp7/run2b_2018-05-23-13-54-07.ids_1,3,8700,8790,read_write_newspaper,11
7,vp7/run2b_2018-05-23-13-54-07.ids_1,3,8790,8880,read_write_newspaper,12
7,vp7/run2b_2018-05-23-13-54-07.ids_1,3,8880,8970,read_write_newspaper,13
7,vp7/run2b_2018-05-23-13-54-07.ids_1,3,8970,9060,read_write_newspaper,14
7,vp7/run2b_2018-05-23-13-54-07.ids_1,3,9060,9150,read_write_newspaper,15
7,vp7/run2b_2018-05-23-13-54-07.ids_1,3,9150,9180,read_write_newspaper,16
7,vp7/run2b_2018-05-23-13-54-07.ids_1,4,10320,10410,read_write_magazine,0
7,vp7/run2b_2018-05-23-13-54-07.ids_1,4,10410,10500,read_write_magazine,1
7,vp7/run2b_2018-05-23-13-54-07.ids_1,4,10500,10590,read_write_magazine,2
7,vp7/run2b_2018-05-23-13-54-07.ids_1,4,10590,10680,read_write_magazine,3
7,vp7/run2b_2018-05-23-13-54-07.ids_1,4,10680,10770,read_write_magazine,4
7,vp7/run2b_2018-05-23-13-54-07.ids_1,4,10770,10860,read_write_magazine,5
7,vp7/run2b_2018-05-23-13-54-07.ids_1,4,10860,10950,read_write_magazine,6
7,vp7/run2b_2018-05-23-13-54-07.ids_1,4,10950,11040,read_write_magazine,7
7,vp7/run2b_2018-05-23-13-54-07.ids_1,4,11040,11130,read_write_magazine,8
7,vp7/run2b_2018-05-23-13-54-07.ids_1,4,11130,11220,read_write_magazine,9
7,vp7/run2b_2018-05-23-13-54-07.ids_1,4,11220,11310,read_write_magazine,10
7,vp7/run2b_2018-05-23-13-54-07.ids_1,4,11310,11400,read_write_magazine,11
7,vp7/run2b_2018-05-23-13-54-07.ids_1,4,11400,11490,read_write_magazine,12
7,vp7/run2b_2018-05-23-13-54-07.ids_1,4,11490,11580,read_write_magazine,13
7,vp7/run2b_2018-05-23-13-54-07.ids_1,4,11580,11670,read_write_magazine,14
7,vp7/run2b_2018-05-23-13-54-07.ids_1,4,11670,11760,read_write_magazine,15
7,vp7/run2b_2018-05-23-13-54-07.ids_1,4,11760,11850,read_write_magazine,16
7,vp7/run2b_2018-05-23-13-54-07.ids_1,4,11850,11940,read_write_magazine,17
7,vp7/run2b_2018-05-23-13-54-07.ids_1,4,11940,12030,read_write_magazine,18
7,vp7/run2b_2018-05-23-13-54-07.ids_1,4,12030,12120,read_write_magazine,19
7,vp7/run2b_2018-05-23-13-54-07.ids_1,4,12120,12210,read_write_magazine,20
7,vp7/run2b_2018-05-23-13-54-07.ids_1,4,12210,12300,read_write_magazine,21
7,vp7/run2b_2018-05-23-13-54-07.ids_1,4,12300,12390,read_write_magazine,22
7,vp7/run2b_2018-05-23-13-54-07.ids_1,4,12390,12480,read_write_magazine,23
7,vp7/run2b_2018-05-23-13-54-07.ids_1,4,12480,12570,read_write_magazine,24
7,vp7/run2b_2018-05-23-13-54-07.ids_1,4,12570,12660,read_write_magazine,25
7,vp7/run2b_2018-05-23-13-54-07.ids_1,4,12660,12720,read_write_magazine,26
7,vp7/run2b_2018-05-23-13-54-07.ids_1,5,13140,13230,take_off_sunglasses,0
7,vp7/run2b_2018-05-23-13-54-07.ids_1,5,13230,13320,take_off_sunglasses,1
7,vp7/run2b_2018-05-23-13-54-07.ids_1,5,13320,13410,take_off_sunglasses,2
7,vp7/run2b_2018-05-23-13-54-07.ids_1,5,13410,13440,take_off_sunglasses,3
7,vp7/run2b_2018-05-23-13-54-07.ids_1,6,18450,18540,put_on_jacket,0
7,vp7/run2b_2018-05-23-13-54-07.ids_1,6,18540,18630,put_on_jacket,1
7,vp7/run2b_2018-05-23-13-54-07.ids_1,6,18630,18720,put_on_jacket,2
7,vp7/run2b_2018-05-23-13-54-07.ids_1,6,18720,18810,put_on_jacket,3
7,vp7/run2b_2018-05-23-13-54-07.ids_1,6,18810,18900,put_on_jacket,4
7,vp7/run2b_2018-05-23-13-54-07.ids_1,6,18900,18990,put_on_jacket,5
7,vp7/run2b_2018-05-23-13-54-07.ids_1,6,18990,19080,put_on_jacket,6
7,vp7/run2b_2018-05-23-13-54-07.ids_1,6,19080,19170,put_on_jacket,7
7,vp7/run2b_2018-05-23-13-54-07.ids_1,6,19170,19230,put_on_jacket,8
7,vp7/run2b_2018-05-23-13-54-07.ids_1,7,19650,19740,work,0
7,vp7/run2b_2018-05-23-13-54-07.ids_1,7,19740,19830,work,1
7,vp7/run2b_2018-05-23-13-54-07.ids_1,7,19830,19920,work,2
7,vp7/run2b_2018-05-23-13-54-07.ids_1,7,19920,20010,work,3
7,vp7/run2b_2018-05-23-13-54-07.ids_1,7,20010,20100,work,4
7,vp7/run2b_2018-05-23-13-54-07.ids_1,7,20100,20190,work,5
7,vp7/run2b_2018-05-23-13-54-07.ids_1,7,20190,20280,work,6
7,vp7/run2b_2018-05-23-13-54-07.ids_1,7,20280,20370,work,7
7,vp7/run2b_2018-05-23-13-54-07.ids_1,7,20370,20460,work,8
7,vp7/run2b_2018-05-23-13-54-07.ids_1,7,20460,20550,work,9
7,vp7/run2b_2018-05-23-13-54-07.ids_1,7,20550,20640,work,10
7,vp7/run2b_2018-05-23-13-54-07.ids_1,7,20640,20730,work,11
7,vp7/run2b_2018-05-23-13-54-07.ids_1,7,20730,20820,work,12
7,vp7/run2b_2018-05-23-13-54-07.ids_1,7,20820,20910,work,13
7,vp7/run2b_2018-05-23-13-54-07.ids_1,7,20910,21000,work,14
7,vp7/run2b_2018-05-23-13-54-07.ids_1,7,21000,21090,work,15
7,vp7/run2b_2018-05-23-13-54-07.ids_1,7,21090,21180,work,16
7,vp7/run2b_2018-05-23-13-54-07.ids_1,7,21180,21270,work,17
7,vp7/run2b_2018-05-23-13-54-07.ids_1,7,21270,21360,work,18
7,vp7/run2b_2018-05-23-13-54-07.ids_1,7,21360,21450,work,19
7,vp7/run2b_2018-05-23-13-54-07.ids_1,7,21450,21540,work,20
7,vp7/run2b_2018-05-23-13-54-07.ids_1,7,21540,21630,work,21
7,vp7/run2b_2018-05-23-13-54-07.ids_1,7,21630,21720,work,22
7,vp7/run2b_2018-05-23-13-54-07.ids_1,7,21720,21810,work,23
7,vp7/run2b_2018-05-23-13-54-07.ids_1,7,21810,21900,work,24
7,vp7/run2b_2018-05-23-13-54-07.ids_1,7,21900,21990,work,25
7,vp7/run2b_2018-05-23-13-54-07.ids_1,7,21990,22080,work,26
7,vp7/run2b_2018-05-23-13-54-07.ids_1,7,22080,22170,work,27
7,vp7/run2b_2018-05-23-13-54-07.ids_1,7,22170,22230,work,28
7,vp7/run2b_2018-05-23-13-54-07.ids_1,8,24750,24840,take_off_jacket,0
7,vp7/run2b_2018-05-23-13-54-07.ids_1,8,24840,24930,take_off_jacket,1
7,vp7/run2b_2018-05-23-13-54-07.ids_1,8,24930,25020,take_off_jacket,2
7,vp7/run2b_2018-05-23-13-54-07.ids_1,8,25020,25110,take_off_jacket,3
7,vp7/run2b_2018-05-23-13-54-07.ids_1,8,25110,25200,take_off_jacket,4
7,vp7/run2b_2018-05-23-13-54-07.ids_1,8,25200,25260,take_off_jacket,5
7,vp7/run2b_2018-05-23-13-54-07.ids_1,9,25740,25830,final_task,0
7,vp7/run2b_2018-05-23-13-54-07.ids_1,9,25830,25920,final_task,1
7,vp7/run2b_2018-05-23-13-54-07.ids_1,9,25920,26010,final_task,2
7,vp7/run2b_2018-05-23-13-54-07.ids_1,9,26010,26100,final_task,3
7,vp7/run2b_2018-05-23-13-54-07.ids_1,9,26100,26190,final_task,4
7,vp7/run2b_2018-05-23-13-54-07.ids_1,9,26190,26280,final_task,5
7,vp7/run2b_2018-05-23-13-54-07.ids_1,9,26280,26370,final_task,6
7,vp7/run2b_2018-05-23-13-54-07.ids_1,9,26370,26460,final_task,7
7,vp7/run2b_2018-05-23-13-54-07.ids_1,9,26460,26550,final_task,8
7,vp7/run2b_2018-05-23-13-54-07.ids_1,9,26550,26640,final_task,9
7,vp7/run2b_2018-05-23-13-54-07.ids_1,9,26640,26730,final_task,10
11,vp11/run1_2018-05-24-13-44-01.ids_1,0,0,90,fasten_seat_belt,0
11,vp11/run1_2018-05-24-13-44-01.ids_1,0,90,180,fasten_seat_belt,1
11,vp11/run1_2018-05-24-13-44-01.ids_1,0,180,270,fasten_seat_belt,2
11,vp11/run1_2018-05-24-13-44-01.ids_1,0,270,360,fasten_seat_belt,3
11,vp11/run1_2018-05-24-13-44-01.ids_1,0,360,450,fasten_seat_belt,4
11,vp11/run1_2018-05-24-13-44-01.ids_1,0,450,540,fasten_seat_belt,5
11,vp11/run1_2018-05-24-13-44-01.ids_1,0,540,630,fasten_seat_belt,6
11,vp11/run1_2018-05-24-13-44-01.ids_1,0,630,639,fasten_seat_belt,7
11,vp11/run1_2018-05-24-13-44-01.ids_1,1,6030,6120,hand_over,0
11,vp11/run1_2018-05-24-13-44-01.ids_1,1,6120,6210,hand_over,1
11,vp11/run1_2018-05-24-13-44-01.ids_1,1,6210,6279,hand_over,2
11,vp11/run1_2018-05-24-13-44-01.ids_1,2,6600,6690,read_write_magazine,0
11,vp11/run1_2018-05-24-13-44-01.ids_1,2,6690,6780,read_write_magazine,1
11,vp11/run1_2018-05-24-13-44-01.ids_1,2,6780,6870,read_write_magazine,2
11,vp11/run1_2018-05-24-13-44-01.ids_1,2,6870,6960,read_write_magazine,3
11,vp11/run1_2018-05-24-13-44-01.ids_1,2,6960,7050,read_write_magazine,4
11,vp11/run1_2018-05-24-13-44-01.ids_1,2,7050,7140,read_write_magazine,5
11,vp11/run1_2018-05-24-13-44-01.ids_1,2,7140,7230,read_write_magazine,6
11,vp11/run1_2018-05-24-13-44-01.ids_1,2,7230,7320,read_write_magazine,7
11,vp11/run1_2018-05-24-13-44-01.ids_1,2,7320,7410,read_write_magazine,8
11,vp11/run1_2018-05-24-13-44-01.ids_1,2,7410,7500,read_write_magazine,9
11,vp11/run1_2018-05-24-13-44-01.ids_1,2,7500,7590,read_write_magazine,10
11,vp11/run1_2018-05-24-13-44-01.ids_1,2,7590,7680,read_write_magazine,11
11,vp11/run1_2018-05-24-13-44-01.ids_1,2,7680,7770,read_write_magazine,12
11,vp11/run1_2018-05-24-13-44-01.ids_1,2,7770,7860,read_write_magazine,13
11,vp11/run1_2018-05-24-13-44-01.ids_1,2,7860,7950,read_write_magazine,14
11,vp11/run1_2018-05-24-13-44-01.ids_1,2,7950,8040,read_write_magazine,15
11,vp11/run1_2018-05-24-13-44-01.ids_1,2,8040,8130,read_write_magazine,16
11,vp11/run1_2018-05-24-13-44-01.ids_1,2,8130,8220,read_write_magazine,17
11,vp11/run1_2018-05-24-13-44-01.ids_1,2,8220,8310,read_write_magazine,18
11,vp11/run1_2018-05-24-13-44-01.ids_1,2,8310,8400,read_write_magazine,19
11,vp11/run1_2018-05-24-13-44-01.ids_1,2,8400,8490,read_write_magazine,20
11,vp11/run1_2018-05-24-13-44-01.ids_1,2,8490,8580,read_write_magazine,21
11,vp11/run1_2018-05-24-13-44-01.ids_1,2,8580,8670,read_write_magazine,22
11,vp11/run1_2018-05-24-13-44-01.ids_1,2,8670,8760,read_write_magazine,23
11,vp11/run1_2018-05-24-13-44-01.ids_1,2,8760,8850,read_write_magazine,24
11,vp11/run1_2018-05-24-13-44-01.ids_1,2,8850,8940,read_write_magazine,25
11,vp11/run1_2018-05-24-13-44-01.ids_1,2,8940,9030,read_write_magazine,26
11,vp11/run1_2018-05-24-13-44-01.ids_1,2,9030,9120,read_write_magazine,27
11,vp11/run1_2018-05-24-13-44-01.ids_1,2,9120,9210,read_write_magazine,28
11,vp11/run1_2018-05-24-13-44-01.ids_1,2,9210,9300,read_write_magazine,29
11,vp11/run1_2018-05-24-13-44-01.ids_1,2,9300,9390,read_write_magazine,30
11,vp11/run1_2018-05-24-13-44-01.ids_1,2,9390,9480,read_write_magazine,31
11,vp11/run1_2018-05-24-13-44-01.ids_1,2,9480,9570,read_write_magazine,32
11,vp11/run1_2018-05-24-13-44-01.ids_1,2,9570,9660,read_write_magazine,33
11,vp11/run1_2018-05-24-13-44-01.ids_1,2,9660,9750,read_write_magazine,34
11,vp11/run1_2018-05-24-13-44-01.ids_1,2,9750,9840,read_write_magazine,35
11,vp11/run1_2018-05-24-13-44-01.ids_1,2,9840,9930,read_write_magazine,36
11,vp11/run1_2018-05-24-13-44-01.ids_1,2,9930,10020,read_write_magazine,37
11,vp11/run1_2018-05-24-13-44-01.ids_1,2,10020,10110,read_write_magazine,38
11,vp11/run1_2018-05-24-13-44-01.ids_1,2,10110,10200,read_write_magazine,39
11,vp11/run1_2018-05-24-13-44-01.ids_1,2,10200,10290,read_write_magazine,40
11,vp11/run1_2018-05-24-13-44-01.ids_1,2,10290,10380,read_write_magazine,41
11,vp11/run1_2018-05-24-13-44-01.ids_1,2,10380,10388,read_write_magazine,42
11,vp11/run1_2018-05-24-13-44-01.ids_1,3,11280,11370,put_on_jacket,0
11,vp11/run1_2018-05-24-13-44-01.ids_1,3,11370,11460,put_on_jacket,1
11,vp11/run1_2018-05-24-13-44-01.ids_1,3,11460,11550,put_on_jacket,2
11,vp11/run1_2018-05-24-13-44-01.ids_1,3,11550,11640,put_on_jacket,3
11,vp11/run1_2018-05-24-13-44-01.ids_1,3,11640,11730,put_on_jacket,4
11,vp11/run1_2018-05-24-13-44-01.ids_1,3,11730,11820,put_on_jacket,5
11,vp11/run1_2018-05-24-13-44-01.ids_1,3,11820,11858,put_on_jacket,6
11,vp11/run1_2018-05-24-13-44-01.ids_1,4,12810,12900,put_on_sunglasses,0
11,vp11/run1_2018-05-24-13-44-01.ids_1,4,12900,12990,put_on_sunglasses,1
11,vp11/run1_2018-05-24-13-44-01.ids_1,4,12990,13080,put_on_sunglasses,2
11,vp11/run1_2018-05-24-13-44-01.ids_1,4,13080,13170,put_on_sunglasses,3
11,vp11/run1_2018-05-24-13-44-01.ids_1,4,13170,13178,put_on_sunglasses,4
11,vp11/run1_2018-05-24-13-44-01.ids_1,5,14070,14160,take_off_sunglasses,0
11,vp11/run1_2018-05-24-13-44-01.ids_1,5,14160,14250,take_off_sunglasses,1
11,vp11/run1_2018-05-24-13-44-01.ids_1,5,14250,14258,take_off_sunglasses,2
11,vp11/run1_2018-05-24-13-44-01.ids_1,6,17280,17370,watch_video,0
11,vp11/run1_2018-05-24-13-44-01.ids_1,6,17370,17460,watch_video,1
11,vp11/run1_2018-05-24-13-44-01.ids_1,6,17460,17550,watch_video,2
11,vp11/run1_2018-05-24-13-44-01.ids_1,6,17550,17640,watch_video,3
11,vp11/run1_2018-05-24-13-44-01.ids_1,6,17640,17730,watch_video,4
11,vp11/run1_2018-05-24-13-44-01.ids_1,6,17730,17820,watch_video,5
11,vp11/run1_2018-05-24-13-44-01.ids_1,6,17820,17910,watch_video,6
11,vp11/run1_2018-05-24-13-44-01.ids_1,6,17910,18000,watch_video,7
11,vp11/run1_2018-05-24-13-44-01.ids_1,6,18000,18090,watch_video,8
11,vp11/run1_2018-05-24-13-44-01.ids_1,6,18090,18180,watch_video,9
11,vp11/run1_2018-05-24-13-44-01.ids_1,6,18180,18270,watch_video,10
11,vp11/run1_2018-05-24-13-44-01.ids_1,6,18270,18360,watch_video,11
11,vp11/run1_2018-05-24-13-44-01.ids_1,6,18360,18450,watch_video,12
11,vp11/run1_2018-05-24-13-44-01.ids_1,6,18450,18540,watch_video,13
11,vp11/run1_2018-05-24-13-44-01.ids_1,6,18540,18630,watch_video,14
11,vp11/run1_2018-05-24-13-44-01.ids_1,6,18630,18720,watch_video,15
11,vp11/run1_2018-05-24-13-44-01.ids_1,6,18720,18810,watch_video,16
11,vp11/run1_2018-05-24-13-44-01.ids_1,6,18810,18900,watch_video,17
11,vp11/run1_2018-05-24-13-44-01.ids_1,6,18900,18990,watch_video,18
11,vp11/run1_2018-05-24-13-44-01.ids_1,6,18990,19080,watch_video,19
11,vp11/run1_2018-05-24-13-44-01.ids_1,6,19080,19170,watch_video,20
11,vp11/run1_2018-05-24-13-44-01.ids_1,6,19170,19260,watch_video,21
11,vp11/run1_2018-05-24-13-44-01.ids_1,6,19260,19350,watch_video,22
11,vp11/run1_2018-05-24-13-44-01.ids_1,6,19350,19440,watch_video,23
11,vp11/run1_2018-05-24-13-44-01.ids_1,6,19440,19530,watch_video,24
11,vp11/run1_2018-05-24-13-44-01.ids_1,6,19530,19620,watch_video,25
11,vp11/run1_2018-05-24-13-44-01.ids_1,6,19620,19710,watch_video,26
11,vp11/run1_2018-05-24-13-44-01.ids_1,6,19710,19800,watch_video,27
11,vp11/run1_2018-05-24-13-44-01.ids_1,6,19800,19890,watch_video,28
11,vp11/run1_2018-05-24-13-44-01.ids_1,6,19890,19980,watch_video,29
11,vp11/run1_2018-05-24-13-44-01.ids_1,6,19980,20070,watch_video,30
11,vp11/run1_2018-05-24-13-44-01.ids_1,6,20070,20160,watch_video,31
11,vp11/run1_2018-05-24-13-44-01.ids_1,6,20160,20250,watch_video,32
11,vp11/run1_2018-05-24-13-44-01.ids_1,6,20250,20340,watch_video,33
11,vp11/run1_2018-05-24-13-44-01.ids_1,6,20340,20430,watch_video,34
11,vp11/run1_2018-05-24-13-44-01.ids_1,6,20430,20520,watch_video,35
11,vp11/run1_2018-05-24-13-44-01.ids_1,6,20520,20610,watch_video,36
11,vp11/run1_2018-05-24-13-44-01.ids_1,6,20610,20700,watch_video,37
11,vp11/run1_2018-05-24-13-44-01.ids_1,6,20700,20790,watch_video,38
11,vp11/run1_2018-05-24-13-44-01.ids_1,6,20790,20880,watch_video,39
11,vp11/run1_2018-05-24-13-44-01.ids_1,6,20880,20970,watch_video,40
11,vp11/run1_2018-05-24-13-44-01.ids_1,6,20970,21060,watch_video,41
11,vp11/run1_2018-05-24-13-44-01.ids_1,6,21060,21150,watch_video,42
11,vp11/run1_2018-05-24-13-44-01.ids_1,6,21150,21240,watch_video,43
11,vp11/run1_2018-05-24-13-44-01.ids_1,6,21240,21330,watch_video,44
11,vp11/run1_2018-05-24-13-44-01.ids_1,6,21330,21420,watch_video,45
11,vp11/run1_2018-05-24-13-44-01.ids_1,6,21420,21510,watch_video,46
11,vp11/run1_2018-05-24-13-44-01.ids_1,6,21510,21600,watch_video,47
11,vp11/run1_2018-05-24-13-44-01.ids_1,6,21600,21690,watch_video,48
11,vp11/run1_2018-05-24-13-44-01.ids_1,6,21690,21780,watch_video,49
11,vp11/run1_2018-05-24-13-44-01.ids_1,6,21780,21870,watch_video,50
11,vp11/run1_2018-05-24-13-44-01.ids_1,6,21870,21960,watch_video,51
11,vp11/run1_2018-05-24-13-44-01.ids_1,6,21960,22050,watch_video,52
11,vp11/run1_2018-05-24-13-44-01.ids_1,6,22050,22140,watch_video,53
11,vp11/run1_2018-05-24-13-44-01.ids_1,6,22140,22230,watch_video,54
11,vp11/run1_2018-05-24-13-44-01.ids_1,6,22230,22320,watch_video,55
11,vp11/run1_2018-05-24-13-44-01.ids_1,6,22320,22410,watch_video,56
11,vp11/run1_2018-05-24-13-44-01.ids_1,6,22410,22500,watch_video,57
11,vp11/run1_2018-05-24-13-44-01.ids_1,6,22500,22590,watch_video,58
11,vp11/run1_2018-05-24-13-44-01.ids_1,6,22590,22680,watch_video,59
11,vp11/run1_2018-05-24-13-44-01.ids_1,6,22680,22770,watch_video,60
11,vp11/run1_2018-05-24-13-44-01.ids_1,6,22770,22860,watch_video,61
11,vp11/run1_2018-05-24-13-44-01.ids_1,6,22860,22950,watch_video,62
11,vp11/run1_2018-05-24-13-44-01.ids_1,6,22950,23040,watch_video,63
11,vp11/run1_2018-05-24-13-44-01.ids_1,6,23040,23130,watch_video,64
11,vp11/run1_2018-05-24-13-44-01.ids_1,6,23130,23220,watch_video,65
11,vp11/run1_2018-05-24-13-44-01.ids_1,6,23220,23310,watch_video,66
11,vp11/run1_2018-05-24-13-44-01.ids_1,6,23310,23400,watch_video,67
11,vp11/run1_2018-05-24-13-44-01.ids_1,6,23400,23490,watch_video,68
11,vp11/run1_2018-05-24-13-44-01.ids_1,6,23490,23580,watch_video,69
11,vp11/run1_2018-05-24-13-44-01.ids_1,6,23580,23670,watch_video,70
11,vp11/run1_2018-05-24-13-44-01.ids_1,6,23670,23760,watch_video,71
11,vp11/run1_2018-05-24-13-44-01.ids_1,6,23760,23850,watch_video,72
11,vp11/run1_2018-05-24-13-44-01.ids_1,6,23850,23940,watch_video,73
11,vp11/run1_2018-05-24-13-44-01.ids_1,6,23940,24030,watch_video,74
11,vp11/run1_2018-05-24-13-44-01.ids_1,6,24030,24120,watch_video,75
11,vp11/run1_2018-05-24-13-44-01.ids_1,6,24120,24210,watch_video,76
11,vp11/run1_2018-05-24-13-44-01.ids_1,6,24210,24300,watch_video,77
11,vp11/run1_2018-05-24-13-44-01.ids_1,6,24300,24390,watch_video,78
11,vp11/run1_2018-05-24-13-44-01.ids_1,6,24390,24480,watch_video,79
11,vp11/run1_2018-05-24-13-44-01.ids_1,6,24480,24570,watch_video,80
11,vp11/run1_2018-05-24-13-44-01.ids_1,6,24570,24660,watch_video,81
11,vp11/run1_2018-05-24-13-44-01.ids_1,6,24660,24750,watch_video,82
11,vp11/run1_2018-05-24-13-44-01.ids_1,6,24750,24840,watch_video,83
11,vp11/run1_2018-05-24-13-44-01.ids_1,6,24840,24930,watch_video,84
11,vp11/run1_2018-05-24-13-44-01.ids_1,6,24930,24938,watch_video,85
11,vp11/run1_2018-05-24-13-44-01.ids_1,7,25590,25680,read_write_newspaper,0
11,vp11/run1_2018-05-24-13-44-01.ids_1,7,25680,25770,read_write_newspaper,1
11,vp11/run1_2018-05-24-13-44-01.ids_1,7,25770,25860,read_write_newspaper,2
11,vp11/run1_2018-05-24-13-44-01.ids_1,7,25860,25950,read_write_newspaper,3
11,vp11/run1_2018-05-24-13-44-01.ids_1,7,25950,26040,read_write_newspaper,4
11,vp11/run1_2018-05-24-13-44-01.ids_1,7,26040,26130,read_write_newspaper,5
11,vp11/run1_2018-05-24-13-44-01.ids_1,7,26130,26220,read_write_newspaper,6
11,vp11/run1_2018-05-24-13-44-01.ids_1,7,26220,26310,read_write_newspaper,7
11,vp11/run1_2018-05-24-13-44-01.ids_1,7,26310,26400,read_write_newspaper,8
11,vp11/run1_2018-05-24-13-44-01.ids_1,7,26400,26490,read_write_newspaper,9
11,vp11/run1_2018-05-24-13-44-01.ids_1,7,26490,26580,read_write_newspaper,10
11,vp11/run1_2018-05-24-13-44-01.ids_1,7,26580,26670,read_write_newspaper,11
11,vp11/run1_2018-05-24-13-44-01.ids_1,7,26670,26760,read_write_newspaper,12
11,vp11/run1_2018-05-24-13-44-01.ids_1,7,26760,26850,read_write_newspaper,13
11,vp11/run1_2018-05-24-13-44-01.ids_1,7,26850,26940,read_write_newspaper,14
11,vp11/run1_2018-05-24-13-44-01.ids_1,7,26940,27030,read_write_newspaper,15
11,vp11/run1_2018-05-24-13-44-01.ids_1,7,27030,27120,read_write_newspaper,16
11,vp11/run1_2018-05-24-13-44-01.ids_1,7,27120,27210,read_write_newspaper,17
11,vp11/run1_2018-05-24-13-44-01.ids_1,7,27210,27300,read_write_newspaper,18
11,vp11/run1_2018-05-24-13-44-01.ids_1,7,27300,27390,read_write_newspaper,19
11,vp11/run1_2018-05-24-13-44-01.ids_1,7,27390,27480,read_write_newspaper,20
11,vp11/run1_2018-05-24-13-44-01.ids_1,7,27480,27570,read_write_newspaper,21
11,vp11/run1_2018-05-24-13-44-01.ids_1,7,27570,27660,read_write_newspaper,22
11,vp11/run1_2018-05-24-13-44-01.ids_1,7,27660,27750,read_write_newspaper,23
11,vp11/run1_2018-05-24-13-44-01.ids_1,7,27750,27840,read_write_newspaper,24
11,vp11/run1_2018-05-24-13-44-01.ids_1,7,27840,27930,read_write_newspaper,25
11,vp11/run1_2018-05-24-13-44-01.ids_1,7,27930,28020,read_write_newspaper,26
11,vp11/run1_2018-05-24-13-44-01.ids_1,7,28020,28110,read_write_newspaper,27
11,vp11/run1_2018-05-24-13-44-01.ids_1,7,28110,28200,read_write_newspaper,28
11,vp11/run1_2018-05-24-13-44-01.ids_1,7,28200,28290,read_write_newspaper,29
11,vp11/run1_2018-05-24-13-44-01.ids_1,7,28290,28380,read_write_newspaper,30
11,vp11/run1_2018-05-24-13-44-01.ids_1,7,28380,28470,read_write_newspaper,31
11,vp11/run1_2018-05-24-13-44-01.ids_1,7,28470,28560,read_write_newspaper,32
11,vp11/run1_2018-05-24-13-44-01.ids_1,7,28560,28650,read_write_newspaper,33
11,vp11/run1_2018-05-24-13-44-01.ids_1,7,28650,28718,read_write_newspaper,34
11,vp11/run1_2018-05-24-13-44-01.ids_1,8,29250,29340,eat_drink,0
11,vp11/run1_2018-05-24-13-44-01.ids_1,8,29340,29430,eat_drink,1
11,vp11/run1_2018-05-24-13-44-01.ids_1,8,29430,29520,eat_drink,2
11,vp11/run1_2018-05-24-13-44-01.ids_1,8,29520,29610,eat_drink,3
11,vp11/run1_2018-05-24-13-44-01.ids_1,8,29610,29700,eat_drink,4
11,vp11/run1_2018-05-24-13-44-01.ids_1,8,29700,29790,eat_drink,5
11,vp11/run1_2018-05-24-13-44-01.ids_1,8,29790,29880,eat_drink,6
11,vp11/run1_2018-05-24-13-44-01.ids_1,8,29880,29970,eat_drink,7
11,vp11/run1_2018-05-24-13-44-01.ids_1,8,29970,30060,eat_drink,8
11,vp11/run1_2018-05-24-13-44-01.ids_1,8,30060,30150,eat_drink,9
11,vp11/run1_2018-05-24-13-44-01.ids_1,8,30150,30240,eat_drink,10
11,vp11/run1_2018-05-24-13-44-01.ids_1,8,30240,30330,eat_drink,11
11,vp11/run1_2018-05-24-13-44-01.ids_1,8,30330,30420,eat_drink,12
11,vp11/run1_2018-05-24-13-44-01.ids_1,8,30420,30510,eat_drink,13
11,vp11/run1_2018-05-24-13-44-01.ids_1,8,30510,30600,eat_drink,14
11,vp11/run1_2018-05-24-13-44-01.ids_1,8,30600,30690,eat_drink,15
11,vp11/run1_2018-05-24-13-44-01.ids_1,8,30690,30780,eat_drink,16
11,vp11/run1_2018-05-24-13-44-01.ids_1,8,30780,30870,eat_drink,17
11,vp11/run1_2018-05-24-13-44-01.ids_1,8,30870,30960,eat_drink,18
11,vp11/run1_2018-05-24-13-44-01.ids_1,8,30960,31050,eat_drink,19
11,vp11/run1_2018-05-24-13-44-01.ids_1,8,31050,31140,eat_drink,20
11,vp11/run1_2018-05-24-13-44-01.ids_1,8,31140,31209,eat_drink,21
11,vp11/run1_2018-05-24-13-44-01.ids_1,9,31470,31560,take_off_jacket,0
11,vp11/run1_2018-05-24-13-44-01.ids_1,9,31560,31650,take_off_jacket,1
11,vp11/run1_2018-05-24-13-44-01.ids_1,9,31650,31740,take_off_jacket,2
11,vp11/run1_2018-05-24-13-44-01.ids_1,9,31740,31830,take_off_jacket,3
11,vp11/run1_2018-05-24-13-44-01.ids_1,9,31830,31920,take_off_jacket,4
11,vp11/run1_2018-05-24-13-44-01.ids_1,9,31920,32010,take_off_jacket,5
11,vp11/run1_2018-05-24-13-44-01.ids_1,9,32010,32100,take_off_jacket,6
11,vp11/run1_2018-05-24-13-44-01.ids_1,9,32100,32190,take_off_jacket,7
11,vp11/run1_2018-05-24-13-44-01.ids_1,9,32190,32280,take_off_jacket,8
11,vp11/run1_2018-05-24-13-44-01.ids_1,9,32280,32319,take_off_jacket,9
11,vp11/run1_2018-05-24-13-44-01.ids_1,10,32700,32790,work,0
11,vp11/run1_2018-05-24-13-44-01.ids_1,10,32790,32880,work,1
11,vp11/run1_2018-05-24-13-44-01.ids_1,10,32880,32970,work,2
11,vp11/run1_2018-05-24-13-44-01.ids_1,10,32970,33060,work,3
11,vp11/run1_2018-05-24-13-44-01.ids_1,10,33060,33150,work,4
11,vp11/run1_2018-05-24-13-44-01.ids_1,10,33150,33240,work,5
11,vp11/run1_2018-05-24-13-44-01.ids_1,10,33240,33330,work,6
11,vp11/run1_2018-05-24-13-44-01.ids_1,10,33330,33420,work,7
11,vp11/run1_2018-05-24-13-44-01.ids_1,10,33420,33510,work,8
11,vp11/run1_2018-05-24-13-44-01.ids_1,10,33510,33600,work,9
11,vp11/run1_2018-05-24-13-44-01.ids_1,10,33600,33690,work,10
11,vp11/run1_2018-05-24-13-44-01.ids_1,10,33690,33780,work,11
11,vp11/run1_2018-05-24-13-44-01.ids_1,10,33780,33870,work,12
11,vp11/run1_2018-05-24-13-44-01.ids_1,10,33870,33960,work,13
11,vp11/run1_2018-05-24-13-44-01.ids_1,10,33960,34050,work,14
11,vp11/run1_2018-05-24-13-44-01.ids_1,10,34050,34140,work,15
11,vp11/run1_2018-05-24-13-44-01.ids_1,10,34140,34230,work,16
11,vp11/run1_2018-05-24-13-44-01.ids_1,10,34230,34320,work,17
11,vp11/run1_2018-05-24-13-44-01.ids_1,10,34320,34410,work,18
11,vp11/run1_2018-05-24-13-44-01.ids_1,10,34410,34500,work,19
11,vp11/run1_2018-05-24-13-44-01.ids_1,10,34500,34590,work,20
11,vp11/run1_2018-05-24-13-44-01.ids_1,10,34590,34680,work,21
11,vp11/run1_2018-05-24-13-44-01.ids_1,10,34680,34770,work,22
11,vp11/run1_2018-05-24-13-44-01.ids_1,10,34770,34860,work,23
11,vp11/run1_2018-05-24-13-44-01.ids_1,10,34860,34950,work,24
11,vp11/run1_2018-05-24-13-44-01.ids_1,10,34950,35040,work,25
11,vp11/run1_2018-05-24-13-44-01.ids_1,10,35040,35130,work,26
11,vp11/run1_2018-05-24-13-44-01.ids_1,10,35130,35169,work,27
11,vp11/run1_2018-05-24-13-44-01.ids_1,11,35700,35790,final_task,0
11,vp11/run1_2018-05-24-13-44-01.ids_1,11,35790,35880,final_task,1
11,vp11/run1_2018-05-24-13-44-01.ids_1,11,35880,35970,final_task,2
11,vp11/run1_2018-05-24-13-44-01.ids_1,11,35970,36060,final_task,3
11,vp11/run1_2018-05-24-13-44-01.ids_1,11,36060,36150,final_task,4
11,vp11/run1_2018-05-24-13-44-01.ids_1,11,36150,36240,final_task,5
11,vp11/run1_2018-05-24-13-44-01.ids_1,11,36240,36330,final_task,6
11,vp11/run1_2018-05-24-13-44-01.ids_1,11,36330,36420,final_task,7
11,vp11/run1_2018-05-24-13-44-01.ids_1,11,36420,36510,final_task,8
11,vp11/run1_2018-05-24-13-44-01.ids_1,11,36510,36600,final_task,9
11,vp11/run1_2018-05-24-13-44-01.ids_1,11,36600,36690,final_task,10
11,vp11/run1_2018-05-24-13-44-01.ids_1,11,36690,36780,final_task,11
11,vp11/run1_2018-05-24-13-44-01.ids_1,11,36780,36870,final_task,12
11,vp11/run1_2018-05-24-13-44-01.ids_1,11,36870,36879,final_task,13
11,vp11/run2_2018-05-24-14-35-56.ids_1,0,0,90,fasten_seat_belt,0
11,vp11/run2_2018-05-24-14-35-56.ids_1,0,90,180,fasten_seat_belt,1
11,vp11/run2_2018-05-24-14-35-56.ids_1,0,180,270,fasten_seat_belt,2
11,vp11/run2_2018-05-24-14-35-56.ids_1,0,270,360,fasten_seat_belt,3
11,vp11/run2_2018-05-24-14-35-56.ids_1,0,360,450,fasten_seat_belt,4
11,vp11/run2_2018-05-24-14-35-56.ids_1,0,450,459,fasten_seat_belt,5
11,vp11/run2_2018-05-24-14-35-56.ids_1,1,5850,5940,hand_over,0
11,vp11/run2_2018-05-24-14-35-56.ids_1,1,5940,6009,hand_over,1
11,vp11/run2_2018-05-24-14-35-56.ids_1,2,6210,6300,watch_video,0
11,vp11/run2_2018-05-24-14-35-56.ids_1,2,6300,6390,watch_video,1
11,vp11/run2_2018-05-24-14-35-56.ids_1,2,6390,6480,watch_video,2
11,vp11/run2_2018-05-24-14-35-56.ids_1,2,6480,6570,watch_video,3
11,vp11/run2_2018-05-24-14-35-56.ids_1,2,6570,6660,watch_video,4
11,vp11/run2_2018-05-24-14-35-56.ids_1,2,6660,6750,watch_video,5
11,vp11/run2_2018-05-24-14-35-56.ids_1,2,6750,6840,watch_video,6
11,vp11/run2_2018-05-24-14-35-56.ids_1,2,6840,6930,watch_video,7
11,vp11/run2_2018-05-24-14-35-56.ids_1,2,6930,7020,watch_video,8
11,vp11/run2_2018-05-24-14-35-56.ids_1,2,7020,7110,watch_video,9
11,vp11/run2_2018-05-24-14-35-56.ids_1,2,7110,7200,watch_video,10
11,vp11/run2_2018-05-24-14-35-56.ids_1,2,7200,7290,watch_video,11
11,vp11/run2_2018-05-24-14-35-56.ids_1,2,7290,7380,watch_video,12
11,vp11/run2_2018-05-24-14-35-56.ids_1,2,7380,7470,watch_video,13
11,vp11/run2_2018-05-24-14-35-56.ids_1,2,7470,7560,watch_video,14
11,vp11/run2_2018-05-24-14-35-56.ids_1,2,7560,7650,watch_video,15
11,vp11/run2_2018-05-24-14-35-56.ids_1,2,7650,7740,watch_video,16
11,vp11/run2_2018-05-24-14-35-56.ids_1,2,7740,7830,watch_video,17
11,vp11/run2_2018-05-24-14-35-56.ids_1,2,7830,7920,watch_video,18
11,vp11/run2_2018-05-24-14-35-56.ids_1,2,7920,8010,watch_video,19
11,vp11/run2_2018-05-24-14-35-56.ids_1,2,8010,8100,watch_video,20
11,vp11/run2_2018-05-24-14-35-56.ids_1,2,8100,8108,watch_video,21
11,vp11/run2_2018-05-24-14-35-56.ids_1,3,8940,9030,read_write_newspaper,0
11,vp11/run2_2018-05-24-14-35-56.ids_1,3,9030,9120,read_write_newspaper,1
11,vp11/run2_2018-05-24-14-35-56.ids_1,3,9120,9210,read_write_newspaper,2
11,vp11/run2_2018-05-24-14-35-56.ids_1,3,9210,9300,read_write_newspaper,3
11,vp11/run2_2018-05-24-14-35-56.ids_1,3,9300,9390,read_write_newspaper,4
11,vp11/run2_2018-05-24-14-35-56.ids_1,3,9390,9480,read_write_newspaper,5
11,vp11/run2_2018-05-24-14-35-56.ids_1,3,9480,9570,read_write_newspaper,6
11,vp11/run2_2018-05-24-14-35-56.ids_1,3,9570,9660,read_write_newspaper,7
11,vp11/run2_2018-05-24-14-35-56.ids_1,3,9660,9750,read_write_newspaper,8
11,vp11/run2_2018-05-24-14-35-56.ids_1,3,9750,9840,read_write_newspaper,9
11,vp11/run2_2018-05-24-14-35-56.ids_1,3,9840,9930,read_write_newspaper,10
11,vp11/run2_2018-05-24-14-35-56.ids_1,3,9930,10020,read_write_newspaper,11
11,vp11/run2_2018-05-24-14-35-56.ids_1,3,10020,10110,read_write_newspaper,12
11,vp11/run2_2018-05-24-14-35-56.ids_1,3,10110,10200,read_write_newspaper,13
11,vp11/run2_2018-05-24-14-35-56.ids_1,3,10200,10290,read_write_newspaper,14
11,vp11/run2_2018-05-24-14-35-56.ids_1,3,10290,10380,read_write_newspaper,15
11,vp11/run2_2018-05-24-14-35-56.ids_1,3,10380,10470,read_write_newspaper,16
11,vp11/run2_2018-05-24-14-35-56.ids_1,3,10470,10560,read_write_newspaper,17
11,vp11/run2_2018-05-24-14-35-56.ids_1,3,10560,10650,read_write_newspaper,18
11,vp11/run2_2018-05-24-14-35-56.ids_1,3,10650,10740,read_write_newspaper,19
11,vp11/run2_2018-05-24-14-35-56.ids_1,3,10740,10748,read_write_newspaper,20
11,vp11/run2_2018-05-24-14-35-56.ids_1,4,11280,11370,put_on_jacket,0
11,vp11/run2_2018-05-24-14-35-56.ids_1,4,11370,11460,put_on_jacket,1
11,vp11/run2_2018-05-24-14-35-56.ids_1,4,11460,11550,put_on_jacket,2
11,vp11/run2_2018-05-24-14-35-56.ids_1,4,11550,11640,put_on_jacket,3
11,vp11/run2_2018-05-24-14-35-56.ids_1,4,11640,11730,put_on_jacket,4
11,vp11/run2_2018-05-24-14-35-56.ids_1,4,11730,11820,put_on_jacket,5
11,vp11/run2_2018-05-24-14-35-56.ids_1,4,11820,11888,put_on_jacket,6
11,vp11/run2_2018-05-24-14-35-56.ids_1,5,12600,12690,put_on_sunglasses,0
11,vp11/run2_2018-05-24-14-35-56.ids_1,5,12690,12780,put_on_sunglasses,1
11,vp11/run2_2018-05-24-14-35-56.ids_1,5,12780,12848,put_on_sunglasses,2
11,vp11/run2_2018-05-24-14-35-56.ids_1,6,13050,13118,take_off_sunglasses,0
11,vp11/run2_2018-05-24-14-35-56.ids_1,7,16140,16230,eat_drink,0
11,vp11/run2_2018-05-24-14-35-56.ids_1,7,16230,16320,eat_drink,1
11,vp11/run2_2018-05-24-14-35-56.ids_1,7,16320,16410,eat_drink,2
11,vp11/run2_2018-05-24-14-35-56.ids_1,7,16410,16500,eat_drink,3
11,vp11/run2_2018-05-24-14-35-56.ids_1,7,16500,16590,eat_drink,4
11,vp11/run2_2018-05-24-14-35-56.ids_1,7,16590,16680,eat_drink,5
11,vp11/run2_2018-05-24-14-35-56.ids_1,7,16680,16770,eat_drink,6
11,vp11/run2_2018-05-24-14-35-56.ids_1,7,16770,16860,eat_drink,7
11,vp11/run2_2018-05-24-14-35-56.ids_1,7,16860,16950,eat_drink,8
11,vp11/run2_2018-05-24-14-35-56.ids_1,7,16950,17040,eat_drink,9
11,vp11/run2_2018-05-24-14-35-56.ids_1,7,17040,17048,eat_drink,10
11,vp11/run2_2018-05-24-14-35-56.ids_1,8,17940,18030,take_off_jacket,0
11,vp11/run2_2018-05-24-14-35-56.ids_1,8,18030,18120,take_off_jacket,1
11,vp11/run2_2018-05-24-14-35-56.ids_1,8,18120,18210,take_off_jacket,2
11,vp11/run2_2018-05-24-14-35-56.ids_1,8,18210,18300,take_off_jacket,3
11,vp11/run2_2018-05-24-14-35-56.ids_1,8,18300,18390,take_off_jacket,4
11,vp11/run2_2018-05-24-14-35-56.ids_1,8,18390,18480,take_off_jacket,5
11,vp11/run2_2018-05-24-14-35-56.ids_1,8,18480,18570,take_off_jacket,6
11,vp11/run2_2018-05-24-14-35-56.ids_1,8,18570,18660,take_off_jacket,7
11,vp11/run2_2018-05-24-14-35-56.ids_1,8,18660,18668,take_off_jacket,8
11,vp11/run2_2018-05-24-14-35-56.ids_1,9,19440,19530,read_write_magazine,0
11,vp11/run2_2018-05-24-14-35-56.ids_1,9,19530,19620,read_write_magazine,1
11,vp11/run2_2018-05-24-14-35-56.ids_1,9,19620,19710,read_write_magazine,2
11,vp11/run2_2018-05-24-14-35-56.ids_1,9,19710,19800,read_write_magazine,3
11,vp11/run2_2018-05-24-14-35-56.ids_1,9,19800,19890,read_write_magazine,4
11,vp11/run2_2018-05-24-14-35-56.ids_1,9,19890,19980,read_write_magazine,5
11,vp11/run2_2018-05-24-14-35-56.ids_1,9,19980,20070,read_write_magazine,6
11,vp11/run2_2018-05-24-14-35-56.ids_1,9,20070,20160,read_write_magazine,7
11,vp11/run2_2018-05-24-14-35-56.ids_1,9,20160,20250,read_write_magazine,8
11,vp11/run2_2018-05-24-14-35-56.ids_1,9,20250,20340,read_write_magazine,9
11,vp11/run2_2018-05-24-14-35-56.ids_1,9,20340,20430,read_write_magazine,10
11,vp11/run2_2018-05-24-14-35-56.ids_1,9,20430,20520,read_write_magazine,11
11,vp11/run2_2018-05-24-14-35-56.ids_1,9,20520,20610,read_write_magazine,12
11,vp11/run2_2018-05-24-14-35-56.ids_1,9,20610,20700,read_write_magazine,13
11,vp11/run2_2018-05-24-14-35-56.ids_1,9,20700,20790,read_write_magazine,14
11,vp11/run2_2018-05-24-14-35-56.ids_1,9,20790,20880,read_write_magazine,15
11,vp11/run2_2018-05-24-14-35-56.ids_1,9,20880,20970,read_write_magazine,16
11,vp11/run2_2018-05-24-14-35-56.ids_1,9,20970,21060,read_write_magazine,17
11,vp11/run2_2018-05-24-14-35-56.ids_1,9,21060,21150,read_write_magazine,18
11,vp11/run2_2018-05-24-14-35-56.ids_1,9,21150,21240,read_write_magazine,19
11,vp11/run2_2018-05-24-14-35-56.ids_1,9,21240,21330,read_write_magazine,20
11,vp11/run2_2018-05-24-14-35-56.ids_1,9,21330,21420,read_write_magazine,21
11,vp11/run2_2018-05-24-14-35-56.ids_1,9,21420,21510,read_write_magazine,22
11,vp11/run2_2018-05-24-14-35-56.ids_1,9,21510,21600,read_write_magazine,23
11,vp11/run2_2018-05-24-14-35-56.ids_1,9,21600,21690,read_write_magazine,24
11,vp11/run2_2018-05-24-14-35-56.ids_1,9,21690,21780,read_write_magazine,25
11,vp11/run2_2018-05-24-14-35-56.ids_1,9,21780,21870,read_write_magazine,26
11,vp11/run2_2018-05-24-14-35-56.ids_1,9,21870,21960,read_write_magazine,27
11,vp11/run2_2018-05-24-14-35-56.ids_1,9,21960,22050,read_write_magazine,28
11,vp11/run2_2018-05-24-14-35-56.ids_1,9,22050,22140,read_write_magazine,29
11,vp11/run2_2018-05-24-14-35-56.ids_1,9,22140,22230,read_write_magazine,30
11,vp11/run2_2018-05-24-14-35-56.ids_1,9,22230,22320,read_write_magazine,31
11,vp11/run2_2018-05-24-14-35-56.ids_1,9,22320,22410,read_write_magazine,32
11,vp11/run2_2018-05-24-14-35-56.ids_1,9,22410,22500,read_write_magazine,33
11,vp11/run2_2018-05-24-14-35-56.ids_1,9,22500,22590,read_write_magazine,34
11,vp11/run2_2018-05-24-14-35-56.ids_1,9,22590,22680,read_write_magazine,35
11,vp11/run2_2018-05-24-14-35-56.ids_1,9,22680,22770,read_write_magazine,36
11,vp11/run2_2018-05-24-14-35-56.ids_1,9,22770,22778,read_write_magazine,37
11,vp11/run2_2018-05-24-14-35-56.ids_1,10,22980,23070,work,0
11,vp11/run2_2018-05-24-14-35-56.ids_1,10,23070,23160,work,1
11,vp11/run2_2018-05-24-14-35-56.ids_1,10,23160,23250,work,2
11,vp11/run2_2018-05-24-14-35-56.ids_1,10,23250,23340,work,3
11,vp11/run2_2018-05-24-14-35-56.ids_1,10,23340,23430,work,4
11,vp11/run2_2018-05-24-14-35-56.ids_1,10,23430,23520,work,5
11,vp11/run2_2018-05-24-14-35-56.ids_1,10,23520,23610,work,6
11,vp11/run2_2018-05-24-14-35-56.ids_1,10,23610,23700,work,7
11,vp11/run2_2018-05-24-14-35-56.ids_1,10,23700,23790,work,8
11,vp11/run2_2018-05-24-14-35-56.ids_1,10,23790,23880,work,9
11,vp11/run2_2018-05-24-14-35-56.ids_1,10,23880,23970,work,10
11,vp11/run2_2018-05-24-14-35-56.ids_1,10,23970,24060,work,11
11,vp11/run2_2018-05-24-14-35-56.ids_1,10,24060,24150,work,12
11,vp11/run2_2018-05-24-14-35-56.ids_1,10,24150,24240,work,13
11,vp11/run2_2018-05-24-14-35-56.ids_1,10,24240,24330,work,14
11,vp11/run2_2018-05-24-14-35-56.ids_1,10,24330,24420,work,15
11,vp11/run2_2018-05-24-14-35-56.ids_1,10,24420,24510,work,16
11,vp11/run2_2018-05-24-14-35-56.ids_1,10,24510,24600,work,17
11,vp11/run2_2018-05-24-14-35-56.ids_1,10,24600,24690,work,18
11,vp11/run2_2018-05-24-14-35-56.ids_1,10,24690,24780,work,19
11,vp11/run2_2018-05-24-14-35-56.ids_1,10,24780,24870,work,20
11,vp11/run2_2018-05-24-14-35-56.ids_1,10,24870,24960,work,21
11,vp11/run2_2018-05-24-14-35-56.ids_1,10,24960,25050,work,22
11,vp11/run2_2018-05-24-14-35-56.ids_1,10,25050,25140,work,23
11,vp11/run2_2018-05-24-14-35-56.ids_1,10,25140,25230,work,24
11,vp11/run2_2018-05-24-14-35-56.ids_1,10,25230,25298,work,25
11,vp11/run2_2018-05-24-14-35-56.ids_1,11,26370,26460,final_task,0
11,vp11/run2_2018-05-24-14-35-56.ids_1,11,26460,26550,final_task,1
11,vp11/run2_2018-05-24-14-35-56.ids_1,11,26550,26640,final_task,2
11,vp11/run2_2018-05-24-14-35-56.ids_1,11,26640,26730,final_task,3
11,vp11/run2_2018-05-24-14-35-56.ids_1,11,26730,26820,final_task,4
11,vp11/run2_2018-05-24-14-35-56.ids_1,11,26820,26888,final_task,5
13,vp13/run1_2018-05-29-15-21-10.ids_1,0,0,90,fasten_seat_belt,0
13,vp13/run1_2018-05-29-15-21-10.ids_1,0,90,180,fasten_seat_belt,1
13,vp13/run1_2018-05-29-15-21-10.ids_1,0,180,270,fasten_seat_belt,2
13,vp13/run1_2018-05-29-15-21-10.ids_1,0,270,360,fasten_seat_belt,3
13,vp13/run1_2018-05-29-15-21-10.ids_1,0,360,450,fasten_seat_belt,4
13,vp13/run1_2018-05-29-15-21-10.ids_1,0,450,540,fasten_seat_belt,5
13,vp13/run1_2018-05-29-15-21-10.ids_1,0,540,609,fasten_seat_belt,6
13,vp13/run1_2018-05-29-15-21-10.ids_1,1,6000,6090,hand_over,0
13,vp13/run1_2018-05-29-15-21-10.ids_1,1,6090,6180,hand_over,1
13,vp13/run1_2018-05-29-15-21-10.ids_1,1,6180,6270,hand_over,2
13,vp13/run1_2018-05-29-15-21-10.ids_1,1,6270,6360,hand_over,3
13,vp13/run1_2018-05-29-15-21-10.ids_1,1,6360,6450,hand_over,4
13,vp13/run1_2018-05-29-15-21-10.ids_1,1,6450,6540,hand_over,5
13,vp13/run1_2018-05-29-15-21-10.ids_1,1,6540,6630,hand_over,6
13,vp13/run1_2018-05-29-15-21-10.ids_1,1,6630,6720,hand_over,7
13,vp13/run1_2018-05-29-15-21-10.ids_1,1,6720,6729,hand_over,8
13,vp13/run1_2018-05-29-15-21-10.ids_1,2,6960,7050,put_on_sunglasses,0
13,vp13/run1_2018-05-29-15-21-10.ids_1,2,7050,7140,put_on_sunglasses,1
13,vp13/run1_2018-05-29-15-21-10.ids_1,2,7140,7230,put_on_sunglasses,2
13,vp13/run1_2018-05-29-15-21-10.ids_1,2,7230,7239,put_on_sunglasses,3
13,vp13/run1_2018-05-29-15-21-10.ids_1,3,8130,8220,read_write_newspaper,0
13,vp13/run1_2018-05-29-15-21-10.ids_1,3,8220,8310,read_write_newspaper,1
13,vp13/run1_2018-05-29-15-21-10.ids_1,3,8310,8400,read_write_newspaper,2
13,vp13/run1_2018-05-29-15-21-10.ids_1,3,8400,8490,read_write_newspaper,3
13,vp13/run1_2018-05-29-15-21-10.ids_1,3,8490,8580,read_write_newspaper,4
13,vp13/run1_2018-05-29-15-21-10.ids_1,3,8580,8670,read_write_newspaper,5
13,vp13/run1_2018-05-29-15-21-10.ids_1,3,8670,8760,read_write_newspaper,6
13,vp13/run1_2018-05-29-15-21-10.ids_1,3,8760,8850,read_write_newspaper,7
13,vp13/run1_2018-05-29-15-21-10.ids_1,3,8850,8940,read_write_newspaper,8
13,vp13/run1_2018-05-29-15-21-10.ids_1,3,8940,9030,read_write_newspaper,9
13,vp13/run1_2018-05-29-15-21-10.ids_1,3,9030,9120,read_write_newspaper,10
13,vp13/run1_2018-05-29-15-21-10.ids_1,3,9120,9210,read_write_newspaper,11
13,vp13/run1_2018-05-29-15-21-10.ids_1,3,9210,9300,read_write_newspaper,12
13,vp13/run1_2018-05-29-15-21-10.ids_1,3,9300,9390,read_write_newspaper,13
13,vp13/run1_2018-05-29-15-21-10.ids_1,3,9390,9480,read_write_newspaper,14
13,vp13/run1_2018-05-29-15-21-10.ids_1,3,9480,9570,read_write_newspaper,15
13,vp13/run1_2018-05-29-15-21-10.ids_1,3,9570,9660,read_write_newspaper,16
13,vp13/run1_2018-05-29-15-21-10.ids_1,3,9660,9750,read_write_newspaper,17
13,vp13/run1_2018-05-29-15-21-10.ids_1,3,9750,9840,read_write_newspaper,18
13,vp13/run1_2018-05-29-15-21-10.ids_1,3,9840,9930,read_write_newspaper,19
13,vp13/run1_2018-05-29-15-21-10.ids_1,3,9930,10020,read_write_newspaper,20
13,vp13/run1_2018-05-29-15-21-10.ids_1,3,10020,10110,read_write_newspaper,21
13,vp13/run1_2018-05-29-15-21-10.ids_1,3,10110,10200,read_write_newspaper,22
13,vp13/run1_2018-05-29-15-21-10.ids_1,3,10200,10290,read_write_newspaper,23
13,vp13/run1_2018-05-29-15-21-10.ids_1,3,10290,10380,read_write_newspaper,24
13,vp13/run1_2018-05-29-15-21-10.ids_1,3,10380,10470,read_write_newspaper,25
13,vp13/run1_2018-05-29-15-21-10.ids_1,3,10470,10560,read_write_newspaper,26
13,vp13/run1_2018-05-29-15-21-10.ids_1,3,10560,10650,read_write_newspaper,27
13,vp13/run1_2018-05-29-15-21-10.ids_1,3,10650,10740,read_write_newspaper,28
13,vp13/run1_2018-05-29-15-21-10.ids_1,3,10740,10830,read_write_newspaper,29
13,vp13/run1_2018-05-29-15-21-10.ids_1,3,10830,10920,read_write_newspaper,30
13,vp13/run1_2018-05-29-15-21-10.ids_1,3,10920,11010,read_write_newspaper,31
13,vp13/run1_2018-05-29-15-21-10.ids_1,3,11010,11100,read_write_newspaper,32
13,vp13/run1_2018-05-29-15-21-10.ids_1,3,11100,11190,read_write_newspaper,33
13,vp13/run1_2018-05-29-15-21-10.ids_1,3,11190,11280,read_write_newspaper,34
13,vp13/run1_2018-05-29-15-21-10.ids_1,3,11280,11370,read_write_newspaper,35
13,vp13/run1_2018-05-29-15-21-10.ids_1,3,11370,11460,read_write_newspaper,36
13,vp13/run1_2018-05-29-15-21-10.ids_1,3,11460,11550,read_write_newspaper,37
13,vp13/run1_2018-05-29-15-21-10.ids_1,3,11550,11640,read_write_newspaper,38
13,vp13/run1_2018-05-29-15-21-10.ids_1,3,11640,11730,read_write_newspaper,39
13,vp13/run1_2018-05-29-15-21-10.ids_1,3,11730,11820,read_write_newspaper,40
13,vp13/run1_2018-05-29-15-21-10.ids_1,3,11820,11910,read_write_newspaper,41
13,vp13/run1_2018-05-29-15-21-10.ids_1,3,11910,12000,read_write_newspaper,42
13,vp13/run1_2018-05-29-15-21-10.ids_1,3,12000,12090,read_write_newspaper,43
13,vp13/run1_2018-05-29-15-21-10.ids_1,3,12090,12180,read_write_newspaper,44
13,vp13/run1_2018-05-29-15-21-10.ids_1,3,12180,12218,read_write_newspaper,45
13,vp13/run1_2018-05-29-15-21-10.ids_1,4,12930,13020,put_on_jacket,0
13,vp13/run1_2018-05-29-15-21-10.ids_1,4,13020,13110,put_on_jacket,1
13,vp13/run1_2018-05-29-15-21-10.ids_1,4,13110,13200,put_on_jacket,2
13,vp13/run1_2018-05-29-15-21-10.ids_1,4,13200,13290,put_on_jacket,3
13,vp13/run1_2018-05-29-15-21-10.ids_1,4,13290,13380,put_on_jacket,4
13,vp13/run1_2018-05-29-15-21-10.ids_1,4,13380,13470,put_on_jacket,5
13,vp13/run1_2018-05-29-15-21-10.ids_1,4,13470,13560,put_on_jacket,6
13,vp13/run1_2018-05-29-15-21-10.ids_1,4,13560,13650,put_on_jacket,7
13,vp13/run1_2018-05-29-15-21-10.ids_1,4,13650,13740,put_on_jacket,8
13,vp13/run1_2018-05-29-15-21-10.ids_1,4,13740,13830,put_on_jacket,9
13,vp13/run1_2018-05-29-15-21-10.ids_1,4,13830,13920,put_on_jacket,10
13,vp13/run1_2018-05-29-15-21-10.ids_1,4,13920,14010,put_on_jacket,11
13,vp13/run1_2018-05-29-15-21-10.ids_1,4,14010,14100,put_on_jacket,12
13,vp13/run1_2018-05-29-15-21-10.ids_1,4,14100,14190,put_on_jacket,13
13,vp13/run1_2018-05-29-15-21-10.ids_1,4,14190,14280,put_on_jacket,14
13,vp13/run1_2018-05-29-15-21-10.ids_1,4,14280,14370,put_on_jacket,15
13,vp13/run1_2018-05-29-15-21-10.ids_1,4,14370,14460,put_on_jacket,16
13,vp13/run1_2018-05-29-15-21-10.ids_1,4,14460,14498,put_on_jacket,17
13,vp13/run1_2018-05-29-15-21-10.ids_1,5,15390,15480,read_write_magazine,0
13,vp13/run1_2018-05-29-15-21-10.ids_1,5,15480,15570,read_write_magazine,1
13,vp13/run1_2018-05-29-15-21-10.ids_1,5,15570,15660,read_write_magazine,2
13,vp13/run1_2018-05-29-15-21-10.ids_1,5,15660,15750,read_write_magazine,3
13,vp13/run1_2018-05-29-15-21-10.ids_1,5,15750,15840,read_write_magazine,4
13,vp13/run1_2018-05-29-15-21-10.ids_1,5,15840,15930,read_write_magazine,5
13,vp13/run1_2018-05-29-15-21-10.ids_1,5,15930,16020,read_write_magazine,6
13,vp13/run1_2018-05-29-15-21-10.ids_1,5,16020,16110,read_write_magazine,7
13,vp13/run1_2018-05-29-15-21-10.ids_1,5,16110,16200,read_write_magazine,8
13,vp13/run1_2018-05-29-15-21-10.ids_1,5,16200,16290,read_write_magazine,9
13,vp13/run1_2018-05-29-15-21-10.ids_1,5,16290,16380,read_write_magazine,10
13,vp13/run1_2018-05-29-15-21-10.ids_1,5,16380,16470,read_write_magazine,11
13,vp13/run1_2018-05-29-15-21-10.ids_1,5,16470,16560,read_write_magazine,12
13,vp13/run1_2018-05-29-15-21-10.ids_1,5,16560,16650,read_write_magazine,13
13,vp13/run1_2018-05-29-15-21-10.ids_1,5,16650,16740,read_write_magazine,14
13,vp13/run1_2018-05-29-15-21-10.ids_1,5,16740,16830,read_write_magazine,15
13,vp13/run1_2018-05-29-15-21-10.ids_1,5,16830,16920,read_write_magazine,16
13,vp13/run1_2018-05-29-15-21-10.ids_1,5,16920,17010,read_write_magazine,17
13,vp13/run1_2018-05-29-15-21-10.ids_1,5,17010,17100,read_write_magazine,18
13,vp13/run1_2018-05-29-15-21-10.ids_1,5,17100,17190,read_write_magazine,19
13,vp13/run1_2018-05-29-15-21-10.ids_1,5,17190,17280,read_write_magazine,20
13,vp13/run1_2018-05-29-15-21-10.ids_1,5,17280,17370,read_write_magazine,21
13,vp13/run1_2018-05-29-15-21-10.ids_1,5,17370,17460,read_write_magazine,22
13,vp13/run1_2018-05-29-15-21-10.ids_1,5,17460,17550,read_write_magazine,23
13,vp13/run1_2018-05-29-15-21-10.ids_1,5,17550,17640,read_write_magazine,24
13,vp13/run1_2018-05-29-15-21-10.ids_1,5,17640,17730,read_write_magazine,25
13,vp13/run1_2018-05-29-15-21-10.ids_1,5,17730,17820,read_write_magazine,26
13,vp13/run1_2018-05-29-15-21-10.ids_1,5,17820,17910,read_write_magazine,27
13,vp13/run1_2018-05-29-15-21-10.ids_1,5,17910,18000,read_write_magazine,28
13,vp13/run1_2018-05-29-15-21-10.ids_1,5,18000,18090,read_write_magazine,29
13,vp13/run1_2018-05-29-15-21-10.ids_1,5,18090,18180,read_write_magazine,30
13,vp13/run1_2018-05-29-15-21-10.ids_1,5,18180,18270,read_write_magazine,31
13,vp13/run1_2018-05-29-15-21-10.ids_1,5,18270,18360,read_write_magazine,32
13,vp13/run1_2018-05-29-15-21-10.ids_1,5,18360,18450,read_write_magazine,33
13,vp13/run1_2018-05-29-15-21-10.ids_1,5,18450,18540,read_write_magazine,34
13,vp13/run1_2018-05-29-15-21-10.ids_1,5,18540,18630,read_write_magazine,35
13,vp13/run1_2018-05-29-15-21-10.ids_1,5,18630,18720,read_write_magazine,36
13,vp13/run1_2018-05-29-15-21-10.ids_1,5,18720,18810,read_write_magazine,37
13,vp13/run1_2018-05-29-15-21-10.ids_1,5,18810,18900,read_write_magazine,38
13,vp13/run1_2018-05-29-15-21-10.ids_1,5,18900,18990,read_write_magazine,39
13,vp13/run1_2018-05-29-15-21-10.ids_1,5,18990,19080,read_write_magazine,40
13,vp13/run1_2018-05-29-15-21-10.ids_1,5,19080,19170,read_write_magazine,41
13,vp13/run1_2018-05-29-15-21-10.ids_1,5,19170,19260,read_write_magazine,42
13,vp13/run1_2018-05-29-15-21-10.ids_1,5,19260,19350,read_write_magazine,43
13,vp13/run1_2018-05-29-15-21-10.ids_1,5,19350,19440,read_write_magazine,44
13,vp13/run1_2018-05-29-15-21-10.ids_1,5,19440,19530,read_write_magazine,45
13,vp13/run1_2018-05-29-15-21-10.ids_1,5,19530,19620,read_write_magazine,46
13,vp13/run1_2018-05-29-15-21-10.ids_1,5,19620,19710,read_write_magazine,47
13,vp13/run1_2018-05-29-15-21-10.ids_1,5,19710,19778,read_write_magazine,48
13,vp13/run1_2018-05-29-15-21-10.ids_1,6,20400,20490,take_off_sunglasses,0
13,vp13/run1_2018-05-29-15-21-10.ids_1,6,20490,20580,take_off_sunglasses,1
13,vp13/run1_2018-05-29-15-21-10.ids_1,6,20580,20648,take_off_sunglasses,2
13,vp13/run1_2018-05-29-15-21-10.ids_1,7,21210,21300,eat_drink,0
13,vp13/run1_2018-05-29-15-21-10.ids_1,7,21300,21390,eat_drink,1
13,vp13/run1_2018-05-29-15-21-10.ids_1,7,21390,21480,eat_drink,2
13,vp13/run1_2018-05-29-15-21-10.ids_1,7,21480,21570,eat_drink,3
13,vp13/run1_2018-05-29-15-21-10.ids_1,7,21570,21660,eat_drink,4
13,vp13/run1_2018-05-29-15-21-10.ids_1,7,21660,21750,eat_drink,5
13,vp13/run1_2018-05-29-15-21-10.ids_1,7,21750,21840,eat_drink,6
13,vp13/run1_2018-05-29-15-21-10.ids_1,7,21840,21930,eat_drink,7
13,vp13/run1_2018-05-29-15-21-10.ids_1,7,21930,22020,eat_drink,8
13,vp13/run1_2018-05-29-15-21-10.ids_1,7,22020,22110,eat_drink,9
13,vp13/run1_2018-05-29-15-21-10.ids_1,7,22110,22200,eat_drink,10
13,vp13/run1_2018-05-29-15-21-10.ids_1,7,22200,22290,eat_drink,11
13,vp13/run1_2018-05-29-15-21-10.ids_1,7,22290,22380,eat_drink,12
13,vp13/run1_2018-05-29-15-21-10.ids_1,7,22380,22470,eat_drink,13
13,vp13/run1_2018-05-29-15-21-10.ids_1,7,22470,22560,eat_drink,14
13,vp13/run1_2018-05-29-15-21-10.ids_1,7,22560,22650,eat_drink,15
13,vp13/run1_2018-05-29-15-21-10.ids_1,7,22650,22740,eat_drink,16
13,vp13/run1_2018-05-29-15-21-10.ids_1,7,22740,22830,eat_drink,17
13,vp13/run1_2018-05-29-15-21-10.ids_1,7,22830,22920,eat_drink,18
13,vp13/run1_2018-05-29-15-21-10.ids_1,7,22920,23010,eat_drink,19
13,vp13/run1_2018-05-29-15-21-10.ids_1,7,23010,23100,eat_drink,20
13,vp13/run1_2018-05-29-15-21-10.ids_1,7,23100,23190,eat_drink,21
13,vp13/run1_2018-05-29-15-21-10.ids_1,7,23190,23280,eat_drink,22
13,vp13/run1_2018-05-29-15-21-10.ids_1,7,23280,23370,eat_drink,23
13,vp13/run1_2018-05-29-15-21-10.ids_1,7,23370,23460,eat_drink,24
13,vp13/run1_2018-05-29-15-21-10.ids_1,7,23460,23550,eat_drink,25
13,vp13/run1_2018-05-29-15-21-10.ids_1,7,23550,23640,eat_drink,26
13,vp13/run1_2018-05-29-15-21-10.ids_1,7,23640,23730,eat_drink,27
13,vp13/run1_2018-05-29-15-21-10.ids_1,7,23730,23820,eat_drink,28
13,vp13/run1_2018-05-29-15-21-10.ids_1,7,23820,23910,eat_drink,29
13,vp13/run1_2018-05-29-15-21-10.ids_1,7,23910,24000,eat_drink,30
13,vp13/run1_2018-05-29-15-21-10.ids_1,7,24000,24090,eat_drink,31
13,vp13/run1_2018-05-29-15-21-10.ids_1,7,24090,24180,eat_drink,32
13,vp13/run1_2018-05-29-15-21-10.ids_1,7,24180,24270,eat_drink,33
13,vp13/run1_2018-05-29-15-21-10.ids_1,7,24270,24360,eat_drink,34
13,vp13/run1_2018-05-29-15-21-10.ids_1,7,24360,24450,eat_drink,35
13,vp13/run1_2018-05-29-15-21-10.ids_1,7,24450,24540,eat_drink,36
13,vp13/run1_2018-05-29-15-21-10.ids_1,7,24540,24630,eat_drink,37
13,vp13/run1_2018-05-29-15-21-10.ids_1,7,24630,24720,eat_drink,38
13,vp13/run1_2018-05-29-15-21-10.ids_1,7,24720,24810,eat_drink,39
13,vp13/run1_2018-05-29-15-21-10.ids_1,7,24810,24900,eat_drink,40
13,vp13/run1_2018-05-29-15-21-10.ids_1,7,24900,24990,eat_drink,41
13,vp13/run1_2018-05-29-15-21-10.ids_1,7,24990,25080,eat_drink,42
13,vp13/run1_2018-05-29-15-21-10.ids_1,7,25080,25170,eat_drink,43
13,vp13/run1_2018-05-29-15-21-10.ids_1,7,25170,25260,eat_drink,44
13,vp13/run1_2018-05-29-15-21-10.ids_1,7,25260,25350,eat_drink,45
13,vp13/run1_2018-05-29-15-21-10.ids_1,7,25350,25440,eat_drink,46
13,vp13/run1_2018-05-29-15-21-10.ids_1,7,25440,25530,eat_drink,47
13,vp13/run1_2018-05-29-15-21-10.ids_1,7,25530,25598,eat_drink,48
13,vp13/run1_2018-05-29-15-21-10.ids_1,8,26370,26460,take_off_jacket,0
13,vp13/run1_2018-05-29-15-21-10.ids_1,8,26460,26550,take_off_jacket,1
13,vp13/run1_2018-05-29-15-21-10.ids_1,8,26550,26640,take_off_jacket,2
13,vp13/run1_2018-05-29-15-21-10.ids_1,8,26640,26730,take_off_jacket,3
13,vp13/run1_2018-05-29-15-21-10.ids_1,8,26730,26820,take_off_jacket,4
13,vp13/run1_2018-05-29-15-21-10.ids_1,8,26820,26910,take_off_jacket,5
13,vp13/run1_2018-05-29-15-21-10.ids_1,8,26910,27000,take_off_jacket,6
13,vp13/run1_2018-05-29-15-21-10.ids_1,8,27000,27068,take_off_jacket,7
13,vp13/run1_2018-05-29-15-21-10.ids_1,9,27360,27450,work,0
13,vp13/run1_2018-05-29-15-21-10.ids_1,9,27450,27540,work,1
13,vp13/run1_2018-05-29-15-21-10.ids_1,9,27540,27630,work,2
13,vp13/run1_2018-05-29-15-21-10.ids_1,9,27630,27720,work,3
13,vp13/run1_2018-05-29-15-21-10.ids_1,9,27720,27810,work,4
13,vp13/run1_2018-05-29-15-21-10.ids_1,9,27810,27900,work,5
13,vp13/run1_2018-05-29-15-21-10.ids_1,9,27900,27990,work,6
13,vp13/run1_2018-05-29-15-21-10.ids_1,9,27990,28080,work,7
13,vp13/run1_2018-05-29-15-21-10.ids_1,9,28080,28170,work,8
13,vp13/run1_2018-05-29-15-21-10.ids_1,9,28170,28260,work,9
13,vp13/run1_2018-05-29-15-21-10.ids_1,9,28260,28350,work,10
13,vp13/run1_2018-05-29-15-21-10.ids_1,9,28350,28440,work,11
13,vp13/run1_2018-05-29-15-21-10.ids_1,9,28440,28530,work,12
13,vp13/run1_2018-05-29-15-21-10.ids_1,9,28530,28620,work,13
13,vp13/run1_2018-05-29-15-21-10.ids_1,9,28620,28710,work,14
13,vp13/run1_2018-05-29-15-21-10.ids_1,9,28710,28800,work,15
13,vp13/run1_2018-05-29-15-21-10.ids_1,9,28800,28890,work,16
13,vp13/run1_2018-05-29-15-21-10.ids_1,9,28890,28980,work,17
13,vp13/run1_2018-05-29-15-21-10.ids_1,9,28980,29070,work,18
13,vp13/run1_2018-05-29-15-21-10.ids_1,9,29070,29160,work,19
13,vp13/run1_2018-05-29-15-21-10.ids_1,9,29160,29250,work,20
13,vp13/run1_2018-05-29-15-21-10.ids_1,9,29250,29340,work,21
13,vp13/run1_2018-05-29-15-21-10.ids_1,9,29340,29430,work,22
13,vp13/run1_2018-05-29-15-21-10.ids_1,9,29430,29520,work,23
13,vp13/run1_2018-05-29-15-21-10.ids_1,9,29520,29610,work,24
13,vp13/run1_2018-05-29-15-21-10.ids_1,9,29610,29700,work,25
13,vp13/run1_2018-05-29-15-21-10.ids_1,9,29700,29790,work,26
13,vp13/run1_2018-05-29-15-21-10.ids_1,9,29790,29880,work,27
13,vp13/run1_2018-05-29-15-21-10.ids_1,9,29880,29970,work,28
13,vp13/run1_2018-05-29-15-21-10.ids_1,9,29970,30060,work,29
13,vp13/run1_2018-05-29-15-21-10.ids_1,9,30060,30150,work,30
13,vp13/run1_2018-05-29-15-21-10.ids_1,9,30150,30240,work,31
13,vp13/run1_2018-05-29-15-21-10.ids_1,9,30240,30330,work,32
13,vp13/run1_2018-05-29-15-21-10.ids_1,9,30330,30420,work,33
13,vp13/run1_2018-05-29-15-21-10.ids_1,9,30420,30510,work,34
13,vp13/run1_2018-05-29-15-21-10.ids_1,9,30510,30600,work,35
13,vp13/run1_2018-05-29-15-21-10.ids_1,9,30600,30690,work,36
13,vp13/run1_2018-05-29-15-21-10.ids_1,9,30690,30780,work,37
13,vp13/run1_2018-05-29-15-21-10.ids_1,9,30780,30870,work,38
13,vp13/run1_2018-05-29-15-21-10.ids_1,9,30870,30960,work,39
13,vp13/run1_2018-05-29-15-21-10.ids_1,9,30960,31050,work,40
13,vp13/run1_2018-05-29-15-21-10.ids_1,9,31050,31140,work,41
13,vp13/run1_2018-05-29-15-21-10.ids_1,9,31140,31230,work,42
13,vp13/run1_2018-05-29-15-21-10.ids_1,9,31230,31320,work,43
13,vp13/run1_2018-05-29-15-21-10.ids_1,9,31320,31410,work,44
13,vp13/run1_2018-05-29-15-21-10.ids_1,9,31410,31500,work,45
13,vp13/run1_2018-05-29-15-21-10.ids_1,9,31500,31590,work,46
13,vp13/run1_2018-05-29-15-21-10.ids_1,9,31590,31680,work,47
13,vp13/run1_2018-05-29-15-21-10.ids_1,9,31680,31689,work,48
13,vp13/run1_2018-05-29-15-21-10.ids_1,10,34710,34800,watch_video,0
13,vp13/run1_2018-05-29-15-21-10.ids_1,10,34800,34890,watch_video,1
13,vp13/run1_2018-05-29-15-21-10.ids_1,10,34890,34980,watch_video,2
13,vp13/run1_2018-05-29-15-21-10.ids_1,10,34980,35070,watch_video,3
13,vp13/run1_2018-05-29-15-21-10.ids_1,10,35070,35160,watch_video,4
13,vp13/run1_2018-05-29-15-21-10.ids_1,10,35160,35250,watch_video,5
13,vp13/run1_2018-05-29-15-21-10.ids_1,10,35250,35340,watch_video,6
13,vp13/run1_2018-05-29-15-21-10.ids_1,10,35340,35430,watch_video,7
13,vp13/run1_2018-05-29-15-21-10.ids_1,10,35430,35520,watch_video,8
13,vp13/run1_2018-05-29-15-21-10.ids_1,10,35520,35610,watch_video,9
13,vp13/run1_2018-05-29-15-21-10.ids_1,10,35610,35700,watch_video,10
13,vp13/run1_2018-05-29-15-21-10.ids_1,10,35700,35790,watch_video,11
13,vp13/run1_2018-05-29-15-21-10.ids_1,10,35790,35880,watch_video,12
13,vp13/run1_2018-05-29-15-21-10.ids_1,10,35880,35970,watch_video,13
13,vp13/run1_2018-05-29-15-21-10.ids_1,10,35970,36060,watch_video,14
13,vp13/run1_2018-05-29-15-21-10.ids_1,10,36060,36150,watch_video,15
13,vp13/run1_2018-05-29-15-21-10.ids_1,10,36150,36240,watch_video,16
13,vp13/run1_2018-05-29-15-21-10.ids_1,10,36240,36330,watch_video,17
13,vp13/run1_2018-05-29-15-21-10.ids_1,10,36330,36420,watch_video,18
13,vp13/run1_2018-05-29-15-21-10.ids_1,10,36420,36510,watch_video,19
13,vp13/run1_2018-05-29-15-21-10.ids_1,10,36510,36600,watch_video,20
13,vp13/run1_2018-05-29-15-21-10.ids_1,10,36600,36690,watch_video,21
13,vp13/run1_2018-05-29-15-21-10.ids_1,10,36690,36780,watch_video,22
13,vp13/run1_2018-05-29-15-21-10.ids_1,10,36780,36870,watch_video,23
13,vp13/run1_2018-05-29-15-21-10.ids_1,10,36870,36960,watch_video,24
13,vp13/run1_2018-05-29-15-21-10.ids_1,10,36960,37050,watch_video,25
13,vp13/run1_2018-05-29-15-21-10.ids_1,10,37050,37140,watch_video,26
13,vp13/run1_2018-05-29-15-21-10.ids_1,10,37140,37230,watch_video,27
13,vp13/run1_2018-05-29-15-21-10.ids_1,10,37230,37320,watch_video,28
13,vp13/run1_2018-05-29-15-21-10.ids_1,10,37320,37410,watch_video,29
13,vp13/run1_2018-05-29-15-21-10.ids_1,10,37410,37500,watch_video,30
13,vp13/run1_2018-05-29-15-21-10.ids_1,10,37500,37590,watch_video,31
13,vp13/run1_2018-05-29-15-21-10.ids_1,10,37590,37680,watch_video,32
13,vp13/run1_2018-05-29-15-21-10.ids_1,10,37680,37770,watch_video,33
13,vp13/run1_2018-05-29-15-21-10.ids_1,10,37770,37860,watch_video,34
13,vp13/run1_2018-05-29-15-21-10.ids_1,10,37860,37950,watch_video,35
13,vp13/run1_2018-05-29-15-21-10.ids_1,10,37950,38040,watch_video,36
13,vp13/run1_2018-05-29-15-21-10.ids_1,10,38040,38130,watch_video,37
13,vp13/run1_2018-05-29-15-21-10.ids_1,10,38130,38220,watch_video,38
13,vp13/run1_2018-05-29-15-21-10.ids_1,10,38220,38310,watch_video,39
13,vp13/run1_2018-05-29-15-21-10.ids_1,10,38310,38400,watch_video,40
13,vp13/run1_2018-05-29-15-21-10.ids_1,10,38400,38490,watch_video,41
13,vp13/run1_2018-05-29-15-21-10.ids_1,10,38490,38580,watch_video,42
13,vp13/run1_2018-05-29-15-21-10.ids_1,10,38580,38670,watch_video,43
13,vp13/run1_2018-05-29-15-21-10.ids_1,10,38670,38760,watch_video,44
13,vp13/run1_2018-05-29-15-21-10.ids_1,10,38760,38850,watch_video,45
13,vp13/run1_2018-05-29-15-21-10.ids_1,10,38850,38940,watch_video,46
13,vp13/run1_2018-05-29-15-21-10.ids_1,10,38940,39030,watch_video,47
13,vp13/run1_2018-05-29-15-21-10.ids_1,10,39030,39120,watch_video,48
13,vp13/run1_2018-05-29-15-21-10.ids_1,10,39120,39210,watch_video,49
13,vp13/run1_2018-05-29-15-21-10.ids_1,10,39210,39300,watch_video,50
13,vp13/run1_2018-05-29-15-21-10.ids_1,10,39300,39390,watch_video,51
13,vp13/run1_2018-05-29-15-21-10.ids_1,10,39390,39480,watch_video,52
13,vp13/run1_2018-05-29-15-21-10.ids_1,10,39480,39570,watch_video,53
13,vp13/run1_2018-05-29-15-21-10.ids_1,10,39570,39660,watch_video,54
13,vp13/run1_2018-05-29-15-21-10.ids_1,10,39660,39750,watch_video,55
13,vp13/run1_2018-05-29-15-21-10.ids_1,10,39750,39840,watch_video,56
13,vp13/run1_2018-05-29-15-21-10.ids_1,10,39840,39930,watch_video,57
13,vp13/run1_2018-05-29-15-21-10.ids_1,10,39930,40020,watch_video,58
13,vp13/run1_2018-05-29-15-21-10.ids_1,10,40020,40110,watch_video,59
13,vp13/run1_2018-05-29-15-21-10.ids_1,10,40110,40200,watch_video,60
13,vp13/run1_2018-05-29-15-21-10.ids_1,10,40200,40290,watch_video,61
13,vp13/run1_2018-05-29-15-21-10.ids_1,10,40290,40380,watch_video,62
13,vp13/run1_2018-05-29-15-21-10.ids_1,10,40380,40470,watch_video,63
13,vp13/run1_2018-05-29-15-21-10.ids_1,10,40470,40560,watch_video,64
13,vp13/run1_2018-05-29-15-21-10.ids_1,10,40560,40650,watch_video,65
13,vp13/run1_2018-05-29-15-21-10.ids_1,10,40650,40740,watch_video,66
13,vp13/run1_2018-05-29-15-21-10.ids_1,10,40740,40830,watch_video,67
13,vp13/run1_2018-05-29-15-21-10.ids_1,10,40830,40920,watch_video,68
13,vp13/run1_2018-05-29-15-21-10.ids_1,10,40920,41010,watch_video,69
13,vp13/run1_2018-05-29-15-21-10.ids_1,10,41010,41100,watch_video,70
13,vp13/run1_2018-05-29-15-21-10.ids_1,10,41100,41190,watch_video,71
13,vp13/run1_2018-05-29-15-21-10.ids_1,10,41190,41280,watch_video,72
13,vp13/run1_2018-05-29-15-21-10.ids_1,10,41280,41370,watch_video,73
13,vp13/run1_2018-05-29-15-21-10.ids_1,10,41370,41460,watch_video,74
13,vp13/run1_2018-05-29-15-21-10.ids_1,10,41460,41550,watch_video,75
13,vp13/run1_2018-05-29-15-21-10.ids_1,10,41550,41640,watch_video,76
13,vp13/run1_2018-05-29-15-21-10.ids_1,10,41640,41730,watch_video,77
13,vp13/run1_2018-05-29-15-21-10.ids_1,10,41730,41820,watch_video,78
13,vp13/run1_2018-05-29-15-21-10.ids_1,10,41820,41910,watch_video,79
13,vp13/run1_2018-05-29-15-21-10.ids_1,10,41910,42000,watch_video,80
13,vp13/run1_2018-05-29-15-21-10.ids_1,10,42000,42090,watch_video,81
13,vp13/run1_2018-05-29-15-21-10.ids_1,10,42090,42180,watch_video,82
13,vp13/run1_2018-05-29-15-21-10.ids_1,10,42180,42270,watch_video,83
13,vp13/run1_2018-05-29-15-21-10.ids_1,10,42270,42360,watch_video,84
13,vp13/run1_2018-05-29-15-21-10.ids_1,10,42360,42450,watch_video,85
13,vp13/run1_2018-05-29-15-21-10.ids_1,10,42450,42540,watch_video,86
13,vp13/run1_2018-05-29-15-21-10.ids_1,10,42540,42630,watch_video,87
13,vp13/run1_2018-05-29-15-21-10.ids_1,10,42630,42720,watch_video,88
13,vp13/run1_2018-05-29-15-21-10.ids_1,10,42720,42810,watch_video,89
13,vp13/run1_2018-05-29-15-21-10.ids_1,10,42810,42900,watch_video,90
13,vp13/run1_2018-05-29-15-21-10.ids_1,10,42900,42990,watch_video,91
13,vp13/run1_2018-05-29-15-21-10.ids_1,10,42990,43080,watch_video,92
13,vp13/run1_2018-05-29-15-21-10.ids_1,10,43080,43170,watch_video,93
13,vp13/run1_2018-05-29-15-21-10.ids_1,10,43170,43260,watch_video,94
13,vp13/run1_2018-05-29-15-21-10.ids_1,10,43260,43350,watch_video,95
13,vp13/run1_2018-05-29-15-21-10.ids_1,10,43350,43440,watch_video,96
13,vp13/run1_2018-05-29-15-21-10.ids_1,10,43440,43530,watch_video,97
13,vp13/run1_2018-05-29-15-21-10.ids_1,10,43530,43620,watch_video,98
13,vp13/run1_2018-05-29-15-21-10.ids_1,10,43620,43710,watch_video,99
13,vp13/run1_2018-05-29-15-21-10.ids_1,10,43710,43800,watch_video,100
13,vp13/run1_2018-05-29-15-21-10.ids_1,10,43800,43839,watch_video,101
13,vp13/run1_2018-05-29-15-21-10.ids_1,11,44400,44490,final_task,0
13,vp13/run1_2018-05-29-15-21-10.ids_1,11,44490,44580,final_task,1
13,vp13/run1_2018-05-29-15-21-10.ids_1,11,44580,44670,final_task,2
13,vp13/run1_2018-05-29-15-21-10.ids_1,11,44670,44760,final_task,3
13,vp13/run1_2018-05-29-15-21-10.ids_1,11,44760,44850,final_task,4
13,vp13/run1_2018-05-29-15-21-10.ids_1,11,44850,44940,final_task,5
13,vp13/run1_2018-05-29-15-21-10.ids_1,11,44940,45030,final_task,6
13,vp13/run1_2018-05-29-15-21-10.ids_1,11,45030,45120,final_task,7
13,vp13/run1_2018-05-29-15-21-10.ids_1,11,45120,45210,final_task,8
13,vp13/run1_2018-05-29-15-21-10.ids_1,11,45210,45300,final_task,9
13,vp13/run1_2018-05-29-15-21-10.ids_1,11,45300,45390,final_task,10
13,vp13/run1_2018-05-29-15-21-10.ids_1,11,45390,45480,final_task,11
13,vp13/run1_2018-05-29-15-21-10.ids_1,11,45480,45570,final_task,12
13,vp13/run1_2018-05-29-15-21-10.ids_1,11,45570,45660,final_task,13
13,vp13/run1_2018-05-29-15-21-10.ids_1,11,45660,45750,final_task,14
13,vp13/run1_2018-05-29-15-21-10.ids_1,11,45750,45840,final_task,15
13,vp13/run1_2018-05-29-15-21-10.ids_1,11,45840,45930,final_task,16
13,vp13/run1_2018-05-29-15-21-10.ids_1,11,45930,46020,final_task,17
13,vp13/run1_2018-05-29-15-21-10.ids_1,11,46020,46080,final_task,18
13,vp13/run2_2018-05-30-11-34-54.ids_1,0,0,90,fasten_seat_belt,0
13,vp13/run2_2018-05-30-11-34-54.ids_1,0,90,180,fasten_seat_belt,1
13,vp13/run2_2018-05-30-11-34-54.ids_1,0,180,270,fasten_seat_belt,2
13,vp13/run2_2018-05-30-11-34-54.ids_1,0,270,360,fasten_seat_belt,3
13,vp13/run2_2018-05-30-11-34-54.ids_1,0,360,450,fasten_seat_belt,4
13,vp13/run2_2018-05-30-11-34-54.ids_1,0,450,540,fasten_seat_belt,5
13,vp13/run2_2018-05-30-11-34-54.ids_1,0,540,630,fasten_seat_belt,6
13,vp13/run2_2018-05-30-11-34-54.ids_1,0,630,720,fasten_seat_belt,7
13,vp13/run2_2018-05-30-11-34-54.ids_1,0,720,810,fasten_seat_belt,8
13,vp13/run2_2018-05-30-11-34-54.ids_1,0,810,900,fasten_seat_belt,9
13,vp13/run2_2018-05-30-11-34-54.ids_1,0,900,990,fasten_seat_belt,10
13,vp13/run2_2018-05-30-11-34-54.ids_1,0,990,1080,fasten_seat_belt,11
13,vp13/run2_2018-05-30-11-34-54.ids_1,0,1080,1170,fasten_seat_belt,12
13,vp13/run2_2018-05-30-11-34-54.ids_1,0,1170,1260,fasten_seat_belt,13
13,vp13/run2_2018-05-30-11-34-54.ids_1,0,1260,1350,fasten_seat_belt,14
13,vp13/run2_2018-05-30-11-34-54.ids_1,0,1350,1440,fasten_seat_belt,15
13,vp13/run2_2018-05-30-11-34-54.ids_1,0,1440,1530,fasten_seat_belt,16
13,vp13/run2_2018-05-30-11-34-54.ids_1,0,1530,1569,fasten_seat_belt,17
13,vp13/run2_2018-05-30-11-34-54.ids_1,1,6960,7050,hand_over,0
13,vp13/run2_2018-05-30-11-34-54.ids_1,1,7050,7089,hand_over,1
13,vp13/run2_2018-05-30-11-34-54.ids_1,2,7290,7380,read_write_magazine,0
13,vp13/run2_2018-05-30-11-34-54.ids_1,2,7380,7470,read_write_magazine,1
13,vp13/run2_2018-05-30-11-34-54.ids_1,2,7470,7560,read_write_magazine,2
13,vp13/run2_2018-05-30-11-34-54.ids_1,2,7560,7650,read_write_magazine,3
13,vp13/run2_2018-05-30-11-34-54.ids_1,2,7650,7740,read_write_magazine,4
13,vp13/run2_2018-05-30-11-34-54.ids_1,2,7740,7830,read_write_magazine,5
13,vp13/run2_2018-05-30-11-34-54.ids_1,2,7830,7920,read_write_magazine,6
13,vp13/run2_2018-05-30-11-34-54.ids_1,2,7920,8010,read_write_magazine,7
13,vp13/run2_2018-05-30-11-34-54.ids_1,2,8010,8100,read_write_magazine,8
13,vp13/run2_2018-05-30-11-34-54.ids_1,2,8100,8190,read_write_magazine,9
13,vp13/run2_2018-05-30-11-34-54.ids_1,2,8190,8280,read_write_magazine,10
13,vp13/run2_2018-05-30-11-34-54.ids_1,2,8280,8370,read_write_magazine,11
13,vp13/run2_2018-05-30-11-34-54.ids_1,2,8370,8460,read_write_magazine,12
13,vp13/run2_2018-05-30-11-34-54.ids_1,2,8460,8550,read_write_magazine,13
13,vp13/run2_2018-05-30-11-34-54.ids_1,2,8550,8640,read_write_magazine,14
13,vp13/run2_2018-05-30-11-34-54.ids_1,2,8640,8730,read_write_magazine,15
13,vp13/run2_2018-05-30-11-34-54.ids_1,2,8730,8820,read_write_magazine,16
13,vp13/run2_2018-05-30-11-34-54.ids_1,2,8820,8910,read_write_magazine,17
13,vp13/run2_2018-05-30-11-34-54.ids_1,2,8910,9000,read_write_magazine,18
13,vp13/run2_2018-05-30-11-34-54.ids_1,2,9000,9090,read_write_magazine,19
13,vp13/run2_2018-05-30-11-34-54.ids_1,2,9090,9180,read_write_magazine,20
13,vp13/run2_2018-05-30-11-34-54.ids_1,2,9180,9270,read_write_magazine,21
13,vp13/run2_2018-05-30-11-34-54.ids_1,2,9270,9360,read_write_magazine,22
13,vp13/run2_2018-05-30-11-34-54.ids_1,2,9360,9450,read_write_magazine,23
13,vp13/run2_2018-05-30-11-34-54.ids_1,2,9450,9540,read_write_magazine,24
13,vp13/run2_2018-05-30-11-34-54.ids_1,2,9540,9630,read_write_magazine,25
13,vp13/run2_2018-05-30-11-34-54.ids_1,2,9630,9720,read_write_magazine,26
13,vp13/run2_2018-05-30-11-34-54.ids_1,2,9720,9810,read_write_magazine,27
13,vp13/run2_2018-05-30-11-34-54.ids_1,2,9810,9900,read_write_magazine,28
13,vp13/run2_2018-05-30-11-34-54.ids_1,2,9900,9990,read_write_magazine,29
13,vp13/run2_2018-05-30-11-34-54.ids_1,2,9990,10080,read_write_magazine,30
13,vp13/run2_2018-05-30-11-34-54.ids_1,2,10080,10170,read_write_magazine,31
13,vp13/run2_2018-05-30-11-34-54.ids_1,2,10170,10260,read_write_magazine,32
13,vp13/run2_2018-05-30-11-34-54.ids_1,2,10260,10350,read_write_magazine,33
13,vp13/run2_2018-05-30-11-34-54.ids_1,2,10350,10440,read_write_magazine,34
13,vp13/run2_2018-05-30-11-34-54.ids_1,2,10440,10508,read_write_magazine,35
13,vp13/run2_2018-05-30-11-34-54.ids_1,3,10680,10770,put_on_jacket,0
13,vp13/run2_2018-05-30-11-34-54.ids_1,3,10770,10860,put_on_jacket,1
13,vp13/run2_2018-05-30-11-34-54.ids_1,3,10860,10950,put_on_jacket,2
13,vp13/run2_2018-05-30-11-34-54.ids_1,3,10950,11040,put_on_jacket,3
13,vp13/run2_2018-05-30-11-34-54.ids_1,3,11040,11130,put_on_jacket,4
13,vp13/run2_2018-05-30-11-34-54.ids_1,3,11130,11220,put_on_jacket,5
13,vp13/run2_2018-05-30-11-34-54.ids_1,3,11220,11310,put_on_jacket,6
13,vp13/run2_2018-05-30-11-34-54.ids_1,3,11310,11400,put_on_jacket,7
13,vp13/run2_2018-05-30-11-34-54.ids_1,3,11400,11490,put_on_jacket,8
13,vp13/run2_2018-05-30-11-34-54.ids_1,3,11490,11580,put_on_jacket,9
13,vp13/run2_2018-05-30-11-34-54.ids_1,3,11580,11670,put_on_jacket,10
13,vp13/run2_2018-05-30-11-34-54.ids_1,3,11670,11760,put_on_jacket,11
13,vp13/run2_2018-05-30-11-34-54.ids_1,3,11760,11850,put_on_jacket,12
13,vp13/run2_2018-05-30-11-34-54.ids_1,3,11850,11940,put_on_jacket,13
13,vp13/run2_2018-05-30-11-34-54.ids_1,3,11940,12030,put_on_jacket,14
13,vp13/run2_2018-05-30-11-34-54.ids_1,3,12030,12120,put_on_jacket,15
13,vp13/run2_2018-05-30-11-34-54.ids_1,3,12120,12210,put_on_jacket,16
13,vp13/run2_2018-05-30-11-34-54.ids_1,3,12210,12300,put_on_jacket,17
13,vp13/run2_2018-05-30-11-34-54.ids_1,3,12300,12390,put_on_jacket,18
13,vp13/run2_2018-05-30-11-34-54.ids_1,3,12390,12398,put_on_jacket,19
13,vp13/run2_2018-05-30-11-34-54.ids_1,4,12960,13050,put_on_sunglasses,0
13,vp13/run2_2018-05-30-11-34-54.ids_1,4,13050,13140,put_on_sunglasses,1
13,vp13/run2_2018-05-30-11-34-54.ids_1,4,13140,13230,put_on_sunglasses,2
13,vp13/run2_2018-05-30-11-34-54.ids_1,4,13230,13268,put_on_sunglasses,3
13,vp13/run2_2018-05-30-11-34-54.ids_1,5,14070,14160,work,0
13,vp13/run2_2018-05-30-11-34-54.ids_1,5,14160,14250,work,1
13,vp13/run2_2018-05-30-11-34-54.ids_1,5,14250,14340,work,2
13,vp13/run2_2018-05-30-11-34-54.ids_1,5,14340,14430,work,3
13,vp13/run2_2018-05-30-11-34-54.ids_1,5,14430,14520,work,4
13,vp13/run2_2018-05-30-11-34-54.ids_1,5,14520,14610,work,5
13,vp13/run2_2018-05-30-11-34-54.ids_1,5,14610,14700,work,6
13,vp13/run2_2018-05-30-11-34-54.ids_1,5,14700,14790,work,7
13,vp13/run2_2018-05-30-11-34-54.ids_1,5,14790,14880,work,8
13,vp13/run2_2018-05-30-11-34-54.ids_1,5,14880,14970,work,9
13,vp13/run2_2018-05-30-11-34-54.ids_1,5,14970,15060,work,10
13,vp13/run2_2018-05-30-11-34-54.ids_1,5,15060,15150,work,11
13,vp13/run2_2018-05-30-11-34-54.ids_1,5,15150,15240,work,12
13,vp13/run2_2018-05-30-11-34-54.ids_1,5,15240,15330,work,13
13,vp13/run2_2018-05-30-11-34-54.ids_1,5,15330,15420,work,14
13,vp13/run2_2018-05-30-11-34-54.ids_1,5,15420,15510,work,15
13,vp13/run2_2018-05-30-11-34-54.ids_1,5,15510,15600,work,16
13,vp13/run2_2018-05-30-11-34-54.ids_1,5,15600,15690,work,17
13,vp13/run2_2018-05-30-11-34-54.ids_1,5,15690,15780,work,18
13,vp13/run2_2018-05-30-11-34-54.ids_1,5,15780,15870,work,19
13,vp13/run2_2018-05-30-11-34-54.ids_1,5,15870,15960,work,20
13,vp13/run2_2018-05-30-11-34-54.ids_1,5,15960,16050,work,21
13,vp13/run2_2018-05-30-11-34-54.ids_1,5,16050,16140,work,22
13,vp13/run2_2018-05-30-11-34-54.ids_1,5,16140,16230,work,23
13,vp13/run2_2018-05-30-11-34-54.ids_1,5,16230,16320,work,24
13,vp13/run2_2018-05-30-11-34-54.ids_1,5,16320,16410,work,25
13,vp13/run2_2018-05-30-11-34-54.ids_1,5,16410,16500,work,26
13,vp13/run2_2018-05-30-11-34-54.ids_1,5,16500,16590,work,27
13,vp13/run2_2018-05-30-11-34-54.ids_1,5,16590,16680,work,28
13,vp13/run2_2018-05-30-11-34-54.ids_1,5,16680,16770,work,29
13,vp13/run2_2018-05-30-11-34-54.ids_1,5,16770,16860,work,30
13,vp13/run2_2018-05-30-11-34-54.ids_1,5,16860,16950,work,31
13,vp13/run2_2018-05-30-11-34-54.ids_1,5,16950,17040,work,32
13,vp13/run2_2018-05-30-11-34-54.ids_1,5,17040,17130,work,33
13,vp13/run2_2018-05-30-11-34-54.ids_1,5,17130,17198,work,34
13,vp13/run2_2018-05-30-11-34-54.ids_1,6,20220,20310,take_off_jacket,0
13,vp13/run2_2018-05-30-11-34-54.ids_1,6,20310,20400,take_off_jacket,1
13,vp13/run2_2018-05-30-11-34-54.ids_1,6,20400,20490,take_off_jacket,2
13,vp13/run2_2018-05-30-11-34-54.ids_1,6,20490,20580,take_off_jacket,3
13,vp13/run2_2018-05-30-11-34-54.ids_1,6,20580,20670,take_off_jacket,4
13,vp13/run2_2018-05-30-11-34-54.ids_1,6,20670,20760,take_off_jacket,5
13,vp13/run2_2018-05-30-11-34-54.ids_1,6,20760,20850,take_off_jacket,6
13,vp13/run2_2018-05-30-11-34-54.ids_1,6,20850,20888,take_off_jacket,7
13,vp13/run2_2018-05-30-11-34-54.ids_1,7,21090,21180,eat_drink,0
13,vp13/run2_2018-05-30-11-34-54.ids_1,7,21180,21270,eat_drink,1
13,vp13/run2_2018-05-30-11-34-54.ids_1,7,21270,21360,eat_drink,2
13,vp13/run2_2018-05-30-11-34-54.ids_1,7,21360,21450,eat_drink,3
13,vp13/run2_2018-05-30-11-34-54.ids_1,7,21450,21540,eat_drink,4
13,vp13/run2_2018-05-30-11-34-54.ids_1,7,21540,21630,eat_drink,5
13,vp13/run2_2018-05-30-11-34-54.ids_1,7,21630,21720,eat_drink,6
13,vp13/run2_2018-05-30-11-34-54.ids_1,7,21720,21810,eat_drink,7
13,vp13/run2_2018-05-30-11-34-54.ids_1,7,21810,21900,eat_drink,8
13,vp13/run2_2018-05-30-11-34-54.ids_1,7,21900,21990,eat_drink,9
13,vp13/run2_2018-05-30-11-34-54.ids_1,7,21990,22080,eat_drink,10
13,vp13/run2_2018-05-30-11-34-54.ids_1,7,22080,22170,eat_drink,11
13,vp13/run2_2018-05-30-11-34-54.ids_1,7,22170,22260,eat_drink,12
13,vp13/run2_2018-05-30-11-34-54.ids_1,7,22260,22350,eat_drink,13
13,vp13/run2_2018-05-30-11-34-54.ids_1,7,22350,22440,eat_drink,14
13,vp13/run2_2018-05-30-11-34-54.ids_1,7,22440,22530,eat_drink,15
13,vp13/run2_2018-05-30-11-34-54.ids_1,7,22530,22620,eat_drink,16
13,vp13/run2_2018-05-30-11-34-54.ids_1,7,22620,22710,eat_drink,17
13,vp13/run2_2018-05-30-11-34-54.ids_1,7,22710,22800,eat_drink,18
13,vp13/run2_2018-05-30-11-34-54.ids_1,7,22800,22890,eat_drink,19
13,vp13/run2_2018-05-30-11-34-54.ids_1,7,22890,22980,eat_drink,20
13,vp13/run2_2018-05-30-11-34-54.ids_1,7,22980,23070,eat_drink,21
13,vp13/run2_2018-05-30-11-34-54.ids_1,7,23070,23160,eat_drink,22
13,vp13/run2_2018-05-30-11-34-54.ids_1,7,23160,23250,eat_drink,23
13,vp13/run2_2018-05-30-11-34-54.ids_1,7,23250,23340,eat_drink,24
13,vp13/run2_2018-05-30-11-34-54.ids_1,7,23340,23430,eat_drink,25
13,vp13/run2_2018-05-30-11-34-54.ids_1,7,23430,23520,eat_drink,26
13,vp13/run2_2018-05-30-11-34-54.ids_1,7,23520,23610,eat_drink,27
13,vp13/run2_2018-05-30-11-34-54.ids_1,7,23610,23700,eat_drink,28
13,vp13/run2_2018-05-30-11-34-54.ids_1,7,23700,23790,eat_drink,29
13,vp13/run2_2018-05-30-11-34-54.ids_1,7,23790,23880,eat_drink,30
13,vp13/run2_2018-05-30-11-34-54.ids_1,7,23880,23970,eat_drink,31
13,vp13/run2_2018-05-30-11-34-54.ids_1,7,23970,24060,eat_drink,32
13,vp13/run2_2018-05-30-11-34-54.ids_1,7,24060,24150,eat_drink,33
13,vp13/run2_2018-05-30-11-34-54.ids_1,7,24150,24240,eat_drink,34
13,vp13/run2_2018-05-30-11-34-54.ids_1,7,24240,24330,eat_drink,35
13,vp13/run2_2018-05-30-11-34-54.ids_1,7,24330,24420,eat_drink,36
13,vp13/run2_2018-05-30-11-34-54.ids_1,7,24420,24510,eat_drink,37
13,vp13/run2_2018-05-30-11-34-54.ids_1,7,24510,24600,eat_drink,38
13,vp13/run2_2018-05-30-11-34-54.ids_1,7,24600,24668,eat_drink,39
13,vp13/run2_2018-05-30-11-34-54.ids_1,8,25170,25260,take_off_sunglasses,0
13,vp13/run2_2018-05-30-11-34-54.ids_1,8,25260,25350,take_off_sunglasses,1
13,vp13/run2_2018-05-30-11-34-54.ids_1,8,25350,25440,take_off_sunglasses,2
13,vp13/run2_2018-05-30-11-34-54.ids_1,8,25440,25478,take_off_sunglasses,3
13,vp13/run2_2018-05-30-11-34-54.ids_1,9,26550,26640,read_write_newspaper,0
13,vp13/run2_2018-05-30-11-34-54.ids_1,9,26640,26730,read_write_newspaper,1
13,vp13/run2_2018-05-30-11-34-54.ids_1,9,26730,26820,read_write_newspaper,2
13,vp13/run2_2018-05-30-11-34-54.ids_1,9,26820,26910,read_write_newspaper,3
13,vp13/run2_2018-05-30-11-34-54.ids_1,9,26910,27000,read_write_newspaper,4
13,vp13/run2_2018-05-30-11-34-54.ids_1,9,27000,27090,read_write_newspaper,5
13,vp13/run2_2018-05-30-11-34-54.ids_1,9,27090,27180,read_write_newspaper,6
13,vp13/run2_2018-05-30-11-34-54.ids_1,9,27180,27270,read_write_newspaper,7
13,vp13/run2_2018-05-30-11-34-54.ids_1,9,27270,27360,read_write_newspaper,8
13,vp13/run2_2018-05-30-11-34-54.ids_1,9,27360,27450,read_write_newspaper,9
13,vp13/run2_2018-05-30-11-34-54.ids_1,9,27450,27540,read_write_newspaper,10
13,vp13/run2_2018-05-30-11-34-54.ids_1,9,27540,27630,read_write_newspaper,11
13,vp13/run2_2018-05-30-11-34-54.ids_1,9,27630,27720,read_write_newspaper,12
13,vp13/run2_2018-05-30-11-34-54.ids_1,9,27720,27810,read_write_newspaper,13
13,vp13/run2_2018-05-30-11-34-54.ids_1,9,27810,27900,read_write_newspaper,14
13,vp13/run2_2018-05-30-11-34-54.ids_1,9,27900,27990,read_write_newspaper,15
13,vp13/run2_2018-05-30-11-34-54.ids_1,9,27990,28080,read_write_newspaper,16
13,vp13/run2_2018-05-30-11-34-54.ids_1,9,28080,28170,read_write_newspaper,17
13,vp13/run2_2018-05-30-11-34-54.ids_1,9,28170,28260,read_write_newspaper,18
13,vp13/run2_2018-05-30-11-34-54.ids_1,9,28260,28350,read_write_newspaper,19
13,vp13/run2_2018-05-30-11-34-54.ids_1,9,28350,28440,read_write_newspaper,20
13,vp13/run2_2018-05-30-11-34-54.ids_1,9,28440,28530,read_write_newspaper,21
13,vp13/run2_2018-05-30-11-34-54.ids_1,9,28530,28620,read_write_newspaper,22
13,vp13/run2_2018-05-30-11-34-54.ids_1,9,28620,28710,read_write_newspaper,23
13,vp13/run2_2018-05-30-11-34-54.ids_1,9,28710,28800,read_write_newspaper,24
13,vp13/run2_2018-05-30-11-34-54.ids_1,9,28800,28890,read_write_newspaper,25
13,vp13/run2_2018-05-30-11-34-54.ids_1,9,28890,28980,read_write_newspaper,26
13,vp13/run2_2018-05-30-11-34-54.ids_1,9,28980,29070,read_write_newspaper,27
13,vp13/run2_2018-05-30-11-34-54.ids_1,9,29070,29160,read_write_newspaper,28
13,vp13/run2_2018-05-30-11-34-54.ids_1,9,29160,29250,read_write_newspaper,29
13,vp13/run2_2018-05-30-11-34-54.ids_1,9,29250,29340,read_write_newspaper,30
13,vp13/run2_2018-05-30-11-34-54.ids_1,9,29340,29430,read_write_newspaper,31
13,vp13/run2_2018-05-30-11-34-54.ids_1,9,29430,29520,read_write_newspaper,32
13,vp13/run2_2018-05-30-11-34-54.ids_1,9,29520,29588,read_write_newspaper,33
13,vp13/run2_2018-05-30-11-34-54.ids_1,10,30360,30450,watch_video,0
13,vp13/run2_2018-05-30-11-34-54.ids_1,10,30450,30540,watch_video,1
13,vp13/run2_2018-05-30-11-34-54.ids_1,10,30540,30630,watch_video,2
13,vp13/run2_2018-05-30-11-34-54.ids_1,10,30630,30720,watch_video,3
13,vp13/run2_2018-05-30-11-34-54.ids_1,10,30720,30810,watch_video,4
13,vp13/run2_2018-05-30-11-34-54.ids_1,10,30810,30900,watch_video,5
13,vp13/run2_2018-05-30-11-34-54.ids_1,10,30900,30990,watch_video,6
13,vp13/run2_2018-05-30-11-34-54.ids_1,10,30990,31080,watch_video,7
13,vp13/run2_2018-05-30-11-34-54.ids_1,10,31080,31170,watch_video,8
13,vp13/run2_2018-05-30-11-34-54.ids_1,10,31170,31260,watch_video,9
13,vp13/run2_2018-05-30-11-34-54.ids_1,10,31260,31350,watch_video,10
13,vp13/run2_2018-05-30-11-34-54.ids_1,10,31350,31440,watch_video,11
13,vp13/run2_2018-05-30-11-34-54.ids_1,10,31440,31530,watch_video,12
13,vp13/run2_2018-05-30-11-34-54.ids_1,10,31530,31620,watch_video,13
13,vp13/run2_2018-05-30-11-34-54.ids_1,10,31620,31710,watch_video,14
13,vp13/run2_2018-05-30-11-34-54.ids_1,10,31710,31800,watch_video,15
13,vp13/run2_2018-05-30-11-34-54.ids_1,10,31800,31890,watch_video,16
13,vp13/run2_2018-05-30-11-34-54.ids_1,10,31890,31980,watch_video,17
13,vp13/run2_2018-05-30-11-34-54.ids_1,10,31980,32070,watch_video,18
13,vp13/run2_2018-05-30-11-34-54.ids_1,10,32070,32160,watch_video,19
13,vp13/run2_2018-05-30-11-34-54.ids_1,10,32160,32250,watch_video,20
13,vp13/run2_2018-05-30-11-34-54.ids_1,10,32250,32340,watch_video,21
13,vp13/run2_2018-05-30-11-34-54.ids_1,10,32340,32430,watch_video,22
13,vp13/run2_2018-05-30-11-34-54.ids_1,10,32430,32520,watch_video,23
13,vp13/run2_2018-05-30-11-34-54.ids_1,10,32520,32610,watch_video,24
13,vp13/run2_2018-05-30-11-34-54.ids_1,10,32610,32700,watch_video,25
13,vp13/run2_2018-05-30-11-34-54.ids_1,10,32700,32790,watch_video,26
13,vp13/run2_2018-05-30-11-34-54.ids_1,10,32790,32880,watch_video,27
13,vp13/run2_2018-05-30-11-34-54.ids_1,10,32880,32970,watch_video,28
13,vp13/run2_2018-05-30-11-34-54.ids_1,10,32970,33060,watch_video,29
13,vp13/run2_2018-05-30-11-34-54.ids_1,10,33060,33150,watch_video,30
13,vp13/run2_2018-05-30-11-34-54.ids_1,10,33150,33240,watch_video,31
13,vp13/run2_2018-05-30-11-34-54.ids_1,10,33240,33330,watch_video,32
13,vp13/run2_2018-05-30-11-34-54.ids_1,10,33330,33420,watch_video,33
13,vp13/run2_2018-05-30-11-34-54.ids_1,10,33420,33510,watch_video,34
13,vp13/run2_2018-05-30-11-34-54.ids_1,10,33510,33600,watch_video,35
13,vp13/run2_2018-05-30-11-34-54.ids_1,10,33600,33690,watch_video,36
13,vp13/run2_2018-05-30-11-34-54.ids_1,10,33690,33780,watch_video,37
13,vp13/run2_2018-05-30-11-34-54.ids_1,10,33780,33870,watch_video,38
13,vp13/run2_2018-05-30-11-34-54.ids_1,10,33870,33960,watch_video,39
13,vp13/run2_2018-05-30-11-34-54.ids_1,10,33960,34050,watch_video,40
13,vp13/run2_2018-05-30-11-34-54.ids_1,10,34050,34140,watch_video,41
13,vp13/run2_2018-05-30-11-34-54.ids_1,10,34140,34230,watch_video,42
13,vp13/run2_2018-05-30-11-34-54.ids_1,10,34230,34320,watch_video,43
13,vp13/run2_2018-05-30-11-34-54.ids_1,10,34320,34410,watch_video,44
13,vp13/run2_2018-05-30-11-34-54.ids_1,10,34410,34500,watch_video,45
13,vp13/run2_2018-05-30-11-34-54.ids_1,10,34500,34590,watch_video,46
13,vp13/run2_2018-05-30-11-34-54.ids_1,10,34590,34680,watch_video,47
13,vp13/run2_2018-05-30-11-34-54.ids_1,10,34680,34770,watch_video,48
13,vp13/run2_2018-05-30-11-34-54.ids_1,10,34770,34860,watch_video,49
13,vp13/run2_2018-05-30-11-34-54.ids_1,10,34860,34950,watch_video,50
13,vp13/run2_2018-05-30-11-34-54.ids_1,10,34950,35040,watch_video,51
13,vp13/run2_2018-05-30-11-34-54.ids_1,10,35040,35130,watch_video,52
13,vp13/run2_2018-05-30-11-34-54.ids_1,10,35130,35220,watch_video,53
13,vp13/run2_2018-05-30-11-34-54.ids_1,10,35220,35310,watch_video,54
13,vp13/run2_2018-05-30-11-34-54.ids_1,10,35310,35400,watch_video,55
13,vp13/run2_2018-05-30-11-34-54.ids_1,10,35400,35490,watch_video,56
13,vp13/run2_2018-05-30-11-34-54.ids_1,10,35490,35580,watch_video,57
13,vp13/run2_2018-05-30-11-34-54.ids_1,10,35580,35670,watch_video,58
13,vp13/run2_2018-05-30-11-34-54.ids_1,10,35670,35760,watch_video,59
13,vp13/run2_2018-05-30-11-34-54.ids_1,10,35760,35850,watch_video,60
13,vp13/run2_2018-05-30-11-34-54.ids_1,10,35850,35940,watch_video,61
13,vp13/run2_2018-05-30-11-34-54.ids_1,10,35940,36030,watch_video,62
13,vp13/run2_2018-05-30-11-34-54.ids_1,10,36030,36120,watch_video,63
13,vp13/run2_2018-05-30-11-34-54.ids_1,10,36120,36210,watch_video,64
13,vp13/run2_2018-05-30-11-34-54.ids_1,10,36210,36300,watch_video,65
13,vp13/run2_2018-05-30-11-34-54.ids_1,10,36300,36390,watch_video,66
13,vp13/run2_2018-05-30-11-34-54.ids_1,10,36390,36480,watch_video,67
13,vp13/run2_2018-05-30-11-34-54.ids_1,10,36480,36570,watch_video,68
13,vp13/run2_2018-05-30-11-34-54.ids_1,10,36570,36660,watch_video,69
13,vp13/run2_2018-05-30-11-34-54.ids_1,10,36660,36750,watch_video,70
13,vp13/run2_2018-05-30-11-34-54.ids_1,10,36750,36840,watch_video,71
13,vp13/run2_2018-05-30-11-34-54.ids_1,10,36840,36930,watch_video,72
13,vp13/run2_2018-05-30-11-34-54.ids_1,10,36930,37020,watch_video,73
13,vp13/run2_2018-05-30-11-34-54.ids_1,10,37020,37110,watch_video,74
13,vp13/run2_2018-05-30-11-34-54.ids_1,10,37110,37200,watch_video,75
13,vp13/run2_2018-05-30-11-34-54.ids_1,10,37200,37290,watch_video,76
13,vp13/run2_2018-05-30-11-34-54.ids_1,10,37290,37380,watch_video,77
13,vp13/run2_2018-05-30-11-34-54.ids_1,10,37380,37470,watch_video,78
13,vp13/run2_2018-05-30-11-34-54.ids_1,10,37470,37560,watch_video,79
13,vp13/run2_2018-05-30-11-34-54.ids_1,10,37560,37650,watch_video,80
13,vp13/run2_2018-05-30-11-34-54.ids_1,10,37650,37740,watch_video,81
13,vp13/run2_2018-05-30-11-34-54.ids_1,10,37740,37830,watch_video,82
13,vp13/run2_2018-05-30-11-34-54.ids_1,10,37830,37920,watch_video,83
13,vp13/run2_2018-05-30-11-34-54.ids_1,10,37920,38010,watch_video,84
13,vp13/run2_2018-05-30-11-34-54.ids_1,10,38010,38049,watch_video,85
13,vp13/run2_2018-05-30-11-34-54.ids_1,11,39210,39300,final_task,0
13,vp13/run2_2018-05-30-11-34-54.ids_1,11,39300,39390,final_task,1
13,vp13/run2_2018-05-30-11-34-54.ids_1,11,39390,39480,final_task,2
13,vp13/run2_2018-05-30-11-34-54.ids_1,11,39480,39570,final_task,3
13,vp13/run2_2018-05-30-11-34-54.ids_1,11,39570,39660,final_task,4
13,vp13/run2_2018-05-30-11-34-54.ids_1,11,39660,39750,final_task,5
13,vp13/run2_2018-05-30-11-34-54.ids_1,11,39750,39840,final_task,6
13,vp13/run2_2018-05-30-11-34-54.ids_1,11,39840,39930,final_task,7
13,vp13/run2_2018-05-30-11-34-54.ids_1,11,39930,40020,final_task,8
13,vp13/run2_2018-05-30-11-34-54.ids_1,11,40020,40110,final_task,9
13,vp13/run2_2018-05-30-11-34-54.ids_1,11,40110,40200,final_task,10
13,vp13/run2_2018-05-30-11-34-54.ids_1,11,40200,40290,final_task,11
14,vp14/run1_2018-05-30-10-11-09.ids_1,0,0,90,fasten_seat_belt,0
14,vp14/run1_2018-05-30-10-11-09.ids_1,0,90,180,fasten_seat_belt,1
14,vp14/run1_2018-05-30-10-11-09.ids_1,0,180,270,fasten_seat_belt,2
14,vp14/run1_2018-05-30-10-11-09.ids_1,0,270,360,fasten_seat_belt,3
14,vp14/run1_2018-05-30-10-11-09.ids_1,0,360,450,fasten_seat_belt,4
14,vp14/run1_2018-05-30-10-11-09.ids_1,0,450,540,fasten_seat_belt,5
14,vp14/run1_2018-05-30-10-11-09.ids_1,0,540,630,fasten_seat_belt,6
14,vp14/run1_2018-05-30-10-11-09.ids_1,0,630,720,fasten_seat_belt,7
14,vp14/run1_2018-05-30-10-11-09.ids_1,0,720,810,fasten_seat_belt,8
14,vp14/run1_2018-05-30-10-11-09.ids_1,0,810,900,fasten_seat_belt,9
14,vp14/run1_2018-05-30-10-11-09.ids_1,0,900,990,fasten_seat_belt,10
14,vp14/run1_2018-05-30-10-11-09.ids_1,0,990,1080,fasten_seat_belt,11
14,vp14/run1_2018-05-30-10-11-09.ids_1,0,1080,1119,fasten_seat_belt,12
14,vp14/run1_2018-05-30-10-11-09.ids_1,1,6510,6600,hand_over,0
14,vp14/run1_2018-05-30-10-11-09.ids_1,1,6600,6690,hand_over,1
14,vp14/run1_2018-05-30-10-11-09.ids_1,1,6690,6780,hand_over,2
14,vp14/run1_2018-05-30-10-11-09.ids_1,1,6780,6870,hand_over,3
14,vp14/run1_2018-05-30-10-11-09.ids_1,1,6870,6879,hand_over,4
14,vp14/run1_2018-05-30-10-11-09.ids_1,2,9930,10020,eat_drink,0
14,vp14/run1_2018-05-30-10-11-09.ids_1,2,10020,10110,eat_drink,1
14,vp14/run1_2018-05-30-10-11-09.ids_1,2,10110,10200,eat_drink,2
14,vp14/run1_2018-05-30-10-11-09.ids_1,2,10200,10290,eat_drink,3
14,vp14/run1_2018-05-30-10-11-09.ids_1,2,10290,10380,eat_drink,4
14,vp14/run1_2018-05-30-10-11-09.ids_1,2,10380,10470,eat_drink,5
14,vp14/run1_2018-05-30-10-11-09.ids_1,2,10470,10560,eat_drink,6
14,vp14/run1_2018-05-30-10-11-09.ids_1,2,10560,10650,eat_drink,7
14,vp14/run1_2018-05-30-10-11-09.ids_1,2,10650,10740,eat_drink,8
14,vp14/run1_2018-05-30-10-11-09.ids_1,2,10740,10830,eat_drink,9
14,vp14/run1_2018-05-30-10-11-09.ids_1,2,10830,10920,eat_drink,10
14,vp14/run1_2018-05-30-10-11-09.ids_1,2,10920,11010,eat_drink,11
14,vp14/run1_2018-05-30-10-11-09.ids_1,2,11010,11100,eat_drink,12
14,vp14/run1_2018-05-30-10-11-09.ids_1,2,11100,11190,eat_drink,13
14,vp14/run1_2018-05-30-10-11-09.ids_1,2,11190,11280,eat_drink,14
14,vp14/run1_2018-05-30-10-11-09.ids_1,2,11280,11370,eat_drink,15
14,vp14/run1_2018-05-30-10-11-09.ids_1,2,11370,11460,eat_drink,16
14,vp14/run1_2018-05-30-10-11-09.ids_1,2,11460,11550,eat_drink,17
14,vp14/run1_2018-05-30-10-11-09.ids_1,2,11550,11640,eat_drink,18
14,vp14/run1_2018-05-30-10-11-09.ids_1,2,11640,11730,eat_drink,19
14,vp14/run1_2018-05-30-10-11-09.ids_1,2,11730,11820,eat_drink,20
14,vp14/run1_2018-05-30-10-11-09.ids_1,2,11820,11910,eat_drink,21
14,vp14/run1_2018-05-30-10-11-09.ids_1,2,11910,12000,eat_drink,22
14,vp14/run1_2018-05-30-10-11-09.ids_1,2,12000,12090,eat_drink,23
14,vp14/run1_2018-05-30-10-11-09.ids_1,2,12090,12180,eat_drink,24
14,vp14/run1_2018-05-30-10-11-09.ids_1,2,12180,12270,eat_drink,25
14,vp14/run1_2018-05-30-10-11-09.ids_1,2,12270,12360,eat_drink,26
14,vp14/run1_2018-05-30-10-11-09.ids_1,2,12360,12450,eat_drink,27
14,vp14/run1_2018-05-30-10-11-09.ids_1,2,12450,12540,eat_drink,28
14,vp14/run1_2018-05-30-10-11-09.ids_1,2,12540,12630,eat_drink,29
14,vp14/run1_2018-05-30-10-11-09.ids_1,2,12630,12720,eat_drink,30
14,vp14/run1_2018-05-30-10-11-09.ids_1,2,12720,12810,eat_drink,31
14,vp14/run1_2018-05-30-10-11-09.ids_1,2,12810,12900,eat_drink,32
14,vp14/run1_2018-05-30-10-11-09.ids_1,2,12900,12990,eat_drink,33
14,vp14/run1_2018-05-30-10-11-09.ids_1,2,12990,12999,eat_drink,34
14,vp14/run1_2018-05-30-10-11-09.ids_1,3,13500,13590,read_write_newspaper,0
14,vp14/run1_2018-05-30-10-11-09.ids_1,3,13590,13680,read_write_newspaper,1
14,vp14/run1_2018-05-30-10-11-09.ids_1,3,13680,13770,read_write_newspaper,2
14,vp14/run1_2018-05-30-10-11-09.ids_1,3,13770,13860,read_write_newspaper,3
14,vp14/run1_2018-05-30-10-11-09.ids_1,3,13860,13950,read_write_newspaper,4
14,vp14/run1_2018-05-30-10-11-09.ids_1,3,13950,14040,read_write_newspaper,5
14,vp14/run1_2018-05-30-10-11-09.ids_1,3,14040,14130,read_write_newspaper,6
14,vp14/run1_2018-05-30-10-11-09.ids_1,3,14130,14220,read_write_newspaper,7
14,vp14/run1_2018-05-30-10-11-09.ids_1,3,14220,14310,read_write_newspaper,8
14,vp14/run1_2018-05-30-10-11-09.ids_1,3,14310,14400,read_write_newspaper,9
14,vp14/run1_2018-05-30-10-11-09.ids_1,3,14400,14490,read_write_newspaper,10
14,vp14/run1_2018-05-30-10-11-09.ids_1,3,14490,14580,read_write_newspaper,11
14,vp14/run1_2018-05-30-10-11-09.ids_1,3,14580,14670,read_write_newspaper,12
14,vp14/run1_2018-05-30-10-11-09.ids_1,3,14670,14760,read_write_newspaper,13
14,vp14/run1_2018-05-30-10-11-09.ids_1,3,14760,14850,read_write_newspaper,14
14,vp14/run1_2018-05-30-10-11-09.ids_1,3,14850,14940,read_write_newspaper,15
14,vp14/run1_2018-05-30-10-11-09.ids_1,3,14940,15030,read_write_newspaper,16
14,vp14/run1_2018-05-30-10-11-09.ids_1,3,15030,15120,read_write_newspaper,17
14,vp14/run1_2018-05-30-10-11-09.ids_1,3,15120,15210,read_write_newspaper,18
14,vp14/run1_2018-05-30-10-11-09.ids_1,3,15210,15300,read_write_newspaper,19
14,vp14/run1_2018-05-30-10-11-09.ids_1,3,15300,15390,read_write_newspaper,20
14,vp14/run1_2018-05-30-10-11-09.ids_1,3,15390,15480,read_write_newspaper,21
14,vp14/run1_2018-05-30-10-11-09.ids_1,3,15480,15570,read_write_newspaper,22
14,vp14/run1_2018-05-30-10-11-09.ids_1,3,15570,15660,read_write_newspaper,23
14,vp14/run1_2018-05-30-10-11-09.ids_1,3,15660,15750,read_write_newspaper,24
14,vp14/run1_2018-05-30-10-11-09.ids_1,3,15750,15840,read_write_newspaper,25
14,vp14/run1_2018-05-30-10-11-09.ids_1,3,15840,15930,read_write_newspaper,26
14,vp14/run1_2018-05-30-10-11-09.ids_1,3,15930,16020,read_write_newspaper,27
14,vp14/run1_2018-05-30-10-11-09.ids_1,3,16020,16110,read_write_newspaper,28
14,vp14/run1_2018-05-30-10-11-09.ids_1,3,16110,16200,read_write_newspaper,29
14,vp14/run1_2018-05-30-10-11-09.ids_1,3,16200,16290,read_write_newspaper,30
14,vp14/run1_2018-05-30-10-11-09.ids_1,3,16290,16380,read_write_newspaper,31
14,vp14/run1_2018-05-30-10-11-09.ids_1,3,16380,16470,read_write_newspaper,32
14,vp14/run1_2018-05-30-10-11-09.ids_1,3,16470,16560,read_write_newspaper,33
14,vp14/run1_2018-05-30-10-11-09.ids_1,3,16560,16650,read_write_newspaper,34
14,vp14/run1_2018-05-30-10-11-09.ids_1,3,16650,16740,read_write_newspaper,35
14,vp14/run1_2018-05-30-10-11-09.ids_1,3,16740,16830,read_write_newspaper,36
14,vp14/run1_2018-05-30-10-11-09.ids_1,3,16830,16920,read_write_newspaper,37
14,vp14/run1_2018-05-30-10-11-09.ids_1,3,16920,17010,read_write_newspaper,38
14,vp14/run1_2018-05-30-10-11-09.ids_1,3,17010,17100,read_write_newspaper,39
14,vp14/run1_2018-05-30-10-11-09.ids_1,3,17100,17190,read_write_newspaper,40
14,vp14/run1_2018-05-30-10-11-09.ids_1,3,17190,17280,read_write_newspaper,41
14,vp14/run1_2018-05-30-10-11-09.ids_1,3,17280,17370,read_write_newspaper,42
14,vp14/run1_2018-05-30-10-11-09.ids_1,3,17370,17460,read_write_newspaper,43
14,vp14/run1_2018-05-30-10-11-09.ids_1,3,17460,17550,read_write_newspaper,44
14,vp14/run1_2018-05-30-10-11-09.ids_1,3,17550,17640,read_write_newspaper,45
14,vp14/run1_2018-05-30-10-11-09.ids_1,3,17640,17730,read_write_newspaper,46
14,vp14/run1_2018-05-30-10-11-09.ids_1,3,17730,17820,read_write_newspaper,47
14,vp14/run1_2018-05-30-10-11-09.ids_1,3,17820,17910,read_write_newspaper,48
14,vp14/run1_2018-05-30-10-11-09.ids_1,3,17910,18000,read_write_newspaper,49
14,vp14/run1_2018-05-30-10-11-09.ids_1,3,18000,18090,read_write_newspaper,50
14,vp14/run1_2018-05-30-10-11-09.ids_1,3,18090,18180,read_write_newspaper,51
14,vp14/run1_2018-05-30-10-11-09.ids_1,3,18180,18270,read_write_newspaper,52
14,vp14/run1_2018-05-30-10-11-09.ids_1,3,18270,18360,read_write_newspaper,53
14,vp14/run1_2018-05-30-10-11-09.ids_1,3,18360,18450,read_write_newspaper,54
14,vp14/run1_2018-05-30-10-11-09.ids_1,3,18450,18540,read_write_newspaper,55
14,vp14/run1_2018-05-30-10-11-09.ids_1,3,18540,18630,read_write_newspaper,56
14,vp14/run1_2018-05-30-10-11-09.ids_1,3,18630,18720,read_write_newspaper,57
14,vp14/run1_2018-05-30-10-11-09.ids_1,3,18720,18810,read_write_newspaper,58
14,vp14/run1_2018-05-30-10-11-09.ids_1,3,18810,18900,read_write_newspaper,59
14,vp14/run1_2018-05-30-10-11-09.ids_1,3,18900,18990,read_write_newspaper,60
14,vp14/run1_2018-05-30-10-11-09.ids_1,3,18990,19080,read_write_newspaper,61
14,vp14/run1_2018-05-30-10-11-09.ids_1,3,19080,19170,read_write_newspaper,62
14,vp14/run1_2018-05-30-10-11-09.ids_1,3,19170,19260,read_write_newspaper,63
14,vp14/run1_2018-05-30-10-11-09.ids_1,3,19260,19350,read_write_newspaper,64
14,vp14/run1_2018-05-30-10-11-09.ids_1,3,19350,19440,read_write_newspaper,65
14,vp14/run1_2018-05-30-10-11-09.ids_1,3,19440,19530,read_write_newspaper,66
14,vp14/run1_2018-05-30-10-11-09.ids_1,3,19530,19620,read_write_newspaper,67
14,vp14/run1_2018-05-30-10-11-09.ids_1,3,19620,19689,read_write_newspaper,68
14,vp14/run1_2018-05-30-10-11-09.ids_1,4,20010,20100,put_on_sunglasses,0
14,vp14/run1_2018-05-30-10-11-09.ids_1,4,20100,20190,put_on_sunglasses,1
14,vp14/run1_2018-05-30-10-11-09.ids_1,4,20190,20280,put_on_sunglasses,2
14,vp14/run1_2018-05-30-10-11-09.ids_1,4,20280,20370,put_on_sunglasses,3
14,vp14/run1_2018-05-30-10-11-09.ids_1,4,20370,20460,put_on_sunglasses,4
14,vp14/run1_2018-05-30-10-11-09.ids_1,4,20460,20499,put_on_sunglasses,5
14,vp14/run1_2018-05-30-10-11-09.ids_1,5,21690,21780,take_off_sunglasses,0
14,vp14/run1_2018-05-30-10-11-09.ids_1,5,21780,21870,take_off_sunglasses,1
14,vp14/run1_2018-05-30-10-11-09.ids_1,5,21870,21960,take_off_sunglasses,2
14,vp14/run1_2018-05-30-10-11-09.ids_1,5,21960,22050,take_off_sunglasses,3
14,vp14/run1_2018-05-30-10-11-09.ids_1,5,22050,22140,take_off_sunglasses,4
14,vp14/run1_2018-05-30-10-11-09.ids_1,5,22140,22230,take_off_sunglasses,5
14,vp14/run1_2018-05-30-10-11-09.ids_1,5,22230,22320,take_off_sunglasses,6
14,vp14/run1_2018-05-30-10-11-09.ids_1,5,22320,22410,take_off_sunglasses,7
14,vp14/run1_2018-05-30-10-11-09.ids_1,5,22410,22500,take_off_sunglasses,8
14,vp14/run1_2018-05-30-10-11-09.ids_1,5,22500,22590,take_off_sunglasses,9
14,vp14/run1_2018-05-30-10-11-09.ids_1,5,22590,22680,take_off_sunglasses,10
14,vp14/run1_2018-05-30-10-11-09.ids_1,5,22680,22770,take_off_sunglasses,11
14,vp14/run1_2018-05-30-10-11-09.ids_1,5,22770,22860,take_off_sunglasses,12
14,vp14/run1_2018-05-30-10-11-09.ids_1,5,22860,22950,take_off_sunglasses,13
14,vp14/run1_2018-05-30-10-11-09.ids_1,5,22950,23040,take_off_sunglasses,14
14,vp14/run1_2018-05-30-10-11-09.ids_1,5,23040,23130,take_off_sunglasses,15
14,vp14/run1_2018-05-30-10-11-09.ids_1,5,23130,23220,take_off_sunglasses,16
14,vp14/run1_2018-05-30-10-11-09.ids_1,5,23220,23310,take_off_sunglasses,17
14,vp14/run1_2018-05-30-10-11-09.ids_1,5,23310,23349,take_off_sunglasses,18
14,vp14/run1_2018-05-30-10-11-09.ids_1,6,23730,23820,put_on_jacket,0
14,vp14/run1_2018-05-30-10-11-09.ids_1,6,23820,23910,put_on_jacket,1
14,vp14/run1_2018-05-30-10-11-09.ids_1,6,23910,24000,put_on_jacket,2
14,vp14/run1_2018-05-30-10-11-09.ids_1,6,24000,24090,put_on_jacket,3
14,vp14/run1_2018-05-30-10-11-09.ids_1,6,24090,24180,put_on_jacket,4
14,vp14/run1_2018-05-30-10-11-09.ids_1,6,24180,24270,put_on_jacket,5
14,vp14/run1_2018-05-30-10-11-09.ids_1,6,24270,24360,put_on_jacket,6
14,vp14/run1_2018-05-30-10-11-09.ids_1,6,24360,24450,put_on_jacket,7
14,vp14/run1_2018-05-30-10-11-09.ids_1,6,24450,24540,put_on_jacket,8
14,vp14/run1_2018-05-30-10-11-09.ids_1,6,24540,24630,put_on_jacket,9
14,vp14/run1_2018-05-30-10-11-09.ids_1,6,24630,24720,put_on_jacket,10
14,vp14/run1_2018-05-30-10-11-09.ids_1,6,24720,24759,put_on_jacket,11
14,vp14/run1_2018-05-30-10-11-09.ids_1,7,25080,25170,take_off_jacket,0
14,vp14/run1_2018-05-30-10-11-09.ids_1,7,25170,25260,take_off_jacket,1
14,vp14/run1_2018-05-30-10-11-09.ids_1,7,25260,25350,take_off_jacket,2
14,vp14/run1_2018-05-30-10-11-09.ids_1,7,25350,25440,take_off_jacket,3
14,vp14/run1_2018-05-30-10-11-09.ids_1,7,25440,25530,take_off_jacket,4
14,vp14/run1_2018-05-30-10-11-09.ids_1,7,25530,25620,take_off_jacket,5
14,vp14/run1_2018-05-30-10-11-09.ids_1,7,25620,25710,take_off_jacket,6
14,vp14/run1_2018-05-30-10-11-09.ids_1,7,25710,25800,take_off_jacket,7
14,vp14/run1_2018-05-30-10-11-09.ids_1,7,25800,25890,take_off_jacket,8
14,vp14/run1_2018-05-30-10-11-09.ids_1,7,25890,25980,take_off_jacket,9
14,vp14/run1_2018-05-30-10-11-09.ids_1,7,25980,26070,take_off_jacket,10
14,vp14/run1_2018-05-30-10-11-09.ids_1,7,26070,26160,take_off_jacket,11
14,vp14/run1_2018-05-30-10-11-09.ids_1,7,26160,26229,take_off_jacket,12
14,vp14/run1_2018-05-30-10-11-09.ids_1,8,26550,26640,read_write_magazine,0
14,vp14/run1_2018-05-30-10-11-09.ids_1,8,26640,26730,read_write_magazine,1
14,vp14/run1_2018-05-30-10-11-09.ids_1,8,26730,26820,read_write_magazine,2
14,vp14/run1_2018-05-30-10-11-09.ids_1,8,26820,26910,read_write_magazine,3
14,vp14/run1_2018-05-30-10-11-09.ids_1,8,26910,27000,read_write_magazine,4
14,vp14/run1_2018-05-30-10-11-09.ids_1,8,27000,27090,read_write_magazine,5
14,vp14/run1_2018-05-30-10-11-09.ids_1,8,27090,27180,read_write_magazine,6
14,vp14/run1_2018-05-30-10-11-09.ids_1,8,27180,27270,read_write_magazine,7
14,vp14/run1_2018-05-30-10-11-09.ids_1,8,27270,27360,read_write_magazine,8
14,vp14/run1_2018-05-30-10-11-09.ids_1,8,27360,27450,read_write_magazine,9
14,vp14/run1_2018-05-30-10-11-09.ids_1,8,27450,27540,read_write_magazine,10
14,vp14/run1_2018-05-30-10-11-09.ids_1,8,27540,27630,read_write_magazine,11
14,vp14/run1_2018-05-30-10-11-09.ids_1,8,27630,27720,read_write_magazine,12
14,vp14/run1_2018-05-30-10-11-09.ids_1,8,27720,27810,read_write_magazine,13
14,vp14/run1_2018-05-30-10-11-09.ids_1,8,27810,27900,read_write_magazine,14
14,vp14/run1_2018-05-30-10-11-09.ids_1,8,27900,27990,read_write_magazine,15
14,vp14/run1_2018-05-30-10-11-09.ids_1,8,27990,28080,read_write_magazine,16
14,vp14/run1_2018-05-30-10-11-09.ids_1,8,28080,28170,read_write_magazine,17
14,vp14/run1_2018-05-30-10-11-09.ids_1,8,28170,28260,read_write_magazine,18
14,vp14/run1_2018-05-30-10-11-09.ids_1,8,28260,28350,read_write_magazine,19
14,vp14/run1_2018-05-30-10-11-09.ids_1,8,28350,28440,read_write_magazine,20
14,vp14/run1_2018-05-30-10-11-09.ids_1,8,28440,28530,read_write_magazine,21
14,vp14/run1_2018-05-30-10-11-09.ids_1,8,28530,28620,read_write_magazine,22
14,vp14/run1_2018-05-30-10-11-09.ids_1,8,28620,28710,read_write_magazine,23
14,vp14/run1_2018-05-30-10-11-09.ids_1,8,28710,28800,read_write_magazine,24
14,vp14/run1_2018-05-30-10-11-09.ids_1,8,28800,28890,read_write_magazine,25
14,vp14/run1_2018-05-30-10-11-09.ids_1,8,28890,28980,read_write_magazine,26
14,vp14/run1_2018-05-30-10-11-09.ids_1,8,28980,29070,read_write_magazine,27
14,vp14/run1_2018-05-30-10-11-09.ids_1,8,29070,29160,read_write_magazine,28
14,vp14/run1_2018-05-30-10-11-09.ids_1,8,29160,29250,read_write_magazine,29
14,vp14/run1_2018-05-30-10-11-09.ids_1,8,29250,29340,read_write_magazine,30
14,vp14/run1_2018-05-30-10-11-09.ids_1,8,29340,29430,read_write_magazine,31
14,vp14/run1_2018-05-30-10-11-09.ids_1,8,29430,29520,read_write_magazine,32
14,vp14/run1_2018-05-30-10-11-09.ids_1,8,29520,29610,read_write_magazine,33
14,vp14/run1_2018-05-30-10-11-09.ids_1,8,29610,29700,read_write_magazine,34
14,vp14/run1_2018-05-30-10-11-09.ids_1,8,29700,29790,read_write_magazine,35
14,vp14/run1_2018-05-30-10-11-09.ids_1,8,29790,29880,read_write_magazine,36
14,vp14/run1_2018-05-30-10-11-09.ids_1,8,29880,29970,read_write_magazine,37
14,vp14/run1_2018-05-30-10-11-09.ids_1,8,29970,30060,read_write_magazine,38
14,vp14/run1_2018-05-30-10-11-09.ids_1,8,30060,30150,read_write_magazine,39
14,vp14/run1_2018-05-30-10-11-09.ids_1,8,30150,30240,read_write_magazine,40
14,vp14/run1_2018-05-30-10-11-09.ids_1,8,30240,30330,read_write_magazine,41
14,vp14/run1_2018-05-30-10-11-09.ids_1,8,30330,30420,read_write_magazine,42
14,vp14/run1_2018-05-30-10-11-09.ids_1,8,30420,30510,read_write_magazine,43
14,vp14/run1_2018-05-30-10-11-09.ids_1,8,30510,30600,read_write_magazine,44
14,vp14/run1_2018-05-30-10-11-09.ids_1,8,30600,30690,read_write_magazine,45
14,vp14/run1_2018-05-30-10-11-09.ids_1,8,30690,30780,read_write_magazine,46
14,vp14/run1_2018-05-30-10-11-09.ids_1,8,30780,30870,read_write_magazine,47
14,vp14/run1_2018-05-30-10-11-09.ids_1,8,30870,30960,read_write_magazine,48
14,vp14/run1_2018-05-30-10-11-09.ids_1,8,30960,31050,read_write_magazine,49
14,vp14/run1_2018-05-30-10-11-09.ids_1,8,31050,31140,read_write_magazine,50
14,vp14/run1_2018-05-30-10-11-09.ids_1,8,31140,31230,read_write_magazine,51
14,vp14/run1_2018-05-30-10-11-09.ids_1,8,31230,31320,read_write_magazine,52
14,vp14/run1_2018-05-30-10-11-09.ids_1,8,31320,31410,read_write_magazine,53
14,vp14/run1_2018-05-30-10-11-09.ids_1,8,31410,31500,read_write_magazine,54
14,vp14/run1_2018-05-30-10-11-09.ids_1,8,31500,31590,read_write_magazine,55
14,vp14/run1_2018-05-30-10-11-09.ids_1,8,31590,31680,read_write_magazine,56
14,vp14/run1_2018-05-30-10-11-09.ids_1,8,31680,31770,read_write_magazine,57
14,vp14/run1_2018-05-30-10-11-09.ids_1,8,31770,31860,read_write_magazine,58
14,vp14/run1_2018-05-30-10-11-09.ids_1,8,31860,31950,read_write_magazine,59
14,vp14/run1_2018-05-30-10-11-09.ids_1,8,31950,32040,read_write_magazine,60
14,vp14/run1_2018-05-30-10-11-09.ids_1,8,32040,32130,read_write_magazine,61
14,vp14/run1_2018-05-30-10-11-09.ids_1,8,32130,32220,read_write_magazine,62
14,vp14/run1_2018-05-30-10-11-09.ids_1,8,32220,32310,read_write_magazine,63
14,vp14/run1_2018-05-30-10-11-09.ids_1,8,32310,32400,read_write_magazine,64
14,vp14/run1_2018-05-30-10-11-09.ids_1,8,32400,32490,read_write_magazine,65
14,vp14/run1_2018-05-30-10-11-09.ids_1,8,32490,32580,read_write_magazine,66
14,vp14/run1_2018-05-30-10-11-09.ids_1,8,32580,32670,read_write_magazine,67
14,vp14/run1_2018-05-30-10-11-09.ids_1,8,32670,32760,read_write_magazine,68
14,vp14/run1_2018-05-30-10-11-09.ids_1,8,32760,32829,read_write_magazine,69
14,vp14/run1_2018-05-30-10-11-09.ids_1,9,33720,33810,watch_video,0
14,vp14/run1_2018-05-30-10-11-09.ids_1,9,33810,33900,watch_video,1
14,vp14/run1_2018-05-30-10-11-09.ids_1,9,33900,33990,watch_video,2
14,vp14/run1_2018-05-30-10-11-09.ids_1,9,33990,34080,watch_video,3
14,vp14/run1_2018-05-30-10-11-09.ids_1,9,34080,34170,watch_video,4
14,vp14/run1_2018-05-30-10-11-09.ids_1,9,34170,34260,watch_video,5
14,vp14/run1_2018-05-30-10-11-09.ids_1,9,34260,34350,watch_video,6
14,vp14/run1_2018-05-30-10-11-09.ids_1,9,34350,34440,watch_video,7
14,vp14/run1_2018-05-30-10-11-09.ids_1,9,34440,34530,watch_video,8
14,vp14/run1_2018-05-30-10-11-09.ids_1,9,34530,34620,watch_video,9
14,vp14/run1_2018-05-30-10-11-09.ids_1,9,34620,34710,watch_video,10
14,vp14/run1_2018-05-30-10-11-09.ids_1,9,34710,34800,watch_video,11
14,vp14/run1_2018-05-30-10-11-09.ids_1,9,34800,34890,watch_video,12
14,vp14/run1_2018-05-30-10-11-09.ids_1,9,34890,34980,watch_video,13
14,vp14/run1_2018-05-30-10-11-09.ids_1,9,34980,35070,watch_video,14
14,vp14/run1_2018-05-30-10-11-09.ids_1,9,35070,35160,watch_video,15
14,vp14/run1_2018-05-30-10-11-09.ids_1,9,35160,35250,watch_video,16
14,vp14/run1_2018-05-30-10-11-09.ids_1,9,35250,35340,watch_video,17
14,vp14/run1_2018-05-30-10-11-09.ids_1,9,35340,35430,watch_video,18
14,vp14/run1_2018-05-30-10-11-09.ids_1,9,35430,35520,watch_video,19
14,vp14/run1_2018-05-30-10-11-09.ids_1,9,35520,35610,watch_video,20
14,vp14/run1_2018-05-30-10-11-09.ids_1,9,35610,35700,watch_video,21
14,vp14/run1_2018-05-30-10-11-09.ids_1,9,35700,35790,watch_video,22
14,vp14/run1_2018-05-30-10-11-09.ids_1,9,35790,35880,watch_video,23
14,vp14/run1_2018-05-30-10-11-09.ids_1,9,35880,35970,watch_video,24
14,vp14/run1_2018-05-30-10-11-09.ids_1,9,35970,36060,watch_video,25
14,vp14/run1_2018-05-30-10-11-09.ids_1,9,36060,36150,watch_video,26
14,vp14/run1_2018-05-30-10-11-09.ids_1,9,36150,36240,watch_video,27
14,vp14/run1_2018-05-30-10-11-09.ids_1,9,36240,36330,watch_video,28
14,vp14/run1_2018-05-30-10-11-09.ids_1,9,36330,36420,watch_video,29
14,vp14/run1_2018-05-30-10-11-09.ids_1,9,36420,36510,watch_video,30
14,vp14/run1_2018-05-30-10-11-09.ids_1,9,36510,36600,watch_video,31
14,vp14/run1_2018-05-30-10-11-09.ids_1,9,36600,36690,watch_video,32
14,vp14/run1_2018-05-30-10-11-09.ids_1,9,36690,36780,watch_video,33
14,vp14/run1_2018-05-30-10-11-09.ids_1,9,36780,36870,watch_video,34
14,vp14/run1_2018-05-30-10-11-09.ids_1,9,36870,36960,watch_video,35
14,vp14/run1_2018-05-30-10-11-09.ids_1,9,36960,37050,watch_video,36
14,vp14/run1_2018-05-30-10-11-09.ids_1,9,37050,37140,watch_video,37
14,vp14/run1_2018-05-30-10-11-09.ids_1,9,37140,37230,watch_video,38
14,vp14/run1_2018-05-30-10-11-09.ids_1,9,37230,37320,watch_video,39
14,vp14/run1_2018-05-30-10-11-09.ids_1,9,37320,37410,watch_video,40
14,vp14/run1_2018-05-30-10-11-09.ids_1,9,37410,37500,watch_video,41
14,vp14/run1_2018-05-30-10-11-09.ids_1,9,37500,37590,watch_video,42
14,vp14/run1_2018-05-30-10-11-09.ids_1,9,37590,37680,watch_video,43
14,vp14/run1_2018-05-30-10-11-09.ids_1,9,37680,37770,watch_video,44
14,vp14/run1_2018-05-30-10-11-09.ids_1,9,37770,37860,watch_video,45
14,vp14/run1_2018-05-30-10-11-09.ids_1,9,37860,37950,watch_video,46
14,vp14/run1_2018-05-30-10-11-09.ids_1,9,37950,38040,watch_video,47
14,vp14/run1_2018-05-30-10-11-09.ids_1,9,38040,38130,watch_video,48
14,vp14/run1_2018-05-30-10-11-09.ids_1,9,38130,38220,watch_video,49
14,vp14/run1_2018-05-30-10-11-09.ids_1,9,38220,38310,watch_video,50
14,vp14/run1_2018-05-30-10-11-09.ids_1,9,38310,38400,watch_video,51
14,vp14/run1_2018-05-30-10-11-09.ids_1,9,38400,38490,watch_video,52
14,vp14/run1_2018-05-30-10-11-09.ids_1,9,38490,38580,watch_video,53
14,vp14/run1_2018-05-30-10-11-09.ids_1,9,38580,38670,watch_video,54
14,vp14/run1_2018-05-30-10-11-09.ids_1,9,38670,38760,watch_video,55
14,vp14/run1_2018-05-30-10-11-09.ids_1,9,38760,38850,watch_video,56
14,vp14/run1_2018-05-30-10-11-09.ids_1,9,38850,38940,watch_video,57
14,vp14/run1_2018-05-30-10-11-09.ids_1,9,38940,39030,watch_video,58
14,vp14/run1_2018-05-30-10-11-09.ids_1,9,39030,39120,watch_video,59
14,vp14/run1_2018-05-30-10-11-09.ids_1,9,39120,39210,watch_video,60
14,vp14/run1_2018-05-30-10-11-09.ids_1,9,39210,39300,watch_video,61
14,vp14/run1_2018-05-30-10-11-09.ids_1,9,39300,39390,watch_video,62
14,vp14/run1_2018-05-30-10-11-09.ids_1,9,39390,39480,watch_video,63
14,vp14/run1_2018-05-30-10-11-09.ids_1,9,39480,39570,watch_video,64
14,vp14/run1_2018-05-30-10-11-09.ids_1,9,39570,39660,watch_video,65
14,vp14/run1_2018-05-30-10-11-09.ids_1,9,39660,39750,watch_video,66
14,vp14/run1_2018-05-30-10-11-09.ids_1,9,39750,39840,watch_video,67
14,vp14/run1_2018-05-30-10-11-09.ids_1,9,39840,39930,watch_video,68
14,vp14/run1_2018-05-30-10-11-09.ids_1,9,39930,40020,watch_video,69
14,vp14/run1_2018-05-30-10-11-09.ids_1,9,40020,40110,watch_video,70
14,vp14/run1_2018-05-30-10-11-09.ids_1,9,40110,40200,watch_video,71
14,vp14/run1_2018-05-30-10-11-09.ids_1,9,40200,40290,watch_video,72
14,vp14/run1_2018-05-30-10-11-09.ids_1,9,40290,40380,watch_video,73
14,vp14/run1_2018-05-30-10-11-09.ids_1,9,40380,40470,watch_video,74
14,vp14/run1_2018-05-30-10-11-09.ids_1,9,40470,40560,watch_video,75
14,vp14/run1_2018-05-30-10-11-09.ids_1,9,40560,40650,watch_video,76
14,vp14/run1_2018-05-30-10-11-09.ids_1,9,40650,40740,watch_video,77
14,vp14/run1_2018-05-30-10-11-09.ids_1,9,40740,40830,watch_video,78
14,vp14/run1_2018-05-30-10-11-09.ids_1,9,40830,40920,watch_video,79
14,vp14/run1_2018-05-30-10-11-09.ids_1,9,40920,41010,watch_video,80
14,vp14/run1_2018-05-30-10-11-09.ids_1,9,41010,41100,watch_video,81
14,vp14/run1_2018-05-30-10-11-09.ids_1,9,41100,41190,watch_video,82
14,vp14/run1_2018-05-30-10-11-09.ids_1,9,41190,41280,watch_video,83
14,vp14/run1_2018-05-30-10-11-09.ids_1,9,41280,41370,watch_video,84
14,vp14/run1_2018-05-30-10-11-09.ids_1,9,41370,41439,watch_video,85
14,vp14/run1_2018-05-30-10-11-09.ids_1,10,42390,42480,work,0
14,vp14/run1_2018-05-30-10-11-09.ids_1,10,42480,42570,work,1
14,vp14/run1_2018-05-30-10-11-09.ids_1,10,42570,42660,work,2
14,vp14/run1_2018-05-30-10-11-09.ids_1,10,42660,42750,work,3
14,vp14/run1_2018-05-30-10-11-09.ids_1,10,42750,42840,work,4
14,vp14/run1_2018-05-30-10-11-09.ids_1,10,42840,42930,work,5
14,vp14/run1_2018-05-30-10-11-09.ids_1,10,42930,43020,work,6
14,vp14/run1_2018-05-30-10-11-09.ids_1,10,43020,43110,work,7
14,vp14/run1_2018-05-30-10-11-09.ids_1,10,43110,43200,work,8
14,vp14/run1_2018-05-30-10-11-09.ids_1,10,43200,43290,work,9
14,vp14/run1_2018-05-30-10-11-09.ids_1,10,43290,43380,work,10
14,vp14/run1_2018-05-30-10-11-09.ids_1,10,43380,43470,work,11
14,vp14/run1_2018-05-30-10-11-09.ids_1,10,43470,43560,work,12
14,vp14/run1_2018-05-30-10-11-09.ids_1,10,43560,43650,work,13
14,vp14/run1_2018-05-30-10-11-09.ids_1,10,43650,43740,work,14
14,vp14/run1_2018-05-30-10-11-09.ids_1,10,43740,43830,work,15
14,vp14/run1_2018-05-30-10-11-09.ids_1,10,43830,43920,work,16
14,vp14/run1_2018-05-30-10-11-09.ids_1,10,43920,44010,work,17
14,vp14/run1_2018-05-30-10-11-09.ids_1,10,44010,44100,work,18
14,vp14/run1_2018-05-30-10-11-09.ids_1,10,44100,44190,work,19
14,vp14/run1_2018-05-30-10-11-09.ids_1,10,44190,44280,work,20
14,vp14/run1_2018-05-30-10-11-09.ids_1,10,44280,44370,work,21
14,vp14/run1_2018-05-30-10-11-09.ids_1,10,44370,44460,work,22
14,vp14/run1_2018-05-30-10-11-09.ids_1,10,44460,44550,work,23
14,vp14/run1_2018-05-30-10-11-09.ids_1,10,44550,44640,work,24
14,vp14/run1_2018-05-30-10-11-09.ids_1,10,44640,44730,work,25
14,vp14/run1_2018-05-30-10-11-09.ids_1,10,44730,44820,work,26
14,vp14/run1_2018-05-30-10-11-09.ids_1,10,44820,44910,work,27
14,vp14/run1_2018-05-30-10-11-09.ids_1,10,44910,45000,work,28
14,vp14/run1_2018-05-30-10-11-09.ids_1,10,45000,45090,work,29
14,vp14/run1_2018-05-30-10-11-09.ids_1,10,45090,45180,work,30
14,vp14/run1_2018-05-30-10-11-09.ids_1,10,45180,45270,work,31
14,vp14/run1_2018-05-30-10-11-09.ids_1,10,45270,45360,work,32
14,vp14/run1_2018-05-30-10-11-09.ids_1,10,45360,45450,work,33
14,vp14/run1_2018-05-30-10-11-09.ids_1,10,45450,45540,work,34
14,vp14/run1_2018-05-30-10-11-09.ids_1,10,45540,45630,work,35
14,vp14/run1_2018-05-30-10-11-09.ids_1,10,45630,45720,work,36
14,vp14/run1_2018-05-30-10-11-09.ids_1,10,45720,45810,work,37
14,vp14/run1_2018-05-30-10-11-09.ids_1,10,45810,45900,work,38
14,vp14/run1_2018-05-30-10-11-09.ids_1,10,45900,45990,work,39
14,vp14/run1_2018-05-30-10-11-09.ids_1,10,45990,46080,work,40
14,vp14/run1_2018-05-30-10-11-09.ids_1,10,46080,46170,work,41
14,vp14/run1_2018-05-30-10-11-09.ids_1,10,46170,46260,work,42
14,vp14/run1_2018-05-30-10-11-09.ids_1,10,46260,46350,work,43
14,vp14/run1_2018-05-30-10-11-09.ids_1,10,46350,46419,work,44
14,vp14/run1_2018-05-30-10-11-09.ids_1,11,46620,46710,final_task,0
14,vp14/run1_2018-05-30-10-11-09.ids_1,11,46710,46800,final_task,1
14,vp14/run1_2018-05-30-10-11-09.ids_1,11,46800,46890,final_task,2
14,vp14/run1_2018-05-30-10-11-09.ids_1,11,46890,46980,final_task,3
14,vp14/run1_2018-05-30-10-11-09.ids_1,11,46980,47070,final_task,4
14,vp14/run1_2018-05-30-10-11-09.ids_1,11,47070,47160,final_task,5
14,vp14/run1_2018-05-30-10-11-09.ids_1,11,47160,47250,final_task,6
14,vp14/run1_2018-05-30-10-11-09.ids_1,11,47250,47340,final_task,7
14,vp14/run1_2018-05-30-10-11-09.ids_1,11,47340,47430,final_task,8
14,vp14/run1_2018-05-30-10-11-09.ids_1,11,47430,47520,final_task,9
14,vp14/run1_2018-05-30-10-11-09.ids_1,11,47520,47610,final_task,10
14,vp14/run1_2018-05-30-10-11-09.ids_1,11,47610,47700,final_task,11
14,vp14/run1_2018-05-30-10-11-09.ids_1,11,47700,47790,final_task,12
14,vp14/run1_2018-05-30-10-11-09.ids_1,11,47790,47880,final_task,13
14,vp14/run1_2018-05-30-10-11-09.ids_1,11,47880,47970,final_task,14
14,vp14/run1_2018-05-30-10-11-09.ids_1,11,47970,48060,final_task,15
14,vp14/run1_2018-05-30-10-11-09.ids_1,11,48060,48150,final_task,16
14,vp14/run1_2018-05-30-10-11-09.ids_1,11,48150,48240,final_task,17
14,vp14/run1_2018-05-30-10-11-09.ids_1,11,48240,48330,final_task,18
14,vp14/run1_2018-05-30-10-11-09.ids_1,11,48330,48420,final_task,19
14,vp14/run1_2018-05-30-10-11-09.ids_1,11,48420,48510,final_task,20
14,vp14/run1_2018-05-30-10-11-09.ids_1,11,48510,48600,final_task,21
14,vp14/run1_2018-05-30-10-11-09.ids_1,11,48600,48690,final_task,22
14,vp14/run1_2018-05-30-10-11-09.ids_1,11,48690,48720,final_task,23
14,vp14/run2_2018-05-30-10-42-33.ids_1,0,0,90,fasten_seat_belt,0
14,vp14/run2_2018-05-30-10-42-33.ids_1,0,90,180,fasten_seat_belt,1
14,vp14/run2_2018-05-30-10-42-33.ids_1,0,180,270,fasten_seat_belt,2
14,vp14/run2_2018-05-30-10-42-33.ids_1,0,270,360,fasten_seat_belt,3
14,vp14/run2_2018-05-30-10-42-33.ids_1,0,360,450,fasten_seat_belt,4
14,vp14/run2_2018-05-30-10-42-33.ids_1,0,450,540,fasten_seat_belt,5
14,vp14/run2_2018-05-30-10-42-33.ids_1,0,540,630,fasten_seat_belt,6
14,vp14/run2_2018-05-30-10-42-33.ids_1,0,630,720,fasten_seat_belt,7
14,vp14/run2_2018-05-30-10-42-33.ids_1,0,720,810,fasten_seat_belt,8
14,vp14/run2_2018-05-30-10-42-33.ids_1,0,810,900,fasten_seat_belt,9
14,vp14/run2_2018-05-30-10-42-33.ids_1,0,900,990,fasten_seat_belt,10
14,vp14/run2_2018-05-30-10-42-33.ids_1,0,990,998,fasten_seat_belt,11
14,vp14/run2_2018-05-30-10-42-33.ids_1,1,6390,6480,hand_over,0
14,vp14/run2_2018-05-30-10-42-33.ids_1,1,6480,6570,hand_over,1
14,vp14/run2_2018-05-30-10-42-33.ids_1,1,6570,6660,hand_over,2
14,vp14/run2_2018-05-30-10-42-33.ids_1,1,6660,6669,hand_over,3
14,vp14/run2_2018-05-30-10-42-33.ids_1,2,7470,7560,read_write_newspaper,0
14,vp14/run2_2018-05-30-10-42-33.ids_1,2,7560,7650,read_write_newspaper,1
14,vp14/run2_2018-05-30-10-42-33.ids_1,2,7650,7740,read_write_newspaper,2
14,vp14/run2_2018-05-30-10-42-33.ids_1,2,7740,7830,read_write_newspaper,3
14,vp14/run2_2018-05-30-10-42-33.ids_1,2,7830,7920,read_write_newspaper,4
14,vp14/run2_2018-05-30-10-42-33.ids_1,2,7920,8010,read_write_newspaper,5
14,vp14/run2_2018-05-30-10-42-33.ids_1,2,8010,8100,read_write_newspaper,6
14,vp14/run2_2018-05-30-10-42-33.ids_1,2,8100,8190,read_write_newspaper,7
14,vp14/run2_2018-05-30-10-42-33.ids_1,2,8190,8280,read_write_newspaper,8
14,vp14/run2_2018-05-30-10-42-33.ids_1,2,8280,8370,read_write_newspaper,9
14,vp14/run2_2018-05-30-10-42-33.ids_1,2,8370,8460,read_write_newspaper,10
14,vp14/run2_2018-05-30-10-42-33.ids_1,2,8460,8550,read_write_newspaper,11
14,vp14/run2_2018-05-30-10-42-33.ids_1,2,8550,8640,read_write_newspaper,12
14,vp14/run2_2018-05-30-10-42-33.ids_1,2,8640,8730,read_write_newspaper,13
14,vp14/run2_2018-05-30-10-42-33.ids_1,2,8730,8820,read_write_newspaper,14
14,vp14/run2_2018-05-30-10-42-33.ids_1,2,8820,8910,read_write_newspaper,15
14,vp14/run2_2018-05-30-10-42-33.ids_1,2,8910,9000,read_write_newspaper,16
14,vp14/run2_2018-05-30-10-42-33.ids_1,2,9000,9090,read_write_newspaper,17
14,vp14/run2_2018-05-30-10-42-33.ids_1,2,9090,9180,read_write_newspaper,18
14,vp14/run2_2018-05-30-10-42-33.ids_1,2,9180,9270,read_write_newspaper,19
14,vp14/run2_2018-05-30-10-42-33.ids_1,2,9270,9360,read_write_newspaper,20
14,vp14/run2_2018-05-30-10-42-33.ids_1,2,9360,9450,read_write_newspaper,21
14,vp14/run2_2018-05-30-10-42-33.ids_1,2,9450,9540,read_write_newspaper,22
14,vp14/run2_2018-05-30-10-42-33.ids_1,2,9540,9630,read_write_newspaper,23
14,vp14/run2_2018-05-30-10-42-33.ids_1,2,9630,9720,read_write_newspaper,24
14,vp14/run2_2018-05-30-10-42-33.ids_1,2,9720,9810,read_write_newspaper,25
14,vp14/run2_2018-05-30-10-42-33.ids_1,2,9810,9900,read_write_newspaper,26
14,vp14/run2_2018-05-30-10-42-33.ids_1,2,9900,9990,read_write_newspaper,27
14,vp14/run2_2018-05-30-10-42-33.ids_1,2,9990,10080,read_write_newspaper,28
14,vp14/run2_2018-05-30-10-42-33.ids_1,2,10080,10170,read_write_newspaper,29
14,vp14/run2_2018-05-30-10-42-33.ids_1,2,10170,10260,read_write_newspaper,30
14,vp14/run2_2018-05-30-10-42-33.ids_1,2,10260,10350,read_write_newspaper,31
14,vp14/run2_2018-05-30-10-42-33.ids_1,2,10350,10440,read_write_newspaper,32
14,vp14/run2_2018-05-30-10-42-33.ids_1,2,10440,10530,read_write_newspaper,33
14,vp14/run2_2018-05-30-10-42-33.ids_1,2,10530,10620,read_write_newspaper,34
14,vp14/run2_2018-05-30-10-42-33.ids_1,2,10620,10710,read_write_newspaper,35
14,vp14/run2_2018-05-30-10-42-33.ids_1,2,10710,10800,read_write_newspaper,36
14,vp14/run2_2018-05-30-10-42-33.ids_1,2,10800,10890,read_write_newspaper,37
14,vp14/run2_2018-05-30-10-42-33.ids_1,2,10890,10980,read_write_newspaper,38
14,vp14/run2_2018-05-30-10-42-33.ids_1,2,10980,11070,read_write_newspaper,39
14,vp14/run2_2018-05-30-10-42-33.ids_1,2,11070,11160,read_write_newspaper,40
14,vp14/run2_2018-05-30-10-42-33.ids_1,2,11160,11250,read_write_newspaper,41
14,vp14/run2_2018-05-30-10-42-33.ids_1,2,11250,11340,read_write_newspaper,42
14,vp14/run2_2018-05-30-10-42-33.ids_1,2,11340,11430,read_write_newspaper,43
14,vp14/run2_2018-05-30-10-42-33.ids_1,2,11430,11520,read_write_newspaper,44
14,vp14/run2_2018-05-30-10-42-33.ids_1,2,11520,11610,read_write_newspaper,45
14,vp14/run2_2018-05-30-10-42-33.ids_1,2,11610,11700,read_write_newspaper,46
14,vp14/run2_2018-05-30-10-42-33.ids_1,2,11700,11790,read_write_newspaper,47
14,vp14/run2_2018-05-30-10-42-33.ids_1,2,11790,11880,read_write_newspaper,48
14,vp14/run2_2018-05-30-10-42-33.ids_1,2,11880,11970,read_write_newspaper,49
14,vp14/run2_2018-05-30-10-42-33.ids_1,2,11970,12009,read_write_newspaper,50
14,vp14/run2_2018-05-30-10-42-33.ids_1,3,12810,12900,put_on_jacket,0
14,vp14/run2_2018-05-30-10-42-33.ids_1,3,12900,12990,put_on_jacket,1
14,vp14/run2_2018-05-30-10-42-33.ids_1,3,12990,13080,put_on_jacket,2
14,vp14/run2_2018-05-30-10-42-33.ids_1,3,13080,13170,put_on_jacket,3
14,vp14/run2_2018-05-30-10-42-33.ids_1,3,13170,13260,put_on_jacket,4
14,vp14/run2_2018-05-30-10-42-33.ids_1,3,13260,13350,put_on_jacket,5
14,vp14/run2_2018-05-30-10-42-33.ids_1,3,13350,13440,put_on_jacket,6
14,vp14/run2_2018-05-30-10-42-33.ids_1,3,13440,13530,put_on_jacket,7
14,vp14/run2_2018-05-30-10-42-33.ids_1,3,13530,13620,put_on_jacket,8
14,vp14/run2_2018-05-30-10-42-33.ids_1,3,13620,13710,put_on_jacket,9
14,vp14/run2_2018-05-30-10-42-33.ids_1,3,13710,13800,put_on_jacket,10
14,vp14/run2_2018-05-30-10-42-33.ids_1,3,13800,13890,put_on_jacket,11
14,vp14/run2_2018-05-30-10-42-33.ids_1,3,13890,13980,put_on_jacket,12
14,vp14/run2_2018-05-30-10-42-33.ids_1,3,13980,14070,put_on_jacket,13
14,vp14/run2_2018-05-30-10-42-33.ids_1,3,14070,14160,put_on_jacket,14
14,vp14/run2_2018-05-30-10-42-33.ids_1,3,14160,14250,put_on_jacket,15
14,vp14/run2_2018-05-30-10-42-33.ids_1,3,14250,14340,put_on_jacket,16
14,vp14/run2_2018-05-30-10-42-33.ids_1,3,14340,14430,put_on_jacket,17
14,vp14/run2_2018-05-30-10-42-33.ids_1,3,14430,14520,put_on_jacket,18
14,vp14/run2_2018-05-30-10-42-33.ids_1,3,14520,14610,put_on_jacket,19
14,vp14/run2_2018-05-30-10-42-33.ids_1,3,14610,14700,put_on_jacket,20
14,vp14/run2_2018-05-30-10-42-33.ids_1,3,14700,14739,put_on_jacket,21
14,vp14/run2_2018-05-30-10-42-33.ids_1,4,15390,15480,put_on_sunglasses,0
14,vp14/run2_2018-05-30-10-42-33.ids_1,4,15480,15570,put_on_sunglasses,1
14,vp14/run2_2018-05-30-10-42-33.ids_1,4,15570,15660,put_on_sunglasses,2
14,vp14/run2_2018-05-30-10-42-33.ids_1,4,15660,15750,put_on_sunglasses,3
14,vp14/run2_2018-05-30-10-42-33.ids_1,4,15750,15840,put_on_sunglasses,4
14,vp14/run2_2018-05-30-10-42-33.ids_1,4,15840,15908,put_on_sunglasses,5
14,vp14/run2_2018-05-30-10-42-33.ids_1,5,18930,19020,read_write_magazine,0
14,vp14/run2_2018-05-30-10-42-33.ids_1,5,19020,19110,read_write_magazine,1
14,vp14/run2_2018-05-30-10-42-33.ids_1,5,19110,19200,read_write_magazine,2
14,vp14/run2_2018-05-30-10-42-33.ids_1,5,19200,19290,read_write_magazine,3
14,vp14/run2_2018-05-30-10-42-33.ids_1,5,19290,19380,read_write_magazine,4
14,vp14/run2_2018-05-30-10-42-33.ids_1,5,19380,19470,read_write_magazine,5
14,vp14/run2_2018-05-30-10-42-33.ids_1,5,19470,19560,read_write_magazine,6
14,vp14/run2_2018-05-30-10-42-33.ids_1,5,19560,19650,read_write_magazine,7
14,vp14/run2_2018-05-30-10-42-33.ids_1,5,19650,19740,read_write_magazine,8
14,vp14/run2_2018-05-30-10-42-33.ids_1,5,19740,19830,read_write_magazine,9
14,vp14/run2_2018-05-30-10-42-33.ids_1,5,19830,19920,read_write_magazine,10
14,vp14/run2_2018-05-30-10-42-33.ids_1,5,19920,20010,read_write_magazine,11
14,vp14/run2_2018-05-30-10-42-33.ids_1,5,20010,20100,read_write_magazine,12
14,vp14/run2_2018-05-30-10-42-33.ids_1,5,20100,20190,read_write_magazine,13
14,vp14/run2_2018-05-30-10-42-33.ids_1,5,20190,20280,read_write_magazine,14
14,vp14/run2_2018-05-30-10-42-33.ids_1,5,20280,20370,read_write_magazine,15
14,vp14/run2_2018-05-30-10-42-33.ids_1,5,20370,20460,read_write_magazine,16
14,vp14/run2_2018-05-30-10-42-33.ids_1,5,20460,20550,read_write_magazine,17
14,vp14/run2_2018-05-30-10-42-33.ids_1,5,20550,20640,read_write_magazine,18
14,vp14/run2_2018-05-30-10-42-33.ids_1,5,20640,20730,read_write_magazine,19
14,vp14/run2_2018-05-30-10-42-33.ids_1,5,20730,20820,read_write_magazine,20
14,vp14/run2_2018-05-30-10-42-33.ids_1,5,20820,20910,read_write_magazine,21
14,vp14/run2_2018-05-30-10-42-33.ids_1,5,20910,21000,read_write_magazine,22
14,vp14/run2_2018-05-30-10-42-33.ids_1,5,21000,21090,read_write_magazine,23
14,vp14/run2_2018-05-30-10-42-33.ids_1,5,21090,21180,read_write_magazine,24
14,vp14/run2_2018-05-30-10-42-33.ids_1,5,21180,21270,read_write_magazine,25
14,vp14/run2_2018-05-30-10-42-33.ids_1,5,21270,21360,read_write_magazine,26
14,vp14/run2_2018-05-30-10-42-33.ids_1,5,21360,21450,read_write_magazine,27
14,vp14/run2_2018-05-30-10-42-33.ids_1,5,21450,21540,read_write_magazine,28
14,vp14/run2_2018-05-30-10-42-33.ids_1,5,21540,21630,read_write_magazine,29
14,vp14/run2_2018-05-30-10-42-33.ids_1,5,21630,21720,read_write_magazine,30
14,vp14/run2_2018-05-30-10-42-33.ids_1,5,21720,21810,read_write_magazine,31
14,vp14/run2_2018-05-30-10-42-33.ids_1,5,21810,21900,read_write_magazine,32
14,vp14/run2_2018-05-30-10-42-33.ids_1,5,21900,21990,read_write_magazine,33
14,vp14/run2_2018-05-30-10-42-33.ids_1,5,21990,22080,read_write_magazine,34
14,vp14/run2_2018-05-30-10-42-33.ids_1,5,22080,22170,read_write_magazine,35
14,vp14/run2_2018-05-30-10-42-33.ids_1,5,22170,22260,read_write_magazine,36
14,vp14/run2_2018-05-30-10-42-33.ids_1,5,22260,22350,read_write_magazine,37
14,vp14/run2_2018-05-30-10-42-33.ids_1,5,22350,22440,read_write_magazine,38
14,vp14/run2_2018-05-30-10-42-33.ids_1,5,22440,22530,read_write_magazine,39
14,vp14/run2_2018-05-30-10-42-33.ids_1,5,22530,22620,read_write_magazine,40
14,vp14/run2_2018-05-30-10-42-33.ids_1,5,22620,22710,read_write_magazine,41
14,vp14/run2_2018-05-30-10-42-33.ids_1,5,22710,22800,read_write_magazine,42
14,vp14/run2_2018-05-30-10-42-33.ids_1,5,22800,22890,read_write_magazine,43
14,vp14/run2_2018-05-30-10-42-33.ids_1,5,22890,22980,read_write_magazine,44
14,vp14/run2_2018-05-30-10-42-33.ids_1,5,22980,23070,read_write_magazine,45
14,vp14/run2_2018-05-30-10-42-33.ids_1,5,23070,23160,read_write_magazine,46
14,vp14/run2_2018-05-30-10-42-33.ids_1,5,23160,23250,read_write_magazine,47
14,vp14/run2_2018-05-30-10-42-33.ids_1,5,23250,23340,read_write_magazine,48
14,vp14/run2_2018-05-30-10-42-33.ids_1,5,23340,23430,read_write_magazine,49
14,vp14/run2_2018-05-30-10-42-33.ids_1,5,23430,23520,read_write_magazine,50
14,vp14/run2_2018-05-30-10-42-33.ids_1,5,23520,23610,read_write_magazine,51
14,vp14/run2_2018-05-30-10-42-33.ids_1,5,23610,23700,read_write_magazine,52
14,vp14/run2_2018-05-30-10-42-33.ids_1,5,23700,23769,read_write_magazine,53
14,vp14/run2_2018-05-30-10-42-33.ids_1,6,23970,24060,work,0
14,vp14/run2_2018-05-30-10-42-33.ids_1,6,24060,24150,work,1
14,vp14/run2_2018-05-30-10-42-33.ids_1,6,24150,24240,work,2
14,vp14/run2_2018-05-30-10-42-33.ids_1,6,24240,24330,work,3
14,vp14/run2_2018-05-30-10-42-33.ids_1,6,24330,24420,work,4
14,vp14/run2_2018-05-30-10-42-33.ids_1,6,24420,24510,work,5
14,vp14/run2_2018-05-30-10-42-33.ids_1,6,24510,24600,work,6
14,vp14/run2_2018-05-30-10-42-33.ids_1,6,24600,24690,work,7
14,vp14/run2_2018-05-30-10-42-33.ids_1,6,24690,24780,work,8
14,vp14/run2_2018-05-30-10-42-33.ids_1,6,24780,24870,work,9
14,vp14/run2_2018-05-30-10-42-33.ids_1,6,24870,24960,work,10
14,vp14/run2_2018-05-30-10-42-33.ids_1,6,24960,25050,work,11
14,vp14/run2_2018-05-30-10-42-33.ids_1,6,25050,25140,work,12
14,vp14/run2_2018-05-30-10-42-33.ids_1,6,25140,25230,work,13
14,vp14/run2_2018-05-30-10-42-33.ids_1,6,25230,25320,work,14
14,vp14/run2_2018-05-30-10-42-33.ids_1,6,25320,25410,work,15
14,vp14/run2_2018-05-30-10-42-33.ids_1,6,25410,25500,work,16
14,vp14/run2_2018-05-30-10-42-33.ids_1,6,25500,25590,work,17
14,vp14/run2_2018-05-30-10-42-33.ids_1,6,25590,25680,work,18
14,vp14/run2_2018-05-30-10-42-33.ids_1,6,25680,25770,work,19
14,vp14/run2_2018-05-30-10-42-33.ids_1,6,25770,25860,work,20
14,vp14/run2_2018-05-30-10-42-33.ids_1,6,25860,25950,work,21
14,vp14/run2_2018-05-30-10-42-33.ids_1,6,25950,26040,work,22
14,vp14/run2_2018-05-30-10-42-33.ids_1,6,26040,26130,work,23
14,vp14/run2_2018-05-30-10-42-33.ids_1,6,26130,26220,work,24
14,vp14/run2_2018-05-30-10-42-33.ids_1,6,26220,26310,work,25
14,vp14/run2_2018-05-30-10-42-33.ids_1,6,26310,26400,work,26
14,vp14/run2_2018-05-30-10-42-33.ids_1,6,26400,26490,work,27
14,vp14/run2_2018-05-30-10-42-33.ids_1,6,26490,26580,work,28
14,vp14/run2_2018-05-30-10-42-33.ids_1,6,26580,26670,work,29
14,vp14/run2_2018-05-30-10-42-33.ids_1,6,26670,26760,work,30
14,vp14/run2_2018-05-30-10-42-33.ids_1,6,26760,26850,work,31
14,vp14/run2_2018-05-30-10-42-33.ids_1,6,26850,26940,work,32
14,vp14/run2_2018-05-30-10-42-33.ids_1,6,26940,27030,work,33
14,vp14/run2_2018-05-30-10-42-33.ids_1,6,27030,27120,work,34
14,vp14/run2_2018-05-30-10-42-33.ids_1,6,27120,27210,work,35
14,vp14/run2_2018-05-30-10-42-33.ids_1,6,27210,27300,work,36
14,vp14/run2_2018-05-30-10-42-33.ids_1,6,27300,27390,work,37
14,vp14/run2_2018-05-30-10-42-33.ids_1,6,27390,27480,work,38
14,vp14/run2_2018-05-30-10-42-33.ids_1,6,27480,27519,work,39
14,vp14/run2_2018-05-30-10-42-33.ids_1,7,27930,28020,take_off_jacket,0
14,vp14/run2_2018-05-30-10-42-33.ids_1,7,28020,28110,take_off_jacket,1
14,vp14/run2_2018-05-30-10-42-33.ids_1,7,28110,28200,take_off_jacket,2
14,vp14/run2_2018-05-30-10-42-33.ids_1,7,28200,28290,take_off_jacket,3
14,vp14/run2_2018-05-30-10-42-33.ids_1,7,28290,28380,take_off_jacket,4
14,vp14/run2_2018-05-30-10-42-33.ids_1,7,28380,28419,take_off_jacket,5
14,vp14/run2_2018-05-30-10-42-33.ids_1,8,29160,29250,take_off_sunglasses,0
14,vp14/run2_2018-05-30-10-42-33.ids_1,8,29250,29340,take_off_sunglasses,1
14,vp14/run2_2018-05-30-10-42-33.ids_1,8,29340,29430,take_off_sunglasses,2
14,vp14/run2_2018-05-30-10-42-33.ids_1,8,29430,29520,take_off_sunglasses,3
14,vp14/run2_2018-05-30-10-42-33.ids_1,8,29520,29610,take_off_sunglasses,4
14,vp14/run2_2018-05-30-10-42-33.ids_1,8,29610,29649,take_off_sunglasses,5
14,vp14/run2_2018-05-30-10-42-33.ids_1,9,30090,30180,eat_drink,0
14,vp14/run2_2018-05-30-10-42-33.ids_1,9,30180,30270,eat_drink,1
14,vp14/run2_2018-05-30-10-42-33.ids_1,9,30270,30360,eat_drink,2
14,vp14/run2_2018-05-30-10-42-33.ids_1,9,30360,30450,eat_drink,3
14,vp14/run2_2018-05-30-10-42-33.ids_1,9,30450,30540,eat_drink,4
14,vp14/run2_2018-05-30-10-42-33.ids_1,9,30540,30630,eat_drink,5
14,vp14/run2_2018-05-30-10-42-33.ids_1,9,30630,30720,eat_drink,6
14,vp14/run2_2018-05-30-10-42-33.ids_1,9,30720,30810,eat_drink,7
14,vp14/run2_2018-05-30-10-42-33.ids_1,9,30810,30900,eat_drink,8
14,vp14/run2_2018-05-30-10-42-33.ids_1,9,30900,30990,eat_drink,9
14,vp14/run2_2018-05-30-10-42-33.ids_1,9,30990,31080,eat_drink,10
14,vp14/run2_2018-05-30-10-42-33.ids_1,9,31080,31170,eat_drink,11
14,vp14/run2_2018-05-30-10-42-33.ids_1,9,31170,31260,eat_drink,12
14,vp14/run2_2018-05-30-10-42-33.ids_1,9,31260,31350,eat_drink,13
14,vp14/run2_2018-05-30-10-42-33.ids_1,9,31350,31440,eat_drink,14
14,vp14/run2_2018-05-30-10-42-33.ids_1,9,31440,31530,eat_drink,15
14,vp14/run2_2018-05-30-10-42-33.ids_1,9,31530,31620,eat_drink,16
14,vp14/run2_2018-05-30-10-42-33.ids_1,9,31620,31710,eat_drink,17
14,vp14/run2_2018-05-30-10-42-33.ids_1,9,31710,31800,eat_drink,18
14,vp14/run2_2018-05-30-10-42-33.ids_1,9,31800,31890,eat_drink,19
14,vp14/run2_2018-05-30-10-42-33.ids_1,9,31890,31980,eat_drink,20
14,vp14/run2_2018-05-30-10-42-33.ids_1,9,31980,32070,eat_drink,21
14,vp14/run2_2018-05-30-10-42-33.ids_1,9,32070,32160,eat_drink,22
14,vp14/run2_2018-05-30-10-42-33.ids_1,9,32160,32250,eat_drink,23
14,vp14/run2_2018-05-30-10-42-33.ids_1,9,32250,32340,eat_drink,24
14,vp14/run2_2018-05-30-10-42-33.ids_1,9,32340,32430,eat_drink,25
14,vp14/run2_2018-05-30-10-42-33.ids_1,9,32430,32520,eat_drink,26
14,vp14/run2_2018-05-30-10-42-33.ids_1,9,32520,32610,eat_drink,27
14,vp14/run2_2018-05-30-10-42-33.ids_1,9,32610,32700,eat_drink,28
14,vp14/run2_2018-05-30-10-42-33.ids_1,9,32700,32790,eat_drink,29
14,vp14/run2_2018-05-30-10-42-33.ids_1,9,32790,32880,eat_drink,30
14,vp14/run2_2018-05-30-10-42-33.ids_1,9,32880,32970,eat_drink,31
14,vp14/run2_2018-05-30-10-42-33.ids_1,9,32970,33060,eat_drink,32
14,vp14/run2_2018-05-30-10-42-33.ids_1,9,33060,33150,eat_drink,33
14,vp14/run2_2018-05-30-10-42-33.ids_1,9,33150,33240,eat_drink,34
14,vp14/run2_2018-05-30-10-42-33.ids_1,9,33240,33330,eat_drink,35
14,vp14/run2_2018-05-30-10-42-33.ids_1,9,33330,33420,eat_drink,36
14,vp14/run2_2018-05-30-10-42-33.ids_1,9,33420,33489,eat_drink,37
14,vp14/run2_2018-05-30-10-42-33.ids_1,10,33690,33780,watch_video,0
14,vp14/run2_2018-05-30-10-42-33.ids_1,10,33780,33870,watch_video,1
14,vp14/run2_2018-05-30-10-42-33.ids_1,10,33870,33960,watch_video,2
14,vp14/run2_2018-05-30-10-42-33.ids_1,10,33960,34050,watch_video,3
14,vp14/run2_2018-05-30-10-42-33.ids_1,10,34050,34140,watch_video,4
14,vp14/run2_2018-05-30-10-42-33.ids_1,10,34140,34230,watch_video,5
14,vp14/run2_2018-05-30-10-42-33.ids_1,10,34230,34320,watch_video,6
14,vp14/run2_2018-05-30-10-42-33.ids_1,10,34320,34410,watch_video,7
14,vp14/run2_2018-05-30-10-42-33.ids_1,10,34410,34500,watch_video,8
14,vp14/run2_2018-05-30-10-42-33.ids_1,10,34500,34590,watch_video,9
14,vp14/run2_2018-05-30-10-42-33.ids_1,10,34590,34680,watch_video,10
14,vp14/run2_2018-05-30-10-42-33.ids_1,10,34680,34770,watch_video,11
14,vp14/run2_2018-05-30-10-42-33.ids_1,10,34770,34860,watch_video,12
14,vp14/run2_2018-05-30-10-42-33.ids_1,10,34860,34950,watch_video,13
14,vp14/run2_2018-05-30-10-42-33.ids_1,10,34950,35040,watch_video,14
14,vp14/run2_2018-05-30-10-42-33.ids_1,10,35040,35130,watch_video,15
14,vp14/run2_2018-05-30-10-42-33.ids_1,10,35130,35220,watch_video,16
14,vp14/run2_2018-05-30-10-42-33.ids_1,10,35220,35310,watch_video,17
14,vp14/run2_2018-05-30-10-42-33.ids_1,10,35310,35400,watch_video,18
14,vp14/run2_2018-05-30-10-42-33.ids_1,10,35400,35490,watch_video,19
14,vp14/run2_2018-05-30-10-42-33.ids_1,10,35490,35580,watch_video,20
14,vp14/run2_2018-05-30-10-42-33.ids_1,10,35580,35670,watch_video,21
14,vp14/run2_2018-05-30-10-42-33.ids_1,10,35670,35760,watch_video,22
14,vp14/run2_2018-05-30-10-42-33.ids_1,10,35760,35850,watch_video,23
14,vp14/run2_2018-05-30-10-42-33.ids_1,10,35850,35940,watch_video,24
14,vp14/run2_2018-05-30-10-42-33.ids_1,10,35940,36030,watch_video,25
14,vp14/run2_2018-05-30-10-42-33.ids_1,10,36030,36120,watch_video,26
14,vp14/run2_2018-05-30-10-42-33.ids_1,10,36120,36210,watch_video,27
14,vp14/run2_2018-05-30-10-42-33.ids_1,10,36210,36300,watch_video,28
14,vp14/run2_2018-05-30-10-42-33.ids_1,10,36300,36390,watch_video,29
14,vp14/run2_2018-05-30-10-42-33.ids_1,10,36390,36480,watch_video,30
14,vp14/run2_2018-05-30-10-42-33.ids_1,10,36480,36570,watch_video,31
14,vp14/run2_2018-05-30-10-42-33.ids_1,10,36570,36660,watch_video,32
14,vp14/run2_2018-05-30-10-42-33.ids_1,10,36660,36750,watch_video,33
14,vp14/run2_2018-05-30-10-42-33.ids_1,10,36750,36840,watch_video,34
14,vp14/run2_2018-05-30-10-42-33.ids_1,10,36840,36930,watch_video,35
14,vp14/run2_2018-05-30-10-42-33.ids_1,10,36930,37020,watch_video,36
14,vp14/run2_2018-05-30-10-42-33.ids_1,10,37020,37110,watch_video,37
14,vp14/run2_2018-05-30-10-42-33.ids_1,10,37110,37200,watch_video,38
14,vp14/run2_2018-05-30-10-42-33.ids_1,10,37200,37290,watch_video,39
14,vp14/run2_2018-05-30-10-42-33.ids_1,10,37290,37380,watch_video,40
14,vp14/run2_2018-05-30-10-42-33.ids_1,10,37380,37470,watch_video,41
14,vp14/run2_2018-05-30-10-42-33.ids_1,10,37470,37560,watch_video,42
14,vp14/run2_2018-05-30-10-42-33.ids_1,10,37560,37650,watch_video,43
14,vp14/run2_2018-05-30-10-42-33.ids_1,10,37650,37740,watch_video,44
14,vp14/run2_2018-05-30-10-42-33.ids_1,10,37740,37830,watch_video,45
14,vp14/run2_2018-05-30-10-42-33.ids_1,10,37830,37920,watch_video,46
14,vp14/run2_2018-05-30-10-42-33.ids_1,10,37920,38010,watch_video,47
14,vp14/run2_2018-05-30-10-42-33.ids_1,10,38010,38100,watch_video,48
14,vp14/run2_2018-05-30-10-42-33.ids_1,10,38100,38190,watch_video,49
14,vp14/run2_2018-05-30-10-42-33.ids_1,10,38190,38280,watch_video,50
14,vp14/run2_2018-05-30-10-42-33.ids_1,10,38280,38370,watch_video,51
14,vp14/run2_2018-05-30-10-42-33.ids_1,10,38370,38460,watch_video,52
14,vp14/run2_2018-05-30-10-42-33.ids_1,10,38460,38550,watch_video,53
14,vp14/run2_2018-05-30-10-42-33.ids_1,10,38550,38640,watch_video,54
14,vp14/run2_2018-05-30-10-42-33.ids_1,10,38640,38730,watch_video,55
14,vp14/run2_2018-05-30-10-42-33.ids_1,10,38730,38820,watch_video,56
14,vp14/run2_2018-05-30-10-42-33.ids_1,10,38820,38910,watch_video,57
14,vp14/run2_2018-05-30-10-42-33.ids_1,10,38910,39000,watch_video,58
14,vp14/run2_2018-05-30-10-42-33.ids_1,10,39000,39090,watch_video,59
14,vp14/run2_2018-05-30-10-42-33.ids_1,10,39090,39180,watch_video,60
14,vp14/run2_2018-05-30-10-42-33.ids_1,10,39180,39270,watch_video,61
14,vp14/run2_2018-05-30-10-42-33.ids_1,10,39270,39360,watch_video,62
14,vp14/run2_2018-05-30-10-42-33.ids_1,10,39360,39450,watch_video,63
14,vp14/run2_2018-05-30-10-42-33.ids_1,10,39450,39540,watch_video,64
14,vp14/run2_2018-05-30-10-42-33.ids_1,10,39540,39630,watch_video,65
14,vp14/run2_2018-05-30-10-42-33.ids_1,10,39630,39720,watch_video,66
14,vp14/run2_2018-05-30-10-42-33.ids_1,10,39720,39810,watch_video,67
14,vp14/run2_2018-05-30-10-42-33.ids_1,10,39810,39900,watch_video,68
14,vp14/run2_2018-05-30-10-42-33.ids_1,10,39900,39990,watch_video,69
14,vp14/run2_2018-05-30-10-42-33.ids_1,10,39990,40080,watch_video,70
14,vp14/run2_2018-05-30-10-42-33.ids_1,10,40080,40170,watch_video,71
14,vp14/run2_2018-05-30-10-42-33.ids_1,10,40170,40260,watch_video,72
14,vp14/run2_2018-05-30-10-42-33.ids_1,10,40260,40350,watch_video,73
14,vp14/run2_2018-05-30-10-42-33.ids_1,10,40350,40440,watch_video,74
14,vp14/run2_2018-05-30-10-42-33.ids_1,10,40440,40530,watch_video,75
14,vp14/run2_2018-05-30-10-42-33.ids_1,10,40530,40620,watch_video,76
14,vp14/run2_2018-05-30-10-42-33.ids_1,10,40620,40710,watch_video,77
14,vp14/run2_2018-05-30-10-42-33.ids_1,10,40710,40800,watch_video,78
14,vp14/run2_2018-05-30-10-42-33.ids_1,10,40800,40890,watch_video,79
14,vp14/run2_2018-05-30-10-42-33.ids_1,10,40890,40980,watch_video,80
14,vp14/run2_2018-05-30-10-42-33.ids_1,10,40980,41070,watch_video,81
14,vp14/run2_2018-05-30-10-42-33.ids_1,10,41070,41160,watch_video,82
14,vp14/run2_2018-05-30-10-42-33.ids_1,10,41160,41250,watch_video,83
14,vp14/run2_2018-05-30-10-42-33.ids_1,10,41250,41340,watch_video,84
14,vp14/run2_2018-05-30-10-42-33.ids_1,10,41340,41349,watch_video,85
14,vp14/run2_2018-05-30-10-42-33.ids_1,11,42450,42540,final_task,0
14,vp14/run2_2018-05-30-10-42-33.ids_1,11,42540,42630,final_task,1
14,vp14/run2_2018-05-30-10-42-33.ids_1,11,42630,42720,final_task,2
14,vp14/run2_2018-05-30-10-42-33.ids_1,11,42720,42810,final_task,3
14,vp14/run2_2018-05-30-10-42-33.ids_1,11,42810,42900,final_task,4
14,vp14/run2_2018-05-30-10-42-33.ids_1,11,42900,42990,final_task,5
14,vp14/run2_2018-05-30-10-42-33.ids_1,11,42990,43080,final_task,6
14,vp14/run2_2018-05-30-10-42-33.ids_1,11,43080,43170,final_task,7
14,vp14/run2_2018-05-30-10-42-33.ids_1,11,43170,43260,final_task,8
14,vp14/run2_2018-05-30-10-42-33.ids_1,11,43260,43350,final_task,9
14,vp14/run2_2018-05-30-10-42-33.ids_1,11,43350,43440,final_task,10
14,vp14/run2_2018-05-30-10-42-33.ids_1,11,43440,43530,final_task,11
14,vp14/run2_2018-05-30-10-42-33.ids_1,11,43530,43620,final_task,12
14,vp14/run2_2018-05-30-10-42-33.ids_1,11,43620,43710,final_task,13
14,vp14/run2_2018-05-30-10-42-33.ids_1,11,43710,43800,final_task,14
14,vp14/run2_2018-05-30-10-42-33.ids_1,11,43800,43890,final_task,15
14,vp14/run2_2018-05-30-10-42-33.ids_1,11,43890,43980,final_task,16
14,vp14/run2_2018-05-30-10-42-33.ids_1,11,43980,44070,final_task,17
14,vp14/run2_2018-05-30-10-42-33.ids_1,11,44070,44160,final_task,18
14,vp14/run2_2018-05-30-10-42-33.ids_1,11,44160,44250,final_task,19
14,vp14/run2_2018-05-30-10-42-33.ids_1,11,44250,44280,final_task,20
15,vp15/run1_2018-05-30-13-05-35.ids_1,0,1860,1929,fasten_seat_belt,0
15,vp15/run1_2018-05-30-13-05-35.ids_1,1,7320,7410,hand_over,0
15,vp15/run1_2018-05-30-13-05-35.ids_1,1,7410,7500,hand_over,1
15,vp15/run1_2018-05-30-13-05-35.ids_1,1,7500,7569,hand_over,2
15,vp15/run1_2018-05-30-13-05-35.ids_1,2,8100,8190,eat_drink,0
15,vp15/run1_2018-05-30-13-05-35.ids_1,2,8190,8280,eat_drink,1
15,vp15/run1_2018-05-30-13-05-35.ids_1,2,8280,8370,eat_drink,2
15,vp15/run1_2018-05-30-13-05-35.ids_1,2,8370,8460,eat_drink,3
15,vp15/run1_2018-05-30-13-05-35.ids_1,2,8460,8550,eat_drink,4
15,vp15/run1_2018-05-30-13-05-35.ids_1,2,8550,8640,eat_drink,5
15,vp15/run1_2018-05-30-13-05-35.ids_1,2,8640,8730,eat_drink,6
15,vp15/run1_2018-05-30-13-05-35.ids_1,2,8730,8820,eat_drink,7
15,vp15/run1_2018-05-30-13-05-35.ids_1,2,8820,8910,eat_drink,8
15,vp15/run1_2018-05-30-13-05-35.ids_1,2,8910,9000,eat_drink,9
15,vp15/run1_2018-05-30-13-05-35.ids_1,2,9000,9090,eat_drink,10
15,vp15/run1_2018-05-30-13-05-35.ids_1,2,9090,9180,eat_drink,11
15,vp15/run1_2018-05-30-13-05-35.ids_1,2,9180,9270,eat_drink,12
15,vp15/run1_2018-05-30-13-05-35.ids_1,2,9270,9360,eat_drink,13
15,vp15/run1_2018-05-30-13-05-35.ids_1,2,9360,9450,eat_drink,14
15,vp15/run1_2018-05-30-13-05-35.ids_1,2,9450,9540,eat_drink,15
15,vp15/run1_2018-05-30-13-05-35.ids_1,2,9540,9630,eat_drink,16
15,vp15/run1_2018-05-30-13-05-35.ids_1,2,9630,9720,eat_drink,17
15,vp15/run1_2018-05-30-13-05-35.ids_1,2,9720,9810,eat_drink,18
15,vp15/run1_2018-05-30-13-05-35.ids_1,2,9810,9900,eat_drink,19
15,vp15/run1_2018-05-30-13-05-35.ids_1,2,9900,9990,eat_drink,20
15,vp15/run1_2018-05-30-13-05-35.ids_1,2,9990,10080,eat_drink,21
15,vp15/run1_2018-05-30-13-05-35.ids_1,2,10080,10170,eat_drink,22
15,vp15/run1_2018-05-30-13-05-35.ids_1,2,10170,10260,eat_drink,23
15,vp15/run1_2018-05-30-13-05-35.ids_1,2,10260,10350,eat_drink,24
15,vp15/run1_2018-05-30-13-05-35.ids_1,2,10350,10440,eat_drink,25
15,vp15/run1_2018-05-30-13-05-35.ids_1,2,10440,10530,eat_drink,26
15,vp15/run1_2018-05-30-13-05-35.ids_1,2,10530,10620,eat_drink,27
15,vp15/run1_2018-05-30-13-05-35.ids_1,2,10620,10710,eat_drink,28
15,vp15/run1_2018-05-30-13-05-35.ids_1,2,10710,10800,eat_drink,29
15,vp15/run1_2018-05-30-13-05-35.ids_1,2,10800,10890,eat_drink,30
15,vp15/run1_2018-05-30-13-05-35.ids_1,2,10890,10980,eat_drink,31
15,vp15/run1_2018-05-30-13-05-35.ids_1,2,10980,11070,eat_drink,32
15,vp15/run1_2018-05-30-13-05-35.ids_1,2,11070,11138,eat_drink,33
15,vp15/run1_2018-05-30-13-05-35.ids_1,3,11340,11430,work,0
15,vp15/run1_2018-05-30-13-05-35.ids_1,3,11430,11520,work,1
15,vp15/run1_2018-05-30-13-05-35.ids_1,3,11520,11610,work,2
15,vp15/run1_2018-05-30-13-05-35.ids_1,3,11610,11700,work,3
15,vp15/run1_2018-05-30-13-05-35.ids_1,3,11700,11790,work,4
15,vp15/run1_2018-05-30-13-05-35.ids_1,3,11790,11880,work,5
15,vp15/run1_2018-05-30-13-05-35.ids_1,3,11880,11970,work,6
15,vp15/run1_2018-05-30-13-05-35.ids_1,3,11970,12060,work,7
15,vp15/run1_2018-05-30-13-05-35.ids_1,3,12060,12150,work,8
15,vp15/run1_2018-05-30-13-05-35.ids_1,3,12150,12240,work,9
15,vp15/run1_2018-05-30-13-05-35.ids_1,3,12240,12330,work,10
15,vp15/run1_2018-05-30-13-05-35.ids_1,3,12330,12420,work,11
15,vp15/run1_2018-05-30-13-05-35.ids_1,3,12420,12510,work,12
15,vp15/run1_2018-05-30-13-05-35.ids_1,3,12510,12600,work,13
15,vp15/run1_2018-05-30-13-05-35.ids_1,3,12600,12690,work,14
15,vp15/run1_2018-05-30-13-05-35.ids_1,3,12690,12780,work,15
15,vp15/run1_2018-05-30-13-05-35.ids_1,3,12780,12870,work,16
15,vp15/run1_2018-05-30-13-05-35.ids_1,3,12870,12960,work,17
15,vp15/run1_2018-05-30-13-05-35.ids_1,3,12960,13050,work,18
15,vp15/run1_2018-05-30-13-05-35.ids_1,3,13050,13140,work,19
15,vp15/run1_2018-05-30-13-05-35.ids_1,3,13140,13230,work,20
15,vp15/run1_2018-05-30-13-05-35.ids_1,3,13230,13320,work,21
15,vp15/run1_2018-05-30-13-05-35.ids_1,3,13320,13410,work,22
15,vp15/run1_2018-05-30-13-05-35.ids_1,3,13410,13500,work,23
15,vp15/run1_2018-05-30-13-05-35.ids_1,3,13500,13590,work,24
15,vp15/run1_2018-05-30-13-05-35.ids_1,3,13590,13598,work,25
15,vp15/run1_2018-05-30-13-05-35.ids_1,4,14130,14220,read_write_newspaper,0
15,vp15/run1_2018-05-30-13-05-35.ids_1,4,14220,14310,read_write_newspaper,1
15,vp15/run1_2018-05-30-13-05-35.ids_1,4,14310,14400,read_write_newspaper,2
15,vp15/run1_2018-05-30-13-05-35.ids_1,4,14400,14490,read_write_newspaper,3
15,vp15/run1_2018-05-30-13-05-35.ids_1,4,14490,14580,read_write_newspaper,4
15,vp15/run1_2018-05-30-13-05-35.ids_1,4,14580,14670,read_write_newspaper,5
15,vp15/run1_2018-05-30-13-05-35.ids_1,4,14670,14760,read_write_newspaper,6
15,vp15/run1_2018-05-30-13-05-35.ids_1,4,14760,14850,read_write_newspaper,7
15,vp15/run1_2018-05-30-13-05-35.ids_1,4,14850,14940,read_write_newspaper,8
15,vp15/run1_2018-05-30-13-05-35.ids_1,4,14940,15030,read_write_newspaper,9
15,vp15/run1_2018-05-30-13-05-35.ids_1,4,15030,15120,read_write_newspaper,10
15,vp15/run1_2018-05-30-13-05-35.ids_1,4,15120,15210,read_write_newspaper,11
15,vp15/run1_2018-05-30-13-05-35.ids_1,4,15210,15300,read_write_newspaper,12
15,vp15/run1_2018-05-30-13-05-35.ids_1,4,15300,15390,read_write_newspaper,13
15,vp15/run1_2018-05-30-13-05-35.ids_1,4,15390,15480,read_write_newspaper,14
15,vp15/run1_2018-05-30-13-05-35.ids_1,4,15480,15570,read_write_newspaper,15
15,vp15/run1_2018-05-30-13-05-35.ids_1,4,15570,15660,read_write_newspaper,16
15,vp15/run1_2018-05-30-13-05-35.ids_1,4,15660,15750,read_write_newspaper,17
15,vp15/run1_2018-05-30-13-05-35.ids_1,4,15750,15840,read_write_newspaper,18
15,vp15/run1_2018-05-30-13-05-35.ids_1,4,15840,15930,read_write_newspaper,19
15,vp15/run1_2018-05-30-13-05-35.ids_1,4,15930,16020,read_write_newspaper,20
15,vp15/run1_2018-05-30-13-05-35.ids_1,4,16020,16110,read_write_newspaper,21
15,vp15/run1_2018-05-30-13-05-35.ids_1,4,16110,16200,read_write_newspaper,22
15,vp15/run1_2018-05-30-13-05-35.ids_1,4,16200,16290,read_write_newspaper,23
15,vp15/run1_2018-05-30-13-05-35.ids_1,4,16290,16298,read_write_newspaper,24
15,vp15/run1_2018-05-30-13-05-35.ids_1,5,16770,16860,put_on_sunglasses,0
15,vp15/run1_2018-05-30-13-05-35.ids_1,5,16860,16950,put_on_sunglasses,1
15,vp15/run1_2018-05-30-13-05-35.ids_1,5,16950,17040,put_on_sunglasses,2
15,vp15/run1_2018-05-30-13-05-35.ids_1,5,17040,17130,put_on_sunglasses,3
15,vp15/run1_2018-05-30-13-05-35.ids_1,5,17130,17220,put_on_sunglasses,4
15,vp15/run1_2018-05-30-13-05-35.ids_1,5,17220,17310,put_on_sunglasses,5
15,vp15/run1_2018-05-30-13-05-35.ids_1,5,17310,17400,put_on_sunglasses,6
15,vp15/run1_2018-05-30-13-05-35.ids_1,5,17400,17490,put_on_sunglasses,7
15,vp15/run1_2018-05-30-13-05-35.ids_1,5,17490,17498,put_on_sunglasses,8
15,vp15/run1_2018-05-30-13-05-35.ids_1,6,18540,18630,take_off_sunglasses,0
15,vp15/run1_2018-05-30-13-05-35.ids_1,6,18630,18720,take_off_sunglasses,1
15,vp15/run1_2018-05-30-13-05-35.ids_1,6,18720,18728,take_off_sunglasses,2
15,vp15/run1_2018-05-30-13-05-35.ids_1,7,19740,19830,watch_video,0
15,vp15/run1_2018-05-30-13-05-35.ids_1,7,19830,19920,watch_video,1
15,vp15/run1_2018-05-30-13-05-35.ids_1,7,19920,20010,watch_video,2
15,vp15/run1_2018-05-30-13-05-35.ids_1,7,20010,20100,watch_video,3
15,vp15/run1_2018-05-30-13-05-35.ids_1,7,20100,20190,watch_video,4
15,vp15/run1_2018-05-30-13-05-35.ids_1,7,20190,20280,watch_video,5
15,vp15/run1_2018-05-30-13-05-35.ids_1,7,20280,20370,watch_video,6
15,vp15/run1_2018-05-30-13-05-35.ids_1,7,20370,20460,watch_video,7
15,vp15/run1_2018-05-30-13-05-35.ids_1,7,20460,20550,watch_video,8
15,vp15/run1_2018-05-30-13-05-35.ids_1,7,20550,20640,watch_video,9
15,vp15/run1_2018-05-30-13-05-35.ids_1,7,20640,20730,watch_video,10
15,vp15/run1_2018-05-30-13-05-35.ids_1,7,20730,20820,watch_video,11
15,vp15/run1_2018-05-30-13-05-35.ids_1,7,20820,20910,watch_video,12
15,vp15/run1_2018-05-30-13-05-35.ids_1,7,20910,21000,watch_video,13
15,vp15/run1_2018-05-30-13-05-35.ids_1,7,21000,21090,watch_video,14
15,vp15/run1_2018-05-30-13-05-35.ids_1,7,21090,21180,watch_video,15
15,vp15/run1_2018-05-30-13-05-35.ids_1,7,21180,21270,watch_video,16
15,vp15/run1_2018-05-30-13-05-35.ids_1,7,21270,21360,watch_video,17
15,vp15/run1_2018-05-30-13-05-35.ids_1,7,21360,21450,watch_video,18
15,vp15/run1_2018-05-30-13-05-35.ids_1,7,21450,21540,watch_video,19
15,vp15/run1_2018-05-30-13-05-35.ids_1,7,21540,21630,watch_video,20
15,vp15/run1_2018-05-30-13-05-35.ids_1,7,21630,21720,watch_video,21
15,vp15/run1_2018-05-30-13-05-35.ids_1,7,21720,21810,watch_video,22
15,vp15/run1_2018-05-30-13-05-35.ids_1,7,21810,21900,watch_video,23
15,vp15/run1_2018-05-30-13-05-35.ids_1,7,21900,21990,watch_video,24
15,vp15/run1_2018-05-30-13-05-35.ids_1,7,21990,22080,watch_video,25
15,vp15/run1_2018-05-30-13-05-35.ids_1,7,22080,22170,watch_video,26
15,vp15/run1_2018-05-30-13-05-35.ids_1,7,22170,22260,watch_video,27
15,vp15/run1_2018-05-30-13-05-35.ids_1,7,22260,22350,watch_video,28
15,vp15/run1_2018-05-30-13-05-35.ids_1,7,22350,22440,watch_video,29
15,vp15/run1_2018-05-30-13-05-35.ids_1,7,22440,22530,watch_video,30
15,vp15/run1_2018-05-30-13-05-35.ids_1,7,22530,22620,watch_video,31
15,vp15/run1_2018-05-30-13-05-35.ids_1,7,22620,22710,watch_video,32
15,vp15/run1_2018-05-30-13-05-35.ids_1,7,22710,22800,watch_video,33
15,vp15/run1_2018-05-30-13-05-35.ids_1,7,22800,22890,watch_video,34
15,vp15/run1_2018-05-30-13-05-35.ids_1,7,22890,22980,watch_video,35
15,vp15/run1_2018-05-30-13-05-35.ids_1,7,22980,23070,watch_video,36
15,vp15/run1_2018-05-30-13-05-35.ids_1,7,23070,23160,watch_video,37
15,vp15/run1_2018-05-30-13-05-35.ids_1,7,23160,23250,watch_video,38
15,vp15/run1_2018-05-30-13-05-35.ids_1,7,23250,23340,watch_video,39
15,vp15/run1_2018-05-30-13-05-35.ids_1,7,23340,23430,watch_video,40
15,vp15/run1_2018-05-30-13-05-35.ids_1,7,23430,23520,watch_video,41
15,vp15/run1_2018-05-30-13-05-35.ids_1,7,23520,23610,watch_video,42
15,vp15/run1_2018-05-30-13-05-35.ids_1,7,23610,23700,watch_video,43
15,vp15/run1_2018-05-30-13-05-35.ids_1,7,23700,23790,watch_video,44
15,vp15/run1_2018-05-30-13-05-35.ids_1,7,23790,23880,watch_video,45
15,vp15/run1_2018-05-30-13-05-35.ids_1,7,23880,23970,watch_video,46
15,vp15/run1_2018-05-30-13-05-35.ids_1,7,23970,24060,watch_video,47
15,vp15/run1_2018-05-30-13-05-35.ids_1,7,24060,24150,watch_video,48
15,vp15/run1_2018-05-30-13-05-35.ids_1,7,24150,24240,watch_video,49
15,vp15/run1_2018-05-30-13-05-35.ids_1,7,24240,24330,watch_video,50
15,vp15/run1_2018-05-30-13-05-35.ids_1,7,24330,24420,watch_video,51
15,vp15/run1_2018-05-30-13-05-35.ids_1,7,24420,24510,watch_video,52
15,vp15/run1_2018-05-30-13-05-35.ids_1,7,24510,24600,watch_video,53
15,vp15/run1_2018-05-30-13-05-35.ids_1,7,24600,24690,watch_video,54
15,vp15/run1_2018-05-30-13-05-35.ids_1,7,24690,24780,watch_video,55
15,vp15/run1_2018-05-30-13-05-35.ids_1,7,24780,24870,watch_video,56
15,vp15/run1_2018-05-30-13-05-35.ids_1,7,24870,24960,watch_video,57
15,vp15/run1_2018-05-30-13-05-35.ids_1,7,24960,25050,watch_video,58
15,vp15/run1_2018-05-30-13-05-35.ids_1,7,25050,25140,watch_video,59
15,vp15/run1_2018-05-30-13-05-35.ids_1,7,25140,25230,watch_video,60
15,vp15/run1_2018-05-30-13-05-35.ids_1,7,25230,25320,watch_video,61
15,vp15/run1_2018-05-30-13-05-35.ids_1,7,25320,25410,watch_video,62
15,vp15/run1_2018-05-30-13-05-35.ids_1,7,25410,25500,watch_video,63
15,vp15/run1_2018-05-30-13-05-35.ids_1,7,25500,25590,watch_video,64
15,vp15/run1_2018-05-30-13-05-35.ids_1,7,25590,25680,watch_video,65
15,vp15/run1_2018-05-30-13-05-35.ids_1,7,25680,25770,watch_video,66
15,vp15/run1_2018-05-30-13-05-35.ids_1,7,25770,25860,watch_video,67
15,vp15/run1_2018-05-30-13-05-35.ids_1,7,25860,25950,watch_video,68
15,vp15/run1_2018-05-30-13-05-35.ids_1,7,25950,26040,watch_video,69
15,vp15/run1_2018-05-30-13-05-35.ids_1,7,26040,26130,watch_video,70
15,vp15/run1_2018-05-30-13-05-35.ids_1,7,26130,26220,watch_video,71
15,vp15/run1_2018-05-30-13-05-35.ids_1,7,26220,26310,watch_video,72
15,vp15/run1_2018-05-30-13-05-35.ids_1,7,26310,26400,watch_video,73
15,vp15/run1_2018-05-30-13-05-35.ids_1,7,26400,26490,watch_video,74
15,vp15/run1_2018-05-30-13-05-35.ids_1,7,26490,26580,watch_video,75
15,vp15/run1_2018-05-30-13-05-35.ids_1,7,26580,26670,watch_video,76
15,vp15/run1_2018-05-30-13-05-35.ids_1,7,26670,26760,watch_video,77
15,vp15/run1_2018-05-30-13-05-35.ids_1,7,26760,26850,watch_video,78
15,vp15/run1_2018-05-30-13-05-35.ids_1,7,26850,26940,watch_video,79
15,vp15/run1_2018-05-30-13-05-35.ids_1,7,26940,27030,watch_video,80
15,vp15/run1_2018-05-30-13-05-35.ids_1,7,27030,27120,watch_video,81
15,vp15/run1_2018-05-30-13-05-35.ids_1,7,27120,27188,watch_video,82
15,vp15/run1_2018-05-30-13-05-35.ids_1,8,27720,27810,put_on_jacket,0
15,vp15/run1_2018-05-30-13-05-35.ids_1,8,27810,27900,put_on_jacket,1
15,vp15/run1_2018-05-30-13-05-35.ids_1,8,27900,27990,put_on_jacket,2
15,vp15/run1_2018-05-30-13-05-35.ids_1,8,27990,28080,put_on_jacket,3
15,vp15/run1_2018-05-30-13-05-35.ids_1,8,28080,28170,put_on_jacket,4
15,vp15/run1_2018-05-30-13-05-35.ids_1,8,28170,28260,put_on_jacket,5
15,vp15/run1_2018-05-30-13-05-35.ids_1,8,28260,28350,put_on_jacket,6
15,vp15/run1_2018-05-30-13-05-35.ids_1,8,28350,28440,put_on_jacket,7
15,vp15/run1_2018-05-30-13-05-35.ids_1,8,28440,28530,put_on_jacket,8
15,vp15/run1_2018-05-30-13-05-35.ids_1,8,28530,28620,put_on_jacket,9
15,vp15/run1_2018-05-30-13-05-35.ids_1,8,28620,28710,put_on_jacket,10
15,vp15/run1_2018-05-30-13-05-35.ids_1,8,28710,28800,put_on_jacket,11
15,vp15/run1_2018-05-30-13-05-35.ids_1,8,28800,28890,put_on_jacket,12
15,vp15/run1_2018-05-30-13-05-35.ids_1,8,28890,28958,put_on_jacket,13
15,vp15/run1_2018-05-30-13-05-35.ids_1,9,29220,29310,take_off_jacket,0
15,vp15/run1_2018-05-30-13-05-35.ids_1,9,29310,29400,take_off_jacket,1
15,vp15/run1_2018-05-30-13-05-35.ids_1,9,29400,29490,take_off_jacket,2
15,vp15/run1_2018-05-30-13-05-35.ids_1,9,29490,29580,take_off_jacket,3
15,vp15/run1_2018-05-30-13-05-35.ids_1,9,29580,29670,take_off_jacket,4
15,vp15/run1_2018-05-30-13-05-35.ids_1,9,29670,29760,take_off_jacket,5
15,vp15/run1_2018-05-30-13-05-35.ids_1,9,29760,29850,take_off_jacket,6
15,vp15/run1_2018-05-30-13-05-35.ids_1,9,29850,29940,take_off_jacket,7
15,vp15/run1_2018-05-30-13-05-35.ids_1,9,29940,30030,take_off_jacket,8
15,vp15/run1_2018-05-30-13-05-35.ids_1,9,30030,30038,take_off_jacket,9
15,vp15/run1_2018-05-30-13-05-35.ids_1,10,33060,33150,read_write_magazine,0
15,vp15/run1_2018-05-30-13-05-35.ids_1,10,33150,33240,read_write_magazine,1
15,vp15/run1_2018-05-30-13-05-35.ids_1,10,33240,33330,read_write_magazine,2
15,vp15/run1_2018-05-30-13-05-35.ids_1,10,33330,33420,read_write_magazine,3
15,vp15/run1_2018-05-30-13-05-35.ids_1,10,33420,33510,read_write_magazine,4
15,vp15/run1_2018-05-30-13-05-35.ids_1,10,33510,33600,read_write_magazine,5
15,vp15/run1_2018-05-30-13-05-35.ids_1,10,33600,33690,read_write_magazine,6
15,vp15/run1_2018-05-30-13-05-35.ids_1,10,33690,33780,read_write_magazine,7
15,vp15/run1_2018-05-30-13-05-35.ids_1,10,33780,33870,read_write_magazine,8
15,vp15/run1_2018-05-30-13-05-35.ids_1,10,33870,33960,read_write_magazine,9
15,vp15/run1_2018-05-30-13-05-35.ids_1,10,33960,34050,read_write_magazine,10
15,vp15/run1_2018-05-30-13-05-35.ids_1,10,34050,34140,read_write_magazine,11
15,vp15/run1_2018-05-30-13-05-35.ids_1,10,34140,34230,read_write_magazine,12
15,vp15/run1_2018-05-30-13-05-35.ids_1,10,34230,34320,read_write_magazine,13
15,vp15/run1_2018-05-30-13-05-35.ids_1,10,34320,34410,read_write_magazine,14
15,vp15/run1_2018-05-30-13-05-35.ids_1,10,34410,34500,read_write_magazine,15
15,vp15/run1_2018-05-30-13-05-35.ids_1,10,34500,34590,read_write_magazine,16
15,vp15/run1_2018-05-30-13-05-35.ids_1,10,34590,34680,read_write_magazine,17
15,vp15/run1_2018-05-30-13-05-35.ids_1,10,34680,34770,read_write_magazine,18
15,vp15/run1_2018-05-30-13-05-35.ids_1,10,34770,34860,read_write_magazine,19
15,vp15/run1_2018-05-30-13-05-35.ids_1,10,34860,34950,read_write_magazine,20
15,vp15/run1_2018-05-30-13-05-35.ids_1,10,34950,35040,read_write_magazine,21
15,vp15/run1_2018-05-30-13-05-35.ids_1,10,35040,35130,read_write_magazine,22
15,vp15/run1_2018-05-30-13-05-35.ids_1,10,35130,35220,read_write_magazine,23
15,vp15/run1_2018-05-30-13-05-35.ids_1,10,35220,35310,read_write_magazine,24
15,vp15/run1_2018-05-30-13-05-35.ids_1,10,35310,35400,read_write_magazine,25
15,vp15/run1_2018-05-30-13-05-35.ids_1,10,35400,35409,read_write_magazine,26
15,vp15/run1_2018-05-30-13-05-35.ids_1,11,36180,36270,final_task,0
15,vp15/run1_2018-05-30-13-05-35.ids_1,11,36270,36360,final_task,1
15,vp15/run1_2018-05-30-13-05-35.ids_1,11,36360,36450,final_task,2
15,vp15/run1_2018-05-30-13-05-35.ids_1,11,36450,36540,final_task,3
15,vp15/run1_2018-05-30-13-05-35.ids_1,11,36540,36630,final_task,4
15,vp15/run1_2018-05-30-13-05-35.ids_1,11,36630,36720,final_task,5
15,vp15/run1_2018-05-30-13-05-35.ids_1,11,36720,36810,final_task,6
15,vp15/run1_2018-05-30-13-05-35.ids_1,11,36810,36900,final_task,7
15,vp15/run1_2018-05-30-13-05-35.ids_1,11,36900,36990,final_task,8
15,vp15/run1_2018-05-30-13-05-35.ids_1,11,36990,37080,final_task,9
15,vp15/run1_2018-05-30-13-05-35.ids_1,11,37080,37170,final_task,10
15,vp15/run1_2018-05-30-13-05-35.ids_1,11,37170,37260,final_task,11
15,vp15/run1_2018-05-30-13-05-35.ids_1,11,37260,37320,final_task,12
15,vp15/run2_2018-05-30-13-34-33.ids_1,0,0,90,fasten_seat_belt,0
15,vp15/run2_2018-05-30-13-34-33.ids_1,0,90,180,fasten_seat_belt,1
15,vp15/run2_2018-05-30-13-34-33.ids_1,0,180,270,fasten_seat_belt,2
15,vp15/run2_2018-05-30-13-34-33.ids_1,0,270,360,fasten_seat_belt,3
15,vp15/run2_2018-05-30-13-34-33.ids_1,0,360,450,fasten_seat_belt,4
15,vp15/run2_2018-05-30-13-34-33.ids_1,0,450,540,fasten_seat_belt,5
15,vp15/run2_2018-05-30-13-34-33.ids_1,0,540,630,fasten_seat_belt,6
15,vp15/run2_2018-05-30-13-34-33.ids_1,0,630,720,fasten_seat_belt,7
15,vp15/run2_2018-05-30-13-34-33.ids_1,0,720,810,fasten_seat_belt,8
15,vp15/run2_2018-05-30-13-34-33.ids_1,0,810,900,fasten_seat_belt,9
15,vp15/run2_2018-05-30-13-34-33.ids_1,0,900,990,fasten_seat_belt,10
15,vp15/run2_2018-05-30-13-34-33.ids_1,0,990,1080,fasten_seat_belt,11
15,vp15/run2_2018-05-30-13-34-33.ids_1,0,1080,1170,fasten_seat_belt,12
15,vp15/run2_2018-05-30-13-34-33.ids_1,0,1170,1260,fasten_seat_belt,13
15,vp15/run2_2018-05-30-13-34-33.ids_1,0,1260,1350,fasten_seat_belt,14
15,vp15/run2_2018-05-30-13-34-33.ids_1,0,1350,1419,fasten_seat_belt,15
15,vp15/run2_2018-05-30-13-34-33.ids_1,1,6810,6900,hand_over,0
15,vp15/run2_2018-05-30-13-34-33.ids_1,1,6900,6990,hand_over,1
15,vp15/run2_2018-05-30-13-34-33.ids_1,1,6990,7080,hand_over,2
15,vp15/run2_2018-05-30-13-34-33.ids_1,1,7080,7170,hand_over,3
15,vp15/run2_2018-05-30-13-34-33.ids_1,1,7170,7209,hand_over,4
15,vp15/run2_2018-05-30-13-34-33.ids_1,2,10230,10320,eat_drink,0
15,vp15/run2_2018-05-30-13-34-33.ids_1,2,10320,10410,eat_drink,1
15,vp15/run2_2018-05-30-13-34-33.ids_1,2,10410,10500,eat_drink,2
15,vp15/run2_2018-05-30-13-34-33.ids_1,2,10500,10590,eat_drink,3
15,vp15/run2_2018-05-30-13-34-33.ids_1,2,10590,10680,eat_drink,4
15,vp15/run2_2018-05-30-13-34-33.ids_1,2,10680,10770,eat_drink,5
15,vp15/run2_2018-05-30-13-34-33.ids_1,2,10770,10860,eat_drink,6
15,vp15/run2_2018-05-30-13-34-33.ids_1,2,10860,10950,eat_drink,7
15,vp15/run2_2018-05-30-13-34-33.ids_1,2,10950,11040,eat_drink,8
15,vp15/run2_2018-05-30-13-34-33.ids_1,2,11040,11130,eat_drink,9
15,vp15/run2_2018-05-30-13-34-33.ids_1,2,11130,11220,eat_drink,10
15,vp15/run2_2018-05-30-13-34-33.ids_1,2,11220,11310,eat_drink,11
15,vp15/run2_2018-05-30-13-34-33.ids_1,2,11310,11400,eat_drink,12
15,vp15/run2_2018-05-30-13-34-33.ids_1,2,11400,11490,eat_drink,13
15,vp15/run2_2018-05-30-13-34-33.ids_1,2,11490,11580,eat_drink,14
15,vp15/run2_2018-05-30-13-34-33.ids_1,2,11580,11670,eat_drink,15
15,vp15/run2_2018-05-30-13-34-33.ids_1,2,11670,11760,eat_drink,16
15,vp15/run2_2018-05-30-13-34-33.ids_1,2,11760,11850,eat_drink,17
15,vp15/run2_2018-05-30-13-34-33.ids_1,2,11850,11940,eat_drink,18
15,vp15/run2_2018-05-30-13-34-33.ids_1,2,11940,12030,eat_drink,19
15,vp15/run2_2018-05-30-13-34-33.ids_1,2,12030,12120,eat_drink,20
15,vp15/run2_2018-05-30-13-34-33.ids_1,2,12120,12210,eat_drink,21
15,vp15/run2_2018-05-30-13-34-33.ids_1,2,12210,12300,eat_drink,22
15,vp15/run2_2018-05-30-13-34-33.ids_1,2,12300,12390,eat_drink,23
15,vp15/run2_2018-05-30-13-34-33.ids_1,2,12390,12480,eat_drink,24
15,vp15/run2_2018-05-30-13-34-33.ids_1,2,12480,12570,eat_drink,25
15,vp15/run2_2018-05-30-13-34-33.ids_1,2,12570,12660,eat_drink,26
15,vp15/run2_2018-05-30-13-34-33.ids_1,2,12660,12750,eat_drink,27
15,vp15/run2_2018-05-30-13-34-33.ids_1,2,12750,12840,eat_drink,28
15,vp15/run2_2018-05-30-13-34-33.ids_1,2,12840,12930,eat_drink,29
15,vp15/run2_2018-05-30-13-34-33.ids_1,2,12930,12938,eat_drink,30
15,vp15/run2_2018-05-30-13-34-33.ids_1,3,13200,13290,work,0
15,vp15/run2_2018-05-30-13-34-33.ids_1,3,13290,13380,work,1
15,vp15/run2_2018-05-30-13-34-33.ids_1,3,13380,13470,work,2
15,vp15/run2_2018-05-30-13-34-33.ids_1,3,13470,13560,work,3
15,vp15/run2_2018-05-30-13-34-33.ids_1,3,13560,13650,work,4
15,vp15/run2_2018-05-30-13-34-33.ids_1,3,13650,13740,work,5
15,vp15/run2_2018-05-30-13-34-33.ids_1,3,13740,13830,work,6
15,vp15/run2_2018-05-30-13-34-33.ids_1,3,13830,13920,work,7
15,vp15/run2_2018-05-30-13-34-33.ids_1,3,13920,14010,work,8
15,vp15/run2_2018-05-30-13-34-33.ids_1,3,14010,14100,work,9
15,vp15/run2_2018-05-30-13-34-33.ids_1,3,14100,14190,work,10
15,vp15/run2_2018-05-30-13-34-33.ids_1,3,14190,14280,work,11
15,vp15/run2_2018-05-30-13-34-33.ids_1,3,14280,14370,work,12
15,vp15/run2_2018-05-30-13-34-33.ids_1,3,14370,14460,work,13
15,vp15/run2_2018-05-30-13-34-33.ids_1,3,14460,14550,work,14
15,vp15/run2_2018-05-30-13-34-33.ids_1,3,14550,14640,work,15
15,vp15/run2_2018-05-30-13-34-33.ids_1,3,14640,14730,work,16
15,vp15/run2_2018-05-30-13-34-33.ids_1,3,14730,14820,work,17
15,vp15/run2_2018-05-30-13-34-33.ids_1,3,14820,14910,work,18
15,vp15/run2_2018-05-30-13-34-33.ids_1,3,14910,15000,work,19
15,vp15/run2_2018-05-30-13-34-33.ids_1,3,15000,15090,work,20
15,vp15/run2_2018-05-30-13-34-33.ids_1,3,15090,15180,work,21
15,vp15/run2_2018-05-30-13-34-33.ids_1,3,15180,15270,work,22
15,vp15/run2_2018-05-30-13-34-33.ids_1,3,15270,15360,work,23
15,vp15/run2_2018-05-30-13-34-33.ids_1,3,15360,15368,work,24
15,vp15/run2_2018-05-30-13-34-33.ids_1,4,15570,15660,read_write_newspaper,0
15,vp15/run2_2018-05-30-13-34-33.ids_1,4,15660,15750,read_write_newspaper,1
15,vp15/run2_2018-05-30-13-34-33.ids_1,4,15750,15840,read_write_newspaper,2
15,vp15/run2_2018-05-30-13-34-33.ids_1,4,15840,15930,read_write_newspaper,3
15,vp15/run2_2018-05-30-13-34-33.ids_1,4,15930,16020,read_write_newspaper,4
15,vp15/run2_2018-05-30-13-34-33.ids_1,4,16020,16110,read_write_newspaper,5
15,vp15/run2_2018-05-30-13-34-33.ids_1,4,16110,16200,read_write_newspaper,6
15,vp15/run2_2018-05-30-13-34-33.ids_1,4,16200,16290,read_write_newspaper,7
15,vp15/run2_2018-05-30-13-34-33.ids_1,4,16290,16380,read_write_newspaper,8
15,vp15/run2_2018-05-30-13-34-33.ids_1,4,16380,16470,read_write_newspaper,9
15,vp15/run2_2018-05-30-13-34-33.ids_1,4,16470,16560,read_write_newspaper,10
15,vp15/run2_2018-05-30-13-34-33.ids_1,4,16560,16650,read_write_newspaper,11
15,vp15/run2_2018-05-30-13-34-33.ids_1,4,16650,16740,read_write_newspaper,12
15,vp15/run2_2018-05-30-13-34-33.ids_1,4,16740,16830,read_write_newspaper,13
15,vp15/run2_2018-05-30-13-34-33.ids_1,4,16830,16920,read_write_newspaper,14
15,vp15/run2_2018-05-30-13-34-33.ids_1,4,16920,17010,read_write_newspaper,15
15,vp15/run2_2018-05-30-13-34-33.ids_1,4,17010,17100,read_write_newspaper,16
15,vp15/run2_2018-05-30-13-34-33.ids_1,4,17100,17190,read_write_newspaper,17
15,vp15/run2_2018-05-30-13-34-33.ids_1,4,17190,17280,read_write_newspaper,18
15,vp15/run2_2018-05-30-13-34-33.ids_1,4,17280,17370,read_write_newspaper,19
15,vp15/run2_2018-05-30-13-34-33.ids_1,4,17370,17460,read_write_newspaper,20
15,vp15/run2_2018-05-30-13-34-33.ids_1,4,17460,17550,read_write_newspaper,21
15,vp15/run2_2018-05-30-13-34-33.ids_1,4,17550,17640,read_write_newspaper,22
15,vp15/run2_2018-05-30-13-34-33.ids_1,4,17640,17730,read_write_newspaper,23
15,vp15/run2_2018-05-30-13-34-33.ids_1,4,17730,17820,read_write_newspaper,24
15,vp15/run2_2018-05-30-13-34-33.ids_1,4,17820,17910,read_write_newspaper,25
15,vp15/run2_2018-05-30-13-34-33.ids_1,4,17910,18000,read_write_newspaper,26
15,vp15/run2_2018-05-30-13-34-33.ids_1,4,18000,18090,read_write_newspaper,27
15,vp15/run2_2018-05-30-13-34-33.ids_1,4,18090,18180,read_write_newspaper,28
15,vp15/run2_2018-05-30-13-34-33.ids_1,4,18180,18270,read_write_newspaper,29
15,vp15/run2_2018-05-30-13-34-33.ids_1,4,18270,18360,read_write_newspaper,30
15,vp15/run2_2018-05-30-13-34-33.ids_1,4,18360,18450,read_write_newspaper,31
15,vp15/run2_2018-05-30-13-34-33.ids_1,4,18450,18458,read_write_newspaper,32
15,vp15/run2_2018-05-30-13-34-33.ids_1,5,19620,19710,read_write_magazine,0
15,vp15/run2_2018-05-30-13-34-33.ids_1,5,19710,19800,read_write_magazine,1
15,vp15/run2_2018-05-30-13-34-33.ids_1,5,19800,19890,read_write_magazine,2
15,vp15/run2_2018-05-30-13-34-33.ids_1,5,19890,19980,read_write_magazine,3
15,vp15/run2_2018-05-30-13-34-33.ids_1,5,19980,20070,read_write_magazine,4
15,vp15/run2_2018-05-30-13-34-33.ids_1,5,20070,20160,read_write_magazine,5
15,vp15/run2_2018-05-30-13-34-33.ids_1,5,20160,20250,read_write_magazine,6
15,vp15/run2_2018-05-30-13-34-33.ids_1,5,20250,20340,read_write_magazine,7
15,vp15/run2_2018-05-30-13-34-33.ids_1,5,20340,20430,read_write_magazine,8
15,vp15/run2_2018-05-30-13-34-33.ids_1,5,20430,20520,read_write_magazine,9
15,vp15/run2_2018-05-30-13-34-33.ids_1,5,20520,20610,read_write_magazine,10
15,vp15/run2_2018-05-30-13-34-33.ids_1,5,20610,20700,read_write_magazine,11
15,vp15/run2_2018-05-30-13-34-33.ids_1,5,20700,20790,read_write_magazine,12
15,vp15/run2_2018-05-30-13-34-33.ids_1,5,20790,20880,read_write_magazine,13
15,vp15/run2_2018-05-30-13-34-33.ids_1,5,20880,20970,read_write_magazine,14
15,vp15/run2_2018-05-30-13-34-33.ids_1,5,20970,21060,read_write_magazine,15
15,vp15/run2_2018-05-30-13-34-33.ids_1,5,21060,21150,read_write_magazine,16
15,vp15/run2_2018-05-30-13-34-33.ids_1,5,21150,21240,read_write_magazine,17
15,vp15/run2_2018-05-30-13-34-33.ids_1,5,21240,21330,read_write_magazine,18
15,vp15/run2_2018-05-30-13-34-33.ids_1,5,21330,21420,read_write_magazine,19
15,vp15/run2_2018-05-30-13-34-33.ids_1,5,21420,21510,read_write_magazine,20
15,vp15/run2_2018-05-30-13-34-33.ids_1,5,21510,21600,read_write_magazine,21
15,vp15/run2_2018-05-30-13-34-33.ids_1,5,21600,21690,read_write_magazine,22
15,vp15/run2_2018-05-30-13-34-33.ids_1,5,21690,21780,read_write_magazine,23
15,vp15/run2_2018-05-30-13-34-33.ids_1,5,21780,21870,read_write_magazine,24
15,vp15/run2_2018-05-30-13-34-33.ids_1,5,21870,21960,read_write_magazine,25
15,vp15/run2_2018-05-30-13-34-33.ids_1,5,21960,22050,read_write_magazine,26
15,vp15/run2_2018-05-30-13-34-33.ids_1,5,22050,22140,read_write_magazine,27
15,vp15/run2_2018-05-30-13-34-33.ids_1,5,22140,22230,read_write_magazine,28
15,vp15/run2_2018-05-30-13-34-33.ids_1,5,22230,22320,read_write_magazine,29
15,vp15/run2_2018-05-30-13-34-33.ids_1,5,22320,22410,read_write_magazine,30
15,vp15/run2_2018-05-30-13-34-33.ids_1,5,22410,22500,read_write_magazine,31
15,vp15/run2_2018-05-30-13-34-33.ids_1,5,22500,22590,read_write_magazine,32
15,vp15/run2_2018-05-30-13-34-33.ids_1,5,22590,22680,read_write_magazine,33
15,vp15/run2_2018-05-30-13-34-33.ids_1,5,22680,22770,read_write_magazine,34
15,vp15/run2_2018-05-30-13-34-33.ids_1,5,22770,22860,read_write_magazine,35
15,vp15/run2_2018-05-30-13-34-33.ids_1,5,22860,22950,read_write_magazine,36
15,vp15/run2_2018-05-30-13-34-33.ids_1,5,22950,23040,read_write_magazine,37
15,vp15/run2_2018-05-30-13-34-33.ids_1,5,23040,23130,read_write_magazine,38
15,vp15/run2_2018-05-30-13-34-33.ids_1,5,23130,23220,read_write_magazine,39
15,vp15/run2_2018-05-30-13-34-33.ids_1,5,23220,23258,read_write_magazine,40
15,vp15/run2_2018-05-30-13-34-33.ids_1,6,24180,24270,put_on_sunglasses,0
15,vp15/run2_2018-05-30-13-34-33.ids_1,6,24270,24360,put_on_sunglasses,1
15,vp15/run2_2018-05-30-13-34-33.ids_1,6,24360,24450,put_on_sunglasses,2
15,vp15/run2_2018-05-30-13-34-33.ids_1,6,24450,24540,put_on_sunglasses,3
15,vp15/run2_2018-05-30-13-34-33.ids_1,6,24540,24630,put_on_sunglasses,4
15,vp15/run2_2018-05-30-13-34-33.ids_1,6,24630,24720,put_on_sunglasses,5
15,vp15/run2_2018-05-30-13-34-33.ids_1,6,24720,24810,put_on_sunglasses,6
15,vp15/run2_2018-05-30-13-34-33.ids_1,6,24810,24900,put_on_sunglasses,7
15,vp15/run2_2018-05-30-13-34-33.ids_1,6,24900,24938,put_on_sunglasses,8
15,vp15/run2_2018-05-30-13-34-33.ids_1,7,25830,25920,take_off_sunglasses,0
15,vp15/run2_2018-05-30-13-34-33.ids_1,7,25920,25928,take_off_sunglasses,1
15,vp15/run2_2018-05-30-13-34-33.ids_1,8,26670,26760,put_on_jacket,0
15,vp15/run2_2018-05-30-13-34-33.ids_1,8,26760,26850,put_on_jacket,1
15,vp15/run2_2018-05-30-13-34-33.ids_1,8,26850,26940,put_on_jacket,2
15,vp15/run2_2018-05-30-13-34-33.ids_1,8,26940,27030,put_on_jacket,3
15,vp15/run2_2018-05-30-13-34-33.ids_1,8,27030,27120,put_on_jacket,4
15,vp15/run2_2018-05-30-13-34-33.ids_1,8,27120,27210,put_on_jacket,5
15,vp15/run2_2018-05-30-13-34-33.ids_1,8,27210,27300,put_on_jacket,6
15,vp15/run2_2018-05-30-13-34-33.ids_1,8,27300,27390,put_on_jacket,7
15,vp15/run2_2018-05-30-13-34-33.ids_1,8,27390,27480,put_on_jacket,8
15,vp15/run2_2018-05-30-13-34-33.ids_1,8,27480,27570,put_on_jacket,9
15,vp15/run2_2018-05-30-13-34-33.ids_1,8,27570,27660,put_on_jacket,10
15,vp15/run2_2018-05-30-13-34-33.ids_1,8,27660,27728,put_on_jacket,11
15,vp15/run2_2018-05-30-13-34-33.ids_1,9,28200,28290,take_off_jacket,0
15,vp15/run2_2018-05-30-13-34-33.ids_1,9,28290,28380,take_off_jacket,1
15,vp15/run2_2018-05-30-13-34-33.ids_1,9,28380,28470,take_off_jacket,2
15,vp15/run2_2018-05-30-13-34-33.ids_1,9,28470,28560,take_off_jacket,3
15,vp15/run2_2018-05-30-13-34-33.ids_1,9,28560,28650,take_off_jacket,4
15,vp15/run2_2018-05-30-13-34-33.ids_1,9,28650,28740,take_off_jacket,5
15,vp15/run2_2018-05-30-13-34-33.ids_1,9,28740,28830,take_off_jacket,6
15,vp15/run2_2018-05-30-13-34-33.ids_1,9,28830,28920,take_off_jacket,7
15,vp15/run2_2018-05-30-13-34-33.ids_1,9,28920,28958,take_off_jacket,8
15,vp15/run2_2018-05-30-13-34-33.ids_1,10,29280,29370,watch_video,0
15,vp15/run2_2018-05-30-13-34-33.ids_1,10,29370,29460,watch_video,1
15,vp15/run2_2018-05-30-13-34-33.ids_1,10,29460,29550,watch_video,2
15,vp15/run2_2018-05-30-13-34-33.ids_1,10,29550,29640,watch_video,3
15,vp15/run2_2018-05-30-13-34-33.ids_1,10,29640,29730,watch_video,4
15,vp15/run2_2018-05-30-13-34-33.ids_1,10,29730,29820,watch_video,5
15,vp15/run2_2018-05-30-13-34-33.ids_1,10,29820,29910,watch_video,6
15,vp15/run2_2018-05-30-13-34-33.ids_1,10,29910,30000,watch_video,7
15,vp15/run2_2018-05-30-13-34-33.ids_1,10,30000,30090,watch_video,8
15,vp15/run2_2018-05-30-13-34-33.ids_1,10,30090,30180,watch_video,9
15,vp15/run2_2018-05-30-13-34-33.ids_1,10,30180,30270,watch_video,10
15,vp15/run2_2018-05-30-13-34-33.ids_1,10,30270,30360,watch_video,11
15,vp15/run2_2018-05-30-13-34-33.ids_1,10,30360,30450,watch_video,12
15,vp15/run2_2018-05-30-13-34-33.ids_1,10,30450,30540,watch_video,13
15,vp15/run2_2018-05-30-13-34-33.ids_1,10,30540,30630,watch_video,14
15,vp15/run2_2018-05-30-13-34-33.ids_1,10,30630,30720,watch_video,15
15,vp15/run2_2018-05-30-13-34-33.ids_1,10,30720,30810,watch_video,16
15,vp15/run2_2018-05-30-13-34-33.ids_1,10,30810,30900,watch_video,17
15,vp15/run2_2018-05-30-13-34-33.ids_1,10,30900,30990,watch_video,18
15,vp15/run2_2018-05-30-13-34-33.ids_1,10,30990,31080,watch_video,19
15,vp15/run2_2018-05-30-13-34-33.ids_1,10,31080,31170,watch_video,20
15,vp15/run2_2018-05-30-13-34-33.ids_1,10,31170,31260,watch_video,21
15,vp15/run2_2018-05-30-13-34-33.ids_1,10,31260,31350,watch_video,22
15,vp15/run2_2018-05-30-13-34-33.ids_1,10,31350,31440,watch_video,23
15,vp15/run2_2018-05-30-13-34-33.ids_1,10,31440,31530,watch_video,24
15,vp15/run2_2018-05-30-13-34-33.ids_1,10,31530,31620,watch_video,25
15,vp15/run2_2018-05-30-13-34-33.ids_1,10,31620,31710,watch_video,26
15,vp15/run2_2018-05-30-13-34-33.ids_1,10,31710,31800,watch_video,27
15,vp15/run2_2018-05-30-13-34-33.ids_1,10,31800,31890,watch_video,28
15,vp15/run2_2018-05-30-13-34-33.ids_1,10,31890,31980,watch_video,29
15,vp15/run2_2018-05-30-13-34-33.ids_1,10,31980,32070,watch_video,30
15,vp15/run2_2018-05-30-13-34-33.ids_1,10,32070,32160,watch_video,31
15,vp15/run2_2018-05-30-13-34-33.ids_1,10,32160,32250,watch_video,32
15,vp15/run2_2018-05-30-13-34-33.ids_1,10,32250,32340,watch_video,33
15,vp15/run2_2018-05-30-13-34-33.ids_1,10,32340,32430,watch_video,34
15,vp15/run2_2018-05-30-13-34-33.ids_1,10,32430,32520,watch_video,35
15,vp15/run2_2018-05-30-13-34-33.ids_1,10,32520,32610,watch_video,36
15,vp15/run2_2018-05-30-13-34-33.ids_1,10,32610,32700,watch_video,37
15,vp15/run2_2018-05-30-13-34-33.ids_1,10,32700,32790,watch_video,38
15,vp15/run2_2018-05-30-13-34-33.ids_1,10,32790,32880,watch_video,39
15,vp15/run2_2018-05-30-13-34-33.ids_1,10,32880,32970,watch_video,40
15,vp15/run2_2018-05-30-13-34-33.ids_1,10,32970,33060,watch_video,41
15,vp15/run2_2018-05-30-13-34-33.ids_1,10,33060,33150,watch_video,42
15,vp15/run2_2018-05-30-13-34-33.ids_1,10,33150,33240,watch_video,43
15,vp15/run2_2018-05-30-13-34-33.ids_1,10,33240,33330,watch_video,44
15,vp15/run2_2018-05-30-13-34-33.ids_1,10,33330,33420,watch_video,45
15,vp15/run2_2018-05-30-13-34-33.ids_1,10,33420,33510,watch_video,46
15,vp15/run2_2018-05-30-13-34-33.ids_1,10,33510,33600,watch_video,47
15,vp15/run2_2018-05-30-13-34-33.ids_1,10,33600,33690,watch_video,48
15,vp15/run2_2018-05-30-13-34-33.ids_1,10,33690,33780,watch_video,49
15,vp15/run2_2018-05-30-13-34-33.ids_1,10,33780,33870,watch_video,50
15,vp15/run2_2018-05-30-13-34-33.ids_1,10,33870,33960,watch_video,51
15,vp15/run2_2018-05-30-13-34-33.ids_1,10,33960,34050,watch_video,52
15,vp15/run2_2018-05-30-13-34-33.ids_1,10,34050,34140,watch_video,53
15,vp15/run2_2018-05-30-13-34-33.ids_1,10,34140,34230,watch_video,54
15,vp15/run2_2018-05-30-13-34-33.ids_1,10,34230,34320,watch_video,55
15,vp15/run2_2018-05-30-13-34-33.ids_1,10,34320,34410,watch_video,56
15,vp15/run2_2018-05-30-13-34-33.ids_1,10,34410,34500,watch_video,57
15,vp15/run2_2018-05-30-13-34-33.ids_1,10,34500,34590,watch_video,58
15,vp15/run2_2018-05-30-13-34-33.ids_1,10,34590,34680,watch_video,59
15,vp15/run2_2018-05-30-13-34-33.ids_1,10,34680,34770,watch_video,60
15,vp15/run2_2018-05-30-13-34-33.ids_1,10,34770,34860,watch_video,61
15,vp15/run2_2018-05-30-13-34-33.ids_1,10,34860,34950,watch_video,62
15,vp15/run2_2018-05-30-13-34-33.ids_1,10,34950,35040,watch_video,63
15,vp15/run2_2018-05-30-13-34-33.ids_1,10,35040,35130,watch_video,64
15,vp15/run2_2018-05-30-13-34-33.ids_1,10,35130,35220,watch_video,65
15,vp15/run2_2018-05-30-13-34-33.ids_1,10,35220,35310,watch_video,66
15,vp15/run2_2018-05-30-13-34-33.ids_1,10,35310,35400,watch_video,67
15,vp15/run2_2018-05-30-13-34-33.ids_1,10,35400,35490,watch_video,68
15,vp15/run2_2018-05-30-13-34-33.ids_1,10,35490,35580,watch_video,69
15,vp15/run2_2018-05-30-13-34-33.ids_1,10,35580,35670,watch_video,70
15,vp15/run2_2018-05-30-13-34-33.ids_1,10,35670,35760,watch_video,71
15,vp15/run2_2018-05-30-13-34-33.ids_1,10,35760,35850,watch_video,72
15,vp15/run2_2018-05-30-13-34-33.ids_1,10,35850,35940,watch_video,73
15,vp15/run2_2018-05-30-13-34-33.ids_1,10,35940,36030,watch_video,74
15,vp15/run2_2018-05-30-13-34-33.ids_1,10,36030,36120,watch_video,75
15,vp15/run2_2018-05-30-13-34-33.ids_1,10,36120,36210,watch_video,76
15,vp15/run2_2018-05-30-13-34-33.ids_1,10,36210,36300,watch_video,77
15,vp15/run2_2018-05-30-13-34-33.ids_1,10,36300,36390,watch_video,78
15,vp15/run2_2018-05-30-13-34-33.ids_1,10,36390,36480,watch_video,79
15,vp15/run2_2018-05-30-13-34-33.ids_1,10,36480,36570,watch_video,80
15,vp15/run2_2018-05-30-13-34-33.ids_1,10,36570,36660,watch_video,81
15,vp15/run2_2018-05-30-13-34-33.ids_1,10,36660,36750,watch_video,82
15,vp15/run2_2018-05-30-13-34-33.ids_1,10,36750,36840,watch_video,83
15,vp15/run2_2018-05-30-13-34-33.ids_1,10,36840,36930,watch_video,84
15,vp15/run2_2018-05-30-13-34-33.ids_1,10,36930,37020,watch_video,85
15,vp15/run2_2018-05-30-13-34-33.ids_1,10,37020,37110,watch_video,86
15,vp15/run2_2018-05-30-13-34-33.ids_1,10,37110,37200,watch_video,87
15,vp15/run2_2018-05-30-13-34-33.ids_1,10,37200,37290,watch_video,88
15,vp15/run2_2018-05-30-13-34-33.ids_1,10,37290,37380,watch_video,89
15,vp15/run2_2018-05-30-13-34-33.ids_1,10,37380,37470,watch_video,90
15,vp15/run2_2018-05-30-13-34-33.ids_1,10,37470,37560,watch_video,91
15,vp15/run2_2018-05-30-13-34-33.ids_1,10,37560,37650,watch_video,92
15,vp15/run2_2018-05-30-13-34-33.ids_1,10,37650,37659,watch_video,93
15,vp15/run2_2018-05-30-13-34-33.ids_1,11,38040,38130,final_task,0
15,vp15/run2_2018-05-30-13-34-33.ids_1,11,38130,38220,final_task,1
15,vp15/run2_2018-05-30-13-34-33.ids_1,11,38220,38310,final_task,2
15,vp15/run2_2018-05-30-13-34-33.ids_1,11,38310,38400,final_task,3
15,vp15/run2_2018-05-30-13-34-33.ids_1,11,38400,38490,final_task,4
15,vp15/run2_2018-05-30-13-34-33.ids_1,11,38490,38580,final_task,5
15,vp15/run2_2018-05-30-13-34-33.ids_1,11,38580,38670,final_task,6
15,vp15/run2_2018-05-30-13-34-33.ids_1,11,38670,38760,final_task,7
15,vp15/run2_2018-05-30-13-34-33.ids_1,11,38760,38850,final_task,8
15,vp15/run2_2018-05-30-13-34-33.ids_1,11,38850,38940,final_task,9
15,vp15/run2_2018-05-30-13-34-33.ids_1,11,38940,39000,final_task,10
