participant_id,file_id,annotation_id,frame_start,frame_end,activity,chunk_id
3,vp3/run1b_2018-05-08-08-46-01.ids_1,0,0,90,fasten_seat_belt,0
3,vp3/run1b_2018-05-08-08-46-01.ids_1,0,90,180,fasten_seat_belt,1
3,vp3/run1b_2018-05-08-08-46-01.ids_1,0,180,270,fasten_seat_belt,2
3,vp3/run1b_2018-05-08-08-46-01.ids_1,0,270,360,fasten_seat_belt,3
3,vp3/run1b_2018-05-08-08-46-01.ids_1,0,360,450,fasten_seat_belt,4
3,vp3/run1b_2018-05-08-08-46-01.ids_1,0,450,540,fasten_seat_belt,5
3,vp3/run1b_2018-05-08-08-46-01.ids_1,0,540,630,fasten_seat_belt,6
3,vp3/run1b_2018-05-08-08-46-01.ids_1,0,630,669,fasten_seat_belt,7
3,vp3/run1b_2018-05-08-08-46-01.ids_1,1,8790,8880,hand_over,0
3,vp3/run1b_2018-05-08-08-46-01.ids_1,1,8880,8948,hand_over,1
3,vp3/run1b_2018-05-08-08-46-01.ids_1,2,9480,9570,put_on_jacket,0
3,vp3/run1b_2018-05-08-08-46-01.ids_1,2,9570,9660,put_on_jacket,1
3,vp3/run1b_2018-05-08-08-46-01.ids_1,2,9660,9750,put_on_jacket,2
3,vp3/run1b_2018-05-08-08-46-01.ids_1,2,9750,9840,put_on_jacket,3
3,vp3/run1b_2018-05-08-08-46-01.ids_1,2,9840,9930,put_on_jacket,4
3,vp3/run1b_2018-05-08-08-46-01.ids_1,2,9930,10020,put_on_jacket,5
3,vp3/run1b_2018-05-08-08-46-01.ids_1,2,10020,10110,put_on_jacket,6
3,vp3/run1b_2018-05-08-08-46-01.ids_1,2,10110,10200,put_on_jacket,7
3,vp3/run1b_2018-05-08-08-46-01.ids_1,2,10200,10290,put_on_jacket,8
3,vp3/run1b_2018-05-08-08-46-01.ids_1,2,10290,10328,put_on_jacket,9
3,vp3/run1b_2018-05-08-08-46-01.ids_1,3,11700,11790,put_on_sunglasses,0
3,vp3/run1b_2018-05-08-08-46-01.ids_1,3,11790,11880,put_on_sunglasses,1
3,vp3/run1b_2018-05-08-08-46-01.ids_1,3,11880,11970,put_on_sunglasses,2
3,vp3/run1b_2018-05-08-08-46-01.ids_1,3,11970,12060,put_on_sunglasses,3
3,vp3/run1b_2018-05-08-08-46-01.ids_1,3,12060,12128,put_on_sunglasses,4
3,vp3/run1b_2018-05-08-08-46-01.ids_1,4,12330,12420,read_write_newspaper,0
3,vp3/run1b_2018-05-08-08-46-01.ids_1,4,12420,12510,read_write_newspaper,1
3,vp3/run1b_2018-05-08-08-46-01.ids_1,4,12510,12600,read_write_newspaper,2
3,vp3/run1b_2018-05-08-08-46-01.ids_1,4,12600,12690,read_write_newspaper,3
3,vp3/run1b_2018-05-08-08-46-01.ids_1,4,12690,12780,read_write_newspaper,4
3,vp3/run1b_2018-05-08-08-46-01.ids_1,4,12780,12870,read_write_newspaper,5
3,vp3/run1b_2018-05-08-08-46-01.ids_1,4,12870,12960,read_write_newspaper,6
3,vp3/run1b_2018-05-08-08-46-01.ids_1,4,12960,13050,read_write_newspaper,7
3,vp3/run1b_2018-05-08-08-46-01.ids_1,4,13050,13140,read_write_newspaper,8
3,vp3/run1b_2018-05-08-08-46-01.ids_1,4,13140,13230,read_write_newspaper,9
3,vp3/run1b_2018-05-08-08-46-01.ids_1,4,13230,13320,read_write_newspaper,10
3,vp3/run1b_2018-05-08-08-46-01.ids_1,4,13320,13410,read_write_newspaper,11
3,vp3/run1b_2018-05-08-08-46-01.ids_1,4,13410,13500,read_write_newspaper,12
3,vp3/run1b_2018-05-08-08-46-01.ids_1,4,13500,13590,read_write_newspaper,13
3,vp3/run1b_2018-05-08-08-46-01.ids_1,4,13590,13680,read_write_newspaper,14
3,vp3/run1b_2018-05-08-08-46-01.ids_1,4,13680,13770,read_write_newspaper,15
3,vp3/run1b_2018-05-08-08-46-01.ids_1,4,13770,13860,read_write_newspaper,16
3,vp3/run1b_2018-05-08-08-46-01.ids_1,4,13860,13950,read_write_newspaper,17
3,vp3/run1b_2018-05-08-08-46-01.ids_1,4,13950,14040,read_write_newspaper,18
3,vp3/run1b_2018-05-08-08-46-01.ids_1,4,14040,14130,read_write_newspaper,19
3,vp3/run1b_2018-05-08-08-46-01.ids_1,4,14130,14220,read_write_newspaper,20
3,vp3/run1b_2018-05-08-08-46-01.ids_1,4,14220,14310,read_write_newspaper,21
3,vp3/run1b_2018-05-08-08-46-01.ids_1,4,14310,14400,read_write_newspaper,22
3,vp3/run1b_2018-05-08-08-46-01.ids_1,4,14400,14490,read_write_newspaper,23
3,vp3/run1b_2018-05-08-08-46-01.ids_1,4,14490,14580,read_write_newspaper,24
3,vp3/run1b_2018-05-08-08-46-01.ids_1,4,14580,14670,read_write_newspaper,25
3,vp3/run1b_2018-05-08-08-46-01.ids_1,4,14670,14760,read_write_newspaper,26
3,vp3/run1b_2018-05-08-08-46-01.ids_1,4,14760,14850,read_write_newspaper,27
3,vp3/run1b_2018-05-08-08-46-01.ids_1,4,14850,14940,read_write_newspaper,28
3,vp3/run1b_2018-05-08-08-46-01.ids_1,4,14940,15030,read_write_newspaper,29
3,vp3/run1b_2018-05-08-08-46-01.ids_1,4,15030,15120,read_write_newspaper,30
3,vp3/run1b_2018-05-08-08-46-01.ids_1,4,15120,15210,read_write_newspaper,31
3,vp3/run1b_2018-05-08-08-46-01.ids_1,4,15210,15300,read_write_newspaper,32
3,vp3/run1b_2018-05-08-08-46-01.ids_1,4,15300,15390,read_write_newspaper,33
3,vp3/run1b_2018-05-08-08-46-01.ids_1,4,15390,15480,read_write_newspaper,34
3,vp3/run1b_2018-05-08-08-46-01.ids_1,4,15480,15570,read_write_newspaper,35
3,vp3/run1b_2018-05-08-08-46-01.ids_1,4,15570,15608,read_write_newspaper,36
3,vp3/run1b_2018-05-08-08-46-01.ids_1,5,17070,17160,work,0
3,vp3/run1b_2018-05-08-08-46-01.ids_1,5,17160,17250,work,1
3,vp3/run1b_2018-05-08-08-46-01.ids_1,5,17250,17340,work,2
3,vp3/run1b_2018-05-08-08-46-01.ids_1,5,17340,17430,work,3
3,vp3/run1b_2018-05-08-08-46-01.ids_1,5,17430,17520,work,4
3,vp3/run1b_2018-05-08-08-46-01.ids_1,5,17520,17610,work,5
3,vp3/run1b_2018-05-08-08-46-01.ids_1,5,17610,17700,work,6
3,vp3/run1b_2018-05-08-08-46-01.ids_1,5,17700,17790,work,7
3,vp3/run1b_2018-05-08-08-46-01.ids_1,5,17790,17880,work,8
3,vp3/run1b_2018-05-08-08-46-01.ids_1,5,17880,17970,work,9
3,vp3/run1b_2018-05-08-08-46-01.ids_1,5,17970,18060,work,10
3,vp3/run1b_2018-05-08-08-46-01.ids_1,5,18060,18150,work,11
3,vp3/run1b_2018-05-08-08-46-01.ids_1,5,18150,18240,work,12
3,vp3/run1b_2018-05-08-08-46-01.ids_1,5,18240,18330,work,13
3,vp3/run1b_2018-05-08-08-46-01.ids_1,5,18330,18420,work,14
3,vp3/run1b_2018-05-08-08-46-01.ids_1,5,18420,18510,work,15
3,vp3/run1b_2018-05-08-08-46-01.ids_1,5,18510,18600,work,16
3,vp3/run1b_2018-05-08-08-46-01.ids_1,5,18600,18690,work,17
3,vp3/run1b_2018-05-08-08-46-01.ids_1,5,18690,18780,work,18
3,vp3/run1b_2018-05-08-08-46-01.ids_1,5,18780,18870,work,19
3,vp3/run1b_2018-05-08-08-46-01.ids_1,5,18870,18960,work,20
3,vp3/run1b_2018-05-08-08-46-01.ids_1,5,18960,19050,work,21
3,vp3/run1b_2018-05-08-08-46-01.ids_1,5,19050,19140,work,22
3,vp3/run1b_2018-05-08-08-46-01.ids_1,5,19140,19230,work,23
3,vp3/run1b_2018-05-08-08-46-01.ids_1,5,19230,19320,work,24
3,vp3/run1b_2018-05-08-08-46-01.ids_1,5,19320,19410,work,25
3,vp3/run1b_2018-05-08-08-46-01.ids_1,5,19410,19500,work,26
3,vp3/run1b_2018-05-08-08-46-01.ids_1,5,19500,19508,work,27
3,vp3/run1b_2018-05-08-08-46-01.ids_1,6,20220,20310,take_off_jacket,0
3,vp3/run1b_2018-05-08-08-46-01.ids_1,6,20310,20400,take_off_jacket,1
3,vp3/run1b_2018-05-08-08-46-01.ids_1,6,20400,20490,take_off_jacket,2
3,vp3/run1b_2018-05-08-08-46-01.ids_1,6,20490,20580,take_off_jacket,3
3,vp3/run1b_2018-05-08-08-46-01.ids_1,6,20580,20670,take_off_jacket,4
3,vp3/run1b_2018-05-08-08-46-01.ids_1,6,20670,20760,take_off_jacket,5
3,vp3/run1b_2018-05-08-08-46-01.ids_1,6,20760,20768,take_off_jacket,6
3,vp3/run1b_2018-05-08-08-46-01.ids_1,7,21780,21870,take_off_sunglasses,0
3,vp3/run1b_2018-05-08-08-46-01.ids_1,7,21870,21960,take_off_sunglasses,1
3,vp3/run1b_2018-05-08-08-46-01.ids_1,7,21960,22050,take_off_sunglasses,2
3,vp3/run1b_2018-05-08-08-46-01.ids_1,7,22050,22140,take_off_sunglasses,3
3,vp3/run1b_2018-05-08-08-46-01.ids_1,7,22140,22230,take_off_sunglasses,4
3,vp3/run1b_2018-05-08-08-46-01.ids_1,7,22230,22320,take_off_sunglasses,5
3,vp3/run1b_2018-05-08-08-46-01.ids_1,7,22320,22410,take_off_sunglasses,6
3,vp3/run1b_2018-05-08-08-46-01.ids_1,7,22410,22500,take_off_sunglasses,7
3,vp3/run1b_2018-05-08-08-46-01.ids_1,7,22500,22590,take_off_sunglasses,8
3,vp3/run1b_2018-05-08-08-46-01.ids_1,7,22590,22680,take_off_sunglasses,9
3,vp3/run1b_2018-05-08-08-46-01.ids_1,7,22680,22770,take_off_sunglasses,10
3,vp3/run1b_2018-05-08-08-46-01.ids_1,7,22770,22860,take_off_sunglasses,11
3,vp3/run1b_2018-05-08-08-46-01.ids_1,7,22860,22950,take_off_sunglasses,12
3,vp3/run1b_2018-05-08-08-46-01.ids_1,7,22950,23040,take_off_sunglasses,13
3,vp3/run1b_2018-05-08-08-46-01.ids_1,7,23040,23130,take_off_sunglasses,14
3,vp3/run1b_2018-05-08-08-46-01.ids_1,7,23130,23220,take_off_sunglasses,15
3,vp3/run1b_2018-05-08-08-46-01.ids_1,7,23220,23310,take_off_sunglasses,16
3,vp3/run1b_2018-05-08-08-46-01.ids_1,7,23310,23400,take_off_sunglasses,17
3,vp3/run1b_2018-05-08-08-46-01.ids_1,7,23400,23490,take_off_sunglasses,18
3,vp3/run1b_2018-05-08-08-46-01.ids_1,7,23490,23580,take_off_sunglasses,19
3,vp3/run1b_2018-05-08-08-46-01.ids_1,7,23580,23670,take_off_sunglasses,20
3,vp3/run1b_2018-05-08-08-46-01.ids_1,7,23670,23760,take_off_sunglasses,21
3,vp3/run1b_2018-05-08-08-46-01.ids_1,7,23760,23798,take_off_sunglasses,22
3,vp3/run1b_2018-05-08-08-46-01.ids_1,8,24390,24480,read_write_magazine,0
3,vp3/run1b_2018-05-08-08-46-01.ids_1,8,24480,24570,read_write_magazine,1
3,vp3/run1b_2018-05-08-08-46-01.ids_1,8,24570,24660,read_write_magazine,2
3,vp3/run1b_2018-05-08-08-46-01.ids_1,8,24660,24750,read_write_magazine,3
3,vp3/run1b_2018-05-08-08-46-01.ids_1,8,24750,24840,read_write_magazine,4
3,vp3/run1b_2018-05-08-08-46-01.ids_1,8,24840,24930,read_write_magazine,5
3,vp3/run1b_2018-05-08-08-46-01.ids_1,8,24930,25020,read_write_magazine,6
3,vp3/run1b_2018-05-08-08-46-01.ids_1,8,25020,25110,read_write_magazine,7
3,vp3/run1b_2018-05-08-08-46-01.ids_1,8,25110,25200,read_write_magazine,8
3,vp3/run1b_2018-05-08-08-46-01.ids_1,8,25200,25290,read_write_magazine,9
3,vp3/run1b_2018-05-08-08-46-01.ids_1,8,25290,25380,read_write_magazine,10
3,vp3/run1b_2018-05-08-08-46-01.ids_1,8,25380,25470,read_write_magazine,11
3,vp3/run1b_2018-05-08-08-46-01.ids_1,8,25470,25560,read_write_magazine,12
3,vp3/run1b_2018-05-08-08-46-01.ids_1,8,25560,25650,read_write_magazine,13
3,vp3/run1b_2018-05-08-08-46-01.ids_1,8,25650,25740,read_write_magazine,14
3,vp3/run1b_2018-05-08-08-46-01.ids_1,8,25740,25830,read_write_magazine,15
3,vp3/run1b_2018-05-08-08-46-01.ids_1,8,25830,25920,read_write_magazine,16
3,vp3/run1b_2018-05-08-08-46-01.ids_1,8,25920,26010,read_write_magazine,17
3,vp3/run1b_2018-05-08-08-46-01.ids_1,8,26010,26100,read_write_magazine,18
3,vp3/run1b_2018-05-08-08-46-01.ids_1,8,26100,26190,read_write_magazine,19
3,vp3/run1b_2018-05-08-08-46-01.ids_1,8,26190,26280,read_write_magazine,20
3,vp3/run1b_2018-05-08-08-46-01.ids_1,8,26280,26370,read_write_magazine,21
3,vp3/run1b_2018-05-08-08-46-01.ids_1,8,26370,26460,read_write_magazine,22
3,vp3/run1b_2018-05-08-08-46-01.ids_1,8,26460,26550,read_write_magazine,23
3,vp3/run1b_2018-05-08-08-46-01.ids_1,8,26550,26640,read_write_magazine,24
3,vp3/run1b_2018-05-08-08-46-01.ids_1,8,26640,26730,read_write_magazine,25
3,vp3/run1b_2018-05-08-08-46-01.ids_1,8,26730,26768,read_write_magazine,26
3,vp3/run1b_2018-05-08-08-46-01.ids_1,9,29820,29910,watch_video,0
3,vp3/run1b_2018-05-08-08-46-01.ids_1,9,29910,30000,watch_video,1
3,vp3/run1b_2018-05-08-08-46-01.ids_1,9,30000,30090,watch_video,2
3,vp3/run1b_2018-05-08-08-46-01.ids_1,9,30090,30180,watch_video,3
3,vp3/run1b_2018-05-08-08-46-01.ids_1,9,30180,30270,watch_video,4
3,vp3/run1b_2018-05-08-08-46-01.ids_1,9,30270,30360,watch_video,5
3,vp3/run1b_2018-05-08-08-46-01.ids_1,9,30360,30450,watch_video,6
3,vp3/run1b_2018-05-08-08-46-01.ids_1,9,30450,30540,watch_video,7
3,vp3/run1b_2018-05-08-08-46-01.ids_1,9,30540,30630,watch_video,8
3,vp3/run1b_2018-05-08-08-46-01.ids_1,9,30630,30720,watch_video,9
3,vp3/run1b_2018-05-08-08-46-01.ids_1,9,30720,30810,watch_video,10
3,vp3/run1b_2018-05-08-08-46-01.ids_1,9,30810,30900,watch_video,11
3,vp3/run1b_2018-05-08-08-46-01.ids_1,9,30900,30990,watch_video,12
3,vp3/run1b_2018-05-08-08-46-01.ids_1,9,30990,31080,watch_video,13
3,vp3/run1b_2018-05-08-08-46-01.ids_1,9,31080,31170,watch_video,14
3,vp3/run1b_2018-05-08-08-46-01.ids_1,9,31170,31260,watch_video,15
3,vp3/run1b_2018-05-08-08-46-01.ids_1,9,31260,31350,watch_video,16
3,vp3/run1b_2018-05-08-08-46-01.ids_1,9,31350,31440,watch_video,17
3,vp3/run1b_2018-05-08-08-46-01.ids_1,9,31440,31530,watch_video,18
3,vp3/run1b_2018-05-08-08-46-01.ids_1,9,31530,31620,watch_video,19
3,vp3/run1b_2018-05-08-08-46-01.ids_1,9,31620,31710,watch_video,20
3,vp3/run1b_2018-05-08-08-46-01.ids_1,9,31710,31800,watch_video,21
3,vp3/run1b_2018-05-08-08-46-01.ids_1,9,31800,31890,watch_video,22
3,vp3/run1b_2018-05-08-08-46-01.ids_1,9,31890,31980,watch_video,23
3,vp3/run1b_2018-05-08-08-46-01.ids_1,9,31980,32070,watch_video,24
3,vp3/run1b_2018-05-08-08-46-01.ids_1,9,32070,32160,watch_video,25
3,vp3/run1b_2018-05-08-08-46-01.ids_1,9,32160,32250,watch_video,26
3,vp3/run1b_2018-05-08-08-46-01.ids_1,9,32250,32340,watch_video,27
3,vp3/run1b_2018-05-08-08-46-01.ids_1,9,32340,32430,watch_video,28
3,vp3/run1b_2018-05-08-08-46-01.ids_1,9,32430,32520,watch_video,29
3,vp3/run1b_2018-05-08-08-46-01.ids_1,9,32520,32610,watch_video,30
3,vp3/run1b_2018-05-08-08-46-01.ids_1,9,32610,32700,watch_video,31
3,vp3/run1b_2018-05-08-08-46-01.ids_1,9,32700,32790,watch_video,32
3,vp3/run1b_2018-05-08-08-46-01.ids_1,9,32790,32880,watch_video,33
3,vp3/run1b_2018-05-08-08-46-01.ids_1,9,32880,32970,watch_video,34
3,vp3/run1b_2018-05-08-08-46-01.ids_1,9,32970,33060,watch_video,35
3,vp3/run1b_2018-05-08-08-46-01.ids_1,9,33060,33150,watch_video,36
3,vp3/run1b_2018-05-08-08-46-01.ids_1,9,33150,33240,watch_video,37
3,vp3/run1b_2018-05-08-08-46-01.ids_1,9,33240,33330,watch_video,38
3,vp3/run1b_2018-05-08-08-46-01.ids_1,9,33330,33420,watch_video,39
3,vp3/run1b_2018-05-08-08-46-01.ids_1,9,33420,33510,watch_video,40
3,vp3/run1b_2018-05-08-08-46-01.ids_1,9,33510,33600,watch_video,41
3,vp3/run1b_2018-05-08-08-46-01.ids_1,9,33600,33690,watch_video,42
3,vp3/run1b_2018-05-08-08-46-01.ids_1,9,33690,33780,watch_video,43
3,vp3/run1b_2018-05-08-08-46-01.ids_1,9,33780,33870,watch_video,44
3,vp3/run1b_2018-05-08-08-46-01.ids_1,9,33870,33960,watch_video,45
3,vp3/run1b_2018-05-08-08-46-01.ids_1,9,33960,34050,watch_video,46
3,vp3/run1b_2018-05-08-08-46-01.ids_1,9,34050,34140,watch_video,47
3,vp3/run1b_2018-05-08-08-46-01.ids_1,9,34140,34230,watch_video,48
3,vp3/run1b_2018-05-08-08-46-01.ids_1,9,34230,34320,watch_video,49
3,vp3/run1b_2018-05-08-08-46-01.ids_1,9,34320,34410,watch_video,50
3,vp3/run1b_2018-05-08-08-46-01.ids_1,9,34410,34500,watch_video,51
3,vp3/run1b_2018-05-08-08-46-01.ids_1,9,34500,34590,watch_video,52
3,vp3/run1b_2018-05-08-08-46-01.ids_1,9,34590,34680,watch_video,53
3,vp3/run1b_2018-05-08-08-46-01.ids_1,9,34680,34770,watch_video,54
3,vp3/run1b_2018-05-08-08-46-01.ids_1,9,34770,34860,watch_video,55
3,vp3/run1b_2018-05-08-08-46-01.ids_1,9,34860,34950,watch_video,56
3,vp3/run1b_2018-05-08-08-46-01.ids_1,9,34950,35040,watch_video,57
3,vp3/run1b_2018-05-08-08-46-01.ids_1,9,35040,35130,watch_video,58
3,vp3/run1b_2018-05-08-08-46-01.ids_1,9,35130,35220,watch_video,59
3,vp3/run1b_2018-05-08-08-46-01.ids_1,9,35220,35310,watch_video,60
3,vp3/run1b_2018-05-08-08-46-01.ids_1,9,35310,35400,watch_video,61
3,vp3/run1b_2018-05-08-08-46-01.ids_1,9,35400,35490,watch_video,62
3,vp3/run1b_2018-05-08-08-46-01.ids_1,9,35490,35580,watch_video,63
3,vp3/run1b_2018-05-08-08-46-01.ids_1,9,35580,35670,watch_video,64
3,vp3/run1b_2018-05-08-08-46-01.ids_1,9,35670,35760,watch_video,65
3,vp3/run1b_2018-05-08-08-46-01.ids_1,9,35760,35850,watch_video,66
3,vp3/run1b_2018-05-08-08-46-01.ids_1,9,35850,35940,watch_video,67
3,vp3/run1b_2018-05-08-08-46-01.ids_1,9,35940,36030,watch_video,68
3,vp3/run1b_2018-05-08-08-46-01.ids_1,9,36030,36120,watch_video,69
3,vp3/run1b_2018-05-08-08-46-01.ids_1,9,36120,36210,watch_video,70
3,vp3/run1b_2018-05-08-08-46-01.ids_1,9,36210,36300,watch_video,71
3,vp3/run1b_2018-05-08-08-46-01.ids_1,9,36300,36390,watch_video,72
3,vp3/run1b_2018-05-08-08-46-01.ids_1,9,36390,36480,watch_video,73
3,vp3/run1b_2018-05-08-08-46-01.ids_1,9,36480,36570,watch_video,74
3,vp3/run1b_2018-05-08-08-46-01.ids_1,9,36570,36639,watch_video,75
3,vp3/run1b_2018-05-08-08-46-01.ids_1,10,37650,37740,eat_drink,0
3,vp3/run1b_2018-05-08-08-46-01.ids_1,10,37740,37830,eat_drink,1
3,vp3/run1b_2018-05-08-08-46-01.ids_1,10,37830,37920,eat_drink,2
3,vp3/run1b_2018-05-08-08-46-01.ids_1,10,37920,38010,eat_drink,3
3,vp3/run1b_2018-05-08-08-46-01.ids_1,10,38010,38100,eat_drink,4
3,vp3/run1b_2018-05-08-08-46-01.ids_1,10,38100,38190,eat_drink,5
3,vp3/run1b_2018-05-08-08-46-01.ids_1,10,38190,38280,eat_drink,6
3,vp3/run1b_2018-05-08-08-46-01.ids_1,10,38280,38289,eat_drink,7
3,vp3/run1b_2018-05-08-08-46-01.ids_1,11,39480,39570,final_task,0
3,vp3/run1b_2018-05-08-08-46-01.ids_1,11,39570,39660,final_task,1
3,vp3/run1b_2018-05-08-08-46-01.ids_1,11,39660,39750,final_task,2
3,vp3/run1b_2018-05-08-08-46-01.ids_1,11,39750,39840,final_task,3
3,vp3/run1b_2018-05-08-08-46-01.ids_1,11,39840,39930,final_task,4
3,vp3/run1b_2018-05-08-08-46-01.ids_1,11,39930,40020,final_task,5
3,vp3/run1b_2018-05-08-08-46-01.ids_1,11,40020,40110,final_task,6
3,vp3/run1b_2018-05-08-08-46-01.ids_1,11,40110,40140,final_task,7
3,vp3/run2_2018-05-29-16-03-37.ids_1,0,0,90,fasten_seat_belt,0
3,vp3/run2_2018-05-29-16-03-37.ids_1,0,90,180,fasten_seat_belt,1
3,vp3/run2_2018-05-29-16-03-37.ids_1,0,180,270,fasten_seat_belt,2
3,vp3/run2_2018-05-29-16-03-37.ids_1,0,270,360,fasten_seat_belt,3
3,vp3/run2_2018-05-29-16-03-37.ids_1,0,360,450,fasten_seat_belt,4
3,vp3/run2_2018-05-29-16-03-37.ids_1,0,450,459,fasten_seat_belt,5
3,vp3/run2_2018-05-29-16-03-37.ids_1,1,5880,5970,hand_over,0
3,vp3/run2_2018-05-29-16-03-37.ids_1,1,5970,6009,hand_over,1
3,vp3/run2_2018-05-29-16-03-37.ids_1,2,6600,6690,put_on_sunglasses,0
3,vp3/run2_2018-05-29-16-03-37.ids_1,2,6690,6780,put_on_sunglasses,1
3,vp3/run2_2018-05-29-16-03-37.ids_1,2,6780,6819,put_on_sunglasses,2
3,vp3/run2_2018-05-29-16-03-37.ids_1,3,7380,7470,watch_video,0
3,vp3/run2_2018-05-29-16-03-37.ids_1,3,7470,7560,watch_video,1
3,vp3/run2_2018-05-29-16-03-37.ids_1,3,7560,7650,watch_video,2
3,vp3/run2_2018-05-29-16-03-37.ids_1,3,7650,7740,watch_video,3
3,vp3/run2_2018-05-29-16-03-37.ids_1,3,7740,7830,watch_video,4
3,vp3/run2_2018-05-29-16-03-37.ids_1,3,7830,7920,watch_video,5
3,vp3/run2_2018-05-29-16-03-37.ids_1,3,7920,8010,watch_video,6
3,vp3/run2_2018-05-29-16-03-37.ids_1,3,8010,8100,watch_video,7
3,vp3/run2_2018-05-29-16-03-37.ids_1,3,8100,8190,watch_video,8
3,vp3/run2_2018-05-29-16-03-37.ids_1,3,8190,8280,watch_video,9
3,vp3/run2_2018-05-29-16-03-37.ids_1,3,8280,8370,watch_video,10
3,vp3/run2_2018-05-29-16-03-37.ids_1,3,8370,8460,watch_video,11
3,vp3/run2_2018-05-29-16-03-37.ids_1,3,8460,8550,watch_video,12
3,vp3/run2_2018-05-29-16-03-37.ids_1,3,8550,8640,watch_video,13
3,vp3/run2_2018-05-29-16-03-37.ids_1,3,8640,8730,watch_video,14
3,vp3/run2_2018-05-29-16-03-37.ids_1,3,8730,8820,watch_video,15
3,vp3/run2_2018-05-29-16-03-37.ids_1,3,8820,8910,watch_video,16
3,vp3/run2_2018-05-29-16-03-37.ids_1,3,8910,9000,watch_video,17
3,vp3/run2_2018-05-29-16-03-37.ids_1,3,9000,9090,watch_video,18
3,vp3/run2_2018-05-29-16-03-37.ids_1,3,9090,9180,watch_video,19
3,vp3/run2_2018-05-29-16-03-37.ids_1,3,9180,9270,watch_video,20
3,vp3/run2_2018-05-29-16-03-37.ids_1,3,9270,9360,watch_video,21
3,vp3/run2_2018-05-29-16-03-37.ids_1,3,9360,9450,watch_video,22
3,vp3/run2_2018-05-29-16-03-37.ids_1,3,9450,9540,watch_video,23
3,vp3/run2_2018-05-29-16-03-37.ids_1,3,9540,9630,watch_video,24
3,vp3/run2_2018-05-29-16-03-37.ids_1,3,9630,9720,watch_video,25
3,vp3/run2_2018-05-29-16-03-37.ids_1,3,9720,9810,watch_video,26
3,vp3/run2_2018-05-29-16-03-37.ids_1,3,9810,9900,watch_video,27
3,vp3/run2_2018-05-29-16-03-37.ids_1,3,9900,9990,watch_video,28
3,vp3/run2_2018-05-29-16-03-37.ids_1,3,9990,10080,watch_video,29
3,vp3/run2_2018-05-29-16-03-37.ids_1,3,10080,10170,watch_video,30
3,vp3/run2_2018-05-29-16-03-37.ids_1,3,10170,10260,watch_video,31
3,vp3/run2_2018-05-29-16-03-37.ids_1,3,10260,10350,watch_video,32
3,vp3/run2_2018-05-29-16-03-37.ids_1,3,10350,10440,watch_video,33
3,vp3/run2_2018-05-29-16-03-37.ids_1,3,10440,10530,watch_video,34
3,vp3/run2_2018-05-29-16-03-37.ids_1,3,10530,10620,watch_video,35
3,vp3/run2_2018-05-29-16-03-37.ids_1,3,10620,10710,watch_video,36
3,vp3/run2_2018-05-29-16-03-37.ids_1,3,10710,10800,watch_video,37
3,vp3/run2_2018-05-29-16-03-37.ids_1,3,10800,10890,watch_video,38
3,vp3/run2_2018-05-29-16-03-37.ids_1,3,10890,10980,watch_video,39
3,vp3/run2_2018-05-29-16-03-37.ids_1,3,10980,11070,watch_video,40
3,vp3/run2_2018-05-29-16-03-37.ids_1,3,11070,11160,watch_video,41
3,vp3/run2_2018-05-29-16-03-37.ids_1,3,11160,11250,watch_video,42
3,vp3/run2_2018-05-29-16-03-37.ids_1,3,11250,11340,watch_video,43
3,vp3/run2_2018-05-29-16-03-37.ids_1,3,11340,11430,watch_video,44
3,vp3/run2_2018-05-29-16-03-37.ids_1,3,11430,11520,watch_video,45
3,vp3/run2_2018-05-29-16-03-37.ids_1,3,11520,11610,watch_video,46
3,vp3/run2_2018-05-29-16-03-37.ids_1,3,11610,11700,watch_video,47
3,vp3/run2_2018-05-29-16-03-37.ids_1,3,11700,11790,watch_video,48
3,vp3/run2_2018-05-29-16-03-37.ids_1,3,11790,11880,watch_video,49
3,vp3/run2_2018-05-29-16-03-37.ids_1,3,11880,11970,watch_video,50
3,vp3/run2_2018-05-29-16-03-37.ids_1,3,11970,12060,watch_video,51
3,vp3/run2_2018-05-29-16-03-37.ids_1,3,12060,12150,watch_video,52
3,vp3/run2_2018-05-29-16-03-37.ids_1,3,12150,12240,watch_video,53
3,vp3/run2_2018-05-29-16-03-37.ids_1,3,12240,12330,watch_video,54
3,vp3/run2_2018-05-29-16-03-37.ids_1,3,12330,12420,watch_video,55
3,vp3/run2_2018-05-29-16-03-37.ids_1,3,12420,12510,watch_video,56
3,vp3/run2_2018-05-29-16-03-37.ids_1,3,12510,12600,watch_video,57
3,vp3/run2_2018-05-29-16-03-37.ids_1,3,12600,12690,watch_video,58
3,vp3/run2_2018-05-29-16-03-37.ids_1,3,12690,12780,watch_video,59
3,vp3/run2_2018-05-29-16-03-37.ids_1,3,12780,12870,watch_video,60
3,vp3/run2_2018-05-29-16-03-37.ids_1,3,12870,12938,watch_video,61
3,vp3/run2_2018-05-29-16-03-37.ids_1,4,13170,13260,put_on_jacket,0
3,vp3/run2_2018-05-29-16-03-37.ids_1,4,13260,13350,put_on_jacket,1
3,vp3/run2_2018-05-29-16-03-37.ids_1,4,13350,13440,put_on_jacket,2
3,vp3/run2_2018-05-29-16-03-37.ids_1,4,13440,13530,put_on_jacket,3
3,vp3/run2_2018-05-29-16-03-37.ids_1,4,13530,13620,put_on_jacket,4
3,vp3/run2_2018-05-29-16-03-37.ids_1,4,13620,13710,put_on_jacket,5
3,vp3/run2_2018-05-29-16-03-37.ids_1,4,13710,13800,put_on_jacket,6
3,vp3/run2_2018-05-29-16-03-37.ids_1,4,13800,13890,put_on_jacket,7
3,vp3/run2_2018-05-29-16-03-37.ids_1,4,13890,13980,put_on_jacket,8
3,vp3/run2_2018-05-29-16-03-37.ids_1,4,13980,14070,put_on_jacket,9
3,vp3/run2_2018-05-29-16-03-37.ids_1,4,14070,14108,put_on_jacket,10
3,vp3/run2_2018-05-29-16-03-37.ids_1,5,15090,15180,work,0
3,vp3/run2_2018-05-29-16-03-37.ids_1,5,15180,15270,work,1
3,vp3/run2_2018-05-29-16-03-37.ids_1,5,15270,15360,work,2
3,vp3/run2_2018-05-29-16-03-37.ids_1,5,15360,15450,work,3
3,vp3/run2_2018-05-29-16-03-37.ids_1,5,15450,15540,work,4
3,vp3/run2_2018-05-29-16-03-37.ids_1,5,15540,15630,work,5
3,vp3/run2_2018-05-29-16-03-37.ids_1,5,15630,15720,work,6
3,vp3/run2_2018-05-29-16-03-37.ids_1,5,15720,15810,work,7
3,vp3/run2_2018-05-29-16-03-37.ids_1,5,15810,15900,work,8
3,vp3/run2_2018-05-29-16-03-37.ids_1,5,15900,15990,work,9
3,vp3/run2_2018-05-29-16-03-37.ids_1,5,15990,16080,work,10
3,vp3/run2_2018-05-29-16-03-37.ids_1,5,16080,16170,work,11
3,vp3/run2_2018-05-29-16-03-37.ids_1,5,16170,16260,work,12
3,vp3/run2_2018-05-29-16-03-37.ids_1,5,16260,16350,work,13
3,vp3/run2_2018-05-29-16-03-37.ids_1,5,16350,16440,work,14
3,vp3/run2_2018-05-29-16-03-37.ids_1,5,16440,16530,work,15
3,vp3/run2_2018-05-29-16-03-37.ids_1,5,16530,16620,work,16
3,vp3/run2_2018-05-29-16-03-37.ids_1,5,16620,16710,work,17
3,vp3/run2_2018-05-29-16-03-37.ids_1,5,16710,16800,work,18
3,vp3/run2_2018-05-29-16-03-37.ids_1,5,16800,16868,work,19
3,vp3/run2_2018-05-29-16-03-37.ids_1,6,17490,17580,take_off_sunglasses,0
3,vp3/run2_2018-05-29-16-03-37.ids_1,6,17580,17670,take_off_sunglasses,1
3,vp3/run2_2018-05-29-16-03-37.ids_1,6,17670,17738,take_off_sunglasses,2
3,vp3/run2_2018-05-29-16-03-37.ids_1,7,20760,20850,read_write_newspaper,0
3,vp3/run2_2018-05-29-16-03-37.ids_1,7,20850,20940,read_write_newspaper,1
3,vp3/run2_2018-05-29-16-03-37.ids_1,7,20940,21030,read_write_newspaper,2
3,vp3/run2_2018-05-29-16-03-37.ids_1,7,21030,21120,read_write_newspaper,3
3,vp3/run2_2018-05-29-16-03-37.ids_1,7,21120,21210,read_write_newspaper,4
3,vp3/run2_2018-05-29-16-03-37.ids_1,7,21210,21300,read_write_newspaper,5
3,vp3/run2_2018-05-29-16-03-37.ids_1,7,21300,21390,read_write_newspaper,6
3,vp3/run2_2018-05-29-16-03-37.ids_1,7,21390,21480,read_write_newspaper,7
3,vp3/run2_2018-05-29-16-03-37.ids_1,7,21480,21570,read_write_newspaper,8
3,vp3/run2_2018-05-29-16-03-37.ids_1,7,21570,21660,read_write_newspaper,9
3,vp3/run2_2018-05-29-16-03-37.ids_1,7,21660,21750,read_write_newspaper,10
3,vp3/run2_2018-05-29-16-03-37.ids_1,7,21750,21840,read_write_newspaper,11
3,vp3/run2_2018-05-29-16-03-37.ids_1,7,21840,21930,read_write_newspaper,12
3,vp3/run2_2018-05-29-16-03-37.ids_1,7,21930,22020,read_write_newspaper,13
3,vp3/run2_2018-05-29-16-03-37.ids_1,7,22020,22110,read_write_newspaper,14
3,vp3/run2_2018-05-29-16-03-37.ids_1,7,22110,22200,read_write_newspaper,15
3,vp3/run2_2018-05-29-16-03-37.ids_1,7,22200,22290,read_write_newspaper,16
3,vp3/run2_2018-05-29-16-03-37.ids_1,7,22290,22380,read_write_newspaper,17
3,vp3/run2_2018-05-29-16-03-37.ids_1,7,22380,22470,read_write_newspaper,18
3,vp3/run2_2018-05-29-16-03-37.ids_1,7,22470,22560,read_write_newspaper,19
3,vp3/run2_2018-05-29-16-03-37.ids_1,7,22560,22650,read_write_newspaper,20
3,vp3/run2_2018-05-29-16-03-37.ids_1,7,22650,22740,read_write_newspaper,21
3,vp3/run2_2018-05-29-16-03-37.ids_1,7,22740,22830,read_write_newspaper,22
3,vp3/run2_2018-05-29-16-03-37.ids_1,7,22830,22920,read_write_newspaper,23
3,vp3/run2_2018-05-29-16-03-37.ids_1,7,22920,23010,read_write_newspaper,24
3,vp3/run2_2018-05-29-16-03-37.ids_1,7,23010,23100,read_write_newspaper,25
3,vp3/run2_2018-05-29-16-03-37.ids_1,7,23100,23190,read_write_newspaper,26
3,vp3/run2_2018-05-29-16-03-37.ids_1,7,23190,23280,read_write_newspaper,27
3,vp3/run2_2018-05-29-16-03-37.ids_1,7,23280,23370,read_write_newspaper,28
3,vp3/run2_2018-05-29-16-03-37.ids_1,7,23370,23460,read_write_newspaper,29
3,vp3/run2_2018-05-29-16-03-37.ids_1,7,23460,23550,read_write_newspaper,30
3,vp3/run2_2018-05-29-16-03-37.ids_1,7,23550,23640,read_write_newspaper,31
3,vp3/run2_2018-05-29-16-03-37.ids_1,7,23640,23708,read_write_newspaper,32
3,vp3/run2_2018-05-29-16-03-37.ids_1,8,24060,24150,read_write_magazine,0
3,vp3/run2_2018-05-29-16-03-37.ids_1,8,24150,24240,read_write_magazine,1
3,vp3/run2_2018-05-29-16-03-37.ids_1,8,24240,24330,read_write_magazine,2
3,vp3/run2_2018-05-29-16-03-37.ids_1,8,24330,24420,read_write_magazine,3
3,vp3/run2_2018-05-29-16-03-37.ids_1,8,24420,24510,read_write_magazine,4
3,vp3/run2_2018-05-29-16-03-37.ids_1,8,24510,24600,read_write_magazine,5
3,vp3/run2_2018-05-29-16-03-37.ids_1,8,24600,24690,read_write_magazine,6
3,vp3/run2_2018-05-29-16-03-37.ids_1,8,24690,24780,read_write_magazine,7
3,vp3/run2_2018-05-29-16-03-37.ids_1,8,24780,24870,read_write_magazine,8
3,vp3/run2_2018-05-29-16-03-37.ids_1,8,24870,24960,read_write_magazine,9
3,vp3/run2_2018-05-29-16-03-37.ids_1,8,24960,25050,read_write_magazine,10
3,vp3/run2_2018-05-29-16-03-37.ids_1,8,25050,25140,read_write_magazine,11
3,vp3/run2_2018-05-29-16-03-37.ids_1,8,25140,25230,read_write_magazine,12
3,vp3/run2_2018-05-29-16-03-37.ids_1,8,25230,25320,read_write_magazine,13
3,vp3/run2_2018-05-29-16-03-37.ids_1,8,25320,25410,read_write_magazine,14
3,vp3/run2_2018-05-29-16-03-37.ids_1,8,25410,25500,read_write_magazine,15
3,vp3/run2_2018-05-29-16-03-37.ids_1,8,25500,25590,read_write_magazine,16
3,vp3/run2_2018-05-29-16-03-37.ids_1,8,25590,25680,read_write_magazine,17
3,vp3/run2_2018-05-29-16-03-37.ids_1,8,25680,25770,read_write_magazine,18
3,vp3/run2_2018-05-29-16-03-37.ids_1,8,25770,25860,read_write_magazine,19
3,vp3/run2_2018-05-29-16-03-37.ids_1,8,25860,25950,read_write_magazine,20
3,vp3/run2_2018-05-29-16-03-37.ids_1,8,25950,26040,read_write_magazine,21
3,vp3/run2_2018-05-29-16-03-37.ids_1,8,26040,26130,read_write_magazine,22
3,vp3/run2_2018-05-29-16-03-37.ids_1,8,26130,26220,read_write_magazine,23
3,vp3/run2_2018-05-29-16-03-37.ids_1,8,26220,26310,read_write_magazine,24
3,vp3/run2_2018-05-29-16-03-37.ids_1,8,26310,26400,read_write_magazine,25
3,vp3/run2_2018-05-29-16-03-37.ids_1,8,26400,26490,read_write_magazine,26
3,vp3/run2_2018-05-29-16-03-37.ids_1,8,26490,26580,read_write_magazine,27
3,vp3/run2_2018-05-29-16-03-37.ids_1,8,26580,26670,read_write_magazine,28
3,vp3/run2_2018-05-29-16-03-37.ids_1,8,26670,26760,read_write_magazine,29
3,vp3/run2_2018-05-29-16-03-37.ids_1,8,26760,26850,read_write_magazine,30
3,vp3/run2_2018-05-29-16-03-37.ids_1,8,26850,26940,read_write_magazine,31
3,vp3/run2_2018-05-29-16-03-37.ids_1,8,26940,27030,read_write_magazine,32
3,vp3/run2_2018-05-29-16-03-37.ids_1,8,27030,27120,read_write_magazine,33
3,vp3/run2_2018-05-29-16-03-37.ids_1,8,27120,27210,read_write_magazine,34
3,vp3/run2_2018-05-29-16-03-37.ids_1,8,27210,27300,read_write_magazine,35
3,vp3/run2_2018-05-29-16-03-37.ids_1,8,27300,27390,read_write_magazine,36
3,vp3/run2_2018-05-29-16-03-37.ids_1,8,27390,27428,read_write_magazine,37
3,vp3/run2_2018-05-29-16-03-37.ids_1,9,28290,28380,take_off_jacket,0
3,vp3/run2_2018-05-29-16-03-37.ids_1,9,28380,28470,take_off_jacket,1
3,vp3/run2_2018-05-29-16-03-37.ids_1,9,28470,28560,take_off_jacket,2
3,vp3/run2_2018-05-29-16-03-37.ids_1,9,28560,28650,take_off_jacket,3
3,vp3/run2_2018-05-29-16-03-37.ids_1,9,28650,28658,take_off_jacket,4
3,vp3/run2_2018-05-29-16-03-37.ids_1,10,29460,29550,eat_drink,0
3,vp3/run2_2018-05-29-16-03-37.ids_1,10,29550,29640,eat_drink,1
3,vp3/run2_2018-05-29-16-03-37.ids_1,10,29640,29730,eat_drink,2
3,vp3/run2_2018-05-29-16-03-37.ids_1,10,29730,29820,eat_drink,3
3,vp3/run2_2018-05-29-16-03-37.ids_1,10,29820,29910,eat_drink,4
3,vp3/run2_2018-05-29-16-03-37.ids_1,10,29910,30000,eat_drink,5
3,vp3/run2_2018-05-29-16-03-37.ids_1,10,30000,30090,eat_drink,6
3,vp3/run2_2018-05-29-16-03-37.ids_1,10,30090,30180,eat_drink,7
3,vp3/run2_2018-05-29-16-03-37.ids_1,10,30180,30270,eat_drink,8
3,vp3/run2_2018-05-29-16-03-37.ids_1,10,30270,30360,eat_drink,9
3,vp3/run2_2018-05-29-16-03-37.ids_1,10,30360,30450,eat_drink,10
3,vp3/run2_2018-05-29-16-03-37.ids_1,10,30450,30540,eat_drink,11
3,vp3/run2_2018-05-29-16-03-37.ids_1,10,30540,30630,eat_drink,12
3,vp3/run2_2018-05-29-16-03-37.ids_1,10,30630,30720,eat_drink,13
3,vp3/run2_2018-05-29-16-03-37.ids_1,10,30720,30810,eat_drink,14
3,vp3/run2_2018-05-29-16-03-37.ids_1,10,30810,30900,eat_drink,15
3,vp3/run2_2018-05-29-16-03-37.ids_1,10,30900,30990,eat_drink,16
3,vp3/run2_2018-05-29-16-03-37.ids_1,10,30990,31080,eat_drink,17
3,vp3/run2_2018-05-29-16-03-37.ids_1,10,31080,31170,eat_drink,18
3,vp3/run2_2018-05-29-16-03-37.ids_1,10,31170,31260,eat_drink,19
3,vp3/run2_2018-05-29-16-03-37.ids_1,10,31260,31350,eat_drink,20
3,vp3/run2_2018-05-29-16-03-37.ids_1,10,31350,31389,eat_drink,21
3,vp3/run2_2018-05-29-16-03-37.ids_1,11,31830,31920,final_task,0
3,vp3/run2_2018-05-29-16-03-37.ids_1,11,31920,32010,final_task,1
3,vp3/run2_2018-05-29-16-03-37.ids_1,11,32010,32100,final_task,2
3,vp3/run2_2018-05-29-16-03-37.ids_1,11,32100,32190,final_task,3
3,vp3/run2_2018-05-29-16-03-37.ids_1,11,32190,32280,final_task,4
3,vp3/run2_2018-05-29-16-03-37.ids_1,11,32280,32370,final_task,5
3,vp3/run2_2018-05-29-16-03-37.ids_1,11,32370,32430,final_task,6
5,vp5/run1_2018-05-22-15-10-41.ids_1,0,0,90,fasten_seat_belt,0
5,vp5/run1_2018-05-22-15-10-41.ids_1,0,90,180,fasten_seat_belt,1
5,vp5/run1_2018-05-22-15-10-41.ids_1,0,180,270,fasten_seat_belt,2
5,vp5/run1_2018-05-22-15-10-41.ids_1,0,270,360,fasten_seat_belt,3
5,vp5/run1_2018-05-22-15-10-41.ids_1,0,360,450,fasten_seat_belt,4
5,vp5/run1_2018-05-22-15-10-41.ids_1,0,450,540,fasten_seat_belt,5
5,vp5/run1_2018-05-22-15-10-41.ids_1,0,540,630,fasten_seat_belt,6
5,vp5/run1_2018-05-22-15-10-41.ids_1,0,630,720,fasten_seat_belt,7
5,vp5/run1_2018-05-22-15-10-41.ids_1,0,720,810,fasten_seat_belt,8
5,vp5/run1_2018-05-22-15-10-41.ids_1,0,810,900,fasten_seat_belt,9
5,vp5/run1_2018-05-22-15-10-41.ids_1,0,900,990,fasten_seat_belt,10
5,vp5/run1_2018-05-22-15-10-41.ids_1,0,990,1080,fasten_seat_belt,11
5,vp5/run1_2018-05-22-15-10-41.ids_1,0,1080,1170,fasten_seat_belt,12
5,vp5/run1_2018-05-22-15-10-41.ids_1,0,1170,1260,fasten_seat_belt,13
5,vp5/run1_2018-05-22-15-10-41.ids_1,0,1260,1350,fasten_seat_belt,14
5,vp5/run1_2018-05-22-15-10-41.ids_1,0,1350,1440,fasten_seat_belt,15
5,vp5/run1_2018-05-22-15-10-41.ids_1,0,1440,1530,fasten_seat_belt,16
5,vp5/run1_2018-05-22-15-10-41.ids_1,0,1530,1620,fasten_seat_belt,17
5,vp5/run1_2018-05-22-15-10-41.ids_1,0,1620,1710,fasten_seat_belt,18
5,vp5/run1_2018-05-22-15-10-41.ids_1,0,1710,1800,fasten_seat_belt,19
5,vp5/run1_2018-05-22-15-10-41.ids_1,0,1800,1890,fasten_seat_belt,20
5,vp5/run1_2018-05-22-15-10-41.ids_1,0,1890,1980,fasten_seat_belt,21
5,vp5/run1_2018-05-22-15-10-41.ids_1,0,1980,2070,fasten_seat_belt,22
5,vp5/run1_2018-05-22-15-10-41.ids_1,0,2070,2160,fasten_seat_belt,23
5,vp5/run1_2018-05-22-15-10-41.ids_1,0,2160,2229,fasten_seat_belt,24
5,vp5/run1_2018-05-22-15-10-41.ids_1,1,10320,10410,hand_over,0
5,vp5/run1_2018-05-22-15-10-41.ids_1,1,10410,10500,hand_over,1
5,vp5/run1_2018-05-22-15-10-41.ids_1,1,10500,10590,hand_over,2
5,vp5/run1_2018-05-22-15-10-41.ids_1,1,10590,10658,hand_over,3
5,vp5/run1_2018-05-22-15-10-41.ids_1,2,10980,11070,work,0
5,vp5/run1_2018-05-22-15-10-41.ids_1,2,11070,11160,work,1
5,vp5/run1_2018-05-22-15-10-41.ids_1,2,11160,11250,work,2
5,vp5/run1_2018-05-22-15-10-41.ids_1,2,11250,11340,work,3
5,vp5/run1_2018-05-22-15-10-41.ids_1,2,11340,11430,work,4
5,vp5/run1_2018-05-22-15-10-41.ids_1,2,11430,11520,work,5
5,vp5/run1_2018-05-22-15-10-41.ids_1,2,11520,11610,work,6
5,vp5/run1_2018-05-22-15-10-41.ids_1,2,11610,11700,work,7
5,vp5/run1_2018-05-22-15-10-41.ids_1,2,11700,11790,work,8
5,vp5/run1_2018-05-22-15-10-41.ids_1,2,11790,11880,work,9
5,vp5/run1_2018-05-22-15-10-41.ids_1,2,11880,11970,work,10
5,vp5/run1_2018-05-22-15-10-41.ids_1,2,11970,12060,work,11
5,vp5/run1_2018-05-22-15-10-41.ids_1,2,12060,12150,work,12
5,vp5/run1_2018-05-22-15-10-41.ids_1,2,12150,12240,work,13
5,vp5/run1_2018-05-22-15-10-41.ids_1,2,12240,12330,work,14
5,vp5/run1_2018-05-22-15-10-41.ids_1,2,12330,12420,work,15
5,vp5/run1_2018-05-22-15-10-41.ids_1,2,12420,12510,work,16
5,vp5/run1_2018-05-22-15-10-41.ids_1,2,12510,12600,work,17
5,vp5/run1_2018-05-22-15-10-41.ids_1,2,12600,12690,work,18
5,vp5/run1_2018-05-22-15-10-41.ids_1,2,12690,12780,work,19
5,vp5/run1_2018-05-22-15-10-41.ids_1,2,12780,12870,work,20
5,vp5/run1_2018-05-22-15-10-41.ids_1,2,12870,12960,work,21
5,vp5/run1_2018-05-22-15-10-41.ids_1,2,12960,13050,work,22
5,vp5/run1_2018-05-22-15-10-41.ids_1,2,13050,13140,work,23
5,vp5/run1_2018-05-22-15-10-41.ids_1,2,13140,13230,work,24
5,vp5/run1_2018-05-22-15-10-41.ids_1,2,13230,13320,work,25
5,vp5/run1_2018-05-22-15-10-41.ids_1,2,13320,13410,work,26
5,vp5/run1_2018-05-22-15-10-41.ids_1,2,13410,13500,work,27
5,vp5/run1_2018-05-22-15-10-41.ids_1,2,13500,13590,work,28
5,vp5/run1_2018-05-22-15-10-41.ids_1,2,13590,13680,work,29
5,vp5/run1_2018-05-22-15-10-41.ids_1,2,13680,13770,work,30
5,vp5/run1_2018-05-22-15-10-41.ids_1,2,13770,13860,work,31
5,vp5/run1_2018-05-22-15-10-41.ids_1,2,13860,13950,work,32
5,vp5/run1_2018-05-22-15-10-41.ids_1,2,13950,14040,work,33
5,vp5/run1_2018-05-22-15-10-41.ids_1,2,14040,14130,work,34
5,vp5/run1_2018-05-22-15-10-41.ids_1,2,14130,14198,work,35
5,vp5/run1_2018-05-22-15-10-41.ids_1,3,17220,17310,eat_drink,0
5,vp5/run1_2018-05-22-15-10-41.ids_1,3,17310,17400,eat_drink,1
5,vp5/run1_2018-05-22-15-10-41.ids_1,3,17400,17490,eat_drink,2
5,vp5/run1_2018-05-22-15-10-41.ids_1,3,17490,17580,eat_drink,3
5,vp5/run1_2018-05-22-15-10-41.ids_1,3,17580,17670,eat_drink,4
5,vp5/run1_2018-05-22-15-10-41.ids_1,3,17670,17760,eat_drink,5
5,vp5/run1_2018-05-22-15-10-41.ids_1,3,17760,17850,eat_drink,6
5,vp5/run1_2018-05-22-15-10-41.ids_1,3,17850,17940,eat_drink,7
5,vp5/run1_2018-05-22-15-10-41.ids_1,3,17940,18030,eat_drink,8
5,vp5/run1_2018-05-22-15-10-41.ids_1,3,18030,18120,eat_drink,9
5,vp5/run1_2018-05-22-15-10-41.ids_1,3,18120,18210,eat_drink,10
5,vp5/run1_2018-05-22-15-10-41.ids_1,3,18210,18300,eat_drink,11
5,vp5/run1_2018-05-22-15-10-41.ids_1,3,18300,18390,eat_drink,12
5,vp5/run1_2018-05-22-15-10-41.ids_1,3,18390,18480,eat_drink,13
5,vp5/run1_2018-05-22-15-10-41.ids_1,3,18480,18570,eat_drink,14
5,vp5/run1_2018-05-22-15-10-41.ids_1,3,18570,18660,eat_drink,15
5,vp5/run1_2018-05-22-15-10-41.ids_1,3,18660,18750,eat_drink,16
5,vp5/run1_2018-05-22-15-10-41.ids_1,3,18750,18840,eat_drink,17
5,vp5/run1_2018-05-22-15-10-41.ids_1,3,18840,18930,eat_drink,18
5,vp5/run1_2018-05-22-15-10-41.ids_1,3,18930,19020,eat_drink,19
5,vp5/run1_2018-05-22-15-10-41.ids_1,3,19020,19110,eat_drink,20
5,vp5/run1_2018-05-22-15-10-41.ids_1,3,19110,19200,eat_drink,21
5,vp5/run1_2018-05-22-15-10-41.ids_1,3,19200,19290,eat_drink,22
5,vp5/run1_2018-05-22-15-10-41.ids_1,3,19290,19380,eat_drink,23
5,vp5/run1_2018-05-22-15-10-41.ids_1,3,19380,19470,eat_drink,24
5,vp5/run1_2018-05-22-15-10-41.ids_1,3,19470,19560,eat_drink,25
5,vp5/run1_2018-05-22-15-10-41.ids_1,3,19560,19650,eat_drink,26
5,vp5/run1_2018-05-22-15-10-41.ids_1,3,19650,19740,eat_drink,27
5,vp5/run1_2018-05-22-15-10-41.ids_1,3,19740,19830,eat_drink,28
5,vp5/run1_2018-05-22-15-10-41.ids_1,3,19830,19920,eat_drink,29
5,vp5/run1_2018-05-22-15-10-41.ids_1,3,19920,20010,eat_drink,30
5,vp5/run1_2018-05-22-15-10-41.ids_1,3,20010,20100,eat_drink,31
5,vp5/run1_2018-05-22-15-10-41.ids_1,3,20100,20190,eat_drink,32
5,vp5/run1_2018-05-22-15-10-41.ids_1,3,20190,20280,eat_drink,33
5,vp5/run1_2018-05-22-15-10-41.ids_1,3,20280,20370,eat_drink,34
5,vp5/run1_2018-05-22-15-10-41.ids_1,3,20370,20460,eat_drink,35
5,vp5/run1_2018-05-22-15-10-41.ids_1,3,20460,20550,eat_drink,36
5,vp5/run1_2018-05-22-15-10-41.ids_1,3,20550,20640,eat_drink,37
5,vp5/run1_2018-05-22-15-10-41.ids_1,3,20640,20730,eat_drink,38
5,vp5/run1_2018-05-22-15-10-41.ids_1,3,20730,20820,eat_drink,39
5,vp5/run1_2018-05-22-15-10-41.ids_1,3,20820,20910,eat_drink,40
5,vp5/run1_2018-05-22-15-10-41.ids_1,3,20910,21000,eat_drink,41
5,vp5/run1_2018-05-22-15-10-41.ids_1,3,21000,21090,eat_drink,42
5,vp5/run1_2018-05-22-15-10-41.ids_1,3,21090,21180,eat_drink,43
5,vp5/run1_2018-05-22-15-10-41.ids_1,3,21180,21270,eat_drink,44
5,vp5/run1_2018-05-22-15-10-41.ids_1,3,21270,21360,eat_drink,45
5,vp5/run1_2018-05-22-15-10-41.ids_1,3,21360,21450,eat_drink,46
5,vp5/run1_2018-05-22-15-10-41.ids_1,3,21450,21540,eat_drink,47
5,vp5/run1_2018-05-22-15-10-41.ids_1,3,21540,21630,eat_drink,48
5,vp5/run1_2018-05-22-15-10-41.ids_1,3,21630,21720,eat_drink,49
5,vp5/run1_2018-05-22-15-10-41.ids_1,3,21720,21810,eat_drink,50
5,vp5/run1_2018-05-22-15-10-41.ids_1,3,21810,21900,eat_drink,51
5,vp5/run1_2018-05-22-15-10-41.ids_1,3,21900,21990,eat_drink,52
5,vp5/run1_2018-05-22-15-10-41.ids_1,3,21990,22080,eat_drink,53
5,vp5/run1_2018-05-22-15-10-41.ids_1,3,22080,22170,eat_drink,54
5,vp5/run1_2018-05-22-15-10-41.ids_1,3,22170,22260,eat_drink,55
5,vp5/run1_2018-05-22-15-10-41.ids_1,3,22260,22350,eat_drink,56
5,vp5/run1_2018-05-22-15-10-41.ids_1,3,22350,22440,eat_drink,57
5,vp5/run1_2018-05-22-15-10-41.ids_1,3,22440,22530,eat_drink,58
5,vp5/run1_2018-05-22-15-10-41.ids_1,3,22530,22620,eat_drink,59
5,vp5/run1_2018-05-22-15-10-41.ids_1,3,22620,22710,eat_drink,60
5,vp5/run1_2018-05-22-15-10-41.ids_1,3,22710,22800,eat_drink,61
5,vp5/run1_2018-05-22-15-10-41.ids_1,3,22800,22890,eat_drink,62
5,vp5/run1_2018-05-22-15-10-41.ids_1,3,22890,22980,eat_drink,63
5,vp5/run1_2018-05-22-15-10-41.ids_1,3,22980,23070,eat_drink,64
5,vp5/run1_2018-05-22-15-10-41.ids_1,3,23070,23160,eat_drink,65
5,vp5/run1_2018-05-22-15-10-41.ids_1,3,23160,23250,eat_drink,66
5,vp5/run1_2018-05-22-15-10-41.ids_1,3,23250,23340,eat_drink,67
5,vp5/run1_2018-05-22-15-10-41.ids_1,3,23340,23430,eat_drink,68
5,vp5/run1_2018-05-22-15-10-41.ids_1,3,23430,23520,eat_drink,69
5,vp5/run1_2018-05-22-15-10-41.ids_1,3,23520,23610,eat_drink,70
5,vp5/run1_2018-05-22-15-10-41.ids_1,3,23610,23700,eat_drink,71
5,vp5/run1_2018-05-22-15-10-41.ids_1,3,23700,23790,eat_drink,72
5,vp5/run1_2018-05-22-15-10-41.ids_1,3,23790,23880,eat_drink,73
5,vp5/run1_2018-05-22-15-10-41.ids_1,3,23880,23970,eat_drink,74
5,vp5/run1_2018-05-22-15-10-41.ids_1,3,23970,24060,eat_drink,75
5,vp5/run1_2018-05-22-15-10-41.ids_1,3,24060,24150,eat_drink,76
5,vp5/run1_2018-05-22-15-10-41.ids_1,3,24150,24240,eat_drink,77
5,vp5/run1_2018-05-22-15-10-41.ids_1,3,24240,24330,eat_drink,78
5,vp5/run1_2018-05-22-15-10-41.ids_1,3,24330,24420,eat_drink,79
5,vp5/run1_2018-05-22-15-10-41.ids_1,3,24420,24510,eat_drink,80
5,vp5/run1_2018-05-22-15-10-41.ids_1,3,24510,24600,eat_drink,81
5,vp5/run1_2018-05-22-15-10-41.ids_1,3,24600,24690,eat_drink,82
5,vp5/run1_2018-05-22-15-10-41.ids_1,3,24690,24780,eat_drink,83
5,vp5/run1_2018-05-22-15-10-41.ids_1,3,24780,24870,eat_drink,84
5,vp5/run1_2018-05-22-15-10-41.ids_1,3,24870,24960,eat_drink,85
5,vp5/run1_2018-05-22-15-10-41.ids_1,3,24960,25050,eat_drink,86
5,vp5/run1_2018-05-22-15-10-41.ids_1,3,25050,25140,eat_drink,87
5,vp5/run1_2018-05-22-15-10-41.ids_1,3,25140,25230,eat_drink,88
5,vp5/run1_2018-05-22-15-10-41.ids_1,3,25230,25320,eat_drink,89
5,vp5/run1_2018-05-22-15-10-41.ids_1,3,25320,25410,eat_drink,90
5,vp5/run1_2018-05-22-15-10-41.ids_1,3,25410,25500,eat_drink,91
5,vp5/run1_2018-05-22-15-10-41.ids_1,3,25500,25590,eat_drink,92
5,vp5/run1_2018-05-22-15-10-41.ids_1,3,25590,25680,eat_drink,93
5,vp5/run1_2018-05-22-15-10-41.ids_1,3,25680,25770,eat_drink,94
5,vp5/run1_2018-05-22-15-10-41.ids_1,3,25770,25860,eat_drink,95
5,vp5/run1_2018-05-22-15-10-41.ids_1,3,25860,25950,eat_drink,96
5,vp5/run1_2018-05-22-15-10-41.ids_1,3,25950,26040,eat_drink,97
5,vp5/run1_2018-05-22-15-10-41.ids_1,3,26040,26130,eat_drink,98
5,vp5/run1_2018-05-22-15-10-41.ids_1,3,26130,26220,eat_drink,99
5,vp5/run1_2018-05-22-15-10-41.ids_1,3,26220,26310,eat_drink,100
5,vp5/run1_2018-05-22-15-10-41.ids_1,3,26310,26400,eat_drink,101
5,vp5/run1_2018-05-22-15-10-41.ids_1,3,26400,26408,eat_drink,102
5,vp5/run1_2018-05-22-15-10-41.ids_1,4,27150,27240,read_write_newspaper,0
5,vp5/run1_2018-05-22-15-10-41.ids_1,4,27240,27330,read_write_newspaper,1
5,vp5/run1_2018-05-22-15-10-41.ids_1,4,27330,27420,read_write_newspaper,2
5,vp5/run1_2018-05-22-15-10-41.ids_1,4,27420,27510,read_write_newspaper,3
5,vp5/run1_2018-05-22-15-10-41.ids_1,4,27510,27600,read_write_newspaper,4
5,vp5/run1_2018-05-22-15-10-41.ids_1,4,27600,27690,read_write_newspaper,5
5,vp5/run1_2018-05-22-15-10-41.ids_1,4,27690,27780,read_write_newspaper,6
5,vp5/run1_2018-05-22-15-10-41.ids_1,4,27780,27870,read_write_newspaper,7
5,vp5/run1_2018-05-22-15-10-41.ids_1,4,27870,27960,read_write_newspaper,8
5,vp5/run1_2018-05-22-15-10-41.ids_1,4,27960,28050,read_write_newspaper,9
5,vp5/run1_2018-05-22-15-10-41.ids_1,4,28050,28140,read_write_newspaper,10
5,vp5/run1_2018-05-22-15-10-41.ids_1,4,28140,28230,read_write_newspaper,11
5,vp5/run1_2018-05-22-15-10-41.ids_1,4,28230,28320,read_write_newspaper,12
5,vp5/run1_2018-05-22-15-10-41.ids_1,4,28320,28410,read_write_newspaper,13
5,vp5/run1_2018-05-22-15-10-41.ids_1,4,28410,28500,read_write_newspaper,14
5,vp5/run1_2018-05-22-15-10-41.ids_1,4,28500,28590,read_write_newspaper,15
5,vp5/run1_2018-05-22-15-10-41.ids_1,4,28590,28680,read_write_newspaper,16
5,vp5/run1_2018-05-22-15-10-41.ids_1,4,28680,28770,read_write_newspaper,17
5,vp5/run1_2018-05-22-15-10-41.ids_1,4,28770,28860,read_write_newspaper,18
5,vp5/run1_2018-05-22-15-10-41.ids_1,4,28860,28950,read_write_newspaper,19
5,vp5/run1_2018-05-22-15-10-41.ids_1,4,28950,29040,read_write_newspaper,20
5,vp5/run1_2018-05-22-15-10-41.ids_1,4,29040,29130,read_write_newspaper,21
5,vp5/run1_2018-05-22-15-10-41.ids_1,4,29130,29220,read_write_newspaper,22
5,vp5/run1_2018-05-22-15-10-41.ids_1,4,29220,29310,read_write_newspaper,23
5,vp5/run1_2018-05-22-15-10-41.ids_1,4,29310,29400,read_write_newspaper,24
5,vp5/run1_2018-05-22-15-10-41.ids_1,4,29400,29490,read_write_newspaper,25
5,vp5/run1_2018-05-22-15-10-41.ids_1,4,29490,29580,read_write_newspaper,26
5,vp5/run1_2018-05-22-15-10-41.ids_1,4,29580,29670,read_write_newspaper,27
5,vp5/run1_2018-05-22-15-10-41.ids_1,4,29670,29760,read_write_newspaper,28
5,vp5/run1_2018-05-22-15-10-41.ids_1,4,29760,29850,read_write_newspaper,29
5,vp5/run1_2018-05-22-15-10-41.ids_1,4,29850,29940,read_write_newspaper,30
5,vp5/run1_2018-05-22-15-10-41.ids_1,4,29940,29948,read_write_newspaper,31
5,vp5/run1_2018-05-22-15-10-41.ids_1,5,30780,30870,put_on_sunglasses,0
5,vp5/run1_2018-05-22-15-10-41.ids_1,5,30870,30960,put_on_sunglasses,1
5,vp5/run1_2018-05-22-15-10-41.ids_1,5,30960,31050,put_on_sunglasses,2
5,vp5/run1_2018-05-22-15-10-41.ids_1,5,31050,31140,put_on_sunglasses,3
5,vp5/run1_2018-05-22-15-10-41.ids_1,5,31140,31230,put_on_sunglasses,4
5,vp5/run1_2018-05-22-15-10-41.ids_1,5,31230,31320,put_on_sunglasses,5
5,vp5/run1_2018-05-22-15-10-41.ids_1,5,31320,31329,put_on_sunglasses,6
5,vp5/run1_2018-05-22-15-10-41.ids_1,6,32790,32880,read_write_magazine,0
5,vp5/run1_2018-05-22-15-10-41.ids_1,6,32880,32970,read_write_magazine,1
5,vp5/run1_2018-05-22-15-10-41.ids_1,6,32970,33060,read_write_magazine,2
5,vp5/run1_2018-05-22-15-10-41.ids_1,6,33060,33150,read_write_magazine,3
5,vp5/run1_2018-05-22-15-10-41.ids_1,6,33150,33240,read_write_magazine,4
5,vp5/run1_2018-05-22-15-10-41.ids_1,6,33240,33330,read_write_magazine,5
5,vp5/run1_2018-05-22-15-10-41.ids_1,6,33330,33420,read_write_magazine,6
5,vp5/run1_2018-05-22-15-10-41.ids_1,6,33420,33510,read_write_magazine,7
5,vp5/run1_2018-05-22-15-10-41.ids_1,6,33510,33600,read_write_magazine,8
5,vp5/run1_2018-05-22-15-10-41.ids_1,6,33600,33690,read_write_magazine,9
5,vp5/run1_2018-05-22-15-10-41.ids_1,6,33690,33780,read_write_magazine,10
5,vp5/run1_2018-05-22-15-10-41.ids_1,6,33780,33870,read_write_magazine,11
5,vp5/run1_2018-05-22-15-10-41.ids_1,6,33870,33960,read_write_magazine,12
5,vp5/run1_2018-05-22-15-10-41.ids_1,6,33960,34050,read_write_magazine,13
5,vp5/run1_2018-05-22-15-10-41.ids_1,6,34050,34140,read_write_magazine,14
5,vp5/run1_2018-05-22-15-10-41.ids_1,6,34140,34230,read_write_magazine,15
5,vp5/run1_2018-05-22-15-10-41.ids_1,6,34230,34320,read_write_magazine,16
5,vp5/run1_2018-05-22-15-10-41.ids_1,6,34320,34410,read_write_magazine,17
5,vp5/run1_2018-05-22-15-10-41.ids_1,6,34410,34500,read_write_magazine,18
5,vp5/run1_2018-05-22-15-10-41.ids_1,6,34500,34590,read_write_magazine,19
5,vp5/run1_2018-05-22-15-10-41.ids_1,6,34590,34680,read_write_magazine,20
5,vp5/run1_2018-05-22-15-10-41.ids_1,6,34680,34770,read_write_magazine,21
5,vp5/run1_2018-05-22-15-10-41.ids_1,6,34770,34860,read_write_magazine,22
5,vp5/run1_2018-05-22-15-10-41.ids_1,6,34860,34950,read_write_magazine,23
5,vp5/run1_2018-05-22-15-10-41.ids_1,6,34950,35040,read_write_magazine,24
5,vp5/run1_2018-05-22-15-10-41.ids_1,6,35040,35130,read_write_magazine,25
5,vp5/run1_2018-05-22-15-10-41.ids_1,6,35130,35220,read_write_magazine,26
5,vp5/run1_2018-05-22-15-10-41.ids_1,6,35220,35310,read_write_magazine,27
5,vp5/run1_2018-05-22-15-10-41.ids_1,6,35310,35400,read_write_magazine,28
5,vp5/run1_2018-05-22-15-10-41.ids_1,6,35400,35490,read_write_magazine,29
5,vp5/run1_2018-05-22-15-10-41.ids_1,6,35490,35580,read_write_magazine,30
5,vp5/run1_2018-05-22-15-10-41.ids_1,6,35580,35670,read_write_magazine,31
5,vp5/run1_2018-05-22-15-10-41.ids_1,6,35670,35760,read_write_magazine,32
5,vp5/run1_2018-05-22-15-10-41.ids_1,6,35760,35850,read_write_magazine,33
5,vp5/run1_2018-05-22-15-10-41.ids_1,6,35850,35940,read_write_magazine,34
5,vp5/run1_2018-05-22-15-10-41.ids_1,6,35940,36030,read_write_magazine,35
5,vp5/run1_2018-05-22-15-10-41.ids_1,6,36030,36120,read_write_magazine,36
5,vp5/run1_2018-05-22-15-10-41.ids_1,6,36120,36210,read_write_magazine,37
5,vp5/run1_2018-05-22-15-10-41.ids_1,6,36210,36300,read_write_magazine,38
5,vp5/run1_2018-05-22-15-10-41.ids_1,6,36300,36390,read_write_magazine,39
5,vp5/run1_2018-05-22-15-10-41.ids_1,6,36390,36480,read_write_magazine,40
5,vp5/run1_2018-05-22-15-10-41.ids_1,6,36480,36570,read_write_magazine,41
5,vp5/run1_2018-05-22-15-10-41.ids_1,6,36570,36660,read_write_magazine,42
5,vp5/run1_2018-05-22-15-10-41.ids_1,6,36660,36750,read_write_magazine,43
5,vp5/run1_2018-05-22-15-10-41.ids_1,6,36750,36840,read_write_magazine,44
5,vp5/run1_2018-05-22-15-10-41.ids_1,6,36840,36930,read_write_magazine,45
5,vp5/run1_2018-05-22-15-10-41.ids_1,6,36930,37020,read_write_magazine,46
5,vp5/run1_2018-05-22-15-10-41.ids_1,6,37020,37110,read_write_magazine,47
5,vp5/run1_2018-05-22-15-10-41.ids_1,6,37110,37200,read_write_magazine,48
5,vp5/run1_2018-05-22-15-10-41.ids_1,6,37200,37290,read_write_magazine,49
5,vp5/run1_2018-05-22-15-10-41.ids_1,6,37290,37380,read_write_magazine,50
5,vp5/run1_2018-05-22-15-10-41.ids_1,6,37380,37470,read_write_magazine,51
5,vp5/run1_2018-05-22-15-10-41.ids_1,6,37470,37539,read_write_magazine,52
5,vp5/run1_2018-05-22-15-10-41.ids_1,7,38160,38250,put_on_jacket,0
5,vp5/run1_2018-05-22-15-10-41.ids_1,7,38250,38340,put_on_jacket,1
5,vp5/run1_2018-05-22-15-10-41.ids_1,7,38340,38430,put_on_jacket,2
5,vp5/run1_2018-05-22-15-10-41.ids_1,7,38430,38520,put_on_jacket,3
5,vp5/run1_2018-05-22-15-10-41.ids_1,7,38520,38610,put_on_jacket,4
5,vp5/run1_2018-05-22-15-10-41.ids_1,7,38610,38700,put_on_jacket,5
5,vp5/run1_2018-05-22-15-10-41.ids_1,7,38700,38790,put_on_jacket,6
5,vp5/run1_2018-05-22-15-10-41.ids_1,7,38790,38880,put_on_jacket,7
5,vp5/run1_2018-05-22-15-10-41.ids_1,7,38880,38970,put_on_jacket,8
5,vp5/run1_2018-05-22-15-10-41.ids_1,7,38970,39060,put_on_jacket,9
5,vp5/run1_2018-05-22-15-10-41.ids_1,7,39060,39150,put_on_jacket,10
5,vp5/run1_2018-05-22-15-10-41.ids_1,7,39150,39219,put_on_jacket,11
5,vp5/run1_2018-05-22-15-10-41.ids_1,8,40740,40830,watch_video,0
5,vp5/run1_2018-05-22-15-10-41.ids_1,8,40830,40920,watch_video,1
5,vp5/run1_2018-05-22-15-10-41.ids_1,8,40920,41010,watch_video,2
5,vp5/run1_2018-05-22-15-10-41.ids_1,8,41010,41100,watch_video,3
5,vp5/run1_2018-05-22-15-10-41.ids_1,8,41100,41190,watch_video,4
5,vp5/run1_2018-05-22-15-10-41.ids_1,8,41190,41280,watch_video,5
5,vp5/run1_2018-05-22-15-10-41.ids_1,8,41280,41370,watch_video,6
5,vp5/run1_2018-05-22-15-10-41.ids_1,8,41370,41460,watch_video,7
5,vp5/run1_2018-05-22-15-10-41.ids_1,8,41460,41550,watch_video,8
5,vp5/run1_2018-05-22-15-10-41.ids_1,8,41550,41640,watch_video,9
5,vp5/run1_2018-05-22-15-10-41.ids_1,8,41640,41730,watch_video,10
5,vp5/run1_2018-05-22-15-10-41.ids_1,8,41730,41820,watch_video,11
5,vp5/run1_2018-05-22-15-10-41.ids_1,8,41820,41910,watch_video,12
5,vp5/run1_2018-05-22-15-10-41.ids_1,8,41910,42000,watch_video,13
5,vp5/run1_2018-05-22-15-10-41.ids_1,8,42000,42090,watch_video,14
5,vp5/run1_2018-05-22-15-10-41.ids_1,8,42090,42180,watch_video,15
5,vp5/run1_2018-05-22-15-10-41.ids_1,8,42180,42270,watch_video,16
5,vp5/run1_2018-05-22-15-10-41.ids_1,8,42270,42360,watch_video,17
5,vp5/run1_2018-05-22-15-10-41.ids_1,8,42360,42450,watch_video,18
5,vp5/run1_2018-05-22-15-10-41.ids_1,8,42450,42540,watch_video,19
5,vp5/run1_2018-05-22-15-10-41.ids_1,8,42540,42630,watch_video,20
5,vp5/run1_2018-05-22-15-10-41.ids_1,8,42630,42720,watch_video,21
5,vp5/run1_2018-05-22-15-10-41.ids_1,8,42720,42810,watch_video,22
5,vp5/run1_2018-05-22-15-10-41.ids_1,8,42810,42900,watch_video,23
5,vp5/run1_2018-05-22-15-10-41.ids_1,8,42900,42990,watch_video,24
5,vp5/run1_2018-05-22-15-10-41.ids_1,8,42990,43080,watch_video,25
5,vp5/run1_2018-05-22-15-10-41.ids_1,8,43080,43170,watch_video,26
5,vp5/run1_2018-05-22-15-10-41.ids_1,8,43170,43260,watch_video,27
5,vp5/run1_2018-05-22-15-10-41.ids_1,8,43260,43350,watch_video,28
5,vp5/run1_2018-05-22-15-10-41.ids_1,8,43350,43440,watch_video,29
5,vp5/run1_2018-05-22-15-10-41.ids_1,8,43440,43530,watch_video,30
5,vp5/run1_2018-05-22-15-10-41.ids_1,8,43530,43620,watch_video,31
5,vp5/run1_2018-05-22-15-10-41.ids_1,8,43620,43710,watch_video,32
5,vp5/run1_2018-05-22-15-10-41.ids_1,8,43710,43800,watch_video,33
5,vp5/run1_2018-05-22-15-10-41.ids_1,8,43800,43890,watch_video,34
5,vp5/run1_2018-05-22-15-10-41.ids_1,8,43890,43980,watch_video,35
5,vp5/run1_2018-05-22-15-10-41.ids_1,8,43980,44070,watch_video,36
5,vp5/run1_2018-05-22-15-10-41.ids_1,8,44070,44160,watch_video,37
5,vp5/run1_2018-05-22-15-10-41.ids_1,8,44160,44250,watch_video,38
5,vp5/run1_2018-05-22-15-10-41.ids_1,8,44250,44340,watch_video,39
5,vp5/run1_2018-05-22-15-10-41.ids_1,8,44340,44430,watch_video,40
5,vp5/run1_2018-05-22-15-10-41.ids_1,8,44430,44520,watch_video,41
5,vp5/run1_2018-05-22-15-10-41.ids_1,8,44520,44610,watch_video,42
5,vp5/run1_2018-05-22-15-10-41.ids_1,8,44610,44700,watch_video,43
5,vp5/run1_2018-05-22-15-10-41.ids_1,8,44700,44790,watch_video,44
5,vp5/run1_2018-05-22-15-10-41.ids_1,8,44790,44880,watch_video,45
5,vp5/run1_2018-05-22-15-10-41.ids_1,8,44880,44970,watch_video,46
5,vp5/run1_2018-05-22-15-10-41.ids_1,8,44970,45060,watch_video,47
5,vp5/run1_2018-05-22-15-10-41.ids_1,8,45060,45150,watch_video,48
5,vp5/run1_2018-05-22-15-10-41.ids_1,8,45150,45240,watch_video,49
5,vp5/run1_2018-05-22-15-10-41.ids_1,8,45240,45330,watch_video,50
5,vp5/run1_2018-05-22-15-10-41.ids_1,8,45330,45420,watch_video,51
5,vp5/run1_2018-05-22-15-10-41.ids_1,8,45420,45510,watch_video,52
5,vp5/run1_2018-05-22-15-10-41.ids_1,8,45510,45600,watch_video,53
5,vp5/run1_2018-05-22-15-10-41.ids_1,8,45600,45690,watch_video,54
5,vp5/run1_2018-05-22-15-10-41.ids_1,8,45690,45780,watch_video,55
5,vp5/run1_2018-05-22-15-10-41.ids_1,8,45780,45870,watch_video,56
5,vp5/run1_2018-05-22-15-10-41.ids_1,8,45870,45960,watch_video,57
5,vp5/run1_2018-05-22-15-10-41.ids_1,8,45960,46050,watch_video,58
5,vp5/run1_2018-05-22-15-10-41.ids_1,8,46050,46140,watch_video,59
5,vp5/run1_2018-05-22-15-10-41.ids_1,8,46140,46230,watch_video,60
5,vp5/run1_2018-05-22-15-10-41.ids_1,8,46230,46320,watch_video,61
5,vp5/run1_2018-05-22-15-10-41.ids_1,8,46320,46410,watch_video,62
5,vp5/run1_2018-05-22-15-10-41.ids_1,8,46410,46500,watch_video,63
5,vp5/run1_2018-05-22-15-10-41.ids_1,8,46500,46590,watch_video,64
5,vp5/run1_2018-05-22-15-10-41.ids_1,8,46590,46680,watch_video,65
5,vp5/run1_2018-05-22-15-10-41.ids_1,8,46680,46770,watch_video,66
5,vp5/run1_2018-05-22-15-10-41.ids_1,8,46770,46860,watch_video,67
5,vp5/run1_2018-05-22-15-10-41.ids_1,8,46860,46950,watch_video,68
5,vp5/run1_2018-05-22-15-10-41.ids_1,8,46950,47040,watch_video,69
5,vp5/run1_2018-05-22-15-10-41.ids_1,8,47040,47130,watch_video,70
5,vp5/run1_2018-05-22-15-10-41.ids_1,8,47130,47220,watch_video,71
5,vp5/run1_2018-05-22-15-10-41.ids_1,8,47220,47310,watch_video,72
5,vp5/run1_2018-05-22-15-10-41.ids_1,8,47310,47400,watch_video,73
5,vp5/run1_2018-05-22-15-10-41.ids_1,8,47400,47490,watch_video,74
5,vp5/run1_2018-05-22-15-10-41.ids_1,8,47490,47580,watch_video,75
5,vp5/run1_2018-05-22-15-10-41.ids_1,8,47580,47670,watch_video,76
5,vp5/run1_2018-05-22-15-10-41.ids_1,8,47670,47760,watch_video,77
5,vp5/run1_2018-05-22-15-10-41.ids_1,8,47760,47850,watch_video,78
5,vp5/run1_2018-05-22-15-10-41.ids_1,8,47850,47940,watch_video,79
5,vp5/run1_2018-05-22-15-10-41.ids_1,8,47940,48030,watch_video,80
5,vp5/run1_2018-05-22-15-10-41.ids_1,8,48030,48120,watch_video,81
5,vp5/run1_2018-05-22-15-10-41.ids_1,8,48120,48210,watch_video,82
5,vp5/run1_2018-05-22-15-10-41.ids_1,8,48210,48300,watch_video,83
5,vp5/run1_2018-05-22-15-10-41.ids_1,8,48300,48390,watch_video,84
5,vp5/run1_2018-05-22-15-10-41.ids_1,8,48390,48459,watch_video,85
5,vp5/run1_2018-05-22-15-10-41.ids_1,9,49680,49770,take_off_jacket,0
5,vp5/run1_2018-05-22-15-10-41.ids_1,9,49770,49860,take_off_jacket,1
5,vp5/run1_2018-05-22-15-10-41.ids_1,9,49860,49950,take_off_jacket,2
5,vp5/run1_2018-05-22-15-10-41.ids_1,9,49950,50040,take_off_jacket,3
5,vp5/run1_2018-05-22-15-10-41.ids_1,9,50040,50130,take_off_jacket,4
5,vp5/run1_2018-05-22-15-10-41.ids_1,9,50130,50139,take_off_jacket,5
5,vp5/run1_2018-05-22-15-10-41.ids_1,10,51150,51240,take_off_sunglasses,0
5,vp5/run1_2018-05-22-15-10-41.ids_1,10,51240,51330,take_off_sunglasses,1
5,vp5/run1_2018-05-22-15-10-41.ids_1,10,51330,51420,take_off_sunglasses,2
5,vp5/run1_2018-05-22-15-10-41.ids_1,10,51420,51510,take_off_sunglasses,3
5,vp5/run1_2018-05-22-15-10-41.ids_1,10,51510,51549,take_off_sunglasses,4
5,vp5/run1_2018-05-22-15-10-41.ids_1,11,51750,51840,final_task,0
5,vp5/run1_2018-05-22-15-10-41.ids_1,11,51840,51930,final_task,1
5,vp5/run1_2018-05-22-15-10-41.ids_1,11,51930,52020,final_task,2
5,vp5/run1_2018-05-22-15-10-41.ids_1,11,52020,52110,final_task,3
5,vp5/run1_2018-05-22-15-10-41.ids_1,11,52110,52200,final_task,4
5,vp5/run1_2018-05-22-15-10-41.ids_1,11,52200,52290,final_task,5
5,vp5/run1_2018-05-22-15-10-41.ids_1,11,52290,52380,final_task,6
5,vp5/run1_2018-05-22-15-10-41.ids_1,11,52380,52470,final_task,7
5,vp5/run1_2018-05-22-15-10-41.ids_1,11,52470,52560,final_task,8
5,vp5/run1_2018-05-22-15-10-41.ids_1,11,52560,52650,final_task,9
5,vp5/run1_2018-05-22-15-10-41.ids_1,11,52650,52740,final_task,10
5,vp5/run1_2018-05-22-15-10-41.ids_1,11,52740,52830,final_task,11
5,vp5/run1_2018-05-22-15-10-41.ids_1,11,52830,52920,final_task,12
5,vp5/run2b_2018-05-22-15-50-07.ids_1,0,0,90,fasten_seat_belt,0
5,vp5/run2b_2018-05-22-15-50-07.ids_1,0,90,180,fasten_seat_belt,1
5,vp5/run2b_2018-05-22-15-50-07.ids_1,0,180,270,fasten_seat_belt,2
5,vp5/run2b_2018-05-22-15-50-07.ids_1,0,270,360,fasten_seat_belt,3
5,vp5/run2b_2018-05-22-15-50-07.ids_1,0,360,450,fasten_seat_belt,4
5,vp5/run2b_2018-05-22-15-50-07.ids_1,0,450,540,fasten_seat_belt,5
5,vp5/run2b_2018-05-22-15-50-07.ids_1,0,540,630,fasten_seat_belt,6
5,vp5/run2b_2018-05-22-15-50-07.ids_1,0,630,720,fasten_seat_belt,7
5,vp5/run2b_2018-05-22-15-50-07.ids_1,0,720,810,fasten_seat_belt,8
5,vp5/run2b_2018-05-22-15-50-07.ids_1,0,810,900,fasten_seat_belt,9
5,vp5/run2b_2018-05-22-15-50-07.ids_1,0,900,990,fasten_seat_belt,10
5,vp5/run2b_2018-05-22-15-50-07.ids_1,0,990,1059,fasten_seat_belt,11
5,vp5/run2b_2018-05-22-15-50-07.ids_1,1,6450,6540,hand_over,0
5,vp5/run2b_2018-05-22-15-50-07.ids_1,1,6540,6630,hand_over,1
5,vp5/run2b_2018-05-22-15-50-07.ids_1,1,6630,6720,hand_over,2
5,vp5/run2b_2018-05-22-15-50-07.ids_1,1,6720,6810,hand_over,3
5,vp5/run2b_2018-05-22-15-50-07.ids_1,1,6810,6819,hand_over,4
5,vp5/run2b_2018-05-22-15-50-07.ids_1,2,7170,7260,read_write_magazine,0
5,vp5/run2b_2018-05-22-15-50-07.ids_1,2,7260,7350,read_write_magazine,1
5,vp5/run2b_2018-05-22-15-50-07.ids_1,2,7350,7440,read_write_magazine,2
5,vp5/run2b_2018-05-22-15-50-07.ids_1,2,7440,7530,read_write_magazine,3
5,vp5/run2b_2018-05-22-15-50-07.ids_1,2,7530,7620,read_write_magazine,4
5,vp5/run2b_2018-05-22-15-50-07.ids_1,2,7620,7710,read_write_magazine,5
5,vp5/run2b_2018-05-22-15-50-07.ids_1,2,7710,7800,read_write_magazine,6
5,vp5/run2b_2018-05-22-15-50-07.ids_1,2,7800,7890,read_write_magazine,7
5,vp5/run2b_2018-05-22-15-50-07.ids_1,2,7890,7980,read_write_magazine,8
5,vp5/run2b_2018-05-22-15-50-07.ids_1,2,7980,8070,read_write_magazine,9
5,vp5/run2b_2018-05-22-15-50-07.ids_1,2,8070,8160,read_write_magazine,10
5,vp5/run2b_2018-05-22-15-50-07.ids_1,2,8160,8250,read_write_magazine,11
5,vp5/run2b_2018-05-22-15-50-07.ids_1,2,8250,8340,read_write_magazine,12
5,vp5/run2b_2018-05-22-15-50-07.ids_1,2,8340,8430,read_write_magazine,13
5,vp5/run2b_2018-05-22-15-50-07.ids_1,2,8430,8520,read_write_magazine,14
5,vp5/run2b_2018-05-22-15-50-07.ids_1,2,8520,8610,read_write_magazine,15
5,vp5/run2b_2018-05-22-15-50-07.ids_1,2,8610,8700,read_write_magazine,16
5,vp5/run2b_2018-05-22-15-50-07.ids_1,2,8700,8790,read_write_magazine,17
5,vp5/run2b_2018-05-22-15-50-07.ids_1,2,8790,8880,read_write_magazine,18
5,vp5/run2b_2018-05-22-15-50-07.ids_1,2,8880,8970,read_write_magazine,19
5,vp5/run2b_2018-05-22-15-50-07.ids_1,2,8970,9060,read_write_magazine,20
5,vp5/run2b_2018-05-22-15-50-07.ids_1,2,9060,9150,read_write_magazine,21
5,vp5/run2b_2018-05-22-15-50-07.ids_1,2,9150,9240,read_write_magazine,22
5,vp5/run2b_2018-05-22-15-50-07.ids_1,2,9240,9330,read_write_magazine,23
5,vp5/run2b_2018-05-22-15-50-07.ids_1,2,9330,9420,read_write_magazine,24
5,vp5/run2b_2018-05-22-15-50-07.ids_1,2,9420,9510,read_write_magazine,25
5,vp5/run2b_2018-05-22-15-50-07.ids_1,2,9510,9600,read_write_magazine,26
5,vp5/run2b_2018-05-22-15-50-07.ids_1,2,9600,9690,read_write_magazine,27
5,vp5/run2b_2018-05-22-15-50-07.ids_1,2,9690,9780,read_write_magazine,28
5,vp5/run2b_2018-05-22-15-50-07.ids_1,2,9780,9870,read_write_magazine,29
5,vp5/run2b_2018-05-22-15-50-07.ids_1,2,9870,9960,read_write_magazine,30
5,vp5/run2b_2018-05-22-15-50-07.ids_1,2,9960,10050,read_write_magazine,31
5,vp5/run2b_2018-05-22-15-50-07.ids_1,2,10050,10140,read_write_magazine,32
5,vp5/run2b_2018-05-22-15-50-07.ids_1,2,10140,10230,read_write_magazine,33
5,vp5/run2b_2018-05-22-15-50-07.ids_1,2,10230,10320,read_write_magazine,34
5,vp5/run2b_2018-05-22-15-50-07.ids_1,2,10320,10410,read_write_magazine,35
5,vp5/run2b_2018-05-22-15-50-07.ids_1,2,10410,10500,read_write_magazine,36
5,vp5/run2b_2018-05-22-15-50-07.ids_1,2,10500,10590,read_write_magazine,37
5,vp5/run2b_2018-05-22-15-50-07.ids_1,2,10590,10598,read_write_magazine,38
5,vp5/run2b_2018-05-22-15-50-07.ids_1,3,13650,13740,watch_video,0
5,vp5/run2b_2018-05-22-15-50-07.ids_1,3,13740,13830,watch_video,1
5,vp5/run2b_2018-05-22-15-50-07.ids_1,3,13830,13920,watch_video,2
5,vp5/run2b_2018-05-22-15-50-07.ids_1,3,13920,14010,watch_video,3
5,vp5/run2b_2018-05-22-15-50-07.ids_1,3,14010,14100,watch_video,4
5,vp5/run2b_2018-05-22-15-50-07.ids_1,3,14100,14190,watch_video,5
5,vp5/run2b_2018-05-22-15-50-07.ids_1,3,14190,14280,watch_video,6
5,vp5/run2b_2018-05-22-15-50-07.ids_1,3,14280,14370,watch_video,7
5,vp5/run2b_2018-05-22-15-50-07.ids_1,3,14370,14460,watch_video,8
5,vp5/run2b_2018-05-22-15-50-07.ids_1,3,14460,14550,watch_video,9
5,vp5/run2b_2018-05-22-15-50-07.ids_1,3,14550,14640,watch_video,10
5,vp5/run2b_2018-05-22-15-50-07.ids_1,3,14640,14730,watch_video,11
5,vp5/run2b_2018-05-22-15-50-07.ids_1,3,14730,14820,watch_video,12
5,vp5/run2b_2018-05-22-15-50-07.ids_1,3,14820,14910,watch_video,13
5,vp5/run2b_2018-05-22-15-50-07.ids_1,3,14910,15000,watch_video,14
5,vp5/run2b_2018-05-22-15-50-07.ids_1,3,15000,15090,watch_video,15
5,vp5/run2b_2018-05-22-15-50-07.ids_1,3,15090,15180,watch_video,16
5,vp5/run2b_2018-05-22-15-50-07.ids_1,3,15180,15270,watch_video,17
5,vp5/run2b_2018-05-22-15-50-07.ids_1,3,15270,15360,watch_video,18
5,vp5/run2b_2018-05-22-15-50-07.ids_1,3,15360,15450,watch_video,19
5,vp5/run2b_2018-05-22-15-50-07.ids_1,3,15450,15540,watch_video,20
5,vp5/run2b_2018-05-22-15-50-07.ids_1,3,15540,15630,watch_video,21
5,vp5/run2b_2018-05-22-15-50-07.ids_1,3,15630,15720,watch_video,22
5,vp5/run2b_2018-05-22-15-50-07.ids_1,3,15720,15810,watch_video,23
5,vp5/run2b_2018-05-22-15-50-07.ids_1,3,15810,15900,watch_video,24
5,vp5/run2b_2018-05-22-15-50-07.ids_1,3,15900,15990,watch_video,25
5,vp5/run2b_2018-05-22-15-50-07.ids_1,3,15990,16080,watch_video,26
5,vp5/run2b_2018-05-22-15-50-07.ids_1,3,16080,16170,watch_video,27
5,vp5/run2b_2018-05-22-15-50-07.ids_1,3,16170,16260,watch_video,28
5,vp5/run2b_2018-05-22-15-50-07.ids_1,3,16260,16350,watch_video,29
5,vp5/run2b_2018-05-22-15-50-07.ids_1,3,16350,16440,watch_video,30
5,vp5/run2b_2018-05-22-15-50-07.ids_1,3,16440,16530,watch_video,31
5,vp5/run2b_2018-05-22-15-50-07.ids_1,3,16530,16620,watch_video,32
5,vp5/run2b_2018-05-22-15-50-07.ids_1,3,16620,16710,watch_video,33
5,vp5/run2b_2018-05-22-15-50-07.ids_1,3,16710,16800,watch_video,34
5,vp5/run2b_2018-05-22-15-50-07.ids_1,3,16800,16890,watch_video,35
5,vp5/run2b_2018-05-22-15-50-07.ids_1,3,16890,16980,watch_video,36
5,vp5/run2b_2018-05-22-15-50-07.ids_1,3,16980,17070,watch_video,37
5,vp5/run2b_2018-05-22-15-50-07.ids_1,3,17070,17160,watch_video,38
5,vp5/run2b_2018-05-22-15-50-07.ids_1,3,17160,17250,watch_video,39
5,vp5/run2b_2018-05-22-15-50-07.ids_1,3,17250,17340,watch_video,40
5,vp5/run2b_2018-05-22-15-50-07.ids_1,3,17340,17430,watch_video,41
5,vp5/run2b_2018-05-22-15-50-07.ids_1,3,17430,17520,watch_video,42
5,vp5/run2b_2018-05-22-15-50-07.ids_1,3,17520,17610,watch_video,43
5,vp5/run2b_2018-05-22-15-50-07.ids_1,3,17610,17700,watch_video,44
5,vp5/run2b_2018-05-22-15-50-07.ids_1,3,17700,17790,watch_video,45
5,vp5/run2b_2018-05-22-15-50-07.ids_1,3,17790,17880,watch_video,46
5,vp5/run2b_2018-05-22-15-50-07.ids_1,3,17880,17970,watch_video,47
5,vp5/run2b_2018-05-22-15-50-07.ids_1,3,17970,18060,watch_video,48
5,vp5/run2b_2018-05-22-15-50-07.ids_1,3,18060,18150,watch_video,49
5,vp5/run2b_2018-05-22-15-50-07.ids_1,3,18150,18240,watch_video,50
5,vp5/run2b_2018-05-22-15-50-07.ids_1,3,18240,18330,watch_video,51
5,vp5/run2b_2018-05-22-15-50-07.ids_1,3,18330,18420,watch_video,52
5,vp5/run2b_2018-05-22-15-50-07.ids_1,3,18420,18510,watch_video,53
5,vp5/run2b_2018-05-22-15-50-07.ids_1,3,18510,18600,watch_video,54
5,vp5/run2b_2018-05-22-15-50-07.ids_1,3,18600,18690,watch_video,55
5,vp5/run2b_2018-05-22-15-50-07.ids_1,3,18690,18780,watch_video,56
5,vp5/run2b_2018-05-22-15-50-07.ids_1,3,18780,18870,watch_video,57
5,vp5/run2b_2018-05-22-15-50-07.ids_1,3,18870,18960,watch_video,58
5,vp5/run2b_2018-05-22-15-50-07.ids_1,3,18960,19050,watch_video,59
5,vp5/run2b_2018-05-22-15-50-07.ids_1,3,19050,19140,watch_video,60
5,vp5/run2b_2018-05-22-15-50-07.ids_1,3,19140,19230,watch_video,61
5,vp5/run2b_2018-05-22-15-50-07.ids_1,3,19230,19320,watch_video,62
5,vp5/run2b_2018-05-22-15-50-07.ids_1,3,19320,19410,watch_video,63
5,vp5/run2b_2018-05-22-15-50-07.ids_1,3,19410,19478,watch_video,64
5,vp5/run2b_2018-05-22-15-50-07.ids_1,4,20670,20760,put_on_jacket,0
5,vp5/run2b_2018-05-22-15-50-07.ids_1,4,20760,20850,put_on_jacket,1
5,vp5/run2b_2018-05-22-15-50-07.ids_1,4,20850,20940,put_on_jacket,2
5,vp5/run2b_2018-05-22-15-50-07.ids_1,4,20940,21030,put_on_jacket,3
5,vp5/run2b_2018-05-22-15-50-07.ids_1,4,21030,21120,put_on_jacket,4
5,vp5/run2b_2018-05-22-15-50-07.ids_1,4,21120,21210,put_on_jacket,5
5,vp5/run2b_2018-05-22-15-50-07.ids_1,4,21210,21300,put_on_jacket,6
5,vp5/run2b_2018-05-22-15-50-07.ids_1,4,21300,21390,put_on_jacket,7
5,vp5/run2b_2018-05-22-15-50-07.ids_1,4,21390,21480,put_on_jacket,8
5,vp5/run2b_2018-05-22-15-50-07.ids_1,4,21480,21488,put_on_jacket,9
5,vp5/run2b_2018-05-22-15-50-07.ids_1,5,23190,23280,take_off_jacket,0
5,vp5/run2b_2018-05-22-15-50-07.ids_1,5,23280,23370,take_off_jacket,1
5,vp5/run2b_2018-05-22-15-50-07.ids_1,5,23370,23460,take_off_jacket,2
5,vp5/run2b_2018-05-22-15-50-07.ids_1,5,23460,23550,take_off_jacket,3
5,vp5/run2b_2018-05-22-15-50-07.ids_1,5,23550,23618,take_off_jacket,4
5,vp5/run2b_2018-05-22-15-50-07.ids_1,6,24960,25050,put_on_sunglasses,0
5,vp5/run2b_2018-05-22-15-50-07.ids_1,6,25050,25140,put_on_sunglasses,1
5,vp5/run2b_2018-05-22-15-50-07.ids_1,6,25140,25230,put_on_sunglasses,2
5,vp5/run2b_2018-05-22-15-50-07.ids_1,6,25230,25320,put_on_sunglasses,3
5,vp5/run2b_2018-05-22-15-50-07.ids_1,6,25320,25358,put_on_sunglasses,4
5,vp5/run2b_2018-05-22-15-50-07.ids_1,7,25560,25650,eat_drink,0
5,vp5/run2b_2018-05-22-15-50-07.ids_1,7,25650,25740,eat_drink,1
5,vp5/run2b_2018-05-22-15-50-07.ids_1,7,25740,25830,eat_drink,2
5,vp5/run2b_2018-05-22-15-50-07.ids_1,7,25830,25920,eat_drink,3
5,vp5/run2b_2018-05-22-15-50-07.ids_1,7,25920,26010,eat_drink,4
5,vp5/run2b_2018-05-22-15-50-07.ids_1,7,26010,26100,eat_drink,5
5,vp5/run2b_2018-05-22-15-50-07.ids_1,7,26100,26190,eat_drink,6
5,vp5/run2b_2018-05-22-15-50-07.ids_1,7,26190,26280,eat_drink,7
5,vp5/run2b_2018-05-22-15-50-07.ids_1,7,26280,26370,eat_drink,8
5,vp5/run2b_2018-05-22-15-50-07.ids_1,7,26370,26460,eat_drink,9
5,vp5/run2b_2018-05-22-15-50-07.ids_1,7,26460,26550,eat_drink,10
5,vp5/run2b_2018-05-22-15-50-07.ids_1,7,26550,26640,eat_drink,11
5,vp5/run2b_2018-05-22-15-50-07.ids_1,7,26640,26730,eat_drink,12
5,vp5/run2b_2018-05-22-15-50-07.ids_1,7,26730,26820,eat_drink,13
5,vp5/run2b_2018-05-22-15-50-07.ids_1,7,26820,26910,eat_drink,14
5,vp5/run2b_2018-05-22-15-50-07.ids_1,7,26910,27000,eat_drink,15
5,vp5/run2b_2018-05-22-15-50-07.ids_1,7,27000,27090,eat_drink,16
5,vp5/run2b_2018-05-22-15-50-07.ids_1,7,27090,27180,eat_drink,17
5,vp5/run2b_2018-05-22-15-50-07.ids_1,7,27180,27270,eat_drink,18
5,vp5/run2b_2018-05-22-15-50-07.ids_1,7,27270,27360,eat_drink,19
5,vp5/run2b_2018-05-22-15-50-07.ids_1,7,27360,27450,eat_drink,20
5,vp5/run2b_2018-05-22-15-50-07.ids_1,7,27450,27540,eat_drink,21
5,vp5/run2b_2018-05-22-15-50-07.ids_1,7,27540,27630,eat_drink,22
5,vp5/run2b_2018-05-22-15-50-07.ids_1,7,27630,27720,eat_drink,23
5,vp5/run2b_2018-05-22-15-50-07.ids_1,7,27720,27810,eat_drink,24
5,vp5/run2b_2018-05-22-15-50-07.ids_1,7,27810,27900,eat_drink,25
5,vp5/run2b_2018-05-22-15-50-07.ids_1,7,27900,27990,eat_drink,26
5,vp5/run2b_2018-05-22-15-50-07.ids_1,7,27990,28080,eat_drink,27
5,vp5/run2b_2018-05-22-15-50-07.ids_1,7,28080,28170,eat_drink,28
5,vp5/run2b_2018-05-22-15-50-07.ids_1,7,28170,28260,eat_drink,29
5,vp5/run2b_2018-05-22-15-50-07.ids_1,7,28260,28350,eat_drink,30
5,vp5/run2b_2018-05-22-15-50-07.ids_1,7,28350,28440,eat_drink,31
5,vp5/run2b_2018-05-22-15-50-07.ids_1,7,28440,28530,eat_drink,32
5,vp5/run2b_2018-05-22-15-50-07.ids_1,7,28530,28620,eat_drink,33
5,vp5/run2b_2018-05-22-15-50-07.ids_1,7,28620,28710,eat_drink,34
5,vp5/run2b_2018-05-22-15-50-07.ids_1,7,28710,28800,eat_drink,35
5,vp5/run2b_2018-05-22-15-50-07.ids_1,7,28800,28890,eat_drink,36
5,vp5/run2b_2018-05-22-15-50-07.ids_1,7,28890,28980,eat_drink,37
5,vp5/run2b_2018-05-22-15-50-07.ids_1,7,28980,29070,eat_drink,38
5,vp5/run2b_2018-05-22-15-50-07.ids_1,7,29070,29160,eat_drink,39
5,vp5/run2b_2018-05-22-15-50-07.ids_1,7,29160,29250,eat_drink,40
5,vp5/run2b_2018-05-22-15-50-07.ids_1,7,29250,29340,eat_drink,41
5,vp5/run2b_2018-05-22-15-50-07.ids_1,7,29340,29430,eat_drink,42
5,vp5/run2b_2018-05-22-15-50-07.ids_1,7,29430,29520,eat_drink,43
5,vp5/run2b_2018-05-22-15-50-07.ids_1,7,29520,29610,eat_drink,44
5,vp5/run2b_2018-05-22-15-50-07.ids_1,7,29610,29700,eat_drink,45
5,vp5/run2b_2018-05-22-15-50-07.ids_1,7,29700,29790,eat_drink,46
5,vp5/run2b_2018-05-22-15-50-07.ids_1,7,29790,29880,eat_drink,47
5,vp5/run2b_2018-05-22-15-50-07.ids_1,7,29880,29970,eat_drink,48
5,vp5/run2b_2018-05-22-15-50-07.ids_1,7,29970,30038,eat_drink,49
5,vp5/run2b_2018-05-22-15-50-07.ids_1,8,30600,30690,read_write_newspaper,0
5,vp5/run2b_2018-05-22-15-50-07.ids_1,8,30690,30780,read_write_newspaper,1
5,vp5/run2b_2018-05-22-15-50-07.ids_1,8,30780,30870,read_write_newspaper,2
5,vp5/run2b_2018-05-22-15-50-07.ids_1,8,30870,30960,read_write_newspaper,3
5,vp5/run2b_2018-05-22-15-50-07.ids_1,8,30960,31050,read_write_newspaper,4
5,vp5/run2b_2018-05-22-15-50-07.ids_1,8,31050,31140,read_write_newspaper,5
5,vp5/run2b_2018-05-22-15-50-07.ids_1,8,31140,31230,read_write_newspaper,6
5,vp5/run2b_2018-05-22-15-50-07.ids_1,8,31230,31320,read_write_newspaper,7
5,vp5/run2b_2018-05-22-15-50-07.ids_1,8,31320,31410,read_write_newspaper,8
5,vp5/run2b_2018-05-22-15-50-07.ids_1,8,31410,31500,read_write_newspaper,9
5,vp5/run2b_2018-05-22-15-50-07.ids_1,8,31500,31590,read_write_newspaper,10
5,vp5/run2b_2018-05-22-15-50-07.ids_1,8,31590,31680,read_write_newspaper,11
5,vp5/run2b_2018-05-22-15-50-07.ids_1,8,31680,31770,read_write_newspaper,12
5,vp5/run2b_2018-05-22-15-50-07.ids_1,8,31770,31860,read_write_newspaper,13
5,vp5/run2b_2018-05-22-15-50-07.ids_1,8,31860,31950,read_write_newspaper,14
5,vp5/run2b_2018-05-22-15-50-07.ids_1,8,31950,32040,read_write_newspaper,15
5,vp5/run2b_2018-05-22-15-50-07.ids_1,8,32040,32130,read_write_newspaper,16
5,vp5/run2b_2018-05-22-15-50-07.ids_1,8,32130,32220,read_write_newspaper,17
5,vp5/run2b_2018-05-22-15-50-07.ids_1,8,32220,32289,read_write_newspaper,18
5,vp5/run2b_2018-05-22-15-50-07.ids_1,9,33750,33840,take_off_sunglasses,0
5,vp5/run2b_2018-05-22-15-50-07.ids_1,9,33840,33930,take_off_sunglasses,1
5,vp5/run2b_2018-05-22-15-50-07.ids_1,9,33930,34020,take_off_sunglasses,2
5,vp5/run2b_2018-05-22-15-50-07.ids_1,9,34020,34029,take_off_sunglasses,3
5,vp5/run2b_2018-05-22-15-50-07.ids_1,10,34410,34500,work,0
5,vp5/run2b_2018-05-22-15-50-07.ids_1,10,34500,34590,work,1
5,vp5/run2b_2018-05-22-15-50-07.ids_1,10,34590,34680,work,2
5,vp5/run2b_2018-05-22-15-50-07.ids_1,10,34680,34770,work,3
5,vp5/run2b_2018-05-22-15-50-07.ids_1,10,34770,34860,work,4
5,vp5/run2b_2018-05-22-15-50-07.ids_1,10,34860,34950,work,5
5,vp5/run2b_2018-05-22-15-50-07.ids_1,10,34950,35040,work,6
5,vp5/run2b_2018-05-22-15-50-07.ids_1,10,35040,35130,work,7
5,vp5/run2b_2018-05-22-15-50-07.ids_1,10,35130,35220,work,8
5,vp5/run2b_2018-05-22-15-50-07.ids_1,10,35220,35310,work,9
5,vp5/run2b_2018-05-22-15-50-07.ids_1,10,35310,35400,work,10
5,vp5/run2b_2018-05-22-15-50-07.ids_1,10,35400,35490,work,11
5,vp5/run2b_2018-05-22-15-50-07.ids_1,10,35490,35580,work,12
5,vp5/run2b_2018-05-22-15-50-07.ids_1,10,35580,35670,work,13
5,vp5/run2b_2018-05-22-15-50-07.ids_1,10,35670,35760,work,14
5,vp5/run2b_2018-05-22-15-50-07.ids_1,10,35760,35850,work,15
5,vp5/run2b_2018-05-22-15-50-07.ids_1,10,35850,35940,work,16
5,vp5/run2b_2018-05-22-15-50-07.ids_1,10,35940,36030,work,17
5,vp5/run2b_2018-05-22-15-50-07.ids_1,10,36030,36120,work,18
5,vp5/run2b_2018-05-22-15-50-07.ids_1,10,36120,36210,work,19
5,vp5/run2b_2018-05-22-15-50-07.ids_1,10,36210,36300,work,20
5,vp5/run2b_2018-05-22-15-50-07.ids_1,10,36300,36390,work,21
5,vp5/run2b_2018-05-22-15-50-07.ids_1,10,36390,36480,work,22
5,vp5/run2b_2018-05-22-15-50-07.ids_1,10,36480,36570,work,23
5,vp5/run2b_2018-05-22-15-50-07.ids_1,10,36570,36660,work,24
5,vp5/run2b_2018-05-22-15-50-07.ids_1,10,36660,36750,work,25
5,vp5/run2b_2018-05-22-15-50-07.ids_1,10,36750,36840,work,26
5,vp5/run2b_2018-05-22-15-50-07.ids_1,10,36840,36930,work,27
5,vp5/run2b_2018-05-22-15-50-07.ids_1,10,36930,37020,work,28
5,vp5/run2b_2018-05-22-15-50-07.ids_1,10,37020,37110,work,29
5,vp5/run2b_2018-05-22-15-50-07.ids_1,10,37110,37200,work,30
5,vp5/run2b_2018-05-22-15-50-07.ids_1,10,37200,37290,work,31
5,vp5/run2b_2018-05-22-15-50-07.ids_1,10,37290,37380,work,32
5,vp5/run2b_2018-05-22-15-50-07.ids_1,10,37380,37470,work,33
5,vp5/run2b_2018-05-22-15-50-07.ids_1,10,37470,37479,work,34
5,vp5/run2b_2018-05-22-15-50-07.ids_1,11,38010,38100,final_task,0
5,vp5/run2b_2018-05-22-15-50-07.ids_1,11,38100,38190,final_task,1
5,vp5/run2b_2018-05-22-15-50-07.ids_1,11,38190,38280,final_task,2
5,vp5/run2b_2018-05-22-15-50-07.ids_1,11,38280,38370,final_task,3
5,vp5/run2b_2018-05-22-15-50-07.ids_1,11,38370,38460,final_task,4
5,vp5/run2b_2018-05-22-15-50-07.ids_1,11,38460,38550,final_task,5
5,vp5/run2b_2018-05-22-15-50-07.ids_1,11,38550,38640,final_task,6
5,vp5/run2b_2018-05-22-15-50-07.ids_1,11,38640,38700,final_task,7
8,vp8/run1d_2018-05-23-14-54-38.ids_1,0,0,90,fasten_seat_belt,0
8,vp8/run1d_2018-05-23-14-54-38.ids_1,0,90,180,fasten_seat_belt,1
8,vp8/run1d_2018-05-23-14-54-38.ids_1,0,180,270,fasten_seat_belt,2
8,vp8/run1d_2018-05-23-14-54-38.ids_1,0,270,360,fasten_seat_belt,3
8,vp8/run1d_2018-05-23-14-54-38.ids_1,0,360,450,fasten_seat_belt,4
8,vp8/run1d_2018-05-23-14-54-38.ids_1,0,450,540,fasten_seat_belt,5
8,vp8/run1d_2018-05-23-14-54-38.ids_1,0,540,630,fasten_seat_belt,6
8,vp8/run1d_2018-05-23-14-54-38.ids_1,0,630,720,fasten_seat_belt,7
8,vp8/run1d_2018-05-23-14-54-38.ids_1,0,720,810,fasten_seat_belt,8
8,vp8/run1d_2018-05-23-14-54-38.ids_1,0,810,900,fasten_seat_belt,9
8,vp8/run1d_2018-05-23-14-54-38.ids_1,0,900,968,fasten_seat_belt,10
8,vp8/run1d_2018-05-23-14-54-38.ids_1,1,6360,6450,hand_over,0
8,vp8/run1d_2018-05-23-14-54-38.ids_1,1,6450,6540,hand_over,1
8,vp8/run1d_2018-05-23-14-54-38.ids_1,1,6540,6630,hand_over,2
8,vp8/run1d_2018-05-23-14-54-38.ids_1,1,6630,6639,hand_over,3
8,vp8/run1d_2018-05-23-14-54-38.ids_1,2,6840,6930,read_write_newspaper,0
8,vp8/run1d_2018-05-23-14-54-38.ids_1,2,6930,7020,read_write_newspaper,1
8,vp8/run1d_2018-05-23-14-54-38.ids_1,2,7020,7110,read_write_newspaper,2
8,vp8/run1d_2018-05-23-14-54-38.ids_1,2,7110,7200,read_write_newspaper,3
8,vp8/run1d_2018-05-23-14-54-38.ids_1,2,7200,7290,read_write_newspaper,4
8,vp8/run1d_2018-05-23-14-54-38.ids_1,2,7290,7380,read_write_newspaper,5
8,vp8/run1d_2018-05-23-14-54-38.ids_1,2,7380,7470,read_write_newspaper,6
8,vp8/run1d_2018-05-23-14-54-38.ids_1,2,7470,7560,read_write_newspaper,7
8,vp8/run1d_2018-05-23-14-54-38.ids_1,2,7560,7650,read_write_newspaper,8
8,vp8/run1d_2018-05-23-14-54-38.ids_1,2,7650,7740,read_write_newspaper,9
8,vp8/run1d_2018-05-23-14-54-38.ids_1,2,7740,7830,read_write_newspaper,10
8,vp8/run1d_2018-05-23-14-54-38.ids_1,2,7830,7920,read_write_newspaper,11
8,vp8/run1d_2018-05-23-14-54-38.ids_1,2,7920,8010,read_write_newspaper,12
8,vp8/run1d_2018-05-23-14-54-38.ids_1,2,8010,8100,read_write_newspaper,13
8,vp8/run1d_2018-05-23-14-54-38.ids_1,2,8100,8190,read_write_newspaper,14
8,vp8/run1d_2018-05-23-14-54-38.ids_1,2,8190,8280,read_write_newspaper,15
8,vp8/run1d_2018-05-23-14-54-38.ids_1,2,8280,8370,read_write_newspaper,16
8,vp8/run1d_2018-05-23-14-54-38.ids_1,2,8370,8460,read_write_newspaper,17
8,vp8/run1d_2018-05-23-14-54-38.ids_1,2,8460,8550,read_write_newspaper,18
8,vp8/run1d_2018-05-23-14-54-38.ids_1,2,8550,8640,read_write_newspaper,19
8,vp8/run1d_2018-05-23-14-54-38.ids_1,2,8640,8730,read_write_newspaper,20
8,vp8/run1d_2018-05-23-14-54-38.ids_1,2,8730,8820,read_write_newspaper,21
8,vp8/run1d_2018-05-23-14-54-38.ids_1,2,8820,8910,read_write_newspaper,22
8,vp8/run1d_2018-05-23-14-54-38.ids_1,2,8910,9000,read_write_newspaper,23
8,vp8/run1d_2018-05-23-14-54-38.ids_1,2,9000,9090,read_write_newspaper,24
8,vp8/run1d_2018-05-23-14-54-38.ids_1,2,9090,9180,read_write_newspaper,25
8,vp8/run1d_2018-05-23-14-54-38.ids_1,2,9180,9270,read_write_newspaper,26
8,vp8/run1d_2018-05-23-14-54-38.ids_1,2,9270,9360,read_write_newspaper,27
8,vp8/run1d_2018-05-23-14-54-38.ids_1,2,9360,9450,read_write_newspaper,28
8,vp8/run1d_2018-05-23-14-54-38.ids_1,2,9450,9540,read_write_newspaper,29
8,vp8/run1d_2018-05-23-14-54-38.ids_1,2,9540,9630,read_write_newspaper,30
8,vp8/run1d_2018-05-23-14-54-38.ids_1,2,9630,9699,read_write_newspaper,31
8,vp8/run1d_2018-05-23-14-54-38.ids_1,3,10380,10470,work,0
8,vp8/run1d_2018-05-23-14-54-38.ids_1,3,10470,10560,work,1
8,vp8/run1d_2018-05-23-14-54-38.ids_1,3,10560,10650,work,2
8,vp8/run1d_2018-05-23-14-54-38.ids_1,3,10650,10740,work,3
8,vp8/run1d_2018-05-23-14-54-38.ids_1,3,10740,10830,work,4
8,vp8/run1d_2018-05-23-14-54-38.ids_1,3,10830,10920,work,5
8,vp8/run1d_2018-05-23-14-54-38.ids_1,3,10920,11010,work,6
8,vp8/run1d_2018-05-23-14-54-38.ids_1,3,11010,11100,work,7
8,vp8/run1d_2018-05-23-14-54-38.ids_1,3,11100,11190,work,8
8,vp8/run1d_2018-05-23-14-54-38.ids_1,3,11190,11280,work,9
8,vp8/run1d_2018-05-23-14-54-38.ids_1,3,11280,11370,work,10
8,vp8/run1d_2018-05-23-14-54-38.ids_1,3,11370,11460,work,11
8,vp8/run1d_2018-05-23-14-54-38.ids_1,3,11460,11550,work,12
8,vp8/run1d_2018-05-23-14-54-38.ids_1,3,11550,11640,work,13
8,vp8/run1d_2018-05-23-14-54-38.ids_1,3,11640,11730,work,14
8,vp8/run1d_2018-05-23-14-54-38.ids_1,3,11730,11820,work,15
8,vp8/run1d_2018-05-23-14-54-38.ids_1,3,11820,11910,work,16
8,vp8/run1d_2018-05-23-14-54-38.ids_1,3,11910,12000,work,17
8,vp8/run1d_2018-05-23-14-54-38.ids_1,3,12000,12090,work,18
8,vp8/run1d_2018-05-23-14-54-38.ids_1,3,12090,12180,work,19
8,vp8/run1d_2018-05-23-14-54-38.ids_1,3,12180,12270,work,20
8,vp8/run1d_2018-05-23-14-54-38.ids_1,3,12270,12360,work,21
8,vp8/run1d_2018-05-23-14-54-38.ids_1,3,12360,12450,work,22
8,vp8/run1d_2018-05-23-14-54-38.ids_1,3,12450,12540,work,23
8,vp8/run1d_2018-05-23-14-54-38.ids_1,3,12540,12630,work,24
8,vp8/run1d_2018-05-23-14-54-38.ids_1,3,12630,12720,work,25
8,vp8/run1d_2018-05-23-14-54-38.ids_1,3,12720,12810,work,26
8,vp8/run1d_2018-05-23-14-54-38.ids_1,3,12810,12900,work,27
8,vp8/run1d_2018-05-23-14-54-38.ids_1,3,12900,12990,work,28
8,vp8/run1d_2018-05-23-14-54-38.ids_1,3,12990,13080,work,29
8,vp8/run1d_2018-05-23-14-54-38.ids_1,3,13080,13170,work,30
8,vp8/run1d_2018-05-23-14-54-38.ids_1,3,13170,13260,work,31
8,vp8/run1d_2018-05-23-14-54-38.ids_1,3,13260,13350,work,32
8,vp8/run1d_2018-05-23-14-54-38.ids_1,3,13350,13440,work,33
8,vp8/run1d_2018-05-23-14-54-38.ids_1,3,13440,13530,work,34
8,vp8/run1d_2018-05-23-14-54-38.ids_1,3,13530,13620,work,35
8,vp8/run1d_2018-05-23-14-54-38.ids_1,3,13620,13710,work,36
8,vp8/run1d_2018-05-23-14-54-38.ids_1,3,13710,13800,work,37
8,vp8/run1d_2018-05-23-14-54-38.ids_1,3,13800,13890,work,38
8,vp8/run1d_2018-05-23-14-54-38.ids_1,3,13890,13980,work,39
8,vp8/run1d_2018-05-23-14-54-38.ids_1,3,13980,14070,work,40
8,vp8/run1d_2018-05-23-14-54-38.ids_1,3,14070,14160,work,41
8,vp8/run1d_2018-05-23-14-54-38.ids_1,3,14160,14250,work,42
8,vp8/run1d_2018-05-23-14-54-38.ids_1,3,14250,14340,work,43
8,vp8/run1d_2018-05-23-14-54-38.ids_1,3,14340,14430,work,44
8,vp8/run1d_2018-05-23-14-54-38.ids_1,3,14430,14520,work,45
8,vp8/run1d_2018-05-23-14-54-38.ids_1,3,14520,14610,work,46
8,vp8/run1d_2018-05-23-14-54-38.ids_1,3,14610,14700,work,47
8,vp8/run1d_2018-05-23-14-54-38.ids_1,3,14700,14790,work,48
8,vp8/run1d_2018-05-23-14-54-38.ids_1,3,14790,14880,work,49
8,vp8/run1d_2018-05-23-14-54-38.ids_1,3,14880,14970,work,50
8,vp8/run1d_2018-05-23-14-54-38.ids_1,3,14970,15060,work,51
8,vp8/run1d_2018-05-23-14-54-38.ids_1,3,15060,15150,work,52
8,vp8/run1d_2018-05-23-14-54-38.ids_1,3,15150,15240,work,53
8,vp8/run1d_2018-05-23-14-54-38.ids_1,3,15240,15330,work,54
8,vp8/run1d_2018-05-23-14-54-38.ids_1,3,15330,15420,work,55
8,vp8/run1d_2018-05-23-14-54-38.ids_1,3,15420,15510,work,56
8,vp8/run1d_2018-05-23-14-54-38.ids_1,3,15510,15600,work,57
8,vp8/run1d_2018-05-23-14-54-38.ids_1,3,15600,15690,work,58
8,vp8/run1d_2018-05-23-14-54-38.ids_1,3,15690,15780,work,59
8,vp8/run1d_2018-05-23-14-54-38.ids_1,3,15780,15870,work,60
8,vp8/run1d_2018-05-23-14-54-38.ids_1,3,15870,15960,work,61
8,vp8/run1d_2018-05-23-14-54-38.ids_1,3,15960,16050,work,62
8,vp8/run1d_2018-05-23-14-54-38.ids_1,3,16050,16140,work,63
8,vp8/run1d_2018-05-23-14-54-38.ids_1,3,16140,16230,work,64
8,vp8/run1d_2018-05-23-14-54-38.ids_1,3,16230,16320,work,65
8,vp8/run1d_2018-05-23-14-54-38.ids_1,3,16320,16410,work,66
8,vp8/run1d_2018-05-23-14-54-38.ids_1,3,16410,16500,work,67
8,vp8/run1d_2018-05-23-14-54-38.ids_1,3,16500,16590,work,68
8,vp8/run1d_2018-05-23-14-54-38.ids_1,3,16590,16680,work,69
8,vp8/run1d_2018-05-23-14-54-38.ids_1,3,16680,16770,work,70
8,vp8/run1d_2018-05-23-14-54-38.ids_1,3,16770,16860,work,71
8,vp8/run1d_2018-05-23-14-54-38.ids_1,3,16860,16950,work,72
8,vp8/run1d_2018-05-23-14-54-38.ids_1,3,16950,17040,work,73
8,vp8/run1d_2018-05-23-14-54-38.ids_1,3,17040,17130,work,74
8,vp8/run1d_2018-05-23-14-54-38.ids_1,3,17130,17220,work,75
8,vp8/run1d_2018-05-23-14-54-38.ids_1,3,17220,17229,work,76
8,vp8/run1d_2018-05-23-14-54-38.ids_1,4,20250,20340,put_on_sunglasses,0
8,vp8/run1d_2018-05-23-14-54-38.ids_1,4,20340,20430,put_on_sunglasses,1
8,vp8/run1d_2018-05-23-14-54-38.ids_1,4,20430,20520,put_on_sunglasses,2
8,vp8/run1d_2018-05-23-14-54-38.ids_1,4,20520,20610,put_on_sunglasses,3
8,vp8/run1d_2018-05-23-14-54-38.ids_1,4,20610,20700,put_on_sunglasses,4
8,vp8/run1d_2018-05-23-14-54-38.ids_1,4,20700,20790,put_on_sunglasses,5
8,vp8/run1d_2018-05-23-14-54-38.ids_1,4,20790,20880,put_on_sunglasses,6
8,vp8/run1d_2018-05-23-14-54-38.ids_1,4,20880,20970,put_on_sunglasses,7
8,vp8/run1d_2018-05-23-14-54-38.ids_1,4,20970,21060,put_on_sunglasses,8
8,vp8/run1d_2018-05-23-14-54-38.ids_1,4,21060,21150,put_on_sunglasses,9
8,vp8/run1d_2018-05-23-14-54-38.ids_1,4,21150,21159,put_on_sunglasses,10
8,vp8/run1d_2018-05-23-14-54-38.ids_1,5,21510,21600,read_write_magazine,0
8,vp8/run1d_2018-05-23-14-54-38.ids_1,5,21600,21690,read_write_magazine,1
8,vp8/run1d_2018-05-23-14-54-38.ids_1,5,21690,21780,read_write_magazine,2
8,vp8/run1d_2018-05-23-14-54-38.ids_1,5,21780,21870,read_write_magazine,3
8,vp8/run1d_2018-05-23-14-54-38.ids_1,5,21870,21960,read_write_magazine,4
8,vp8/run1d_2018-05-23-14-54-38.ids_1,5,21960,22050,read_write_magazine,5
8,vp8/run1d_2018-05-23-14-54-38.ids_1,5,22050,22140,read_write_magazine,6
8,vp8/run1d_2018-05-23-14-54-38.ids_1,5,22140,22230,read_write_magazine,7
8,vp8/run1d_2018-05-23-14-54-38.ids_1,5,22230,22320,read_write_magazine,8
8,vp8/run1d_2018-05-23-14-54-38.ids_1,5,22320,22410,read_write_magazine,9
8,vp8/run1d_2018-05-23-14-54-38.ids_1,5,22410,22500,read_write_magazine,10
8,vp8/run1d_2018-05-23-14-54-38.ids_1,5,22500,22590,read_write_magazine,11
8,vp8/run1d_2018-05-23-14-54-38.ids_1,5,22590,22680,read_write_magazine,12
8,vp8/run1d_2018-05-23-14-54-38.ids_1,5,22680,22770,read_write_magazine,13
8,vp8/run1d_2018-05-23-14-54-38.ids_1,5,22770,22860,read_write_magazine,14
8,vp8/run1d_2018-05-23-14-54-38.ids_1,5,22860,22950,read_write_magazine,15
8,vp8/run1d_2018-05-23-14-54-38.ids_1,5,22950,23040,read_write_magazine,16
8,vp8/run1d_2018-05-23-14-54-38.ids_1,5,23040,23130,read_write_magazine,17
8,vp8/run1d_2018-05-23-14-54-38.ids_1,5,23130,23220,read_write_magazine,18
8,vp8/run1d_2018-05-23-14-54-38.ids_1,5,23220,23310,read_write_magazine,19
8,vp8/run1d_2018-05-23-14-54-38.ids_1,5,23310,23400,read_write_magazine,20
8,vp8/run1d_2018-05-23-14-54-38.ids_1,5,23400,23490,read_write_magazine,21
8,vp8/run1d_2018-05-23-14-54-38.ids_1,5,23490,23580,read_write_magazine,22
8,vp8/run1d_2018-05-23-14-54-38.ids_1,5,23580,23670,read_write_magazine,23
8,vp8/run1d_2018-05-23-14-54-38.ids_1,5,23670,23760,read_write_magazine,24
8,vp8/run1d_2018-05-23-14-54-38.ids_1,5,23760,23850,read_write_magazine,25
8,vp8/run1d_2018-05-23-14-54-38.ids_1,5,23850,23940,read_write_magazine,26
8,vp8/run1d_2018-05-23-14-54-38.ids_1,5,23940,24030,read_write_magazine,27
8,vp8/run1d_2018-05-23-14-54-38.ids_1,5,24030,24120,read_write_magazine,28
8,vp8/run1d_2018-05-23-14-54-38.ids_1,5,24120,24210,read_write_magazine,29
8,vp8/run1d_2018-05-23-14-54-38.ids_1,5,24210,24300,read_write_magazine,30
8,vp8/run1d_2018-05-23-14-54-38.ids_1,5,24300,24390,read_write_magazine,31
8,vp8/run1d_2018-05-23-14-54-38.ids_1,5,24390,24480,read_write_magazine,32
8,vp8/run1d_2018-05-23-14-54-38.ids_1,5,24480,24570,read_write_magazine,33
8,vp8/run1d_2018-05-23-14-54-38.ids_1,5,24570,24660,read_write_magazine,34
8,vp8/run1d_2018-05-23-14-54-38.ids_1,5,24660,24750,read_write_magazine,35
8,vp8/run1d_2018-05-23-14-54-38.ids_1,5,24750,24840,read_write_magazine,36
8,vp8/run1d_2018-05-23-14-54-38.ids_1,5,24840,24930,read_write_magazine,37
8,vp8/run1d_2018-05-23-14-54-38.ids_1,5,24930,25020,read_write_magazine,38
8,vp8/run1d_2018-05-23-14-54-38.ids_1,5,25020,25110,read_write_magazine,39
8,vp8/run1d_2018-05-23-14-54-38.ids_1,5,25110,25200,read_write_magazine,40
8,vp8/run1d_2018-05-23-14-54-38.ids_1,5,25200,25290,read_write_magazine,41
8,vp8/run1d_2018-05-23-14-54-38.ids_1,5,25290,25359,read_write_magazine,42
8,vp8/run1d_2018-05-23-14-54-38.ids_1,6,25560,25650,put_on_jacket,0
8,vp8/run1d_2018-05-23-14-54-38.ids_1,6,25650,25740,put_on_jacket,1
8,vp8/run1d_2018-05-23-14-54-38.ids_1,6,25740,25830,put_on_jacket,2
8,vp8/run1d_2018-05-23-14-54-38.ids_1,6,25830,25920,put_on_jacket,3
8,vp8/run1d_2018-05-23-14-54-38.ids_1,6,25920,26010,put_on_jacket,4
8,vp8/run1d_2018-05-23-14-54-38.ids_1,6,26010,26100,put_on_jacket,5
8,vp8/run1d_2018-05-23-14-54-38.ids_1,6,26100,26190,put_on_jacket,6
8,vp8/run1d_2018-05-23-14-54-38.ids_1,6,26190,26280,put_on_jacket,7
8,vp8/run1d_2018-05-23-14-54-38.ids_1,6,26280,26370,put_on_jacket,8
8,vp8/run1d_2018-05-23-14-54-38.ids_1,6,26370,26460,put_on_jacket,9
8,vp8/run1d_2018-05-23-14-54-38.ids_1,6,26460,26550,put_on_jacket,10
8,vp8/run1d_2018-05-23-14-54-38.ids_1,6,26550,26640,put_on_jacket,11
8,vp8/run1d_2018-05-23-14-54-38.ids_1,6,26640,26730,put_on_jacket,12
8,vp8/run1d_2018-05-23-14-54-38.ids_1,6,26730,26820,put_on_jacket,13
8,vp8/run1d_2018-05-23-14-54-38.ids_1,6,26820,26910,put_on_jacket,14
8,vp8/run1d_2018-05-23-14-54-38.ids_1,6,26910,27000,put_on_jacket,15
8,vp8/run1d_2018-05-23-14-54-38.ids_1,6,27000,27090,put_on_jacket,16
8,vp8/run1d_2018-05-23-14-54-38.ids_1,6,27090,27180,put_on_jacket,17
8,vp8/run1d_2018-05-23-14-54-38.ids_1,6,27180,27270,put_on_jacket,18
8,vp8/run1d_2018-05-23-14-54-38.ids_1,6,27270,27360,put_on_jacket,19
8,vp8/run1d_2018-05-23-14-54-38.ids_1,6,27360,27450,put_on_jacket,20
8,vp8/run1d_2018-05-23-14-54-38.ids_1,6,27450,27540,put_on_jacket,21
8,vp8/run1d_2018-05-23-14-54-38.ids_1,6,27540,27630,put_on_jacket,22
8,vp8/run1d_2018-05-23-14-54-38.ids_1,6,27630,27720,put_on_jacket,23
8,vp8/run1d_2018-05-23-14-54-38.ids_1,6,27720,27810,put_on_jacket,24
8,vp8/run1d_2018-05-23-14-54-38.ids_1,6,27810,27900,put_on_jacket,25
8,vp8/run1d_2018-05-23-14-54-38.ids_1,6,27900,27990,put_on_jacket,26
8,vp8/run1d_2018-05-23-14-54-38.ids_1,6,27990,27999,put_on_jacket,27
8,vp8/run1d_2018-05-23-14-54-38.ids_1,7,28500,28590,eat_drink,0
8,vp8/run1d_2018-05-23-14-54-38.ids_1,7,28590,28680,eat_drink,1
8,vp8/run1d_2018-05-23-14-54-38.ids_1,7,28680,28770,eat_drink,2
8,vp8/run1d_2018-05-23-14-54-38.ids_1,7,28770,28860,eat_drink,3
8,vp8/run1d_2018-05-23-14-54-38.ids_1,7,28860,28950,eat_drink,4
8,vp8/run1d_2018-05-23-14-54-38.ids_1,7,28950,29040,eat_drink,5
8,vp8/run1d_2018-05-23-14-54-38.ids_1,7,29040,29130,eat_drink,6
8,vp8/run1d_2018-05-23-14-54-38.ids_1,7,29130,29220,eat_drink,7
8,vp8/run1d_2018-05-23-14-54-38.ids_1,7,29220,29310,eat_drink,8
8,vp8/run1d_2018-05-23-14-54-38.ids_1,7,29310,29400,eat_drink,9
8,vp8/run1d_2018-05-23-14-54-38.ids_1,7,29400,29490,eat_drink,10
8,vp8/run1d_2018-05-23-14-54-38.ids_1,7,29490,29580,eat_drink,11
8,vp8/run1d_2018-05-23-14-54-38.ids_1,7,29580,29670,eat_drink,12
8,vp8/run1d_2018-05-23-14-54-38.ids_1,7,29670,29760,eat_drink,13
8,vp8/run1d_2018-05-23-14-54-38.ids_1,7,29760,29850,eat_drink,14
8,vp8/run1d_2018-05-23-14-54-38.ids_1,7,29850,29940,eat_drink,15
8,vp8/run1d_2018-05-23-14-54-38.ids_1,7,29940,30030,eat_drink,16
8,vp8/run1d_2018-05-23-14-54-38.ids_1,7,30030,30120,eat_drink,17
8,vp8/run1d_2018-05-23-14-54-38.ids_1,7,30120,30210,eat_drink,18
8,vp8/run1d_2018-05-23-14-54-38.ids_1,7,30210,30300,eat_drink,19
8,vp8/run1d_2018-05-23-14-54-38.ids_1,7,30300,30390,eat_drink,20
8,vp8/run1d_2018-05-23-14-54-38.ids_1,7,30390,30480,eat_drink,21
8,vp8/run1d_2018-05-23-14-54-38.ids_1,7,30480,30570,eat_drink,22
8,vp8/run1d_2018-05-23-14-54-38.ids_1,7,30570,30660,eat_drink,23
8,vp8/run1d_2018-05-23-14-54-38.ids_1,7,30660,30750,eat_drink,24
8,vp8/run1d_2018-05-23-14-54-38.ids_1,7,30750,30840,eat_drink,25
8,vp8/run1d_2018-05-23-14-54-38.ids_1,7,30840,30930,eat_drink,26
8,vp8/run1d_2018-05-23-14-54-38.ids_1,7,30930,31020,eat_drink,27
8,vp8/run1d_2018-05-23-14-54-38.ids_1,7,31020,31110,eat_drink,28
8,vp8/run1d_2018-05-23-14-54-38.ids_1,7,31110,31200,eat_drink,29
8,vp8/run1d_2018-05-23-14-54-38.ids_1,7,31200,31290,eat_drink,30
8,vp8/run1d_2018-05-23-14-54-38.ids_1,7,31290,31380,eat_drink,31
8,vp8/run1d_2018-05-23-14-54-38.ids_1,7,31380,31470,eat_drink,32
8,vp8/run1d_2018-05-23-14-54-38.ids_1,7,31470,31560,eat_drink,33
8,vp8/run1d_2018-05-23-14-54-38.ids_1,7,31560,31650,eat_drink,34
8,vp8/run1d_2018-05-23-14-54-38.ids_1,7,31650,31740,eat_drink,35
8,vp8/run1d_2018-05-23-14-54-38.ids_1,7,31740,31830,eat_drink,36
8,vp8/run1d_2018-05-23-14-54-38.ids_1,7,31830,31920,eat_drink,37
8,vp8/run1d_2018-05-23-14-54-38.ids_1,7,31920,32010,eat_drink,38
8,vp8/run1d_2018-05-23-14-54-38.ids_1,7,32010,32100,eat_drink,39
8,vp8/run1d_2018-05-23-14-54-38.ids_1,7,32100,32190,eat_drink,40
8,vp8/run1d_2018-05-23-14-54-38.ids_1,7,32190,32280,eat_drink,41
8,vp8/run1d_2018-05-23-14-54-38.ids_1,7,32280,32370,eat_drink,42
8,vp8/run1d_2018-05-23-14-54-38.ids_1,7,32370,32460,eat_drink,43
8,vp8/run1d_2018-05-23-14-54-38.ids_1,7,32460,32550,eat_drink,44
8,vp8/run1d_2018-05-23-14-54-38.ids_1,7,32550,32640,eat_drink,45
8,vp8/run1d_2018-05-23-14-54-38.ids_1,7,32640,32730,eat_drink,46
8,vp8/run1d_2018-05-23-14-54-38.ids_1,7,32730,32820,eat_drink,47
8,vp8/run1d_2018-05-23-14-54-38.ids_1,7,32820,32910,eat_drink,48
8,vp8/run1d_2018-05-23-14-54-38.ids_1,7,32910,33000,eat_drink,49
8,vp8/run1d_2018-05-23-14-54-38.ids_1,7,33000,33090,eat_drink,50
8,vp8/run1d_2018-05-23-14-54-38.ids_1,7,33090,33180,eat_drink,51
8,vp8/run1d_2018-05-23-14-54-38.ids_1,7,33180,33270,eat_drink,52
8,vp8/run1d_2018-05-23-14-54-38.ids_1,7,33270,33360,eat_drink,53
8,vp8/run1d_2018-05-23-14-54-38.ids_1,7,33360,33369,eat_drink,54
8,vp8/run1d_2018-05-23-14-54-38.ids_1,8,34320,34410,take_off_jacket,0
8,vp8/run1d_2018-05-23-14-54-38.ids_1,8,34410,34500,take_off_jacket,1
8,vp8/run1d_2018-05-23-14-54-38.ids_1,8,34500,34590,take_off_jacket,2
8,vp8/run1d_2018-05-23-14-54-38.ids_1,8,34590,34680,take_off_jacket,3
8,vp8/run1d_2018-05-23-14-54-38.ids_1,8,34680,34770,take_off_jacket,4
8,vp8/run1d_2018-05-23-14-54-38.ids_1,8,34770,34860,take_off_jacket,5
8,vp8/run1d_2018-05-23-14-54-38.ids_1,8,34860,34950,take_off_jacket,6
8,vp8/run1d_2018-05-23-14-54-38.ids_1,8,34950,35040,take_off_jacket,7
8,vp8/run1d_2018-05-23-14-54-38.ids_1,8,35040,35130,take_off_jacket,8
8,vp8/run1d_2018-05-23-14-54-38.ids_1,8,35130,35220,take_off_jacket,9
8,vp8/run1d_2018-05-23-14-54-38.ids_1,8,35220,35310,take_off_jacket,10
8,vp8/run1d_2018-05-23-14-54-38.ids_1,8,35310,35400,take_off_jacket,11
8,vp8/run1d_2018-05-23-14-54-38.ids_1,8,35400,35439,take_off_jacket,12
8,vp8/run1d_2018-05-23-14-54-38.ids_1,9,36420,36510,watch_video,0
8,vp8/run1d_2018-05-23-14-54-38.ids_1,9,36510,36600,watch_video,1
8,vp8/run1d_2018-05-23-14-54-38.ids_1,9,36600,36690,watch_video,2
8,vp8/run1d_2018-05-23-14-54-38.ids_1,9,36690,36780,watch_video,3
8,vp8/run1d_2018-05-23-14-54-38.ids_1,9,36780,36870,watch_video,4
8,vp8/run1d_2018-05-23-14-54-38.ids_1,9,36870,36960,watch_video,5
8,vp8/run1d_2018-05-23-14-54-38.ids_1,9,36960,37050,watch_video,6
8,vp8/run1d_2018-05-23-14-54-38.ids_1,9,37050,37140,watch_video,7
8,vp8/run1d_2018-05-23-14-54-38.ids_1,9,37140,37230,watch_video,8
8,vp8/run1d_2018-05-23-14-54-38.ids_1,9,37230,37320,watch_video,9
8,vp8/run1d_2018-05-23-14-54-38.ids_1,9,37320,37410,watch_video,10
8,vp8/run1d_2018-05-23-14-54-38.ids_1,9,37410,37500,watch_video,11
8,vp8/run1d_2018-05-23-14-54-38.ids_1,9,37500,37590,watch_video,12
8,vp8/run1d_2018-05-23-14-54-38.ids_1,9,37590,37680,watch_video,13
8,vp8/run1d_2018-05-23-14-54-38.ids_1,9,37680,37770,watch_video,14
8,vp8/run1d_2018-05-23-14-54-38.ids_1,9,37770,37860,watch_video,15
8,vp8/run1d_2018-05-23-14-54-38.ids_1,9,37860,37950,watch_video,16
8,vp8/run1d_2018-05-23-14-54-38.ids_1,9,37950,38040,watch_video,17
8,vp8/run1d_2018-05-23-14-54-38.ids_1,9,38040,38130,watch_video,18
8,vp8/run1d_2018-05-23-14-54-38.ids_1,9,38130,38220,watch_video,19
8,vp8/run1d_2018-05-23-14-54-38.ids_1,9,38220,38310,watch_video,20
8,vp8/run1d_2018-05-23-14-54-38.ids_1,9,38310,38400,watch_video,21
8,vp8/run1d_2018-05-23-14-54-38.ids_1,9,38400,38490,watch_video,22
8,vp8/run1d_2018-05-23-14-54-38.ids_1,9,38490,38580,watch_video,23
8,vp8/run1d_2018-05-23-14-54-38.ids_1,9,38580,38670,watch_video,24
8,vp8/run1d_2018-05-23-14-54-38.ids_1,9,38670,38760,watch_video,25
8,vp8/run1d_2018-05-23-14-54-38.ids_1,9,38760,38850,watch_video,26
8,vp8/run1d_2018-05-23-14-54-38.ids_1,9,38850,38940,watch_video,27
8,vp8/run1d_2018-05-23-14-54-38.ids_1,9,38940,39030,watch_video,28
8,vp8/run1d_2018-05-23-14-54-38.ids_1,9,39030,39120,watch_video,29
8,vp8/run1d_2018-05-23-14-54-38.ids_1,9,39120,39210,watch_video,30
8,vp8/run1d_2018-05-23-14-54-38.ids_1,9,39210,39300,watch_video,31
8,vp8/run1d_2018-05-23-14-54-38.ids_1,9,39300,39390,watch_video,32
8,vp8/run1d_2018-05-23-14-54-38.ids_1,9,39390,39480,watch_video,33
8,vp8/run1d_2018-05-23-14-54-38.ids_1,9,39480,39570,watch_video,34
8,vp8/run1d_2018-05-23-14-54-38.ids_1,9,39570,39660,watch_video,35
8,vp8/run1d_2018-05-23-14-54-38.ids_1,9,39660,39750,watch_video,36
8,vp8/run1d_2018-05-23-14-54-38.ids_1,9,39750,39840,watch_video,37
8,vp8/run1d_2018-05-23-14-54-38.ids_1,9,39840,39930,watch_video,38
8,vp8/run1d_2018-05-23-14-54-38.ids_1,9,39930,40020,watch_video,39
8,vp8/run1d_2018-05-23-14-54-38.ids_1,9,40020,40110,watch_video,40
8,vp8/run1d_2018-05-23-14-54-38.ids_1,9,40110,40200,watch_video,41
8,vp8/run1d_2018-05-23-14-54-38.ids_1,9,40200,40290,watch_video,42
8,vp8/run1d_2018-05-23-14-54-38.ids_1,9,40290,40380,watch_video,43
8,vp8/run1d_2018-05-23-14-54-38.ids_1,9,40380,40470,watch_video,44
8,vp8/run1d_2018-05-23-14-54-38.ids_1,9,40470,40560,watch_video,45
8,vp8/run1d_2018-05-23-14-54-38.ids_1,9,40560,40650,watch_video,46
8,vp8/run1d_2018-05-23-14-54-38.ids_1,9,40650,40740,watch_video,47
8,vp8/run1d_2018-05-23-14-54-38.ids_1,9,40740,40830,watch_video,48
8,vp8/run1d_2018-05-23-14-54-38.ids_1,9,40830,40920,watch_video,49
8,vp8/run1d_2018-05-23-14-54-38.ids_1,9,40920,41010,watch_video,50
8,vp8/run1d_2018-05-23-14-54-38.ids_1,9,41010,41100,watch_video,51
8,vp8/run1d_2018-05-23-14-54-38.ids_1,9,41100,41190,watch_video,52
8,vp8/run1d_2018-05-23-14-54-38.ids_1,9,41190,41280,watch_video,53
8,vp8/run1d_2018-05-23-14-54-38.ids_1,9,41280,41370,watch_video,54
8,vp8/run1d_2018-05-23-14-54-38.ids_1,9,41370,41460,watch_video,55
8,vp8/run1d_2018-05-23-14-54-38.ids_1,9,41460,41550,watch_video,56
8,vp8/run1d_2018-05-23-14-54-38.ids_1,9,41550,41640,watch_video,57
8,vp8/run1d_2018-05-23-14-54-38.ids_1,9,41640,41730,watch_video,58
8,vp8/run1d_2018-05-23-14-54-38.ids_1,9,41730,41820,watch_video,59
8,vp8/run1d_2018-05-23-14-54-38.ids_1,9,41820,41910,watch_video,60
8,vp8/run1d_2018-05-23-14-54-38.ids_1,9,41910,42000,watch_video,61
8,vp8/run1d_2018-05-23-14-54-38.ids_1,9,42000,42090,watch_video,62
8,vp8/run1d_2018-05-23-14-54-38.ids_1,9,42090,42180,watch_video,63
8,vp8/run1d_2018-05-23-14-54-38.ids_1,9,42180,42270,watch_video,64
8,vp8/run1d_2018-05-23-14-54-38.ids_1,9,42270,42360,watch_video,65
8,vp8/run1d_2018-05-23-14-54-38.ids_1,9,42360,42429,watch_video,66
8,vp8/run1d_2018-05-23-14-54-38.ids_1,10,43590,43680,take_off_sunglasses,0
8,vp8/run1d_2018-05-23-14-54-38.ids_1,10,43680,43770,take_off_sunglasses,1
8,vp8/run1d_2018-05-23-14-54-38.ids_1,10,43770,43860,take_off_sunglasses,2
8,vp8/run1d_2018-05-23-14-54-38.ids_1,10,43860,43950,take_off_sunglasses,3
8,vp8/run1d_2018-05-23-14-54-38.ids_1,10,43950,44040,take_off_sunglasses,4
8,vp8/run1d_2018-05-23-14-54-38.ids_1,10,44040,44049,take_off_sunglasses,5
8,vp8/run1d_2018-05-23-14-54-38.ids_1,11,44370,44460,final_task,0
8,vp8/run1d_2018-05-23-14-54-38.ids_1,11,44460,44550,final_task,1
8,vp8/run1d_2018-05-23-14-54-38.ids_1,11,44550,44640,final_task,2
8,vp8/run1d_2018-05-23-14-54-38.ids_1,11,44640,44730,final_task,3
8,vp8/run1d_2018-05-23-14-54-38.ids_1,11,44730,44820,final_task,4
8,vp8/run1d_2018-05-23-14-54-38.ids_1,11,44820,44910,final_task,5
8,vp8/run1d_2018-05-23-14-54-38.ids_1,11,44910,45000,final_task,6
8,vp8/run1d_2018-05-23-14-54-38.ids_1,11,45000,45090,final_task,7
8,vp8/run1d_2018-05-23-14-54-38.ids_1,11,45090,45180,final_task,8
8,vp8/run1d_2018-05-23-14-54-38.ids_1,11,45180,45270,final_task,9
8,vp8/run1d_2018-05-23-14-54-38.ids_1,11,45270,45360,final_task,10
8,vp8/run1d_2018-05-23-14-54-38.ids_1,11,45360,45450,final_task,11
8,vp8/run1d_2018-05-23-14-54-38.ids_1,11,45450,45540,final_task,12
8,vp8/run1d_2018-05-23-14-54-38.ids_1,11,45540,45630,final_task,13
8,vp8/run1d_2018-05-23-14-54-38.ids_1,11,45630,45690,final_task,14
8,vp8/run2_2018-05-23-15-30-27.ids_1,0,0,90,fasten_seat_belt,0
8,vp8/run2_2018-05-23-15-30-27.ids_1,0,90,180,fasten_seat_belt,1
8,vp8/run2_2018-05-23-15-30-27.ids_1,0,180,270,fasten_seat_belt,2
8,vp8/run2_2018-05-23-15-30-27.ids_1,0,270,360,fasten_seat_belt,3
8,vp8/run2_2018-05-23-15-30-27.ids_1,0,360,450,fasten_seat_belt,4
8,vp8/run2_2018-05-23-15-30-27.ids_1,0,450,540,fasten_seat_belt,5
8,vp8/run2_2018-05-23-15-30-27.ids_1,0,540,549,fasten_seat_belt,6
8,vp8/run2_2018-05-23-15-30-27.ids_1,1,5940,6030,hand_over,0
8,vp8/run2_2018-05-23-15-30-27.ids_1,1,6030,6099,hand_over,1
8,vp8/run2_2018-05-23-15-30-27.ids_1,2,7020,7110,eat_drink,0
8,vp8/run2_2018-05-23-15-30-27.ids_1,2,7110,7200,eat_drink,1
8,vp8/run2_2018-05-23-15-30-27.ids_1,2,7200,7290,eat_drink,2
8,vp8/run2_2018-05-23-15-30-27.ids_1,2,7290,7380,eat_drink,3
8,vp8/run2_2018-05-23-15-30-27.ids_1,2,7380,7470,eat_drink,4
8,vp8/run2_2018-05-23-15-30-27.ids_1,2,7470,7560,eat_drink,5
8,vp8/run2_2018-05-23-15-30-27.ids_1,2,7560,7650,eat_drink,6
8,vp8/run2_2018-05-23-15-30-27.ids_1,2,7650,7740,eat_drink,7
8,vp8/run2_2018-05-23-15-30-27.ids_1,2,7740,7830,eat_drink,8
8,vp8/run2_2018-05-23-15-30-27.ids_1,2,7830,7920,eat_drink,9
8,vp8/run2_2018-05-23-15-30-27.ids_1,2,7920,8010,eat_drink,10
8,vp8/run2_2018-05-23-15-30-27.ids_1,2,8010,8100,eat_drink,11
8,vp8/run2_2018-05-23-15-30-27.ids_1,2,8100,8190,eat_drink,12
8,vp8/run2_2018-05-23-15-30-27.ids_1,2,8190,8280,eat_drink,13
8,vp8/run2_2018-05-23-15-30-27.ids_1,2,8280,8370,eat_drink,14
8,vp8/run2_2018-05-23-15-30-27.ids_1,2,8370,8460,eat_drink,15
8,vp8/run2_2018-05-23-15-30-27.ids_1,2,8460,8550,eat_drink,16
8,vp8/run2_2018-05-23-15-30-27.ids_1,2,8550,8640,eat_drink,17
8,vp8/run2_2018-05-23-15-30-27.ids_1,2,8640,8730,eat_drink,18
8,vp8/run2_2018-05-23-15-30-27.ids_1,2,8730,8820,eat_drink,19
8,vp8/run2_2018-05-23-15-30-27.ids_1,2,8820,8910,eat_drink,20
8,vp8/run2_2018-05-23-15-30-27.ids_1,2,8910,9000,eat_drink,21
8,vp8/run2_2018-05-23-15-30-27.ids_1,2,9000,9090,eat_drink,22
8,vp8/run2_2018-05-23-15-30-27.ids_1,2,9090,9180,eat_drink,23
8,vp8/run2_2018-05-23-15-30-27.ids_1,2,9180,9270,eat_drink,24
8,vp8/run2_2018-05-23-15-30-27.ids_1,2,9270,9360,eat_drink,25
8,vp8/run2_2018-05-23-15-30-27.ids_1,2,9360,9450,eat_drink,26
8,vp8/run2_2018-05-23-15-30-27.ids_1,2,9450,9540,eat_drink,27
8,vp8/run2_2018-05-23-15-30-27.ids_1,2,9540,9630,eat_drink,28
8,vp8/run2_2018-05-23-15-30-27.ids_1,2,9630,9720,eat_drink,29
8,vp8/run2_2018-05-23-15-30-27.ids_1,2,9720,9810,eat_drink,30
8,vp8/run2_2018-05-23-15-30-27.ids_1,2,9810,9900,eat_drink,31
8,vp8/run2_2018-05-23-15-30-27.ids_1,2,9900,9990,eat_drink,32
8,vp8/run2_2018-05-23-15-30-27.ids_1,2,9990,10080,eat_drink,33
8,vp8/run2_2018-05-23-15-30-27.ids_1,2,10080,10170,eat_drink,34
8,vp8/run2_2018-05-23-15-30-27.ids_1,2,10170,10260,eat_drink,35
8,vp8/run2_2018-05-23-15-30-27.ids_1,2,10260,10350,eat_drink,36
8,vp8/run2_2018-05-23-15-30-27.ids_1,2,10350,10358,eat_drink,37
8,vp8/run2_2018-05-23-15-30-27.ids_1,3,13380,13470,read_write_newspaper,0
8,vp8/run2_2018-05-23-15-30-27.ids_1,3,13470,13560,read_write_newspaper,1
8,vp8/run2_2018-05-23-15-30-27.ids_1,3,13560,13650,read_write_newspaper,2
8,vp8/run2_2018-05-23-15-30-27.ids_1,3,13650,13740,read_write_newspaper,3
8,vp8/run2_2018-05-23-15-30-27.ids_1,3,13740,13830,read_write_newspaper,4
8,vp8/run2_2018-05-23-15-30-27.ids_1,3,13830,13920,read_write_newspaper,5
8,vp8/run2_2018-05-23-15-30-27.ids_1,3,13920,14010,read_write_newspaper,6
8,vp8/run2_2018-05-23-15-30-27.ids_1,3,14010,14100,read_write_newspaper,7
8,vp8/run2_2018-05-23-15-30-27.ids_1,3,14100,14190,read_write_newspaper,8
8,vp8/run2_2018-05-23-15-30-27.ids_1,3,14190,14280,read_write_newspaper,9
8,vp8/run2_2018-05-23-15-30-27.ids_1,3,14280,14370,read_write_newspaper,10
8,vp8/run2_2018-05-23-15-30-27.ids_1,3,14370,14460,read_write_newspaper,11
8,vp8/run2_2018-05-23-15-30-27.ids_1,3,14460,14550,read_write_newspaper,12
8,vp8/run2_2018-05-23-15-30-27.ids_1,3,14550,14640,read_write_newspaper,13
8,vp8/run2_2018-05-23-15-30-27.ids_1,3,14640,14730,read_write_newspaper,14
8,vp8/run2_2018-05-23-15-30-27.ids_1,3,14730,14820,read_write_newspaper,15
8,vp8/run2_2018-05-23-15-30-27.ids_1,3,14820,14910,read_write_newspaper,16
8,vp8/run2_2018-05-23-15-30-27.ids_1,3,14910,15000,read_write_newspaper,17
8,vp8/run2_2018-05-23-15-30-27.ids_1,3,15000,15090,read_write_newspaper,18
8,vp8/run2_2018-05-23-15-30-27.ids_1,3,15090,15180,read_write_newspaper,19
8,vp8/run2_2018-05-23-15-30-27.ids_1,3,15180,15270,read_write_newspaper,20
8,vp8/run2_2018-05-23-15-30-27.ids_1,3,15270,15360,read_write_newspaper,21
8,vp8/run2_2018-05-23-15-30-27.ids_1,3,15360,15450,read_write_newspaper,22
8,vp8/run2_2018-05-23-15-30-27.ids_1,3,15450,15540,read_write_newspaper,23
8,vp8/run2_2018-05-23-15-30-27.ids_1,3,15540,15630,read_write_newspaper,24
8,vp8/run2_2018-05-23-15-30-27.ids_1,3,15630,15720,read_write_newspaper,25
8,vp8/run2_2018-05-23-15-30-27.ids_1,3,15720,15810,read_write_newspaper,26
8,vp8/run2_2018-05-23-15-30-27.ids_1,3,15810,15900,read_write_newspaper,27
8,vp8/run2_2018-05-23-15-30-27.ids_1,3,15900,15990,read_write_newspaper,28
8,vp8/run2_2018-05-23-15-30-27.ids_1,3,15990,16080,read_write_newspaper,29
8,vp8/run2_2018-05-23-15-30-27.ids_1,3,16080,16170,read_write_newspaper,30
8,vp8/run2_2018-05-23-15-30-27.ids_1,3,16170,16238,read_write_newspaper,31
8,vp8/run2_2018-05-23-15-30-27.ids_1,4,16620,16710,read_write_magazine,0
8,vp8/run2_2018-05-23-15-30-27.ids_1,4,16710,16800,read_write_magazine,1
8,vp8/run2_2018-05-23-15-30-27.ids_1,4,16800,16890,read_write_magazine,2
8,vp8/run2_2018-05-23-15-30-27.ids_1,4,16890,16980,read_write_magazine,3
8,vp8/run2_2018-05-23-15-30-27.ids_1,4,16980,17070,read_write_magazine,4
8,vp8/run2_2018-05-23-15-30-27.ids_1,4,17070,17160,read_write_magazine,5
8,vp8/run2_2018-05-23-15-30-27.ids_1,4,17160,17250,read_write_magazine,6
8,vp8/run2_2018-05-23-15-30-27.ids_1,4,17250,17340,read_write_magazine,7
8,vp8/run2_2018-05-23-15-30-27.ids_1,4,17340,17430,read_write_magazine,8
8,vp8/run2_2018-05-23-15-30-27.ids_1,4,17430,17520,read_write_magazine,9
8,vp8/run2_2018-05-23-15-30-27.ids_1,4,17520,17610,read_write_magazine,10
8,vp8/run2_2018-05-23-15-30-27.ids_1,4,17610,17700,read_write_magazine,11
8,vp8/run2_2018-05-23-15-30-27.ids_1,4,17700,17790,read_write_magazine,12
8,vp8/run2_2018-05-23-15-30-27.ids_1,4,17790,17880,read_write_magazine,13
8,vp8/run2_2018-05-23-15-30-27.ids_1,4,17880,17970,read_write_magazine,14
8,vp8/run2_2018-05-23-15-30-27.ids_1,4,17970,18060,read_write_magazine,15
8,vp8/run2_2018-05-23-15-30-27.ids_1,4,18060,18150,read_write_magazine,16
8,vp8/run2_2018-05-23-15-30-27.ids_1,4,18150,18240,read_write_magazine,17
8,vp8/run2_2018-05-23-15-30-27.ids_1,4,18240,18330,read_write_magazine,18
8,vp8/run2_2018-05-23-15-30-27.ids_1,4,18330,18420,read_write_magazine,19
8,vp8/run2_2018-05-23-15-30-27.ids_1,4,18420,18510,read_write_magazine,20
8,vp8/run2_2018-05-23-15-30-27.ids_1,4,18510,18600,read_write_magazine,21
8,vp8/run2_2018-05-23-15-30-27.ids_1,4,18600,18690,read_write_magazine,22
8,vp8/run2_2018-05-23-15-30-27.ids_1,4,18690,18780,read_write_magazine,23
8,vp8/run2_2018-05-23-15-30-27.ids_1,4,18780,18870,read_write_magazine,24
8,vp8/run2_2018-05-23-15-30-27.ids_1,4,18870,18960,read_write_magazine,25
8,vp8/run2_2018-05-23-15-30-27.ids_1,4,18960,19050,read_write_magazine,26
8,vp8/run2_2018-05-23-15-30-27.ids_1,4,19050,19140,read_write_magazine,27
8,vp8/run2_2018-05-23-15-30-27.ids_1,4,19140,19230,read_write_magazine,28
8,vp8/run2_2018-05-23-15-30-27.ids_1,4,19230,19298,read_write_magazine,29
8,vp8/run2_2018-05-23-15-30-27.ids_1,5,19980,20070,watch_video,0
8,vp8/run2_2018-05-23-15-30-27.ids_1,5,20070,20160,watch_video,1
8,vp8/run2_2018-05-23-15-30-27.ids_1,5,20160,20250,watch_video,2
8,vp8/run2_2018-05-23-15-30-27.ids_1,5,20250,20340,watch_video,3
8,vp8/run2_2018-05-23-15-30-27.ids_1,5,20340,20430,watch_video,4
8,vp8/run2_2018-05-23-15-30-27.ids_1,5,20430,20520,watch_video,5
8,vp8/run2_2018-05-23-15-30-27.ids_1,5,20520,20610,watch_video,6
8,vp8/run2_2018-05-23-15-30-27.ids_1,5,20610,20700,watch_video,7
8,vp8/run2_2018-05-23-15-30-27.ids_1,5,20700,20790,watch_video,8
8,vp8/run2_2018-05-23-15-30-27.ids_1,5,20790,20880,watch_video,9
8,vp8/run2_2018-05-23-15-30-27.ids_1,5,20880,20970,watch_video,10
8,vp8/run2_2018-05-23-15-30-27.ids_1,5,20970,21060,watch_video,11
8,vp8/run2_2018-05-23-15-30-27.ids_1,5,21060,21150,watch_video,12
8,vp8/run2_2018-05-23-15-30-27.ids_1,5,21150,21240,watch_video,13
8,vp8/run2_2018-05-23-15-30-27.ids_1,5,21240,21330,watch_video,14
8,vp8/run2_2018-05-23-15-30-27.ids_1,5,21330,21420,watch_video,15
8,vp8/run2_2018-05-23-15-30-27.ids_1,5,21420,21510,watch_video,16
8,vp8/run2_2018-05-23-15-30-27.ids_1,5,21510,21600,watch_video,17
8,vp8/run2_2018-05-23-15-30-27.ids_1,5,21600,21690,watch_video,18
8,vp8/run2_2018-05-23-15-30-27.ids_1,5,21690,21780,watch_video,19
8,vp8/run2_2018-05-23-15-30-27.ids_1,5,21780,21870,watch_video,20
8,vp8/run2_2018-05-23-15-30-27.ids_1,5,21870,21960,watch_video,21
8,vp8/run2_2018-05-23-15-30-27.ids_1,5,21960,22050,watch_video,22
8,vp8/run2_2018-05-23-15-30-27.ids_1,5,22050,22140,watch_video,23
8,vp8/run2_2018-05-23-15-30-27.ids_1,5,22140,22230,watch_video,24
8,vp8/run2_2018-05-23-15-30-27.ids_1,5,22230,22320,watch_video,25
8,vp8/run2_2018-05-23-15-30-27.ids_1,5,22320,22410,watch_video,26
8,vp8/run2_2018-05-23-15-30-27.ids_1,5,22410,22500,watch_video,27
8,vp8/run2_2018-05-23-15-30-27.ids_1,5,22500,22590,watch_video,28
8,vp8/run2_2018-05-23-15-30-27.ids_1,5,22590,22680,watch_video,29
8,vp8/run2_2018-05-23-15-30-27.ids_1,5,22680,22770,watch_video,30
8,vp8/run2_2018-05-23-15-30-27.ids_1,5,22770,22860,watch_video,31
8,vp8/run2_2018-05-23-15-30-27.ids_1,5,22860,22950,watch_video,32
8,vp8/run2_2018-05-23-15-30-27.ids_1,5,22950,23040,watch_video,33
8,vp8/run2_2018-05-23-15-30-27.ids_1,5,23040,23130,watch_video,34
8,vp8/run2_2018-05-23-15-30-27.ids_1,5,23130,23220,watch_video,35
8,vp8/run2_2018-05-23-15-30-27.ids_1,5,23220,23310,watch_video,36
8,vp8/run2_2018-05-23-15-30-27.ids_1,5,23310,23400,watch_video,37
8,vp8/run2_2018-05-23-15-30-27.ids_1,5,23400,23490,watch_video,38
8,vp8/run2_2018-05-23-15-30-27.ids_1,5,23490,23580,watch_video,39
8,vp8/run2_2018-05-23-15-30-27.ids_1,5,23580,23670,watch_video,40
8,vp8/run2_2018-05-23-15-30-27.ids_1,5,23670,23760,watch_video,41
8,vp8/run2_2018-05-23-15-30-27.ids_1,5,23760,23850,watch_video,42
8,vp8/run2_2018-05-23-15-30-27.ids_1,5,23850,23940,watch_video,43
8,vp8/run2_2018-05-23-15-30-27.ids_1,5,23940,24030,watch_video,44
8,vp8/run2_2018-05-23-15-30-27.ids_1,5,24030,24120,watch_video,45
8,vp8/run2_2018-05-23-15-30-27.ids_1,5,24120,24210,watch_video,46
8,vp8/run2_2018-05-23-15-30-27.ids_1,5,24210,24300,watch_video,47
8,vp8/run2_2018-05-23-15-30-27.ids_1,5,24300,24390,watch_video,48
8,vp8/run2_2018-05-23-15-30-27.ids_1,5,24390,24480,watch_video,49
8,vp8/run2_2018-05-23-15-30-27.ids_1,5,24480,24570,watch_video,50
8,vp8/run2_2018-05-23-15-30-27.ids_1,5,24570,24660,watch_video,51
8,vp8/run2_2018-05-23-15-30-27.ids_1,5,24660,24750,watch_video,52
8,vp8/run2_2018-05-23-15-30-27.ids_1,5,24750,24840,watch_video,53
8,vp8/run2_2018-05-23-15-30-27.ids_1,5,24840,24930,watch_video,54
8,vp8/run2_2018-05-23-15-30-27.ids_1,5,24930,25020,watch_video,55
8,vp8/run2_2018-05-23-15-30-27.ids_1,5,25020,25110,watch_video,56
8,vp8/run2_2018-05-23-15-30-27.ids_1,5,25110,25200,watch_video,57
8,vp8/run2_2018-05-23-15-30-27.ids_1,5,25200,25290,watch_video,58
8,vp8/run2_2018-05-23-15-30-27.ids_1,5,25290,25380,watch_video,59
8,vp8/run2_2018-05-23-15-30-27.ids_1,5,25380,25470,watch_video,60
8,vp8/run2_2018-05-23-15-30-27.ids_1,5,25470,25560,watch_video,61
8,vp8/run2_2018-05-23-15-30-27.ids_1,5,25560,25650,watch_video,62
8,vp8/run2_2018-05-23-15-30-27.ids_1,5,25650,25740,watch_video,63
8,vp8/run2_2018-05-23-15-30-27.ids_1,5,25740,25830,watch_video,64
8,vp8/run2_2018-05-23-15-30-27.ids_1,5,25830,25920,watch_video,65
8,vp8/run2_2018-05-23-15-30-27.ids_1,5,25920,26010,watch_video,66
8,vp8/run2_2018-05-23-15-30-27.ids_1,5,26010,26100,watch_video,67
8,vp8/run2_2018-05-23-15-30-27.ids_1,5,26100,26190,watch_video,68
8,vp8/run2_2018-05-23-15-30-27.ids_1,5,26190,26280,watch_video,69
8,vp8/run2_2018-05-23-15-30-27.ids_1,5,26280,26370,watch_video,70
8,vp8/run2_2018-05-23-15-30-27.ids_1,5,26370,26460,watch_video,71
8,vp8/run2_2018-05-23-15-30-27.ids_1,5,26460,26550,watch_video,72
8,vp8/run2_2018-05-23-15-30-27.ids_1,5,26550,26640,watch_video,73
8,vp8/run2_2018-05-23-15-30-27.ids_1,5,26640,26730,watch_video,74
8,vp8/run2_2018-05-23-15-30-27.ids_1,5,26730,26820,watch_video,75
8,vp8/run2_2018-05-23-15-30-27.ids_1,5,26820,26910,watch_video,76
8,vp8/run2_2018-05-23-15-30-27.ids_1,5,26910,26948,watch_video,77
8,vp8/run2_2018-05-23-15-30-27.ids_1,6,27540,27630,put_on_sunglasses,0
8,vp8/run2_2018-05-23-15-30-27.ids_1,6,27630,27720,put_on_sunglasses,1
8,vp8/run2_2018-05-23-15-30-27.ids_1,6,27720,27810,put_on_sunglasses,2
8,vp8/run2_2018-05-23-15-30-27.ids_1,6,27810,27900,put_on_sunglasses,3
8,vp8/run2_2018-05-23-15-30-27.ids_1,6,27900,27990,put_on_sunglasses,4
8,vp8/run2_2018-05-23-15-30-27.ids_1,6,27990,28080,put_on_sunglasses,5
8,vp8/run2_2018-05-23-15-30-27.ids_1,6,28080,28170,put_on_sunglasses,6
8,vp8/run2_2018-05-23-15-30-27.ids_1,6,28170,28260,put_on_sunglasses,7
8,vp8/run2_2018-05-23-15-30-27.ids_1,6,28260,28350,put_on_sunglasses,8
8,vp8/run2_2018-05-23-15-30-27.ids_1,6,28350,28440,put_on_sunglasses,9
8,vp8/run2_2018-05-23-15-30-27.ids_1,6,28440,28530,put_on_sunglasses,10
8,vp8/run2_2018-05-23-15-30-27.ids_1,6,28530,28620,put_on_sunglasses,11
8,vp8/run2_2018-05-23-15-30-27.ids_1,6,28620,28628,put_on_sunglasses,12
8,vp8/run2_2018-05-23-15-30-27.ids_1,7,29310,29400,put_on_jacket,0
8,vp8/run2_2018-05-23-15-30-27.ids_1,7,29400,29490,put_on_jacket,1
8,vp8/run2_2018-05-23-15-30-27.ids_1,7,29490,29580,put_on_jacket,2
8,vp8/run2_2018-05-23-15-30-27.ids_1,7,29580,29670,put_on_jacket,3
8,vp8/run2_2018-05-23-15-30-27.ids_1,7,29670,29760,put_on_jacket,4
8,vp8/run2_2018-05-23-15-30-27.ids_1,7,29760,29850,put_on_jacket,5
8,vp8/run2_2018-05-23-15-30-27.ids_1,7,29850,29940,put_on_jacket,6
8,vp8/run2_2018-05-23-15-30-27.ids_1,7,29940,30030,put_on_jacket,7
8,vp8/run2_2018-05-23-15-30-27.ids_1,7,30030,30098,put_on_jacket,8
8,vp8/run2_2018-05-23-15-30-27.ids_1,8,30900,30990,take_off_jacket,0
8,vp8/run2_2018-05-23-15-30-27.ids_1,8,30990,31080,take_off_jacket,1
8,vp8/run2_2018-05-23-15-30-27.ids_1,8,31080,31170,take_off_jacket,2
8,vp8/run2_2018-05-23-15-30-27.ids_1,8,31170,31260,take_off_jacket,3
8,vp8/run2_2018-05-23-15-30-27.ids_1,8,31260,31350,take_off_jacket,4
8,vp8/run2_2018-05-23-15-30-27.ids_1,8,31350,31440,take_off_jacket,5
8,vp8/run2_2018-05-23-15-30-27.ids_1,8,31440,31530,take_off_jacket,6
8,vp8/run2_2018-05-23-15-30-27.ids_1,8,31530,31620,take_off_jacket,7
8,vp8/run2_2018-05-23-15-30-27.ids_1,8,31620,31710,take_off_jacket,8
8,vp8/run2_2018-05-23-15-30-27.ids_1,8,31710,31800,take_off_jacket,9
8,vp8/run2_2018-05-23-15-30-27.ids_1,8,31800,31809,take_off_jacket,10
8,vp8/run2_2018-05-23-15-30-27.ids_1,9,32100,32190,work,0
8,vp8/run2_2018-05-23-15-30-27.ids_1,9,32190,32280,work,1
8,vp8/run2_2018-05-23-15-30-27.ids_1,9,32280,32370,work,2
8,vp8/run2_2018-05-23-15-30-27.ids_1,9,32370,32460,work,3
8,vp8/run2_2018-05-23-15-30-27.ids_1,9,32460,32550,work,4
8,vp8/run2_2018-05-23-15-30-27.ids_1,9,32550,32640,work,5
8,vp8/run2_2018-05-23-15-30-27.ids_1,9,32640,32730,work,6
8,vp8/run2_2018-05-23-15-30-27.ids_1,9,32730,32820,work,7
8,vp8/run2_2018-05-23-15-30-27.ids_1,9,32820,32910,work,8
8,vp8/run2_2018-05-23-15-30-27.ids_1,9,32910,33000,work,9
8,vp8/run2_2018-05-23-15-30-27.ids_1,9,33000,33090,work,10
8,vp8/run2_2018-05-23-15-30-27.ids_1,9,33090,33180,work,11
8,vp8/run2_2018-05-23-15-30-27.ids_1,9,33180,33270,work,12
8,vp8/run2_2018-05-23-15-30-27.ids_1,9,33270,33360,work,13
8,vp8/run2_2018-05-23-15-30-27.ids_1,9,33360,33450,work,14
8,vp8/run2_2018-05-23-15-30-27.ids_1,9,33450,33540,work,15
8,vp8/run2_2018-05-23-15-30-27.ids_1,9,33540,33630,work,16
8,vp8/run2_2018-05-23-15-30-27.ids_1,9,33630,33720,work,17
8,vp8/run2_2018-05-23-15-30-27.ids_1,9,33720,33810,work,18
8,vp8/run2_2018-05-23-15-30-27.ids_1,9,33810,33900,work,19
8,vp8/run2_2018-05-23-15-30-27.ids_1,9,33900,33990,work,20
8,vp8/run2_2018-05-23-15-30-27.ids_1,9,33990,34080,work,21
8,vp8/run2_2018-05-23-15-30-27.ids_1,9,34080,34170,work,22
8,vp8/run2_2018-05-23-15-30-27.ids_1,9,34170,34260,work,23
8,vp8/run2_2018-05-23-15-30-27.ids_1,9,34260,34350,work,24
8,vp8/run2_2018-05-23-15-30-27.ids_1,9,34350,34440,work,25
8,vp8/run2_2018-05-23-15-30-27.ids_1,9,34440,34530,work,26
8,vp8/run2_2018-05-23-15-30-27.ids_1,9,34530,34620,work,27
8,vp8/run2_2018-05-23-15-30-27.ids_1,9,34620,34710,work,28
8,vp8/run2_2018-05-23-15-30-27.ids_1,9,34710,34800,work,29
8,vp8/run2_2018-05-23-15-30-27.ids_1,9,34800,34890,work,30
8,vp8/run2_2018-05-23-15-30-27.ids_1,9,34890,34980,work,31
8,vp8/run2_2018-05-23-15-30-27.ids_1,9,34980,35070,work,32
8,vp8/run2_2018-05-23-15-30-27.ids_1,9,35070,35160,work,33
8,vp8/run2_2018-05-23-15-30-27.ids_1,9,35160,35250,work,34
8,vp8/run2_2018-05-23-15-30-27.ids_1,9,35250,35340,work,35
8,vp8/run2_2018-05-23-15-30-27.ids_1,9,35340,35430,work,36
8,vp8/run2_2018-05-23-15-30-27.ids_1,9,35430,35520,work,37
8,vp8/run2_2018-05-23-15-30-27.ids_1,9,35520,35610,work,38
8,vp8/run2_2018-05-23-15-30-27.ids_1,9,35610,35700,work,39
8,vp8/run2_2018-05-23-15-30-27.ids_1,9,35700,35790,work,40
8,vp8/run2_2018-05-23-15-30-27.ids_1,9,35790,35880,work,41
8,vp8/run2_2018-05-23-15-30-27.ids_1,9,35880,35970,work,42
8,vp8/run2_2018-05-23-15-30-27.ids_1,9,35970,36060,work,43
8,vp8/run2_2018-05-23-15-30-27.ids_1,9,36060,36150,work,44
8,vp8/run2_2018-05-23-15-30-27.ids_1,9,36150,36240,work,45
8,vp8/run2_2018-05-23-15-30-27.ids_1,9,36240,36330,work,46
8,vp8/run2_2018-05-23-15-30-27.ids_1,9,36330,36420,work,47
8,vp8/run2_2018-05-23-15-30-27.ids_1,9,36420,36510,work,48
8,vp8/run2_2018-05-23-15-30-27.ids_1,9,36510,36600,work,49
8,vp8/run2_2018-05-23-15-30-27.ids_1,9,36600,36690,work,50
8,vp8/run2_2018-05-23-15-30-27.ids_1,9,36690,36780,work,51
8,vp8/run2_2018-05-23-15-30-27.ids_1,9,36780,36870,work,52
8,vp8/run2_2018-05-23-15-30-27.ids_1,9,36870,36960,work,53
8,vp8/run2_2018-05-23-15-30-27.ids_1,9,36960,37050,work,54
8,vp8/run2_2018-05-23-15-30-27.ids_1,9,37050,37140,work,55
8,vp8/run2_2018-05-23-15-30-27.ids_1,9,37140,37230,work,56
8,vp8/run2_2018-05-23-15-30-27.ids_1,9,37230,37269,work,57
8,vp8/run2_2018-05-23-15-30-27.ids_1,10,37830,37920,take_off_sunglasses,0
8,vp8/run2_2018-05-23-15-30-27.ids_1,10,37920,38010,take_off_sunglasses,1
8,vp8/run2_2018-05-23-15-30-27.ids_1,10,38010,38100,take_off_sunglasses,2
8,vp8/run2_2018-05-23-15-30-27.ids_1,10,38100,38190,take_off_sunglasses,3
8,vp8/run2_2018-05-23-15-30-27.ids_1,10,38190,38199,take_off_sunglasses,4
8,vp8/run2_2018-05-23-15-30-27.ids_1,11,38670,38760,final_task,0
8,vp8/run2_2018-05-23-15-30-27.ids_1,11,38760,38850,final_task,1
8,vp8/run2_2018-05-23-15-30-27.ids_1,11,38850,38940,final_task,2
8,vp8/run2_2018-05-23-15-30-27.ids_1,11,38940,39030,final_task,3
8,vp8/run2_2018-05-23-15-30-27.ids_1,11,39030,39120,final_task,4
8,vp8/run2_2018-05-23-15-30-27.ids_1,11,39120,39210,final_task,5
8,vp8/run2_2018-05-23-15-30-27.ids_1,11,39210,39300,final_task,6
8,vp8/run2_2018-05-23-15-30-27.ids_1,11,39300,39390,final_task,7
8,vp8/run2_2018-05-23-15-30-27.ids_1,11,39390,39480,final_task,8
8,vp8/run2_2018-05-23-15-30-27.ids_1,11,39480,39570,final_task,9
9,vp9/run1b_2018-05-23-16-19-17.ids_1,0,0,90,fasten_seat_belt,0
9,vp9/run1b_2018-05-23-16-19-17.ids_1,0,90,180,fasten_seat_belt,1
9,vp9/run1b_2018-05-23-16-19-17.ids_1,0,180,270,fasten_seat_belt,2
9,vp9/run1b_2018-05-23-16-19-17.ids_1,0,270,360,fasten_seat_belt,3
9,vp9/run1b_2018-05-23-16-19-17.ids_1,0,360,450,fasten_seat_belt,4
9,vp9/run1b_2018-05-23-16-19-17.ids_1,0,450,540,fasten_seat_belt,5
9,vp9/run1b_2018-05-23-16-19-17.ids_1,0,540,630,fasten_seat_belt,6
9,vp9/run1b_2018-05-23-16-19-17.ids_1,0,630,720,fasten_seat_belt,7
9,vp9/run1b_2018-05-23-16-19-17.ids_1,0,720,810,fasten_seat_belt,8
9,vp9/run1b_2018-05-23-16-19-17.ids_1,0,810,900,fasten_seat_belt,9
9,vp9/run1b_2018-05-23-16-19-17.ids_1,0,900,990,fasten_seat_belt,10
9,vp9/run1b_2018-05-23-16-19-17.ids_1,0,990,1080,fasten_seat_belt,11
9,vp9/run1b_2018-05-23-16-19-17.ids_1,0,1080,1170,fasten_seat_belt,12
9,vp9/run1b_2018-05-23-16-19-17.ids_1,0,1170,1260,fasten_seat_belt,13
9,vp9/run1b_2018-05-23-16-19-17.ids_1,0,1260,1350,fasten_seat_belt,14
9,vp9/run1b_2018-05-23-16-19-17.ids_1,0,1350,1359,fasten_seat_belt,15
9,vp9/run1b_2018-05-23-16-19-17.ids_1,1,6750,6840,hand_over,0
9,vp9/run1b_2018-05-23-16-19-17.ids_1,1,6840,6930,hand_over,1
9,vp9/run1b_2018-05-23-16-19-17.ids_1,1,6930,7020,hand_over,2
9,vp9/run1b_2018-05-23-16-19-17.ids_1,1,7020,7110,hand_over,3
9,vp9/run1b_2018-05-23-16-19-17.ids_1,1,7110,7200,hand_over,4
9,vp9/run1b_2018-05-23-16-19-17.ids_1,1,7200,7290,hand_over,5
9,vp9/run1b_2018-05-23-16-19-17.ids_1,1,7290,7299,hand_over,6
9,vp9/run1b_2018-05-23-16-19-17.ids_1,2,8250,8340,watch_video,0
9,vp9/run1b_2018-05-23-16-19-17.ids_1,2,8340,8430,watch_video,1
9,vp9/run1b_2018-05-23-16-19-17.ids_1,2,8430,8520,watch_video,2
9,vp9/run1b_2018-05-23-16-19-17.ids_1,2,8520,8610,watch_video,3
9,vp9/run1b_2018-05-23-16-19-17.ids_1,2,8610,8700,watch_video,4
9,vp9/run1b_2018-05-23-16-19-17.ids_1,2,8700,8790,watch_video,5
9,vp9/run1b_2018-05-23-16-19-17.ids_1,2,8790,8880,watch_video,6
9,vp9/run1b_2018-05-23-16-19-17.ids_1,2,8880,8970,watch_video,7
9,vp9/run1b_2018-05-23-16-19-17.ids_1,2,8970,9060,watch_video,8
9,vp9/run1b_2018-05-23-16-19-17.ids_1,2,9060,9150,watch_video,9
9,vp9/run1b_2018-05-23-16-19-17.ids_1,2,9150,9240,watch_video,10
9,vp9/run1b_2018-05-23-16-19-17.ids_1,2,9240,9330,watch_video,11
9,vp9/run1b_2018-05-23-16-19-17.ids_1,2,9330,9420,watch_video,12
9,vp9/run1b_2018-05-23-16-19-17.ids_1,2,9420,9510,watch_video,13
9,vp9/run1b_2018-05-23-16-19-17.ids_1,2,9510,9600,watch_video,14
9,vp9/run1b_2018-05-23-16-19-17.ids_1,2,9600,9690,watch_video,15
9,vp9/run1b_2018-05-23-16-19-17.ids_1,2,9690,9780,watch_video,16
9,vp9/run1b_2018-05-23-16-19-17.ids_1,2,9780,9870,watch_video,17
9,vp9/run1b_2018-05-23-16-19-17.ids_1,2,9870,9960,watch_video,18
9,vp9/run1b_2018-05-23-16-19-17.ids_1,2,9960,10050,watch_video,19
9,vp9/run1b_2018-05-23-16-19-17.ids_1,2,10050,10140,watch_video,20
9,vp9/run1b_2018-05-23-16-19-17.ids_1,2,10140,10230,watch_video,21
9,vp9/run1b_2018-05-23-16-19-17.ids_1,2,10230,10320,watch_video,22
9,vp9/run1b_2018-05-23-16-19-17.ids_1,2,10320,10410,watch_video,23
9,vp9/run1b_2018-05-23-16-19-17.ids_1,2,10410,10500,watch_video,24
9,vp9/run1b_2018-05-23-16-19-17.ids_1,2,10500,10590,watch_video,25
9,vp9/run1b_2018-05-23-16-19-17.ids_1,2,10590,10680,watch_video,26
9,vp9/run1b_2018-05-23-16-19-17.ids_1,2,10680,10770,watch_video,27
9,vp9/run1b_2018-05-23-16-19-17.ids_1,2,10770,10860,watch_video,28
9,vp9/run1b_2018-05-23-16-19-17.ids_1,2,10860,10950,watch_video,29
9,vp9/run1b_2018-05-23-16-19-17.ids_1,2,10950,11040,watch_video,30
9,vp9/run1b_2018-05-23-16-19-17.ids_1,2,11040,11130,watch_video,31
9,vp9/run1b_2018-05-23-16-19-17.ids_1,2,11130,11220,watch_video,32
9,vp9/run1b_2018-05-23-16-19-17.ids_1,2,11220,11310,watch_video,33
9,vp9/run1b_2018-05-23-16-19-17.ids_1,2,11310,11400,watch_video,34
9,vp9/run1b_2018-05-23-16-19-17.ids_1,2,11400,11490,watch_video,35
9,vp9/run1b_2018-05-23-16-19-17.ids_1,2,11490,11580,watch_video,36
9,vp9/run1b_2018-05-23-16-19-17.ids_1,2,11580,11670,watch_video,37
9,vp9/run1b_2018-05-23-16-19-17.ids_1,2,11670,11760,watch_video,38
9,vp9/run1b_2018-05-23-16-19-17.ids_1,2,11760,11850,watch_video,39
9,vp9/run1b_2018-05-23-16-19-17.ids_1,2,11850,11940,watch_video,40
9,vp9/run1b_2018-05-23-16-19-17.ids_1,2,11940,12030,watch_video,41
9,vp9/run1b_2018-05-23-16-19-17.ids_1,2,12030,12120,watch_video,42
9,vp9/run1b_2018-05-23-16-19-17.ids_1,2,12120,12210,watch_video,43
9,vp9/run1b_2018-05-23-16-19-17.ids_1,2,12210,12300,watch_video,44
9,vp9/run1b_2018-05-23-16-19-17.ids_1,2,12300,12390,watch_video,45
9,vp9/run1b_2018-05-23-16-19-17.ids_1,2,12390,12480,watch_video,46
9,vp9/run1b_2018-05-23-16-19-17.ids_1,2,12480,12570,watch_video,47
9,vp9/run1b_2018-05-23-16-19-17.ids_1,2,12570,12660,watch_video,48
9,vp9/run1b_2018-05-23-16-19-17.ids_1,2,12660,12750,watch_video,49
9,vp9/run1b_2018-05-23-16-19-17.ids_1,2,12750,12840,watch_video,50
9,vp9/run1b_2018-05-23-16-19-17.ids_1,2,12840,12930,watch_video,51
9,vp9/run1b_2018-05-23-16-19-17.ids_1,2,12930,13020,watch_video,52
9,vp9/run1b_2018-05-23-16-19-17.ids_1,2,13020,13110,watch_video,53
9,vp9/run1b_2018-05-23-16-19-17.ids_1,2,13110,13200,watch_video,54
9,vp9/run1b_2018-05-23-16-19-17.ids_1,2,13200,13290,watch_video,55
9,vp9/run1b_2018-05-23-16-19-17.ids_1,2,13290,13380,watch_video,56
9,vp9/run1b_2018-05-23-16-19-17.ids_1,2,13380,13470,watch_video,57
9,vp9/run1b_2018-05-23-16-19-17.ids_1,2,13470,13560,watch_video,58
9,vp9/run1b_2018-05-23-16-19-17.ids_1,2,13560,13650,watch_video,59
9,vp9/run1b_2018-05-23-16-19-17.ids_1,2,13650,13740,watch_video,60
9,vp9/run1b_2018-05-23-16-19-17.ids_1,2,13740,13748,watch_video,61
9,vp9/run1b_2018-05-23-16-19-17.ids_1,3,13950,14040,read_write_newspaper,0
9,vp9/run1b_2018-05-23-16-19-17.ids_1,3,14040,14130,read_write_newspaper,1
9,vp9/run1b_2018-05-23-16-19-17.ids_1,3,14130,14220,read_write_newspaper,2
9,vp9/run1b_2018-05-23-16-19-17.ids_1,3,14220,14310,read_write_newspaper,3
9,vp9/run1b_2018-05-23-16-19-17.ids_1,3,14310,14400,read_write_newspaper,4
9,vp9/run1b_2018-05-23-16-19-17.ids_1,3,14400,14490,read_write_newspaper,5
9,vp9/run1b_2018-05-23-16-19-17.ids_1,3,14490,14580,read_write_newspaper,6
9,vp9/run1b_2018-05-23-16-19-17.ids_1,3,14580,14670,read_write_newspaper,7
9,vp9/run1b_2018-05-23-16-19-17.ids_1,3,14670,14760,read_write_newspaper,8
9,vp9/run1b_2018-05-23-16-19-17.ids_1,3,14760,14850,read_write_newspaper,9
9,vp9/run1b_2018-05-23-16-19-17.ids_1,3,14850,14940,read_write_newspaper,10
9,vp9/run1b_2018-05-23-16-19-17.ids_1,3,14940,15030,read_write_newspaper,11
9,vp9/run1b_2018-05-23-16-19-17.ids_1,3,15030,15120,read_write_newspaper,12
9,vp9/run1b_2018-05-23-16-19-17.ids_1,3,15120,15210,read_write_newspaper,13
9,vp9/run1b_2018-05-23-16-19-17.ids_1,3,15210,15300,read_write_newspaper,14
9,vp9/run1b_2018-05-23-16-19-17.ids_1,3,15300,15390,read_write_newspaper,15
9,vp9/run1b_2018-05-23-16-19-17.ids_1,3,15390,15480,read_write_newspaper,16
9,vp9/run1b_2018-05-23-16-19-17.ids_1,3,15480,15570,read_write_newspaper,17
9,vp9/run1b_2018-05-23-16-19-17.ids_1,3,15570,15660,read_write_newspaper,18
9,vp9/run1b_2018-05-23-16-19-17.ids_1,3,15660,15750,read_write_newspaper,19
9,vp9/run1b_2018-05-23-16-19-17.ids_1,3,15750,15840,read_write_newspaper,20
9,vp9/run1b_2018-05-23-16-19-17.ids_1,3,15840,15930,read_write_newspaper,21
9,vp9/run1b_2018-05-23-16-19-17.ids_1,3,15930,16020,read_write_newspaper,22
9,vp9/run1b_2018-05-23-16-19-17.ids_1,3,16020,16110,read_write_newspaper,23
9,vp9/run1b_2018-05-23-16-19-17.ids_1,3,16110,16200,read_write_newspaper,24
9,vp9/run1b_2018-05-23-16-19-17.ids_1,3,16200,16290,read_write_newspaper,25
9,vp9/run1b_2018-05-23-16-19-17.ids_1,3,16290,16380,read_write_newspaper,26
9,vp9/run1b_2018-05-23-16-19-17.ids_1,3,16380,16470,read_write_newspaper,27
9,vp9/run1b_2018-05-23-16-19-17.ids_1,3,16470,16478,read_write_newspaper,28
9,vp9/run1b_2018-05-23-16-19-17.ids_1,4,17340,17430,put_on_sunglasses,0
9,vp9/run1b_2018-05-23-16-19-17.ids_1,4,17430,17520,put_on_sunglasses,1
9,vp9/run1b_2018-05-23-16-19-17.ids_1,4,17520,17610,put_on_sunglasses,2
9,vp9/run1b_2018-05-23-16-19-17.ids_1,4,17610,17700,put_on_sunglasses,3
9,vp9/run1b_2018-05-23-16-19-17.ids_1,4,17700,17790,put_on_sunglasses,4
9,vp9/run1b_2018-05-23-16-19-17.ids_1,4,17790,17880,put_on_sunglasses,5
9,vp9/run1b_2018-05-23-16-19-17.ids_1,4,17880,17970,put_on_sunglasses,6
9,vp9/run1b_2018-05-23-16-19-17.ids_1,4,17970,18060,put_on_sunglasses,7
9,vp9/run1b_2018-05-23-16-19-17.ids_1,4,18060,18150,put_on_sunglasses,8
9,vp9/run1b_2018-05-23-16-19-17.ids_1,4,18150,18240,put_on_sunglasses,9
9,vp9/run1b_2018-05-23-16-19-17.ids_1,4,18240,18330,put_on_sunglasses,10
9,vp9/run1b_2018-05-23-16-19-17.ids_1,4,18330,18420,put_on_sunglasses,11
9,vp9/run1b_2018-05-23-16-19-17.ids_1,4,18420,18458,put_on_sunglasses,12
9,vp9/run1b_2018-05-23-16-19-17.ids_1,5,18660,18750,take_off_sunglasses,0
9,vp9/run1b_2018-05-23-16-19-17.ids_1,5,18750,18840,take_off_sunglasses,1
9,vp9/run1b_2018-05-23-16-19-17.ids_1,5,18840,18930,take_off_sunglasses,2
9,vp9/run1b_2018-05-23-16-19-17.ids_1,5,18930,18968,take_off_sunglasses,3
9,vp9/run1b_2018-05-23-16-19-17.ids_1,6,19320,19410,read_write_magazine,0
9,vp9/run1b_2018-05-23-16-19-17.ids_1,6,19410,19500,read_write_magazine,1
9,vp9/run1b_2018-05-23-16-19-17.ids_1,6,19500,19590,read_write_magazine,2
9,vp9/run1b_2018-05-23-16-19-17.ids_1,6,19590,19680,read_write_magazine,3
9,vp9/run1b_2018-05-23-16-19-17.ids_1,6,19680,19770,read_write_magazine,4
9,vp9/run1b_2018-05-23-16-19-17.ids_1,6,19770,19860,read_write_magazine,5
9,vp9/run1b_2018-05-23-16-19-17.ids_1,6,19860,19950,read_write_magazine,6
9,vp9/run1b_2018-05-23-16-19-17.ids_1,6,19950,20040,read_write_magazine,7
9,vp9/run1b_2018-05-23-16-19-17.ids_1,6,20040,20130,read_write_magazine,8
9,vp9/run1b_2018-05-23-16-19-17.ids_1,6,20130,20220,read_write_magazine,9
9,vp9/run1b_2018-05-23-16-19-17.ids_1,6,20220,20310,read_write_magazine,10
9,vp9/run1b_2018-05-23-16-19-17.ids_1,6,20310,20400,read_write_magazine,11
9,vp9/run1b_2018-05-23-16-19-17.ids_1,6,20400,20490,read_write_magazine,12
9,vp9/run1b_2018-05-23-16-19-17.ids_1,6,20490,20580,read_write_magazine,13
9,vp9/run1b_2018-05-23-16-19-17.ids_1,6,20580,20670,read_write_magazine,14
9,vp9/run1b_2018-05-23-16-19-17.ids_1,6,20670,20760,read_write_magazine,15
9,vp9/run1b_2018-05-23-16-19-17.ids_1,6,20760,20850,read_write_magazine,16
9,vp9/run1b_2018-05-23-16-19-17.ids_1,6,20850,20940,read_write_magazine,17
9,vp9/run1b_2018-05-23-16-19-17.ids_1,6,20940,21030,read_write_magazine,18
9,vp9/run1b_2018-05-23-16-19-17.ids_1,6,21030,21120,read_write_magazine,19
9,vp9/run1b_2018-05-23-16-19-17.ids_1,6,21120,21210,read_write_magazine,20
9,vp9/run1b_2018-05-23-16-19-17.ids_1,6,21210,21300,read_write_magazine,21
9,vp9/run1b_2018-05-23-16-19-17.ids_1,6,21300,21390,read_write_magazine,22
9,vp9/run1b_2018-05-23-16-19-17.ids_1,6,21390,21480,read_write_magazine,23
9,vp9/run1b_2018-05-23-16-19-17.ids_1,6,21480,21570,read_write_magazine,24
9,vp9/run1b_2018-05-23-16-19-17.ids_1,6,21570,21660,read_write_magazine,25
9,vp9/run1b_2018-05-23-16-19-17.ids_1,6,21660,21668,read_write_magazine,26
9,vp9/run1b_2018-05-23-16-19-17.ids_1,7,22410,22500,eat_drink,0
9,vp9/run1b_2018-05-23-16-19-17.ids_1,7,22500,22590,eat_drink,1
9,vp9/run1b_2018-05-23-16-19-17.ids_1,7,22590,22680,eat_drink,2
9,vp9/run1b_2018-05-23-16-19-17.ids_1,7,22680,22770,eat_drink,3
9,vp9/run1b_2018-05-23-16-19-17.ids_1,7,22770,22860,eat_drink,4
9,vp9/run1b_2018-05-23-16-19-17.ids_1,7,22860,22950,eat_drink,5
9,vp9/run1b_2018-05-23-16-19-17.ids_1,7,22950,23040,eat_drink,6
9,vp9/run1b_2018-05-23-16-19-17.ids_1,7,23040,23130,eat_drink,7
9,vp9/run1b_2018-05-23-16-19-17.ids_1,7,23130,23220,eat_drink,8
9,vp9/run1b_2018-05-23-16-19-17.ids_1,7,23220,23310,eat_drink,9
9,vp9/run1b_2018-05-23-16-19-17.ids_1,7,23310,23400,eat_drink,10
9,vp9/run1b_2018-05-23-16-19-17.ids_1,7,23400,23490,eat_drink,11
9,vp9/run1b_2018-05-23-16-19-17.ids_1,7,23490,23580,eat_drink,12
9,vp9/run1b_2018-05-23-16-19-17.ids_1,7,23580,23670,eat_drink,13
9,vp9/run1b_2018-05-23-16-19-17.ids_1,7,23670,23708,eat_drink,14
9,vp9/run1b_2018-05-23-16-19-17.ids_1,8,24480,24570,work,0
9,vp9/run1b_2018-05-23-16-19-17.ids_1,8,24570,24660,work,1
9,vp9/run1b_2018-05-23-16-19-17.ids_1,8,24660,24750,work,2
9,vp9/run1b_2018-05-23-16-19-17.ids_1,8,24750,24840,work,3
9,vp9/run1b_2018-05-23-16-19-17.ids_1,8,24840,24930,work,4
9,vp9/run1b_2018-05-23-16-19-17.ids_1,8,24930,25020,work,5
9,vp9/run1b_2018-05-23-16-19-17.ids_1,8,25020,25110,work,6
9,vp9/run1b_2018-05-23-16-19-17.ids_1,8,25110,25200,work,7
9,vp9/run1b_2018-05-23-16-19-17.ids_1,8,25200,25290,work,8
9,vp9/run1b_2018-05-23-16-19-17.ids_1,8,25290,25380,work,9
9,vp9/run1b_2018-05-23-16-19-17.ids_1,8,25380,25470,work,10
9,vp9/run1b_2018-05-23-16-19-17.ids_1,8,25470,25560,work,11
9,vp9/run1b_2018-05-23-16-19-17.ids_1,8,25560,25650,work,12
9,vp9/run1b_2018-05-23-16-19-17.ids_1,8,25650,25740,work,13
9,vp9/run1b_2018-05-23-16-19-17.ids_1,8,25740,25830,work,14
9,vp9/run1b_2018-05-23-16-19-17.ids_1,8,25830,25920,work,15
9,vp9/run1b_2018-05-23-16-19-17.ids_1,8,25920,26010,work,16
9,vp9/run1b_2018-05-23-16-19-17.ids_1,8,26010,26100,work,17
9,vp9/run1b_2018-05-23-16-19-17.ids_1,8,26100,26190,work,18
9,vp9/run1b_2018-05-23-16-19-17.ids_1,8,26190,26280,work,19
9,vp9/run1b_2018-05-23-16-19-17.ids_1,8,26280,26370,work,20
9,vp9/run1b_2018-05-23-16-19-17.ids_1,8,26370,26460,work,21
9,vp9/run1b_2018-05-23-16-19-17.ids_1,8,26460,26550,work,22
9,vp9/run1b_2018-05-23-16-19-17.ids_1,8,26550,26640,work,23
9,vp9/run1b_2018-05-23-16-19-17.ids_1,8,26640,26730,work,24
9,vp9/run1b_2018-05-23-16-19-17.ids_1,8,26730,26820,work,25
9,vp9/run1b_2018-05-23-16-19-17.ids_1,8,26820,26910,work,26
9,vp9/run1b_2018-05-23-16-19-17.ids_1,8,26910,27000,work,27
9,vp9/run1b_2018-05-23-16-19-17.ids_1,8,27000,27090,work,28
9,vp9/run1b_2018-05-23-16-19-17.ids_1,8,27090,27180,work,29
9,vp9/run1b_2018-05-23-16-19-17.ids_1,8,27180,27270,work,30
9,vp9/run1b_2018-05-23-16-19-17.ids_1,8,27270,27360,work,31
9,vp9/run1b_2018-05-23-16-19-17.ids_1,8,27360,27450,work,32
9,vp9/run1b_2018-05-23-16-19-17.ids_1,8,27450,27540,work,33
9,vp9/run1b_2018-05-23-16-19-17.ids_1,8,27540,27630,work,34
9,vp9/run1b_2018-05-23-16-19-17.ids_1,8,27630,27720,work,35
9,vp9/run1b_2018-05-23-16-19-17.ids_1,8,27720,27810,work,36
9,vp9/run1b_2018-05-23-16-19-17.ids_1,8,27810,27900,work,37
9,vp9/run1b_2018-05-23-16-19-17.ids_1,8,27900,27990,work,38
9,vp9/run1b_2018-05-23-16-19-17.ids_1,8,27990,28080,work,39
9,vp9/run1b_2018-05-23-16-19-17.ids_1,8,28080,28170,work,40
9,vp9/run1b_2018-05-23-16-19-17.ids_1,8,28170,28260,work,41
9,vp9/run1b_2018-05-23-16-19-17.ids_1,8,28260,28350,work,42
9,vp9/run1b_2018-05-23-16-19-17.ids_1,8,28350,28440,work,43
9,vp9/run1b_2018-05-23-16-19-17.ids_1,8,28440,28530,work,44
9,vp9/run1b_2018-05-23-16-19-17.ids_1,8,28530,28620,work,45
9,vp9/run1b_2018-05-23-16-19-17.ids_1,8,28620,28710,work,46
9,vp9/run1b_2018-05-23-16-19-17.ids_1,8,28710,28800,work,47
9,vp9/run1b_2018-05-23-16-19-17.ids_1,8,28800,28808,work,48
9,vp9/run1b_2018-05-23-16-19-17.ids_1,9,29010,29100,put_on_jacket,0
9,vp9/run1b_2018-05-23-16-19-17.ids_1,9,29100,29190,put_on_jacket,1
9,vp9/run1b_2018-05-23-16-19-17.ids_1,9,29190,29280,put_on_jacket,2
9,vp9/run1b_2018-05-23-16-19-17.ids_1,9,29280,29370,put_on_jacket,3
9,vp9/run1b_2018-05-23-16-19-17.ids_1,9,29370,29460,put_on_jacket,4
9,vp9/run1b_2018-05-23-16-19-17.ids_1,9,29460,29550,put_on_jacket,5
9,vp9/run1b_2018-05-23-16-19-17.ids_1,9,29550,29640,put_on_jacket,6
9,vp9/run1b_2018-05-23-16-19-17.ids_1,9,29640,29730,put_on_jacket,7
9,vp9/run1b_2018-05-23-16-19-17.ids_1,9,29730,29820,put_on_jacket,8
9,vp9/run1b_2018-05-23-16-19-17.ids_1,9,29820,29910,put_on_jacket,9
9,vp9/run1b_2018-05-23-16-19-17.ids_1,9,29910,30000,put_on_jacket,10
9,vp9/run1b_2018-05-23-16-19-17.ids_1,9,30000,30090,put_on_jacket,11
9,vp9/run1b_2018-05-23-16-19-17.ids_1,9,30090,30158,put_on_jacket,12
10,vp10/run1_2018-05-24-13-14-41.ids_1,0,0,90,fasten_seat_belt,0
10,vp10/run1_2018-05-24-13-14-41.ids_1,0,90,180,fasten_seat_belt,1
10,vp10/run1_2018-05-24-13-14-41.ids_1,0,180,270,fasten_seat_belt,2
10,vp10/run1_2018-05-24-13-14-41.ids_1,0,270,360,fasten_seat_belt,3
10,vp10/run1_2018-05-24-13-14-41.ids_1,0,360,450,fasten_seat_belt,4
10,vp10/run1_2018-05-24-13-14-41.ids_1,0,450,540,fasten_seat_belt,5
10,vp10/run1_2018-05-24-13-14-41.ids_1,0,540,630,fasten_seat_belt,6
10,vp10/run1_2018-05-24-13-14-41.ids_1,0,630,720,fasten_seat_belt,7
10,vp10/run1_2018-05-24-13-14-41.ids_1,0,720,810,fasten_seat_belt,8
10,vp10/run1_2018-05-24-13-14-41.ids_1,0,810,900,fasten_seat_belt,9
10,vp10/run1_2018-05-24-13-14-41.ids_1,0,900,990,fasten_seat_belt,10
10,vp10/run1_2018-05-24-13-14-41.ids_1,0,990,1080,fasten_seat_belt,11
10,vp10/run1_2018-05-24-13-14-41.ids_1,0,1080,1170,fasten_seat_belt,12
10,vp10/run1_2018-05-24-13-14-41.ids_1,0,1170,1260,fasten_seat_belt,13
10,vp10/run1_2018-05-24-13-14-41.ids_1,0,1260,1350,fasten_seat_belt,14
10,vp10/run1_2018-05-24-13-14-41.ids_1,0,1350,1440,fasten_seat_belt,15
10,vp10/run1_2018-05-24-13-14-41.ids_1,0,1440,1530,fasten_seat_belt,16
10,vp10/run1_2018-05-24-13-14-41.ids_1,0,1530,1620,fasten_seat_belt,17
10,vp10/run1_2018-05-24-13-14-41.ids_1,0,1620,1710,fasten_seat_belt,18
10,vp10/run1_2018-05-24-13-14-41.ids_1,0,1710,1800,fasten_seat_belt,19
10,vp10/run1_2018-05-24-13-14-41.ids_1,0,1800,1890,fasten_seat_belt,20
10,vp10/run1_2018-05-24-13-14-41.ids_1,0,1890,1980,fasten_seat_belt,21
10,vp10/run1_2018-05-24-13-14-41.ids_1,0,1980,2070,fasten_seat_belt,22
10,vp10/run1_2018-05-24-13-14-41.ids_1,0,2070,2160,fasten_seat_belt,23
10,vp10/run1_2018-05-24-13-14-41.ids_1,0,2160,2250,fasten_seat_belt,24
10,vp10/run1_2018-05-24-13-14-41.ids_1,0,2250,2340,fasten_seat_belt,25
10,vp10/run1_2018-05-24-13-14-41.ids_1,0,2340,2430,fasten_seat_belt,26
10,vp10/run1_2018-05-24-13-14-41.ids_1,0,2430,2499,fasten_seat_belt,27
10,vp10/run1_2018-05-24-13-14-41.ids_1,1,7890,7980,hand_over,0
10,vp10/run1_2018-05-24-13-14-41.ids_1,1,7980,8070,hand_over,1
10,vp10/run1_2018-05-24-13-14-41.ids_1,1,8070,8160,hand_over,2
10,vp10/run1_2018-05-24-13-14-41.ids_1,1,8160,8250,hand_over,3
10,vp10/run1_2018-05-24-13-14-41.ids_1,1,8250,8259,hand_over,4
10,vp10/run1_2018-05-24-13-14-41.ids_1,2,8730,8820,eat_drink,0
10,vp10/run1_2018-05-24-13-14-41.ids_1,2,8820,8910,eat_drink,1
10,vp10/run1_2018-05-24-13-14-41.ids_1,2,8910,9000,eat_drink,2
10,vp10/run1_2018-05-24-13-14-41.ids_1,2,9000,9090,eat_drink,3
10,vp10/run1_2018-05-24-13-14-41.ids_1,2,9090,9180,eat_drink,4
10,vp10/run1_2018-05-24-13-14-41.ids_1,2,9180,9270,eat_drink,5
10,vp10/run1_2018-05-24-13-14-41.ids_1,2,9270,9360,eat_drink,6
10,vp10/run1_2018-05-24-13-14-41.ids_1,2,9360,9450,eat_drink,7
10,vp10/run1_2018-05-24-13-14-41.ids_1,2,9450,9540,eat_drink,8
10,vp10/run1_2018-05-24-13-14-41.ids_1,2,9540,9630,eat_drink,9
10,vp10/run1_2018-05-24-13-14-41.ids_1,2,9630,9720,eat_drink,10
10,vp10/run1_2018-05-24-13-14-41.ids_1,2,9720,9810,eat_drink,11
10,vp10/run1_2018-05-24-13-14-41.ids_1,2,9810,9900,eat_drink,12
10,vp10/run1_2018-05-24-13-14-41.ids_1,2,9900,9990,eat_drink,13
10,vp10/run1_2018-05-24-13-14-41.ids_1,2,9990,10080,eat_drink,14
10,vp10/run1_2018-05-24-13-14-41.ids_1,2,10080,10170,eat_drink,15
10,vp10/run1_2018-05-24-13-14-41.ids_1,2,10170,10260,eat_drink,16
10,vp10/run1_2018-05-24-13-14-41.ids_1,2,10260,10350,eat_drink,17
10,vp10/run1_2018-05-24-13-14-41.ids_1,2,10350,10440,eat_drink,18
10,vp10/run1_2018-05-24-13-14-41.ids_1,2,10440,10530,eat_drink,19
10,vp10/run1_2018-05-24-13-14-41.ids_1,2,10530,10620,eat_drink,20
10,vp10/run1_2018-05-24-13-14-41.ids_1,2,10620,10710,eat_drink,21
10,vp10/run1_2018-05-24-13-14-41.ids_1,2,10710,10800,eat_drink,22
10,vp10/run1_2018-05-24-13-14-41.ids_1,2,10800,10809,eat_drink,23
10,vp10/run1_2018-05-24-13-14-41.ids_1,3,11010,11100,put_on_sunglasses,0
10,vp10/run1_2018-05-24-13-14-41.ids_1,3,11100,11190,put_on_sunglasses,1
10,vp10/run1_2018-05-24-13-14-41.ids_1,3,11190,11280,put_on_sunglasses,2
10,vp10/run1_2018-05-24-13-14-41.ids_1,3,11280,11370,put_on_sunglasses,3
10,vp10/run1_2018-05-24-13-14-41.ids_1,3,11370,11460,put_on_sunglasses,4
10,vp10/run1_2018-05-24-13-14-41.ids_1,3,11460,11550,put_on_sunglasses,5
10,vp10/run1_2018-05-24-13-14-41.ids_1,3,11550,11559,put_on_sunglasses,6
10,vp10/run1_2018-05-24-13-14-41.ids_1,4,12210,12300,read_write_magazine,0
10,vp10/run1_2018-05-24-13-14-41.ids_1,4,12300,12390,read_write_magazine,1
10,vp10/run1_2018-05-24-13-14-41.ids_1,4,12390,12480,read_write_magazine,2
10,vp10/run1_2018-05-24-13-14-41.ids_1,4,12480,12570,read_write_magazine,3
10,vp10/run1_2018-05-24-13-14-41.ids_1,4,12570,12660,read_write_magazine,4
10,vp10/run1_2018-05-24-13-14-41.ids_1,4,12660,12750,read_write_magazine,5
10,vp10/run1_2018-05-24-13-14-41.ids_1,4,12750,12840,read_write_magazine,6
10,vp10/run1_2018-05-24-13-14-41.ids_1,4,12840,12930,read_write_magazine,7
10,vp10/run1_2018-05-24-13-14-41.ids_1,4,12930,13020,read_write_magazine,8
10,vp10/run1_2018-05-24-13-14-41.ids_1,4,13020,13110,read_write_magazine,9
10,vp10/run1_2018-05-24-13-14-41.ids_1,4,13110,13200,read_write_magazine,10
10,vp10/run1_2018-05-24-13-14-41.ids_1,4,13200,13290,read_write_magazine,11
10,vp10/run1_2018-05-24-13-14-41.ids_1,4,13290,13380,read_write_magazine,12
10,vp10/run1_2018-05-24-13-14-41.ids_1,4,13380,13470,read_write_magazine,13
10,vp10/run1_2018-05-24-13-14-41.ids_1,4,13470,13560,read_write_magazine,14
10,vp10/run1_2018-05-24-13-14-41.ids_1,4,13560,13650,read_write_magazine,15
10,vp10/run1_2018-05-24-13-14-41.ids_1,4,13650,13740,read_write_magazine,16
10,vp10/run1_2018-05-24-13-14-41.ids_1,4,13740,13830,read_write_magazine,17
10,vp10/run1_2018-05-24-13-14-41.ids_1,4,13830,13920,read_write_magazine,18
10,vp10/run1_2018-05-24-13-14-41.ids_1,4,13920,14010,read_write_magazine,19
10,vp10/run1_2018-05-24-13-14-41.ids_1,4,14010,14100,read_write_magazine,20
10,vp10/run1_2018-05-24-13-14-41.ids_1,4,14100,14190,read_write_magazine,21
10,vp10/run1_2018-05-24-13-14-41.ids_1,4,14190,14280,read_write_magazine,22
10,vp10/run1_2018-05-24-13-14-41.ids_1,4,14280,14370,read_write_magazine,23
10,vp10/run1_2018-05-24-13-14-41.ids_1,4,14370,14460,read_write_magazine,24
10,vp10/run1_2018-05-24-13-14-41.ids_1,4,14460,14550,read_write_magazine,25
10,vp10/run1_2018-05-24-13-14-41.ids_1,4,14550,14640,read_write_magazine,26
10,vp10/run1_2018-05-24-13-14-41.ids_1,4,14640,14730,read_write_magazine,27
10,vp10/run1_2018-05-24-13-14-41.ids_1,4,14730,14820,read_write_magazine,28
10,vp10/run1_2018-05-24-13-14-41.ids_1,4,14820,14910,read_write_magazine,29
10,vp10/run1_2018-05-24-13-14-41.ids_1,4,14910,15000,read_write_magazine,30
10,vp10/run1_2018-05-24-13-14-41.ids_1,4,15000,15090,read_write_magazine,31
10,vp10/run1_2018-05-24-13-14-41.ids_1,4,15090,15129,read_write_magazine,32
10,vp10/run1_2018-05-24-13-14-41.ids_1,5,15750,15840,take_off_sunglasses,0
10,vp10/run1_2018-05-24-13-14-41.ids_1,5,15840,15930,take_off_sunglasses,1
10,vp10/run1_2018-05-24-13-14-41.ids_1,5,15930,16020,take_off_sunglasses,2
10,vp10/run1_2018-05-24-13-14-41.ids_1,5,16020,16110,take_off_sunglasses,3
10,vp10/run1_2018-05-24-13-14-41.ids_1,5,16110,16200,take_off_sunglasses,4
10,vp10/run1_2018-05-24-13-14-41.ids_1,5,16200,16290,take_off_sunglasses,5
10,vp10/run1_2018-05-24-13-14-41.ids_1,5,16290,16380,take_off_sunglasses,6
10,vp10/run1_2018-05-24-13-14-41.ids_1,5,16380,16470,take_off_sunglasses,7
10,vp10/run1_2018-05-24-13-14-41.ids_1,5,16470,16560,take_off_sunglasses,8
10,vp10/run1_2018-05-24-13-14-41.ids_1,5,16560,16650,take_off_sunglasses,9
10,vp10/run1_2018-05-24-13-14-41.ids_1,5,16650,16740,take_off_sunglasses,10
10,vp10/run1_2018-05-24-13-14-41.ids_1,5,16740,16830,take_off_sunglasses,11
10,vp10/run1_2018-05-24-13-14-41.ids_1,5,16830,16920,take_off_sunglasses,12
10,vp10/run1_2018-05-24-13-14-41.ids_1,5,16920,17010,take_off_sunglasses,13
10,vp10/run1_2018-05-24-13-14-41.ids_1,5,17010,17100,take_off_sunglasses,14
10,vp10/run1_2018-05-24-13-14-41.ids_1,5,17100,17190,take_off_sunglasses,15
10,vp10/run1_2018-05-24-13-14-41.ids_1,5,17190,17280,take_off_sunglasses,16
10,vp10/run1_2018-05-24-13-14-41.ids_1,5,17280,17370,take_off_sunglasses,17
10,vp10/run1_2018-05-24-13-14-41.ids_1,5,17370,17460,take_off_sunglasses,18
10,vp10/run1_2018-05-24-13-14-41.ids_1,5,17460,17550,take_off_sunglasses,19
10,vp10/run1_2018-05-24-13-14-41.ids_1,5,17550,17589,take_off_sunglasses,20
10,vp10/run1_2018-05-24-13-14-41.ids_1,6,18540,18630,put_on_jacket,0
10,vp10/run1_2018-05-24-13-14-41.ids_1,6,18630,18720,put_on_jacket,1
10,vp10/run1_2018-05-24-13-14-41.ids_1,6,18720,18810,put_on_jacket,2
10,vp10/run1_2018-05-24-13-14-41.ids_1,6,18810,18900,put_on_jacket,3
10,vp10/run1_2018-05-24-13-14-41.ids_1,6,18900,18990,put_on_jacket,4
10,vp10/run1_2018-05-24-13-14-41.ids_1,6,18990,19080,put_on_jacket,5
10,vp10/run1_2018-05-24-13-14-41.ids_1,6,19080,19170,put_on_jacket,6
10,vp10/run1_2018-05-24-13-14-41.ids_1,6,19170,19260,put_on_jacket,7
10,vp10/run1_2018-05-24-13-14-41.ids_1,6,19260,19350,put_on_jacket,8
10,vp10/run1_2018-05-24-13-14-41.ids_1,6,19350,19440,put_on_jacket,9
10,vp10/run1_2018-05-24-13-14-41.ids_1,6,19440,19479,put_on_jacket,10
10,vp10/run1_2018-05-24-13-14-41.ids_1,7,22500,22590,work,0
10,vp10/run1_2018-05-24-13-14-41.ids_1,7,22590,22680,work,1
10,vp10/run1_2018-05-24-13-14-41.ids_1,7,22680,22770,work,2
10,vp10/run1_2018-05-24-13-14-41.ids_1,7,22770,22860,work,3
10,vp10/run1_2018-05-24-13-14-41.ids_1,7,22860,22950,work,4
10,vp10/run1_2018-05-24-13-14-41.ids_1,7,22950,23040,work,5
10,vp10/run1_2018-05-24-13-14-41.ids_1,7,23040,23130,work,6
10,vp10/run1_2018-05-24-13-14-41.ids_1,7,23130,23220,work,7
10,vp10/run1_2018-05-24-13-14-41.ids_1,7,23220,23310,work,8
10,vp10/run1_2018-05-24-13-14-41.ids_1,7,23310,23400,work,9
10,vp10/run1_2018-05-24-13-14-41.ids_1,7,23400,23490,work,10
10,vp10/run1_2018-05-24-13-14-41.ids_1,7,23490,23580,work,11
10,vp10/run1_2018-05-24-13-14-41.ids_1,7,23580,23670,work,12
10,vp10/run1_2018-05-24-13-14-41.ids_1,7,23670,23760,work,13
10,vp10/run1_2018-05-24-13-14-41.ids_1,7,23760,23850,work,14
10,vp10/run1_2018-05-24-13-14-41.ids_1,7,23850,23940,work,15
10,vp10/run1_2018-05-24-13-14-41.ids_1,7,23940,24030,work,16
10,vp10/run1_2018-05-24-13-14-41.ids_1,7,24030,24120,work,17
10,vp10/run1_2018-05-24-13-14-41.ids_1,7,24120,24210,work,18
10,vp10/run1_2018-05-24-13-14-41.ids_1,7,24210,24300,work,19
10,vp10/run1_2018-05-24-13-14-41.ids_1,7,24300,24390,work,20
10,vp10/run1_2018-05-24-13-14-41.ids_1,7,24390,24480,work,21
10,vp10/run1_2018-05-24-13-14-41.ids_1,7,24480,24570,work,22
10,vp10/run1_2018-05-24-13-14-41.ids_1,7,24570,24660,work,23
10,vp10/run1_2018-05-24-13-14-41.ids_1,7,24660,24750,work,24
10,vp10/run1_2018-05-24-13-14-41.ids_1,7,24750,24840,work,25
10,vp10/run1_2018-05-24-13-14-41.ids_1,7,24840,24930,work,26
10,vp10/run1_2018-05-24-13-14-41.ids_1,7,24930,25020,work,27
10,vp10/run1_2018-05-24-13-14-41.ids_1,7,25020,25110,work,28
10,vp10/run1_2018-05-24-13-14-41.ids_1,7,25110,25200,work,29
10,vp10/run1_2018-05-24-13-14-41.ids_1,7,25200,25290,work,30
10,vp10/run1_2018-05-24-13-14-41.ids_1,7,25290,25380,work,31
10,vp10/run1_2018-05-24-13-14-41.ids_1,7,25380,25470,work,32
10,vp10/run1_2018-05-24-13-14-41.ids_1,7,25470,25560,work,33
10,vp10/run1_2018-05-24-13-14-41.ids_1,7,25560,25650,work,34
10,vp10/run1_2018-05-24-13-14-41.ids_1,7,25650,25740,work,35
10,vp10/run1_2018-05-24-13-14-41.ids_1,7,25740,25830,work,36
10,vp10/run1_2018-05-24-13-14-41.ids_1,7,25830,25920,work,37
10,vp10/run1_2018-05-24-13-14-41.ids_1,7,25920,26010,work,38
10,vp10/run1_2018-05-24-13-14-41.ids_1,7,26010,26100,work,39
10,vp10/run1_2018-05-24-13-14-41.ids_1,7,26100,26190,work,40
10,vp10/run1_2018-05-24-13-14-41.ids_1,7,26190,26280,work,41
10,vp10/run1_2018-05-24-13-14-41.ids_1,7,26280,26370,work,42
10,vp10/run1_2018-05-24-13-14-41.ids_1,7,26370,26379,work,43
10,vp10/run1_2018-05-24-13-14-41.ids_1,8,26580,26670,take_off_jacket,0
10,vp10/run1_2018-05-24-13-14-41.ids_1,8,26670,26760,take_off_jacket,1
10,vp10/run1_2018-05-24-13-14-41.ids_1,8,26760,26850,take_off_jacket,2
10,vp10/run1_2018-05-24-13-14-41.ids_1,8,26850,26940,take_off_jacket,3
10,vp10/run1_2018-05-24-13-14-41.ids_1,8,26940,27030,take_off_jacket,4
10,vp10/run1_2018-05-24-13-14-41.ids_1,8,27030,27120,take_off_jacket,5
10,vp10/run1_2018-05-24-13-14-41.ids_1,8,27120,27210,take_off_jacket,6
10,vp10/run1_2018-05-24-13-14-41.ids_1,8,27210,27300,take_off_jacket,7
10,vp10/run1_2018-05-24-13-14-41.ids_1,8,27300,27390,take_off_jacket,8
10,vp10/run1_2018-05-24-13-14-41.ids_1,8,27390,27480,take_off_jacket,9
10,vp10/run1_2018-05-24-13-14-41.ids_1,8,27480,27570,take_off_jacket,10
10,vp10/run1_2018-05-24-13-14-41.ids_1,8,27570,27579,take_off_jacket,11
10,vp10/run1_2018-05-24-13-14-41.ids_1,9,28260,28350,watch_video,0
10,vp10/run1_2018-05-24-13-14-41.ids_1,9,28350,28440,watch_video,1
10,vp10/run1_2018-05-24-13-14-41.ids_1,9,28440,28530,watch_video,2
10,vp10/run1_2018-05-24-13-14-41.ids_1,9,28530,28620,watch_video,3
10,vp10/run1_2018-05-24-13-14-41.ids_1,9,28620,28710,watch_video,4
10,vp10/run1_2018-05-24-13-14-41.ids_1,9,28710,28800,watch_video,5
10,vp10/run1_2018-05-24-13-14-41.ids_1,9,28800,28890,watch_video,6
10,vp10/run1_2018-05-24-13-14-41.ids_1,9,28890,28980,watch_video,7
10,vp10/run1_2018-05-24-13-14-41.ids_1,9,28980,29070,watch_video,8
10,vp10/run1_2018-05-24-13-14-41.ids_1,9,29070,29160,watch_video,9
10,vp10/run1_2018-05-24-13-14-41.ids_1,9,29160,29250,watch_video,10
10,vp10/run1_2018-05-24-13-14-41.ids_1,9,29250,29340,watch_video,11
10,vp10/run1_2018-05-24-13-14-41.ids_1,9,29340,29430,watch_video,12
10,vp10/run1_2018-05-24-13-14-41.ids_1,9,29430,29520,watch_video,13
10,vp10/run1_2018-05-24-13-14-41.ids_1,9,29520,29610,watch_video,14
10,vp10/run1_2018-05-24-13-14-41.ids_1,9,29610,29700,watch_video,15
10,vp10/run1_2018-05-24-13-14-41.ids_1,9,29700,29790,watch_video,16
10,vp10/run1_2018-05-24-13-14-41.ids_1,9,29790,29880,watch_video,17
10,vp10/run1_2018-05-24-13-14-41.ids_1,9,29880,29970,watch_video,18
10,vp10/run1_2018-05-24-13-14-41.ids_1,9,29970,30060,watch_video,19
10,vp10/run1_2018-05-24-13-14-41.ids_1,9,30060,30150,watch_video,20
10,vp10/run1_2018-05-24-13-14-41.ids_1,9,30150,30240,watch_video,21
10,vp10/run1_2018-05-24-13-14-41.ids_1,9,30240,30330,watch_video,22
10,vp10/run1_2018-05-24-13-14-41.ids_1,9,30330,30420,watch_video,23
10,vp10/run1_2018-05-24-13-14-41.ids_1,9,30420,30510,watch_video,24
10,vp10/run1_2018-05-24-13-14-41.ids_1,9,30510,30600,watch_video,25
10,vp10/run1_2018-05-24-13-14-41.ids_1,9,30600,30690,watch_video,26
10,vp10/run1_2018-05-24-13-14-41.ids_1,9,30690,30780,watch_video,27
10,vp10/run1_2018-05-24-13-14-41.ids_1,9,30780,30870,watch_video,28
10,vp10/run1_2018-05-24-13-14-41.ids_1,9,30870,30960,watch_video,29
10,vp10/run1_2018-05-24-13-14-41.ids_1,9,30960,31050,watch_video,30
10,vp10/run1_2018-05-24-13-14-41.ids_1,9,31050,31140,watch_video,31
10,vp10/run1_2018-05-24-13-14-41.ids_1,9,31140,31230,watch_video,32
10,vp10/run1_2018-05-24-13-14-41.ids_1,9,31230,31320,watch_video,33
10,vp10/run1_2018-05-24-13-14-41.ids_1,9,31320,31410,watch_video,34
10,vp10/run1_2018-05-24-13-14-41.ids_1,9,31410,31500,watch_video,35
10,vp10/run1_2018-05-24-13-14-41.ids_1,9,31500,31590,watch_video,36
10,vp10/run1_2018-05-24-13-14-41.ids_1,9,31590,31680,watch_video,37
10,vp10/run1_2018-05-24-13-14-41.ids_1,9,31680,31770,watch_video,38
10,vp10/run1_2018-05-24-13-14-41.ids_1,9,31770,31860,watch_video,39
10,vp10/run1_2018-05-24-13-14-41.ids_1,9,31860,31950,watch_video,40
10,vp10/run1_2018-05-24-13-14-41.ids_1,9,31950,32040,watch_video,41
10,vp10/run1_2018-05-24-13-14-41.ids_1,9,32040,32130,watch_video,42
10,vp10/run1_2018-05-24-13-14-41.ids_1,9,32130,32220,watch_video,43
10,vp10/run1_2018-05-24-13-14-41.ids_1,9,32220,32310,watch_video,44
10,vp10/run1_2018-05-24-13-14-41.ids_1,9,32310,32400,watch_video,45
10,vp10/run1_2018-05-24-13-14-41.ids_1,9,32400,32490,watch_video,46
10,vp10/run1_2018-05-24-13-14-41.ids_1,9,32490,32580,watch_video,47
10,vp10/run1_2018-05-24-13-14-41.ids_1,9,32580,32670,watch_video,48
10,vp10/run1_2018-05-24-13-14-41.ids_1,9,32670,32760,watch_video,49
10,vp10/run1_2018-05-24-13-14-41.ids_1,9,32760,32850,watch_video,50
10,vp10/run1_2018-05-24-13-14-41.ids_1,9,32850,32940,watch_video,51
10,vp10/run1_2018-05-24-13-14-41.ids_1,9,32940,33030,watch_video,52
10,vp10/run1_2018-05-24-13-14-41.ids_1,9,33030,33120,watch_video,53
10,vp10/run1_2018-05-24-13-14-41.ids_1,9,33120,33210,watch_video,54
10,vp10/run1_2018-05-24-13-14-41.ids_1,9,33210,33300,watch_video,55
10,vp10/run1_2018-05-24-13-14-41.ids_1,9,33300,33390,watch_video,56
10,vp10/run1_2018-05-24-13-14-41.ids_1,9,33390,33480,watch_video,57
10,vp10/run1_2018-05-24-13-14-41.ids_1,9,33480,33570,watch_video,58
10,vp10/run1_2018-05-24-13-14-41.ids_1,9,33570,33660,watch_video,59
10,vp10/run1_2018-05-24-13-14-41.ids_1,9,33660,33750,watch_video,60
10,vp10/run1_2018-05-24-13-14-41.ids_1,9,33750,33840,watch_video,61
10,vp10/run1_2018-05-24-13-14-41.ids_1,9,33840,33930,watch_video,62
10,vp10/run1_2018-05-24-13-14-41.ids_1,9,33930,34020,watch_video,63
10,vp10/run1_2018-05-24-13-14-41.ids_1,9,34020,34110,watch_video,64
10,vp10/run1_2018-05-24-13-14-41.ids_1,9,34110,34200,watch_video,65
10,vp10/run1_2018-05-24-13-14-41.ids_1,9,34200,34290,watch_video,66
10,vp10/run1_2018-05-24-13-14-41.ids_1,9,34290,34380,watch_video,67
10,vp10/run1_2018-05-24-13-14-41.ids_1,9,34380,34470,watch_video,68
10,vp10/run1_2018-05-24-13-14-41.ids_1,9,34470,34560,watch_video,69
10,vp10/run1_2018-05-24-13-14-41.ids_1,9,34560,34650,watch_video,70
10,vp10/run1_2018-05-24-13-14-41.ids_1,9,34650,34740,watch_video,71
10,vp10/run1_2018-05-24-13-14-41.ids_1,9,34740,34830,watch_video,72
10,vp10/run1_2018-05-24-13-14-41.ids_1,9,34830,34920,watch_video,73
10,vp10/run1_2018-05-24-13-14-41.ids_1,9,34920,35010,watch_video,74
10,vp10/run1_2018-05-24-13-14-41.ids_1,9,35010,35100,watch_video,75
10,vp10/run1_2018-05-24-13-14-41.ids_1,9,35100,35190,watch_video,76
10,vp10/run1_2018-05-24-13-14-41.ids_1,9,35190,35280,watch_video,77
10,vp10/run1_2018-05-24-13-14-41.ids_1,9,35280,35370,watch_video,78
10,vp10/run1_2018-05-24-13-14-41.ids_1,9,35370,35460,watch_video,79
10,vp10/run1_2018-05-24-13-14-41.ids_1,9,35460,35550,watch_video,80
10,vp10/run1_2018-05-24-13-14-41.ids_1,9,35550,35640,watch_video,81
10,vp10/run1_2018-05-24-13-14-41.ids_1,9,35640,35730,watch_video,82
10,vp10/run1_2018-05-24-13-14-41.ids_1,9,35730,35820,watch_video,83
10,vp10/run1_2018-05-24-13-14-41.ids_1,9,35820,35910,watch_video,84
10,vp10/run1_2018-05-24-13-14-41.ids_1,9,35910,36000,watch_video,85
10,vp10/run1_2018-05-24-13-14-41.ids_1,9,36000,36090,watch_video,86
10,vp10/run1_2018-05-24-13-14-41.ids_1,9,36090,36180,watch_video,87
10,vp10/run1_2018-05-24-13-14-41.ids_1,9,36180,36270,watch_video,88
10,vp10/run1_2018-05-24-13-14-41.ids_1,9,36270,36360,watch_video,89
10,vp10/run1_2018-05-24-13-14-41.ids_1,9,36360,36450,watch_video,90
10,vp10/run1_2018-05-24-13-14-41.ids_1,9,36450,36489,watch_video,91
10,vp10/run1_2018-05-24-13-14-41.ids_1,10,36840,36930,read_write_newspaper,0
10,vp10/run1_2018-05-24-13-14-41.ids_1,10,36930,37020,read_write_newspaper,1
10,vp10/run1_2018-05-24-13-14-41.ids_1,10,37020,37110,read_write_newspaper,2
10,vp10/run1_2018-05-24-13-14-41.ids_1,10,37110,37200,read_write_newspaper,3
10,vp10/run1_2018-05-24-13-14-41.ids_1,10,37200,37290,read_write_newspaper,4
10,vp10/run1_2018-05-24-13-14-41.ids_1,10,37290,37380,read_write_newspaper,5
10,vp10/run1_2018-05-24-13-14-41.ids_1,10,37380,37470,read_write_newspaper,6
10,vp10/run1_2018-05-24-13-14-41.ids_1,10,37470,37560,read_write_newspaper,7
10,vp10/run1_2018-05-24-13-14-41.ids_1,10,37560,37650,read_write_newspaper,8
10,vp10/run1_2018-05-24-13-14-41.ids_1,10,37650,37740,read_write_newspaper,9
10,vp10/run1_2018-05-24-13-14-41.ids_1,10,37740,37830,read_write_newspaper,10
10,vp10/run1_2018-05-24-13-14-41.ids_1,10,37830,37920,read_write_newspaper,11
10,vp10/run1_2018-05-24-13-14-41.ids_1,10,37920,38010,read_write_newspaper,12
10,vp10/run1_2018-05-24-13-14-41.ids_1,10,38010,38100,read_write_newspaper,13
10,vp10/run1_2018-05-24-13-14-41.ids_1,10,38100,38190,read_write_newspaper,14
10,vp10/run1_2018-05-24-13-14-41.ids_1,10,38190,38280,read_write_newspaper,15
10,vp10/run1_2018-05-24-13-14-41.ids_1,10,38280,38370,read_write_newspaper,16
10,vp10/run1_2018-05-24-13-14-41.ids_1,10,38370,38460,read_write_newspaper,17
10,vp10/run1_2018-05-24-13-14-41.ids_1,10,38460,38550,read_write_newspaper,18
10,vp10/run1_2018-05-24-13-14-41.ids_1,10,38550,38640,read_write_newspaper,19
10,vp10/run1_2018-05-24-13-14-41.ids_1,10,38640,38730,read_write_newspaper,20
10,vp10/run1_2018-05-24-13-14-41.ids_1,10,38730,38820,read_write_newspaper,21
10,vp10/run1_2018-05-24-13-14-41.ids_1,10,38820,38910,read_write_newspaper,22
10,vp10/run1_2018-05-24-13-14-41.ids_1,10,38910,39000,read_write_newspaper,23
10,vp10/run1_2018-05-24-13-14-41.ids_1,10,39000,39090,read_write_newspaper,24
10,vp10/run1_2018-05-24-13-14-41.ids_1,10,39090,39180,read_write_newspaper,25
10,vp10/run1_2018-05-24-13-14-41.ids_1,10,39180,39270,read_write_newspaper,26
10,vp10/run1_2018-05-24-13-14-41.ids_1,10,39270,39360,read_write_newspaper,27
10,vp10/run1_2018-05-24-13-14-41.ids_1,10,39360,39450,read_write_newspaper,28
10,vp10/run1_2018-05-24-13-14-41.ids_1,10,39450,39519,read_write_newspaper,29
10,vp10/run1_2018-05-24-13-14-41.ids_1,11,40470,40560,final_task,0
10,vp10/run1_2018-05-24-13-14-41.ids_1,11,40560,40650,final_task,1
10,vp10/run1_2018-05-24-13-14-41.ids_1,11,40650,40740,final_task,2
10,vp10/run1_2018-05-24-13-14-41.ids_1,11,40740,40830,final_task,3
10,vp10/run1_2018-05-24-13-14-41.ids_1,11,40830,40920,final_task,4
10,vp10/run1_2018-05-24-13-14-41.ids_1,11,40920,41010,final_task,5
10,vp10/run1_2018-05-24-13-14-41.ids_1,11,41010,41100,final_task,6
10,vp10/run1_2018-05-24-13-14-41.ids_1,11,41100,41190,final_task,7
10,vp10/run1_2018-05-24-13-14-41.ids_1,11,41190,41280,final_task,8
10,vp10/run1_2018-05-24-13-14-41.ids_1,11,41280,41370,final_task,9
10,vp10/run1_2018-05-24-13-14-41.ids_1,11,41370,41460,final_task,10
10,vp10/run1_2018-05-24-13-14-41.ids_1,11,41460,41550,final_task,11
10,vp10/run1_2018-05-24-13-14-41.ids_1,11,41550,41640,final_task,12
10,vp10/run1_2018-05-24-13-14-41.ids_1,11,41640,41730,final_task,13
10,vp10/run1_2018-05-24-13-14-41.ids_1,11,41730,41820,final_task,14
10,vp10/run1_2018-05-24-13-14-41.ids_1,11,41820,41910,final_task,15
10,vp10/run1_2018-05-24-13-14-41.ids_1,11,41910,42000,final_task,16
10,vp10/run1_2018-05-24-13-14-41.ids_1,11,42000,42030,final_task,17
10,vp10/run2_2018-05-24-14-08-46.ids_1,0,0,90,fasten_seat_belt,0
10,vp10/run2_2018-05-24-14-08-46.ids_1,0,90,180,fasten_seat_belt,1
10,vp10/run2_2018-05-24-14-08-46.ids_1,0,180,270,fasten_seat_belt,2
10,vp10/run2_2018-05-24-14-08-46.ids_1,0,270,360,fasten_seat_belt,3
10,vp10/run2_2018-05-24-14-08-46.ids_1,0,360,450,fasten_seat_belt,4
10,vp10/run2_2018-05-24-14-08-46.ids_1,0,450,540,fasten_seat_belt,5
10,vp10/run2_2018-05-24-14-08-46.ids_1,0,540,630,fasten_seat_belt,6
10,vp10/run2_2018-05-24-14-08-46.ids_1,0,630,720,fasten_seat_belt,7
10,vp10/run2_2018-05-24-14-08-46.ids_1,0,720,789,fasten_seat_belt,8
10,vp10/run2_2018-05-24-14-08-46.ids_1,1,6210,6300,hand_over,0
10,vp10/run2_2018-05-24-14-08-46.ids_1,1,6300,6390,hand_over,1
10,vp10/run2_2018-05-24-14-08-46.ids_1,1,6390,6480,hand_over,2
10,vp10/run2_2018-05-24-14-08-46.ids_1,1,6480,6519,hand_over,3
10,vp10/run2_2018-05-24-14-08-46.ids_1,2,9570,9660,watch_video,0
10,vp10/run2_2018-05-24-14-08-46.ids_1,2,9660,9750,watch_video,1
10,vp10/run2_2018-05-24-14-08-46.ids_1,2,9750,9840,watch_video,2
10,vp10/run2_2018-05-24-14-08-46.ids_1,2,9840,9930,watch_video,3
10,vp10/run2_2018-05-24-14-08-46.ids_1,2,9930,10020,watch_video,4
10,vp10/run2_2018-05-24-14-08-46.ids_1,2,10020,10110,watch_video,5
10,vp10/run2_2018-05-24-14-08-46.ids_1,2,10110,10200,watch_video,6
10,vp10/run2_2018-05-24-14-08-46.ids_1,2,10200,10290,watch_video,7
10,vp10/run2_2018-05-24-14-08-46.ids_1,2,10290,10380,watch_video,8
10,vp10/run2_2018-05-24-14-08-46.ids_1,2,10380,10470,watch_video,9
10,vp10/run2_2018-05-24-14-08-46.ids_1,2,10470,10560,watch_video,10
10,vp10/run2_2018-05-24-14-08-46.ids_1,2,10560,10650,watch_video,11
10,vp10/run2_2018-05-24-14-08-46.ids_1,2,10650,10740,watch_video,12
10,vp10/run2_2018-05-24-14-08-46.ids_1,2,10740,10830,watch_video,13
10,vp10/run2_2018-05-24-14-08-46.ids_1,2,10830,10920,watch_video,14
10,vp10/run2_2018-05-24-14-08-46.ids_1,2,10920,11010,watch_video,15
10,vp10/run2_2018-05-24-14-08-46.ids_1,2,11010,11100,watch_video,16
10,vp10/run2_2018-05-24-14-08-46.ids_1,2,11100,11190,watch_video,17
10,vp10/run2_2018-05-24-14-08-46.ids_1,2,11190,11280,watch_video,18
10,vp10/run2_2018-05-24-14-08-46.ids_1,2,11280,11370,watch_video,19
10,vp10/run2_2018-05-24-14-08-46.ids_1,2,11370,11460,watch_video,20
10,vp10/run2_2018-05-24-14-08-46.ids_1,2,11460,11550,watch_video,21
10,vp10/run2_2018-05-24-14-08-46.ids_1,2,11550,11640,watch_video,22
10,vp10/run2_2018-05-24-14-08-46.ids_1,2,11640,11730,watch_video,23
10,vp10/run2_2018-05-24-14-08-46.ids_1,2,11730,11820,watch_video,24
10,vp10/run2_2018-05-24-14-08-46.ids_1,2,11820,11910,watch_video,25
10,vp10/run2_2018-05-24-14-08-46.ids_1,2,11910,12000,watch_video,26
10,vp10/run2_2018-05-24-14-08-46.ids_1,2,12000,12090,watch_video,27
10,vp10/run2_2018-05-24-14-08-46.ids_1,2,12090,12180,watch_video,28
10,vp10/run2_2018-05-24-14-08-46.ids_1,2,12180,12270,watch_video,29
10,vp10/run2_2018-05-24-14-08-46.ids_1,2,12270,12360,watch_video,30
10,vp10/run2_2018-05-24-14-08-46.ids_1,2,12360,12450,watch_video,31
10,vp10/run2_2018-05-24-14-08-46.ids_1,2,12450,12540,watch_video,32
10,vp10/run2_2018-05-24-14-08-46.ids_1,2,12540,12630,watch_video,33
10,vp10/run2_2018-05-24-14-08-46.ids_1,2,12630,12720,watch_video,34
10,vp10/run2_2018-05-24-14-08-46.ids_1,2,12720,12810,watch_video,35
10,vp10/run2_2018-05-24-14-08-46.ids_1,2,12810,12900,watch_video,36
10,vp10/run2_2018-05-24-14-08-46.ids_1,2,12900,12990,watch_video,37
10,vp10/run2_2018-05-24-14-08-46.ids_1,2,12990,13080,watch_video,38
10,vp10/run2_2018-05-24-14-08-46.ids_1,2,13080,13170,watch_video,39
10,vp10/run2_2018-05-24-14-08-46.ids_1,2,13170,13260,watch_video,40
10,vp10/run2_2018-05-24-14-08-46.ids_1,2,13260,13350,watch_video,41
10,vp10/run2_2018-05-24-14-08-46.ids_1,2,13350,13440,watch_video,42
10,vp10/run2_2018-05-24-14-08-46.ids_1,2,13440,13530,watch_video,43
10,vp10/run2_2018-05-24-14-08-46.ids_1,2,13530,13620,watch_video,44
10,vp10/run2_2018-05-24-14-08-46.ids_1,2,13620,13710,watch_video,45
10,vp10/run2_2018-05-24-14-08-46.ids_1,2,13710,13800,watch_video,46
10,vp10/run2_2018-05-24-14-08-46.ids_1,2,13800,13890,watch_video,47
10,vp10/run2_2018-05-24-14-08-46.ids_1,2,13890,13980,watch_video,48
10,vp10/run2_2018-05-24-14-08-46.ids_1,2,13980,14070,watch_video,49
10,vp10/run2_2018-05-24-14-08-46.ids_1,2,14070,14160,watch_video,50
10,vp10/run2_2018-05-24-14-08-46.ids_1,2,14160,14250,watch_video,51
10,vp10/run2_2018-05-24-14-08-46.ids_1,2,14250,14340,watch_video,52
10,vp10/run2_2018-05-24-14-08-46.ids_1,2,14340,14430,watch_video,53
10,vp10/run2_2018-05-24-14-08-46.ids_1,2,14430,14520,watch_video,54
10,vp10/run2_2018-05-24-14-08-46.ids_1,2,14520,14610,watch_video,55
10,vp10/run2_2018-05-24-14-08-46.ids_1,2,14610,14700,watch_video,56
10,vp10/run2_2018-05-24-14-08-46.ids_1,2,14700,14790,watch_video,57
10,vp10/run2_2018-05-24-14-08-46.ids_1,2,14790,14880,watch_video,58
10,vp10/run2_2018-05-24-14-08-46.ids_1,2,14880,14970,watch_video,59
10,vp10/run2_2018-05-24-14-08-46.ids_1,2,14970,15060,watch_video,60
10,vp10/run2_2018-05-24-14-08-46.ids_1,2,15060,15150,watch_video,61
10,vp10/run2_2018-05-24-14-08-46.ids_1,2,15150,15240,watch_video,62
10,vp10/run2_2018-05-24-14-08-46.ids_1,2,15240,15330,watch_video,63
10,vp10/run2_2018-05-24-14-08-46.ids_1,2,15330,15420,watch_video,64
10,vp10/run2_2018-05-24-14-08-46.ids_1,2,15420,15510,watch_video,65
10,vp10/run2_2018-05-24-14-08-46.ids_1,2,15510,15600,watch_video,66
10,vp10/run2_2018-05-24-14-08-46.ids_1,2,15600,15690,watch_video,67
10,vp10/run2_2018-05-24-14-08-46.ids_1,2,15690,15780,watch_video,68
10,vp10/run2_2018-05-24-14-08-46.ids_1,2,15780,15870,watch_video,69
10,vp10/run2_2018-05-24-14-08-46.ids_1,2,15870,15960,watch_video,70
10,vp10/run2_2018-05-24-14-08-46.ids_1,2,15960,16050,watch_video,71
10,vp10/run2_2018-05-24-14-08-46.ids_1,2,16050,16140,watch_video,72
10,vp10/run2_2018-05-24-14-08-46.ids_1,2,16140,16230,watch_video,73
10,vp10/run2_2018-05-24-14-08-46.ids_1,2,16230,16320,watch_video,74
10,vp10/run2_2018-05-24-14-08-46.ids_1,2,16320,16410,watch_video,75
10,vp10/run2_2018-05-24-14-08-46.ids_1,2,16410,16500,watch_video,76
10,vp10/run2_2018-05-24-14-08-46.ids_1,2,16500,16590,watch_video,77
10,vp10/run2_2018-05-24-14-08-46.ids_1,2,16590,16680,watch_video,78
10,vp10/run2_2018-05-24-14-08-46.ids_1,2,16680,16770,watch_video,79
10,vp10/run2_2018-05-24-14-08-46.ids_1,2,16770,16860,watch_video,80
10,vp10/run2_2018-05-24-14-08-46.ids_1,2,16860,16950,watch_video,81
10,vp10/run2_2018-05-24-14-08-46.ids_1,2,16950,17040,watch_video,82
10,vp10/run2_2018-05-24-14-08-46.ids_1,2,17040,17130,watch_video,83
10,vp10/run2_2018-05-24-14-08-46.ids_1,2,17130,17220,watch_video,84
10,vp10/run2_2018-05-24-14-08-46.ids_1,2,17220,17310,watch_video,85
10,vp10/run2_2018-05-24-14-08-46.ids_1,2,17310,17400,watch_video,86
10,vp10/run2_2018-05-24-14-08-46.ids_1,2,17400,17490,watch_video,87
10,vp10/run2_2018-05-24-14-08-46.ids_1,2,17490,17580,watch_video,88
10,vp10/run2_2018-05-24-14-08-46.ids_1,2,17580,17670,watch_video,89
10,vp10/run2_2018-05-24-14-08-46.ids_1,2,17670,17760,watch_video,90
10,vp10/run2_2018-05-24-14-08-46.ids_1,2,17760,17850,watch_video,91
10,vp10/run2_2018-05-24-14-08-46.ids_1,2,17850,17940,watch_video,92
10,vp10/run2_2018-05-24-14-08-46.ids_1,2,17940,18030,watch_video,93
10,vp10/run2_2018-05-24-14-08-46.ids_1,2,18030,18120,watch_video,94
10,vp10/run2_2018-05-24-14-08-46.ids_1,2,18120,18210,watch_video,95
10,vp10/run2_2018-05-24-14-08-46.ids_1,2,18210,18300,watch_video,96
10,vp10/run2_2018-05-24-14-08-46.ids_1,2,18300,18390,watch_video,97
10,vp10/run2_2018-05-24-14-08-46.ids_1,2,18390,18480,watch_video,98
10,vp10/run2_2018-05-24-14-08-46.ids_1,2,18480,18570,watch_video,99
10,vp10/run2_2018-05-24-14-08-46.ids_1,2,18570,18660,watch_video,100
10,vp10/run2_2018-05-24-14-08-46.ids_1,2,18660,18750,watch_video,101
10,vp10/run2_2018-05-24-14-08-46.ids_1,2,18750,18840,watch_video,102
10,vp10/run2_2018-05-24-14-08-46.ids_1,2,18840,18930,watch_video,103
10,vp10/run2_2018-05-24-14-08-46.ids_1,2,18930,19020,watch_video,104
10,vp10/run2_2018-05-24-14-08-46.ids_1,2,19020,19110,watch_video,105
10,vp10/run2_2018-05-24-14-08-46.ids_1,2,19110,19200,watch_video,106
10,vp10/run2_2018-05-24-14-08-46.ids_1,2,19200,19290,watch_video,107
10,vp10/run2_2018-05-24-14-08-46.ids_1,2,19290,19380,watch_video,108
10,vp10/run2_2018-05-24-14-08-46.ids_1,2,19380,19470,watch_video,109
10,vp10/run2_2018-05-24-14-08-46.ids_1,2,19470,19560,watch_video,110
10,vp10/run2_2018-05-24-14-08-46.ids_1,2,19560,19650,watch_video,111
10,vp10/run2_2018-05-24-14-08-46.ids_1,2,19650,19740,watch_video,112
10,vp10/run2_2018-05-24-14-08-46.ids_1,2,19740,19830,watch_video,113
10,vp10/run2_2018-05-24-14-08-46.ids_1,2,19830,19920,watch_video,114
10,vp10/run2_2018-05-24-14-08-46.ids_1,2,19920,20010,watch_video,115
10,vp10/run2_2018-05-24-14-08-46.ids_1,2,20010,20100,watch_video,116
10,vp10/run2_2018-05-24-14-08-46.ids_1,2,20100,20190,watch_video,117
10,vp10/run2_2018-05-24-14-08-46.ids_1,2,20190,20280,watch_video,118
10,vp10/run2_2018-05-24-14-08-46.ids_1,2,20280,20370,watch_video,119
10,vp10/run2_2018-05-24-14-08-46.ids_1,2,20370,20460,watch_video,120
10,vp10/run2_2018-05-24-14-08-46.ids_1,2,20460,20550,watch_video,121
10,vp10/run2_2018-05-24-14-08-46.ids_1,2,20550,20640,watch_video,122
10,vp10/run2_2018-05-24-14-08-46.ids_1,2,20640,20708,watch_video,123
10,vp10/run2_2018-05-24-14-08-46.ids_1,3,21660,21750,put_on_sunglasses,0
10,vp10/run2_2018-05-24-14-08-46.ids_1,3,21750,21840,put_on_sunglasses,1
10,vp10/run2_2018-05-24-14-08-46.ids_1,3,21840,21930,put_on_sunglasses,2
10,vp10/run2_2018-05-24-14-08-46.ids_1,3,21930,22020,put_on_sunglasses,3
10,vp10/run2_2018-05-24-14-08-46.ids_1,3,22020,22110,put_on_sunglasses,4
10,vp10/run2_2018-05-24-14-08-46.ids_1,3,22110,22200,put_on_sunglasses,5
10,vp10/run2_2018-05-24-14-08-46.ids_1,3,22200,22290,put_on_sunglasses,6
10,vp10/run2_2018-05-24-14-08-46.ids_1,3,22290,22380,put_on_sunglasses,7
10,vp10/run2_2018-05-24-14-08-46.ids_1,3,22380,22470,put_on_sunglasses,8
10,vp10/run2_2018-05-24-14-08-46.ids_1,3,22470,22560,put_on_sunglasses,9
10,vp10/run2_2018-05-24-14-08-46.ids_1,3,22560,22598,put_on_sunglasses,10
10,vp10/run2_2018-05-24-14-08-46.ids_1,4,23370,23460,put_on_jacket,0
10,vp10/run2_2018-05-24-14-08-46.ids_1,4,23460,23550,put_on_jacket,1
10,vp10/run2_2018-05-24-14-08-46.ids_1,4,23550,23640,put_on_jacket,2
10,vp10/run2_2018-05-24-14-08-46.ids_1,4,23640,23730,put_on_jacket,3
10,vp10/run2_2018-05-24-14-08-46.ids_1,4,23730,23820,put_on_jacket,4
10,vp10/run2_2018-05-24-14-08-46.ids_1,4,23820,23910,put_on_jacket,5
10,vp10/run2_2018-05-24-14-08-46.ids_1,4,23910,24000,put_on_jacket,6
10,vp10/run2_2018-05-24-14-08-46.ids_1,4,24000,24090,put_on_jacket,7
10,vp10/run2_2018-05-24-14-08-46.ids_1,4,24090,24180,put_on_jacket,8
10,vp10/run2_2018-05-24-14-08-46.ids_1,4,24180,24270,put_on_jacket,9
10,vp10/run2_2018-05-24-14-08-46.ids_1,4,24270,24360,put_on_jacket,10
10,vp10/run2_2018-05-24-14-08-46.ids_1,4,24360,24450,put_on_jacket,11
10,vp10/run2_2018-05-24-14-08-46.ids_1,4,24450,24458,put_on_jacket,12
10,vp10/run2_2018-05-24-14-08-46.ids_1,5,24930,25020,take_off_jacket,0
10,vp10/run2_2018-05-24-14-08-46.ids_1,5,25020,25110,take_off_jacket,1
10,vp10/run2_2018-05-24-14-08-46.ids_1,5,25110,25200,take_off_jacket,2
10,vp10/run2_2018-05-24-14-08-46.ids_1,5,25200,25290,take_off_jacket,3
10,vp10/run2_2018-05-24-14-08-46.ids_1,5,25290,25380,take_off_jacket,4
10,vp10/run2_2018-05-24-14-08-46.ids_1,5,25380,25470,take_off_jacket,5
10,vp10/run2_2018-05-24-14-08-46.ids_1,5,25470,25560,take_off_jacket,6
10,vp10/run2_2018-05-24-14-08-46.ids_1,5,25560,25650,take_off_jacket,7
10,vp10/run2_2018-05-24-14-08-46.ids_1,5,25650,25740,take_off_jacket,8
10,vp10/run2_2018-05-24-14-08-46.ids_1,5,25740,25830,take_off_jacket,9
10,vp10/run2_2018-05-24-14-08-46.ids_1,5,25830,25838,take_off_jacket,10
10,vp10/run2_2018-05-24-14-08-46.ids_1,6,26760,26850,read_write_magazine,0
10,vp10/run2_2018-05-24-14-08-46.ids_1,6,26850,26940,read_write_magazine,1
10,vp10/run2_2018-05-24-14-08-46.ids_1,6,26940,27030,read_write_magazine,2
10,vp10/run2_2018-05-24-14-08-46.ids_1,6,27030,27120,read_write_magazine,3
10,vp10/run2_2018-05-24-14-08-46.ids_1,6,27120,27210,read_write_magazine,4
10,vp10/run2_2018-05-24-14-08-46.ids_1,6,27210,27300,read_write_magazine,5
10,vp10/run2_2018-05-24-14-08-46.ids_1,6,27300,27390,read_write_magazine,6
10,vp10/run2_2018-05-24-14-08-46.ids_1,6,27390,27480,read_write_magazine,7
10,vp10/run2_2018-05-24-14-08-46.ids_1,6,27480,27570,read_write_magazine,8
10,vp10/run2_2018-05-24-14-08-46.ids_1,6,27570,27660,read_write_magazine,9
10,vp10/run2_2018-05-24-14-08-46.ids_1,6,27660,27750,read_write_magazine,10
10,vp10/run2_2018-05-24-14-08-46.ids_1,6,27750,27840,read_write_magazine,11
10,vp10/run2_2018-05-24-14-08-46.ids_1,6,27840,27930,read_write_magazine,12
10,vp10/run2_2018-05-24-14-08-46.ids_1,6,27930,28020,read_write_magazine,13
10,vp10/run2_2018-05-24-14-08-46.ids_1,6,28020,28110,read_write_magazine,14
10,vp10/run2_2018-05-24-14-08-46.ids_1,6,28110,28200,read_write_magazine,15
10,vp10/run2_2018-05-24-14-08-46.ids_1,6,28200,28290,read_write_magazine,16
10,vp10/run2_2018-05-24-14-08-46.ids_1,6,28290,28380,read_write_magazine,17
10,vp10/run2_2018-05-24-14-08-46.ids_1,6,28380,28470,read_write_magazine,18
10,vp10/run2_2018-05-24-14-08-46.ids_1,6,28470,28508,read_write_magazine,19
10,vp10/run2_2018-05-24-14-08-46.ids_1,7,28710,28800,take_off_sunglasses,0
10,vp10/run2_2018-05-24-14-08-46.ids_1,7,28800,28890,take_off_sunglasses,1
10,vp10/run2_2018-05-24-14-08-46.ids_1,7,28890,28928,take_off_sunglasses,2
10,vp10/run2_2018-05-24-14-08-46.ids_1,8,29400,29490,read_write_newspaper,0
10,vp10/run2_2018-05-24-14-08-46.ids_1,8,29490,29580,read_write_newspaper,1
10,vp10/run2_2018-05-24-14-08-46.ids_1,8,29580,29670,read_write_newspaper,2
10,vp10/run2_2018-05-24-14-08-46.ids_1,8,29670,29760,read_write_newspaper,3
10,vp10/run2_2018-05-24-14-08-46.ids_1,8,29760,29850,read_write_newspaper,4
10,vp10/run2_2018-05-24-14-08-46.ids_1,8,29850,29940,read_write_newspaper,5
10,vp10/run2_2018-05-24-14-08-46.ids_1,8,29940,30030,read_write_newspaper,6
10,vp10/run2_2018-05-24-14-08-46.ids_1,8,30030,30120,read_write_newspaper,7
10,vp10/run2_2018-05-24-14-08-46.ids_1,8,30120,30210,read_write_newspaper,8
10,vp10/run2_2018-05-24-14-08-46.ids_1,8,30210,30300,read_write_newspaper,9
10,vp10/run2_2018-05-24-14-08-46.ids_1,8,30300,30390,read_write_newspaper,10
10,vp10/run2_2018-05-24-14-08-46.ids_1,8,30390,30480,read_write_newspaper,11
10,vp10/run2_2018-05-24-14-08-46.ids_1,8,30480,30570,read_write_newspaper,12
10,vp10/run2_2018-05-24-14-08-46.ids_1,8,30570,30660,read_write_newspaper,13
10,vp10/run2_2018-05-24-14-08-46.ids_1,8,30660,30750,read_write_newspaper,14
10,vp10/run2_2018-05-24-14-08-46.ids_1,8,30750,30840,read_write_newspaper,15
10,vp10/run2_2018-05-24-14-08-46.ids_1,8,30840,30930,read_write_newspaper,16
10,vp10/run2_2018-05-24-14-08-46.ids_1,8,30930,31020,read_write_newspaper,17
10,vp10/run2_2018-05-24-14-08-46.ids_1,8,31020,31110,read_write_newspaper,18
10,vp10/run2_2018-05-24-14-08-46.ids_1,8,31110,31200,read_write_newspaper,19
10,vp10/run2_2018-05-24-14-08-46.ids_1,8,31200,31290,read_write_newspaper,20
10,vp10/run2_2018-05-24-14-08-46.ids_1,8,31290,31380,read_write_newspaper,21
10,vp10/run2_2018-05-24-14-08-46.ids_1,8,31380,31470,read_write_newspaper,22
10,vp10/run2_2018-05-24-14-08-46.ids_1,8,31470,31560,read_write_newspaper,23
10,vp10/run2_2018-05-24-14-08-46.ids_1,8,31560,31650,read_write_newspaper,24
10,vp10/run2_2018-05-24-14-08-46.ids_1,8,31650,31740,read_write_newspaper,25
10,vp10/run2_2018-05-24-14-08-46.ids_1,8,31740,31830,read_write_newspaper,26
10,vp10/run2_2018-05-24-14-08-46.ids_1,8,31830,31920,read_write_newspaper,27
10,vp10/run2_2018-05-24-14-08-46.ids_1,8,31920,31929,read_write_newspaper,28
10,vp10/run2_2018-05-24-14-08-46.ids_1,9,32370,32460,eat_drink,0
10,vp10/run2_2018-05-24-14-08-46.ids_1,9,32460,32550,eat_drink,1
10,vp10/run2_2018-05-24-14-08-46.ids_1,9,32550,32640,eat_drink,2
10,vp10/run2_2018-05-24-14-08-46.ids_1,9,32640,32730,eat_drink,3
10,vp10/run2_2018-05-24-14-08-46.ids_1,9,32730,32820,eat_drink,4
10,vp10/run2_2018-05-24-14-08-46.ids_1,9,32820,32910,eat_drink,5
10,vp10/run2_2018-05-24-14-08-46.ids_1,9,32910,33000,eat_drink,6
10,vp10/run2_2018-05-24-14-08-46.ids_1,9,33000,33090,eat_drink,7
10,vp10/run2_2018-05-24-14-08-46.ids_1,9,33090,33180,eat_drink,8
10,vp10/run2_2018-05-24-14-08-46.ids_1,9,33180,33270,eat_drink,9
10,vp10/run2_2018-05-24-14-08-46.ids_1,9,33270,33360,eat_drink,10
10,vp10/run2_2018-05-24-14-08-46.ids_1,9,33360,33450,eat_drink,11
10,vp10/run2_2018-05-24-14-08-46.ids_1,9,33450,33540,eat_drink,12
10,vp10/run2_2018-05-24-14-08-46.ids_1,9,33540,33630,eat_drink,13
10,vp10/run2_2018-05-24-14-08-46.ids_1,9,33630,33720,eat_drink,14
10,vp10/run2_2018-05-24-14-08-46.ids_1,9,33720,33810,eat_drink,15
10,vp10/run2_2018-05-24-14-08-46.ids_1,9,33810,33900,eat_drink,16
10,vp10/run2_2018-05-24-14-08-46.ids_1,9,33900,33990,eat_drink,17
10,vp10/run2_2018-05-24-14-08-46.ids_1,9,33990,34080,eat_drink,18
10,vp10/run2_2018-05-24-14-08-46.ids_1,9,34080,34170,eat_drink,19
10,vp10/run2_2018-05-24-14-08-46.ids_1,9,34170,34260,eat_drink,20
10,vp10/run2_2018-05-24-14-08-46.ids_1,9,34260,34350,eat_drink,21
10,vp10/run2_2018-05-24-14-08-46.ids_1,9,34350,34440,eat_drink,22
10,vp10/run2_2018-05-24-14-08-46.ids_1,9,34440,34530,eat_drink,23
10,vp10/run2_2018-05-24-14-08-46.ids_1,9,34530,34620,eat_drink,24
10,vp10/run2_2018-05-24-14-08-46.ids_1,9,34620,34710,eat_drink,25
10,vp10/run2_2018-05-24-14-08-46.ids_1,9,34710,34800,eat_drink,26
10,vp10/run2_2018-05-24-14-08-46.ids_1,9,34800,34890,eat_drink,27
10,vp10/run2_2018-05-24-14-08-46.ids_1,9,34890,34980,eat_drink,28
10,vp10/run2_2018-05-24-14-08-46.ids_1,9,34980,35070,eat_drink,29
10,vp10/run2_2018-05-24-14-08-46.ids_1,9,35070,35160,eat_drink,30
10,vp10/run2_2018-05-24-14-08-46.ids_1,9,35160,35229,eat_drink,31
10,vp10/run2_2018-05-24-14-08-46.ids_1,10,36150,36240,work,0
10,vp10/run2_2018-05-24-14-08-46.ids_1,10,36240,36330,work,1
10,vp10/run2_2018-05-24-14-08-46.ids_1,10,36330,36420,work,2
10,vp10/run2_2018-05-24-14-08-46.ids_1,10,36420,36510,work,3
10,vp10/run2_2018-05-24-14-08-46.ids_1,10,36510,36600,work,4
10,vp10/run2_2018-05-24-14-08-46.ids_1,10,36600,36690,work,5
10,vp10/run2_2018-05-24-14-08-46.ids_1,10,36690,36780,work,6
10,vp10/run2_2018-05-24-14-08-46.ids_1,10,36780,36870,work,7
10,vp10/run2_2018-05-24-14-08-46.ids_1,10,36870,36960,work,8
10,vp10/run2_2018-05-24-14-08-46.ids_1,10,36960,37050,work,9
10,vp10/run2_2018-05-24-14-08-46.ids_1,10,37050,37140,work,10
10,vp10/run2_2018-05-24-14-08-46.ids_1,10,37140,37230,work,11
10,vp10/run2_2018-05-24-14-08-46.ids_1,10,37230,37320,work,12
10,vp10/run2_2018-05-24-14-08-46.ids_1,10,37320,37410,work,13
10,vp10/run2_2018-05-24-14-08-46.ids_1,10,37410,37500,work,14
10,vp10/run2_2018-05-24-14-08-46.ids_1,10,37500,37590,work,15
10,vp10/run2_2018-05-24-14-08-46.ids_1,10,37590,37680,work,16
10,vp10/run2_2018-05-24-14-08-46.ids_1,10,37680,37770,work,17
10,vp10/run2_2018-05-24-14-08-46.ids_1,10,37770,37860,work,18
10,vp10/run2_2018-05-24-14-08-46.ids_1,10,37860,37950,work,19
10,vp10/run2_2018-05-24-14-08-46.ids_1,10,37950,38040,work,20
10,vp10/run2_2018-05-24-14-08-46.ids_1,10,38040,38130,work,21
10,vp10/run2_2018-05-24-14-08-46.ids_1,10,38130,38220,work,22
10,vp10/run2_2018-05-24-14-08-46.ids_1,10,38220,38310,work,23
10,vp10/run2_2018-05-24-14-08-46.ids_1,10,38310,38400,work,24
10,vp10/run2_2018-05-24-14-08-46.ids_1,10,38400,38490,work,25
10,vp10/run2_2018-05-24-14-08-46.ids_1,10,38490,38580,work,26
10,vp10/run2_2018-05-24-14-08-46.ids_1,10,38580,38670,work,27
10,vp10/run2_2018-05-24-14-08-46.ids_1,10,38670,38760,work,28
10,vp10/run2_2018-05-24-14-08-46.ids_1,10,38760,38850,work,29
10,vp10/run2_2018-05-24-14-08-46.ids_1,10,38850,38940,work,30
10,vp10/run2_2018-05-24-14-08-46.ids_1,10,38940,39030,work,31
10,vp10/run2_2018-05-24-14-08-46.ids_1,10,39030,39120,work,32
10,vp10/run2_2018-05-24-14-08-46.ids_1,10,39120,39210,work,33
10,vp10/run2_2018-05-24-14-08-46.ids_1,10,39210,39300,work,34
10,vp10/run2_2018-05-24-14-08-46.ids_1,10,39300,39390,work,35
10,vp10/run2_2018-05-24-14-08-46.ids_1,10,39390,39480,work,36
10,vp10/run2_2018-05-24-14-08-46.ids_1,10,39480,39570,work,37
10,vp10/run2_2018-05-24-14-08-46.ids_1,10,39570,39660,work,38
10,vp10/run2_2018-05-24-14-08-46.ids_1,10,39660,39750,work,39
10,vp10/run2_2018-05-24-14-08-46.ids_1,10,39750,39759,work,40
10,vp10/run2_2018-05-24-14-08-46.ids_1,11,39990,40080,final_task,0
10,vp10/run2_2018-05-24-14-08-46.ids_1,11,40080,40170,final_task,1
10,vp10/run2_2018-05-24-14-08-46.ids_1,11,40170,40260,final_task,2
10,vp10/run2_2018-05-24-14-08-46.ids_1,11,40260,40350,final_task,3
10,vp10/run2_2018-05-24-14-08-46.ids_1,11,40350,40440,final_task,4
10,vp10/run2_2018-05-24-14-08-46.ids_1,11,40440,40530,final_task,5
10,vp10/run2_2018-05-24-14-08-46.ids_1,11,40530,40620,final_task,6
10,vp10/run2_2018-05-24-14-08-46.ids_1,11,40620,40710,final_task,7
10,vp10/run2_2018-05-24-14-08-46.ids_1,11,40710,40800,final_task,8
10,vp10/run2_2018-05-24-14-08-46.ids_1,11,40800,40890,final_task,9
10,vp10/run2_2018-05-24-14-08-46.ids_1,11,40890,40980,final_task,10
10,vp10/run2_2018-05-24-14-08-46.ids_1,11,40980,41070,final_task,11
10,vp10/run2_2018-05-24-14-08-46.ids_1,11,41070,41160,final_task,12
10,vp10/run2_2018-05-24-14-08-46.ids_1,11,41160,41220,final_task,13
11,vp11/run1_2018-05-24-13-44-01.ids_1,0,0,90,fasten_seat_belt,0
11,vp11/run1_2018-05-24-13-44-01.ids_1,0,90,180,fasten_seat_belt,1
11,vp11/run1_2018-05-24-13-44-01.ids_1,0,180,270,fasten_seat_belt,2
11,vp11/run1_2018-05-24-13-44-01.ids_1,0,270,360,fasten_seat_belt,3
11,vp11/run1_2018-05-24-13-44-01.ids_1,0,360,450,fasten_seat_belt,4
11,vp11/run1_2018-05-24-13-44-01.ids_1,0,450,540,fasten_seat_belt,5
11,vp11/run1_2018-05-24-13-44-01.ids_1,0,540,630,fasten_seat_belt,6
11,vp11/run1_2018-05-24-13-44-01.ids_1,0,630,639,fasten_seat_belt,7
11,vp11/run1_2018-05-24-13-44-01.ids_1,1,6030,6120,hand_over,0
11,vp11/run1_2018-05-24-13-44-01.ids_1,1,6120,6210,hand_over,1
11,vp11/run1_2018-05-24-13-44-01.ids_1,1,6210,6279,hand_over,2
11,vp11/run1_2018-05-24-13-44-01.ids_1,2,6600,6690,read_write_magazine,0
11,vp11/run1_2018-05-24-13-44-01.ids_1,2,6690,6780,read_write_magazine,1
11,vp11/run1_2018-05-24-13-44-01.ids_1,2,6780,6870,read_write_magazine,2
11,vp11/run1_2018-05-24-13-44-01.ids_1,2,6870,6960,read_write_magazine,3
11,vp11/run1_2018-05-24-13-44-01.ids_1,2,6960,7050,read_write_magazine,4
11,vp11/run1_2018-05-24-13-44-01.ids_1,2,7050,7140,read_write_magazine,5
11,vp11/run1_2018-05-24-13-44-01.ids_1,2,7140,7230,read_write_magazine,6
11,vp11/run1_2018-05-24-13-44-01.ids_1,2,7230,7320,read_write_magazine,7
11,vp11/run1_2018-05-24-13-44-01.ids_1,2,7320,7410,read_write_magazine,8
11,vp11/run1_2018-05-24-13-44-01.ids_1,2,7410,7500,read_write_magazine,9
11,vp11/run1_2018-05-24-13-44-01.ids_1,2,7500,7590,read_write_magazine,10
11,vp11/run1_2018-05-24-13-44-01.ids_1,2,7590,7680,read_write_magazine,11
11,vp11/run1_2018-05-24-13-44-01.ids_1,2,7680,7770,read_write_magazine,12
11,vp11/run1_2018-05-24-13-44-01.ids_1,2,7770,7860,read_write_magazine,13
11,vp11/run1_2018-05-24-13-44-01.ids_1,2,7860,7950,read_write_magazine,14
11,vp11/run1_2018-05-24-13-44-01.ids_1,2,7950,8040,read_write_magazine,15
11,vp11/run1_2018-05-24-13-44-01.ids_1,2,8040,8130,read_write_magazine,16
11,vp11/run1_2018-05-24-13-44-01.ids_1,2,8130,8220,read_write_magazine,17
11,vp11/run1_2018-05-24-13-44-01.ids_1,2,8220,8310,read_write_magazine,18
11,vp11/run1_2018-05-24-13-44-01.ids_1,2,8310,8400,read_write_magazine,19
11,vp11/run1_2018-05-24-13-44-01.ids_1,2,8400,8490,read_write_magazine,20
11,vp11/run1_2018-05-24-13-44-01.ids_1,2,8490,8580,read_write_magazine,21
11,vp11/run1_2018-05-24-13-44-01.ids_1,2,8580,8670,read_write_magazine,22
11,vp11/run1_2018-05-24-13-44-01.ids_1,2,8670,8760,read_write_magazine,23
11,vp11/run1_2018-05-24-13-44-01.ids_1,2,8760,8850,read_write_magazine,24
11,vp11/run1_2018-05-24-13-44-01.ids_1,2,8850,8940,read_write_magazine,25
11,vp11/run1_2018-05-24-13-44-01.ids_1,2,8940,9030,read_write_magazine,26
11,vp11/run1_2018-05-24-13-44-01.ids_1,2,9030,9120,read_write_magazine,27
11,vp11/run1_2018-05-24-13-44-01.ids_1,2,9120,9210,read_write_magazine,28
11,vp11/run1_2018-05-24-13-44-01.ids_1,2,9210,9300,read_write_magazine,29
11,vp11/run1_2018-05-24-13-44-01.ids_1,2,9300,9390,read_write_magazine,30
11,vp11/run1_2018-05-24-13-44-01.ids_1,2,9390,9480,read_write_magazine,31
11,vp11/run1_2018-05-24-13-44-01.ids_1,2,9480,9570,read_write_magazine,32
11,vp11/run1_2018-05-24-13-44-01.ids_1,2,9570,9660,read_write_magazine,33
11,vp11/run1_2018-05-24-13-44-01.ids_1,2,9660,9750,read_write_magazine,34
11,vp11/run1_2018-05-24-13-44-01.ids_1,2,9750,9840,read_write_magazine,35
11,vp11/run1_2018-05-24-13-44-01.ids_1,2,9840,9930,read_write_magazine,36
11,vp11/run1_2018-05-24-13-44-01.ids_1,2,9930,10020,read_write_magazine,37
11,vp11/run1_2018-05-24-13-44-01.ids_1,2,10020,10110,read_write_magazine,38
11,vp11/run1_2018-05-24-13-44-01.ids_1,2,10110,10200,read_write_magazine,39
11,vp11/run1_2018-05-24-13-44-01.ids_1,2,10200,10290,read_write_magazine,40
11,vp11/run1_2018-05-24-13-44-01.ids_1,2,10290,10380,read_write_magazine,41
11,vp11/run1_2018-05-24-13-44-01.ids_1,2,10380,10388,read_write_magazine,42
11,vp11/run1_2018-05-24-13-44-01.ids_1,3,11280,11370,put_on_jacket,0
11,vp11/run1_2018-05-24-13-44-01.ids_1,3,11370,11460,put_on_jacket,1
11,vp11/run1_2018-05-24-13-44-01.ids_1,3,11460,11550,put_on_jacket,2
11,vp11/run1_2018-05-24-13-44-01.ids_1,3,11550,11640,put_on_jacket,3
11,vp11/run1_2018-05-24-13-44-01.ids_1,3,11640,11730,put_on_jacket,4
11,vp11/run1_2018-05-24-13-44-01.ids_1,3,11730,11820,put_on_jacket,5
11,vp11/run1_2018-05-24-13-44-01.ids_1,3,11820,11858,put_on_jacket,6
11,vp11/run1_2018-05-24-13-44-01.ids_1,4,12810,12900,put_on_sunglasses,0
11,vp11/run1_2018-05-24-13-44-01.ids_1,4,12900,12990,put_on_sunglasses,1
11,vp11/run1_2018-05-24-13-44-01.ids_1,4,12990,13080,put_on_sunglasses,2
11,vp11/run1_2018-05-24-13-44-01.ids_1,4,13080,13170,put_on_sunglasses,3
11,vp11/run1_2018-05-24-13-44-01.ids_1,4,13170,13178,put_on_sunglasses,4
11,vp11/run1_2018-05-24-13-44-01.ids_1,5,14070,14160,take_off_sunglasses,0
11,vp11/run1_2018-05-24-13-44-01.ids_1,5,14160,14250,take_off_sunglasses,1
11,vp11/run1_2018-05-24-13-44-01.ids_1,5,14250,14258,take_off_sunglasses,2
11,vp11/run1_2018-05-24-13-44-01.ids_1,6,17280,17370,watch_video,0
11,vp11/run1_2018-05-24-13-44-01.ids_1,6,17370,17460,watch_video,1
11,vp11/run1_2018-05-24-13-44-01.ids_1,6,17460,17550,watch_video,2
11,vp11/run1_2018-05-24-13-44-01.ids_1,6,17550,17640,watch_video,3
11,vp11/run1_2018-05-24-13-44-01.ids_1,6,17640,17730,watch_video,4
11,vp11/run1_2018-05-24-13-44-01.ids_1,6,17730,17820,watch_video,5
11,vp11/run1_2018-05-24-13-44-01.ids_1,6,17820,17910,watch_video,6
11,vp11/run1_2018-05-24-13-44-01.ids_1,6,17910,18000,watch_video,7
11,vp11/run1_2018-05-24-13-44-01.ids_1,6,18000,18090,watch_video,8
11,vp11/run1_2018-05-24-13-44-01.ids_1,6,18090,18180,watch_video,9
11,vp11/run1_2018-05-24-13-44-01.ids_1,6,18180,18270,watch_video,10
11,vp11/run1_2018-05-24-13-44-01.ids_1,6,18270,18360,watch_video,11
11,vp11/run1_2018-05-24-13-44-01.ids_1,6,18360,18450,watch_video,12
11,vp11/run1_2018-05-24-13-44-01.ids_1,6,18450,18540,watch_video,13
11,vp11/run1_2018-05-24-13-44-01.ids_1,6,18540,18630,watch_video,14
11,vp11/run1_2018-05-24-13-44-01.ids_1,6,18630,18720,watch_video,15
11,vp11/run1_2018-05-24-13-44-01.ids_1,6,18720,18810,watch_video,16
11,vp11/run1_2018-05-24-13-44-01.ids_1,6,18810,18900,watch_video,17
11,vp11/run1_2018-05-24-13-44-01.ids_1,6,18900,18990,watch_video,18
11,vp11/run1_2018-05-24-13-44-01.ids_1,6,18990,19080,watch_video,19
11,vp11/run1_2018-05-24-13-44-01.ids_1,6,19080,19170,watch_video,20
11,vp11/run1_2018-05-24-13-44-01.ids_1,6,19170,19260,watch_video,21
11,vp11/run1_2018-05-24-13-44-01.ids_1,6,19260,19350,watch_video,22
11,vp11/run1_2018-05-24-13-44-01.ids_1,6,19350,19440,watch_video,23
11,vp11/run1_2018-05-24-13-44-01.ids_1,6,19440,19530,watch_video,24
11,vp11/run1_2018-05-24-13-44-01.ids_1,6,19530,19620,watch_video,25
11,vp11/run1_2018-05-24-13-44-01.ids_1,6,19620,19710,watch_video,26
11,vp11/run1_2018-05-24-13-44-01.ids_1,6,19710,19800,watch_video,27
11,vp11/run1_2018-05-24-13-44-01.ids_1,6,19800,19890,watch_video,28
11,vp11/run1_2018-05-24-13-44-01.ids_1,6,19890,19980,watch_video,29
11,vp11/run1_2018-05-24-13-44-01.ids_1,6,19980,20070,watch_video,30
11,vp11/run1_2018-05-24-13-44-01.ids_1,6,20070,20160,watch_video,31
11,vp11/run1_2018-05-24-13-44-01.ids_1,6,20160,20250,watch_video,32
11,vp11/run1_2018-05-24-13-44-01.ids_1,6,20250,20340,watch_video,33
11,vp11/run1_2018-05-24-13-44-01.ids_1,6,20340,20430,watch_video,34
11,vp11/run1_2018-05-24-13-44-01.ids_1,6,20430,20520,watch_video,35
11,vp11/run1_2018-05-24-13-44-01.ids_1,6,20520,20610,watch_video,36
11,vp11/run1_2018-05-24-13-44-01.ids_1,6,20610,20700,watch_video,37
11,vp11/run1_2018-05-24-13-44-01.ids_1,6,20700,20790,watch_video,38
11,vp11/run1_2018-05-24-13-44-01.ids_1,6,20790,20880,watch_video,39
11,vp11/run1_2018-05-24-13-44-01.ids_1,6,20880,20970,watch_video,40
11,vp11/run1_2018-05-24-13-44-01.ids_1,6,20970,21060,watch_video,41
11,vp11/run1_2018-05-24-13-44-01.ids_1,6,21060,21150,watch_video,42
11,vp11/run1_2018-05-24-13-44-01.ids_1,6,21150,21240,watch_video,43
11,vp11/run1_2018-05-24-13-44-01.ids_1,6,21240,21330,watch_video,44
11,vp11/run1_2018-05-24-13-44-01.ids_1,6,21330,21420,watch_video,45
11,vp11/run1_2018-05-24-13-44-01.ids_1,6,21420,21510,watch_video,46
11,vp11/run1_2018-05-24-13-44-01.ids_1,6,21510,21600,watch_video,47
11,vp11/run1_2018-05-24-13-44-01.ids_1,6,21600,21690,watch_video,48
11,vp11/run1_2018-05-24-13-44-01.ids_1,6,21690,21780,watch_video,49
11,vp11/run1_2018-05-24-13-44-01.ids_1,6,21780,21870,watch_video,50
11,vp11/run1_2018-05-24-13-44-01.ids_1,6,21870,21960,watch_video,51
11,vp11/run1_2018-05-24-13-44-01.ids_1,6,21960,22050,watch_video,52
11,vp11/run1_2018-05-24-13-44-01.ids_1,6,22050,22140,watch_video,53
11,vp11/run1_2018-05-24-13-44-01.ids_1,6,22140,22230,watch_video,54
11,vp11/run1_2018-05-24-13-44-01.ids_1,6,22230,22320,watch_video,55
11,vp11/run1_2018-05-24-13-44-01.ids_1,6,22320,22410,watch_video,56
11,vp11/run1_2018-05-24-13-44-01.ids_1,6,22410,22500,watch_video,57
11,vp11/run1_2018-05-24-13-44-01.ids_1,6,22500,22590,watch_video,58
11,vp11/run1_2018-05-24-13-44-01.ids_1,6,22590,22680,watch_video,59
11,vp11/run1_2018-05-24-13-44-01.ids_1,6,22680,22770,watch_video,60
11,vp11/run1_2018-05-24-13-44-01.ids_1,6,22770,22860,watch_video,61
11,vp11/run1_2018-05-24-13-44-01.ids_1,6,22860,22950,watch_video,62
11,vp11/run1_2018-05-24-13-44-01.ids_1,6,22950,23040,watch_video,63
11,vp11/run1_2018-05-24-13-44-01.ids_1,6,23040,23130,watch_video,64
11,vp11/run1_2018-05-24-13-44-01.ids_1,6,23130,23220,watch_video,65
11,vp11/run1_2018-05-24-13-44-01.ids_1,6,23220,23310,watch_video,66
11,vp11/run1_2018-05-24-13-44-01.ids_1,6,23310,23400,watch_video,67
11,vp11/run1_2018-05-24-13-44-01.ids_1,6,23400,23490,watch_video,68
11,vp11/run1_2018-05-24-13-44-01.ids_1,6,23490,23580,watch_video,69
11,vp11/run1_2018-05-24-13-44-01.ids_1,6,23580,23670,watch_video,70
11,vp11/run1_2018-05-24-13-44-01.ids_1,6,23670,23760,watch_video,71
11,vp11/run1_2018-05-24-13-44-01.ids_1,6,23760,23850,watch_video,72
11,vp11/run1_2018-05-24-13-44-01.ids_1,6,23850,23940,watch_video,73
11,vp11/run1_2018-05-24-13-44-01.ids_1,6,23940,24030,watch_video,74
11,vp11/run1_2018-05-24-13-44-01.ids_1,6,24030,24120,watch_video,75
11,vp11/run1_2018-05-24-13-44-01.ids_1,6,24120,24210,watch_video,76
11,vp11/run1_2018-05-24-13-44-01.ids_1,6,24210,24300,watch_video,77
11,vp11/run1_2018-05-24-13-44-01.ids_1,6,24300,24390,watch_video,78
11,vp11/run1_2018-05-24-13-44-01.ids_1,6,24390,24480,watch_video,79
11,vp11/run1_2018-05-24-13-44-01.ids_1,6,24480,24570,watch_video,80
11,vp11/run1_2018-05-24-13-44-01.ids_1,6,24570,24660,watch_video,81
11,vp11/run1_2018-05-24-13-44-01.ids_1,6,24660,24750,watch_video,82
11,vp11/run1_2018-05-24-13-44-01.ids_1,6,24750,24840,watch_video,83
11,vp11/run1_2018-05-24-13-44-01.ids_1,6,24840,24930,watch_video,84
11,vp11/run1_2018-05-24-13-44-01.ids_1,6,24930,24938,watch_video,85
11,vp11/run1_2018-05-24-13-44-01.ids_1,7,25590,25680,read_write_newspaper,0
11,vp11/run1_2018-05-24-13-44-01.ids_1,7,25680,25770,read_write_newspaper,1
11,vp11/run1_2018-05-24-13-44-01.ids_1,7,25770,25860,read_write_newspaper,2
11,vp11/run1_2018-05-24-13-44-01.ids_1,7,25860,25950,read_write_newspaper,3
11,vp11/run1_2018-05-24-13-44-01.ids_1,7,25950,26040,read_write_newspaper,4
11,vp11/run1_2018-05-24-13-44-01.ids_1,7,26040,26130,read_write_newspaper,5
11,vp11/run1_2018-05-24-13-44-01.ids_1,7,26130,26220,read_write_newspaper,6
11,vp11/run1_2018-05-24-13-44-01.ids_1,7,26220,26310,read_write_newspaper,7
11,vp11/run1_2018-05-24-13-44-01.ids_1,7,26310,26400,read_write_newspaper,8
11,vp11/run1_2018-05-24-13-44-01.ids_1,7,26400,26490,read_write_newspaper,9
11,vp11/run1_2018-05-24-13-44-01.ids_1,7,26490,26580,read_write_newspaper,10
11,vp11/run1_2018-05-24-13-44-01.ids_1,7,26580,26670,read_write_newspaper,11
11,vp11/run1_2018-05-24-13-44-01.ids_1,7,26670,26760,read_write_newspaper,12
11,vp11/run1_2018-05-24-13-44-01.ids_1,7,26760,26850,read_write_newspaper,13
11,vp11/run1_2018-05-24-13-44-01.ids_1,7,26850,26940,read_write_newspaper,14
11,vp11/run1_2018-05-24-13-44-01.ids_1,7,26940,27030,read_write_newspaper,15
11,vp11/run1_2018-05-24-13-44-01.ids_1,7,27030,27120,read_write_newspaper,16
11,vp11/run1_2018-05-24-13-44-01.ids_1,7,27120,27210,read_write_newspaper,17
11,vp11/run1_2018-05-24-13-44-01.ids_1,7,27210,27300,read_write_newspaper,18
11,vp11/run1_2018-05-24-13-44-01.ids_1,7,27300,27390,read_write_newspaper,19
11,vp11/run1_2018-05-24-13-44-01.ids_1,7,27390,27480,read_write_newspaper,20
11,vp11/run1_2018-05-24-13-44-01.ids_1,7,27480,27570,read_write_newspaper,21
11,vp11/run1_2018-05-24-13-44-01.ids_1,7,27570,27660,read_write_newspaper,22
11,vp11/run1_2018-05-24-13-44-01.ids_1,7,27660,27750,read_write_newspaper,23
11,vp11/run1_2018-05-24-13-44-01.ids_1,7,27750,27840,read_write_newspaper,24
11,vp11/run1_2018-05-24-13-44-01.ids_1,7,27840,27930,read_write_newspaper,25
11,vp11/run1_2018-05-24-13-44-01.ids_1,7,27930,28020,read_write_newspaper,26
11,vp11/run1_2018-05-24-13-44-01.ids_1,7,28020,28110,read_write_newspaper,27
11,vp11/run1_2018-05-24-13-44-01.ids_1,7,28110,28200,read_write_newspaper,28
11,vp11/run1_2018-05-24-13-44-01.ids_1,7,28200,28290,read_write_newspaper,29
11,vp11/run1_2018-05-24-13-44-01.ids_1,7,28290,28380,read_write_newspaper,30
11,vp11/run1_2018-05-24-13-44-01.ids_1,7,28380,28470,read_write_newspaper,31
11,vp11/run1_2018-05-24-13-44-01.ids_1,7,28470,28560,read_write_newspaper,32
11,vp11/run1_2018-05-24-13-44-01.ids_1,7,28560,28650,read_write_newspaper,33
11,vp11/run1_2018-05-24-13-44-01.ids_1,7,28650,28718,read_write_newspaper,34
11,vp11/run1_2018-05-24-13-44-01.ids_1,8,29250,29340,eat_drink,0
11,vp11/run1_2018-05-24-13-44-01.ids_1,8,29340,29430,eat_drink,1
11,vp11/run1_2018-05-24-13-44-01.ids_1,8,29430,29520,eat_drink,2
11,vp11/run1_2018-05-24-13-44-01.ids_1,8,29520,29610,eat_drink,3
11,vp11/run1_2018-05-24-13-44-01.ids_1,8,29610,29700,eat_drink,4
11,vp11/run1_2018-05-24-13-44-01.ids_1,8,29700,29790,eat_drink,5
11,vp11/run1_2018-05-24-13-44-01.ids_1,8,29790,29880,eat_drink,6
11,vp11/run1_2018-05-24-13-44-01.ids_1,8,29880,29970,eat_drink,7
11,vp11/run1_2018-05-24-13-44-01.ids_1,8,29970,30060,eat_drink,8
11,vp11/run1_2018-05-24-13-44-01.ids_1,8,30060,30150,eat_drink,9
11,vp11/run1_2018-05-24-13-44-01.ids_1,8,30150,30240,eat_drink,10
11,vp11/run1_2018-05-24-13-44-01.ids_1,8,30240,30330,eat_drink,11
11,vp11/run1_2018-05-24-13-44-01.ids_1,8,30330,30420,eat_drink,12
11,vp11/run1_2018-05-24-13-44-01.ids_1,8,30420,30510,eat_drink,13
11,vp11/run1_2018-05-24-13-44-01.ids_1,8,30510,30600,eat_drink,14
11,vp11/run1_2018-05-24-13-44-01.ids_1,8,30600,30690,eat_drink,15
11,vp11/run1_2018-05-24-13-44-01.ids_1,8,30690,30780,eat_drink,16
11,vp11/run1_2018-05-24-13-44-01.ids_1,8,30780,30870,eat_drink,17
11,vp11/run1_2018-05-24-13-44-01.ids_1,8,30870,30960,eat_drink,18
11,vp11/run1_2018-05-24-13-44-01.ids_1,8,30960,31050,eat_drink,19
11,vp11/run1_2018-05-24-13-44-01.ids_1,8,31050,31140,eat_drink,20
11,vp11/run1_2018-05-24-13-44-01.ids_1,8,31140,31209,eat_drink,21
11,vp11/run1_2018-05-24-13-44-01.ids_1,9,31470,31560,take_off_jacket,0
11,vp11/run1_2018-05-24-13-44-01.ids_1,9,31560,31650,take_off_jacket,1
11,vp11/run1_2018-05-24-13-44-01.ids_1,9,31650,31740,take_off_jacket,2
11,vp11/run1_2018-05-24-13-44-01.ids_1,9,31740,31830,take_off_jacket,3
11,vp11/run1_2018-05-24-13-44-01.ids_1,9,31830,31920,take_off_jacket,4
11,vp11/run1_2018-05-24-13-44-01.ids_1,9,31920,32010,take_off_jacket,5
11,vp11/run1_2018-05-24-13-44-01.ids_1,9,32010,32100,take_off_jacket,6
11,vp11/run1_2018-05-24-13-44-01.ids_1,9,32100,32190,take_off_jacket,7
11,vp11/run1_2018-05-24-13-44-01.ids_1,9,32190,32280,take_off_jacket,8
11,vp11/run1_2018-05-24-13-44-01.ids_1,9,32280,32319,take_off_jacket,9
11,vp11/run1_2018-05-24-13-44-01.ids_1,10,32700,32790,work,0
11,vp11/run1_2018-05-24-13-44-01.ids_1,10,32790,32880,work,1
11,vp11/run1_2018-05-24-13-44-01.ids_1,10,32880,32970,work,2
11,vp11/run1_2018-05-24-13-44-01.ids_1,10,32970,33060,work,3
11,vp11/run1_2018-05-24-13-44-01.ids_1,10,33060,33150,work,4
11,vp11/run1_2018-05-24-13-44-01.ids_1,10,33150,33240,work,5
11,vp11/run1_2018-05-24-13-44-01.ids_1,10,33240,33330,work,6
11,vp11/run1_2018-05-24-13-44-01.ids_1,10,33330,33420,work,7
11,vp11/run1_2018-05-24-13-44-01.ids_1,10,33420,33510,work,8
11,vp11/run1_2018-05-24-13-44-01.ids_1,10,33510,33600,work,9
11,vp11/run1_2018-05-24-13-44-01.ids_1,10,33600,33690,work,10
11,vp11/run1_2018-05-24-13-44-01.ids_1,10,33690,33780,work,11
11,vp11/run1_2018-05-24-13-44-01.ids_1,10,33780,33870,work,12
11,vp11/run1_2018-05-24-13-44-01.ids_1,10,33870,33960,work,13
11,vp11/run1_2018-05-24-13-44-01.ids_1,10,33960,34050,work,14
11,vp11/run1_2018-05-24-13-44-01.ids_1,10,34050,34140,work,15
11,vp11/run1_2018-05-24-13-44-01.ids_1,10,34140,34230,work,16
11,vp11/run1_2018-05-24-13-44-01.ids_1,10,34230,34320,work,17
11,vp11/run1_2018-05-24-13-44-01.ids_1,10,34320,34410,work,18
11,vp11/run1_2018-05-24-13-44-01.ids_1,10,34410,34500,work,19
11,vp11/run1_2018-05-24-13-44-01.ids_1,10,34500,34590,work,20
11,vp11/run1_2018-05-24-13-44-01.ids_1,10,34590,34680,work,21
11,vp11/run1_2018-05-24-13-44-01.ids_1,10,34680,34770,work,22
11,vp11/run1_2018-05-24-13-44-01.ids_1,10,34770,34860,work,23
11,vp11/run1_2018-05-24-13-44-01.ids_1,10,34860,34950,work,24
11,vp11/run1_2018-05-24-13-44-01.ids_1,10,34950,35040,work,25
11,vp11/run1_2018-05-24-13-44-01.ids_1,10,35040,35130,work,26
11,vp11/run1_2018-05-24-13-44-01.ids_1,10,35130,35169,work,27
11,vp11/run1_2018-05-24-13-44-01.ids_1,11,35700,35790,final_task,0
11,vp11/run1_2018-05-24-13-44-01.ids_1,11,35790,35880,final_task,1
11,vp11/run1_2018-05-24-13-44-01.ids_1,11,35880,35970,final_task,2
11,vp11/run1_2018-05-24-13-44-01.ids_1,11,35970,36060,final_task,3
11,vp11/run1_2018-05-24-13-44-01.ids_1,11,36060,36150,final_task,4
11,vp11/run1_2018-05-24-13-44-01.ids_1,11,36150,36240,final_task,5
11,vp11/run1_2018-05-24-13-44-01.ids_1,11,36240,36330,final_task,6
11,vp11/run1_2018-05-24-13-44-01.ids_1,11,36330,36420,final_task,7
11,vp11/run1_2018-05-24-13-44-01.ids_1,11,36420,36510,final_task,8
11,vp11/run1_2018-05-24-13-44-01.ids_1,11,36510,36600,final_task,9
11,vp11/run1_2018-05-24-13-44-01.ids_1,11,36600,36690,final_task,10
11,vp11/run1_2018-05-24-13-44-01.ids_1,11,36690,36780,final_task,11
11,vp11/run1_2018-05-24-13-44-01.ids_1,11,36780,36870,final_task,12
11,vp11/run1_2018-05-24-13-44-01.ids_1,11,36870,36879,final_task,13
11,vp11/run2_2018-05-24-14-35-56.ids_1,0,0,90,fasten_seat_belt,0
11,vp11/run2_2018-05-24-14-35-56.ids_1,0,90,180,fasten_seat_belt,1
11,vp11/run2_2018-05-24-14-35-56.ids_1,0,180,270,fasten_seat_belt,2
11,vp11/run2_2018-05-24-14-35-56.ids_1,0,270,360,fasten_seat_belt,3
11,vp11/run2_2018-05-24-14-35-56.ids_1,0,360,450,fasten_seat_belt,4
11,vp11/run2_2018-05-24-14-35-56.ids_1,0,450,459,fasten_seat_belt,5
11,vp11/run2_2018-05-24-14-35-56.ids_1,1,5850,5940,hand_over,0
11,vp11/run2_2018-05-24-14-35-56.ids_1,1,5940,6009,hand_over,1
11,vp11/run2_2018-05-24-14-35-56.ids_1,2,6210,6300,watch_video,0
11,vp11/run2_2018-05-24-14-35-56.ids_1,2,6300,6390,watch_video,1
11,vp11/run2_2018-05-24-14-35-56.ids_1,2,6390,6480,watch_video,2
11,vp11/run2_2018-05-24-14-35-56.ids_1,2,6480,6570,watch_video,3
11,vp11/run2_2018-05-24-14-35-56.ids_1,2,6570,6660,watch_video,4
11,vp11/run2_2018-05-24-14-35-56.ids_1,2,6660,6750,watch_video,5
11,vp11/run2_2018-05-24-14-35-56.ids_1,2,6750,6840,watch_video,6
11,vp11/run2_2018-05-24-14-35-56.ids_1,2,6840,6930,watch_video,7
11,vp11/run2_2018-05-24-14-35-56.ids_1,2,6930,7020,watch_video,8
11,vp11/run2_2018-05-24-14-35-56.ids_1,2,7020,7110,watch_video,9
11,vp11/run2_2018-05-24-14-35-56.ids_1,2,7110,7200,watch_video,10
11,vp11/run2_2018-05-24-14-35-56.ids_1,2,7200,7290,watch_video,11
11,vp11/run2_2018-05-24-14-35-56.ids_1,2,7290,7380,watch_video,12
11,vp11/run2_2018-05-24-14-35-56.ids_1,2,7380,7470,watch_video,13
11,vp11/run2_2018-05-24-14-35-56.ids_1,2,7470,7560,watch_video,14
11,vp11/run2_2018-05-24-14-35-56.ids_1,2,7560,7650,watch_video,15
11,vp11/run2_2018-05-24-14-35-56.ids_1,2,7650,7740,watch_video,16
11,vp11/run2_2018-05-24-14-35-56.ids_1,2,7740,7830,watch_video,17
11,vp11/run2_2018-05-24-14-35-56.ids_1,2,7830,7920,watch_video,18
11,vp11/run2_2018-05-24-14-35-56.ids_1,2,7920,8010,watch_video,19
11,vp11/run2_2018-05-24-14-35-56.ids_1,2,8010,8100,watch_video,20
11,vp11/run2_2018-05-24-14-35-56.ids_1,2,8100,8108,watch_video,21
11,vp11/run2_2018-05-24-14-35-56.ids_1,3,8940,9030,read_write_newspaper,0
11,vp11/run2_2018-05-24-14-35-56.ids_1,3,9030,9120,read_write_newspaper,1
11,vp11/run2_2018-05-24-14-35-56.ids_1,3,9120,9210,read_write_newspaper,2
11,vp11/run2_2018-05-24-14-35-56.ids_1,3,9210,9300,read_write_newspaper,3
11,vp11/run2_2018-05-24-14-35-56.ids_1,3,9300,9390,read_write_newspaper,4
11,vp11/run2_2018-05-24-14-35-56.ids_1,3,9390,9480,read_write_newspaper,5
11,vp11/run2_2018-05-24-14-35-56.ids_1,3,9480,9570,read_write_newspaper,6
11,vp11/run2_2018-05-24-14-35-56.ids_1,3,9570,9660,read_write_newspaper,7
11,vp11/run2_2018-05-24-14-35-56.ids_1,3,9660,9750,read_write_newspaper,8
11,vp11/run2_2018-05-24-14-35-56.ids_1,3,9750,9840,read_write_newspaper,9
11,vp11/run2_2018-05-24-14-35-56.ids_1,3,9840,9930,read_write_newspaper,10
11,vp11/run2_2018-05-24-14-35-56.ids_1,3,9930,10020,read_write_newspaper,11
11,vp11/run2_2018-05-24-14-35-56.ids_1,3,10020,10110,read_write_newspaper,12
11,vp11/run2_2018-05-24-14-35-56.ids_1,3,10110,10200,read_write_newspaper,13
11,vp11/run2_2018-05-24-14-35-56.ids_1,3,10200,10290,read_write_newspaper,14
11,vp11/run2_2018-05-24-14-35-56.ids_1,3,10290,10380,read_write_newspaper,15
11,vp11/run2_2018-05-24-14-35-56.ids_1,3,10380,10470,read_write_newspaper,16
11,vp11/run2_2018-05-24-14-35-56.ids_1,3,10470,10560,read_write_newspaper,17
11,vp11/run2_2018-05-24-14-35-56.ids_1,3,10560,10650,read_write_newspaper,18
11,vp11/run2_2018-05-24-14-35-56.ids_1,3,10650,10740,read_write_newspaper,19
11,vp11/run2_2018-05-24-14-35-56.ids_1,3,10740,10748,read_write_newspaper,20
11,vp11/run2_2018-05-24-14-35-56.ids_1,4,11280,11370,put_on_jacket,0
11,vp11/run2_2018-05-24-14-35-56.ids_1,4,11370,11460,put_on_jacket,1
11,vp11/run2_2018-05-24-14-35-56.ids_1,4,11460,11550,put_on_jacket,2
11,vp11/run2_2018-05-24-14-35-56.ids_1,4,11550,11640,put_on_jacket,3
11,vp11/run2_2018-05-24-14-35-56.ids_1,4,11640,11730,put_on_jacket,4
11,vp11/run2_2018-05-24-14-35-56.ids_1,4,11730,11820,put_on_jacket,5
11,vp11/run2_2018-05-24-14-35-56.ids_1,4,11820,11888,put_on_jacket,6
11,vp11/run2_2018-05-24-14-35-56.ids_1,5,12600,12690,put_on_sunglasses,0
11,vp11/run2_2018-05-24-14-35-56.ids_1,5,12690,12780,put_on_sunglasses,1
11,vp11/run2_2018-05-24-14-35-56.ids_1,5,12780,12848,put_on_sunglasses,2
11,vp11/run2_2018-05-24-14-35-56.ids_1,6,13050,13118,take_off_sunglasses,0
11,vp11/run2_2018-05-24-14-35-56.ids_1,7,16140,16230,eat_drink,0
11,vp11/run2_2018-05-24-14-35-56.ids_1,7,16230,16320,eat_drink,1
11,vp11/run2_2018-05-24-14-35-56.ids_1,7,16320,16410,eat_drink,2
11,vp11/run2_2018-05-24-14-35-56.ids_1,7,16410,16500,eat_drink,3
11,vp11/run2_2018-05-24-14-35-56.ids_1,7,16500,16590,eat_drink,4
11,vp11/run2_2018-05-24-14-35-56.ids_1,7,16590,16680,eat_drink,5
11,vp11/run2_2018-05-24-14-35-56.ids_1,7,16680,16770,eat_drink,6
11,vp11/run2_2018-05-24-14-35-56.ids_1,7,16770,16860,eat_drink,7
11,vp11/run2_2018-05-24-14-35-56.ids_1,7,16860,16950,eat_drink,8
11,vp11/run2_2018-05-24-14-35-56.ids_1,7,16950,17040,eat_drink,9
11,vp11/run2_2018-05-24-14-35-56.ids_1,7,17040,17048,eat_drink,10
11,vp11/run2_2018-05-24-14-35-56.ids_1,8,17940,18030,take_off_jacket,0
11,vp11/run2_2018-05-24-14-35-56.ids_1,8,18030,18120,take_off_jacket,1
11,vp11/run2_2018-05-24-14-35-56.ids_1,8,18120,18210,take_off_jacket,2
11,vp11/run2_2018-05-24-14-35-56.ids_1,8,18210,18300,take_off_jacket,3
11,vp11/run2_2018-05-24-14-35-56.ids_1,8,18300,18390,take_off_jacket,4
11,vp11/run2_2018-05-24-14-35-56.ids_1,8,18390,18480,take_off_jacket,5
11,vp11/run2_2018-05-24-14-35-56.ids_1,8,18480,18570,take_off_jacket,6
11,vp11/run2_2018-05-24-14-35-56.ids_1,8,18570,18660,take_off_jacket,7
11,vp11/run2_2018-05-24-14-35-56.ids_1,8,18660,18668,take_off_jacket,8
11,vp11/run2_2018-05-24-14-35-56.ids_1,9,19440,19530,read_write_magazine,0
11,vp11/run2_2018-05-24-14-35-56.ids_1,9,19530,19620,read_write_magazine,1
11,vp11/run2_2018-05-24-14-35-56.ids_1,9,19620,19710,read_write_magazine,2
11,vp11/run2_2018-05-24-14-35-56.ids_1,9,19710,19800,read_write_magazine,3
11,vp11/run2_2018-05-24-14-35-56.ids_1,9,19800,19890,read_write_magazine,4
11,vp11/run2_2018-05-24-14-35-56.ids_1,9,19890,19980,read_write_magazine,5
11,vp11/run2_2018-05-24-14-35-56.ids_1,9,19980,20070,read_write_magazine,6
11,vp11/run2_2018-05-24-14-35-56.ids_1,9,20070,20160,read_write_magazine,7
11,vp11/run2_2018-05-24-14-35-56.ids_1,9,20160,20250,read_write_magazine,8
11,vp11/run2_2018-05-24-14-35-56.ids_1,9,20250,20340,read_write_magazine,9
11,vp11/run2_2018-05-24-14-35-56.ids_1,9,20340,20430,read_write_magazine,10
11,vp11/run2_2018-05-24-14-35-56.ids_1,9,20430,20520,read_write_magazine,11
11,vp11/run2_2018-05-24-14-35-56.ids_1,9,20520,20610,read_write_magazine,12
11,vp11/run2_2018-05-24-14-35-56.ids_1,9,20610,20700,read_write_magazine,13
11,vp11/run2_2018-05-24-14-35-56.ids_1,9,20700,20790,read_write_magazine,14
11,vp11/run2_2018-05-24-14-35-56.ids_1,9,20790,20880,read_write_magazine,15
11,vp11/run2_2018-05-24-14-35-56.ids_1,9,20880,20970,read_write_magazine,16
11,vp11/run2_2018-05-24-14-35-56.ids_1,9,20970,21060,read_write_magazine,17
11,vp11/run2_2018-05-24-14-35-56.ids_1,9,21060,21150,read_write_magazine,18
11,vp11/run2_2018-05-24-14-35-56.ids_1,9,21150,21240,read_write_magazine,19
11,vp11/run2_2018-05-24-14-35-56.ids_1,9,21240,21330,read_write_magazine,20
11,vp11/run2_2018-05-24-14-35-56.ids_1,9,21330,21420,read_write_magazine,21
11,vp11/run2_2018-05-24-14-35-56.ids_1,9,21420,21510,read_write_magazine,22
11,vp11/run2_2018-05-24-14-35-56.ids_1,9,21510,21600,read_write_magazine,23
11,vp11/run2_2018-05-24-14-35-56.ids_1,9,21600,21690,read_write_magazine,24
11,vp11/run2_2018-05-24-14-35-56.ids_1,9,21690,21780,read_write_magazine,25
11,vp11/run2_2018-05-24-14-35-56.ids_1,9,21780,21870,read_write_magazine,26
11,vp11/run2_2018-05-24-14-35-56.ids_1,9,21870,21960,read_write_magazine,27
11,vp11/run2_2018-05-24-14-35-56.ids_1,9,21960,22050,read_write_magazine,28
11,vp11/run2_2018-05-24-14-35-56.ids_1,9,22050,22140,read_write_magazine,29
11,vp11/run2_2018-05-24-14-35-56.ids_1,9,22140,22230,read_write_magazine,30
11,vp11/run2_2018-05-24-14-35-56.ids_1,9,22230,22320,read_write_magazine,31
11,vp11/run2_2018-05-24-14-35-56.ids_1,9,22320,22410,read_write_magazine,32
11,vp11/run2_2018-05-24-14-35-56.ids_1,9,22410,22500,read_write_magazine,33
11,vp11/run2_2018-05-24-14-35-56.ids_1,9,22500,22590,read_write_magazine,34
11,vp11/run2_2018-05-24-14-35-56.ids_1,9,22590,22680,read_write_magazine,35
11,vp11/run2_2018-05-24-14-35-56.ids_1,9,22680,22770,read_write_magazine,36
11,vp11/run2_2018-05-24-14-35-56.ids_1,9,22770,22778,read_write_magazine,37
11,vp11/run2_2018-05-24-14-35-56.ids_1,10,22980,23070,work,0
11,vp11/run2_2018-05-24-14-35-56.ids_1,10,23070,23160,work,1
11,vp11/run2_2018-05-24-14-35-56.ids_1,10,23160,23250,work,2
11,vp11/run2_2018-05-24-14-35-56.ids_1,10,23250,23340,work,3
11,vp11/run2_2018-05-24-14-35-56.ids_1,10,23340,23430,work,4
11,vp11/run2_2018-05-24-14-35-56.ids_1,10,23430,23520,work,5
11,vp11/run2_2018-05-24-14-35-56.ids_1,10,23520,23610,work,6
11,vp11/run2_2018-05-24-14-35-56.ids_1,10,23610,23700,work,7
11,vp11/run2_2018-05-24-14-35-56.ids_1,10,23700,23790,work,8
11,vp11/run2_2018-05-24-14-35-56.ids_1,10,23790,23880,work,9
11,vp11/run2_2018-05-24-14-35-56.ids_1,10,23880,23970,work,10
11,vp11/run2_2018-05-24-14-35-56.ids_1,10,23970,24060,work,11
11,vp11/run2_2018-05-24-14-35-56.ids_1,10,24060,24150,work,12
11,vp11/run2_2018-05-24-14-35-56.ids_1,10,24150,24240,work,13
11,vp11/run2_2018-05-24-14-35-56.ids_1,10,24240,24330,work,14
11,vp11/run2_2018-05-24-14-35-56.ids_1,10,24330,24420,work,15
11,vp11/run2_2018-05-24-14-35-56.ids_1,10,24420,24510,work,16
11,vp11/run2_2018-05-24-14-35-56.ids_1,10,24510,24600,work,17
11,vp11/run2_2018-05-24-14-35-56.ids_1,10,24600,24690,work,18
11,vp11/run2_2018-05-24-14-35-56.ids_1,10,24690,24780,work,19
11,vp11/run2_2018-05-24-14-35-56.ids_1,10,24780,24870,work,20
11,vp11/run2_2018-05-24-14-35-56.ids_1,10,24870,24960,work,21
11,vp11/run2_2018-05-24-14-35-56.ids_1,10,24960,25050,work,22
11,vp11/run2_2018-05-24-14-35-56.ids_1,10,25050,25140,work,23
11,vp11/run2_2018-05-24-14-35-56.ids_1,10,25140,25230,work,24
11,vp11/run2_2018-05-24-14-35-56.ids_1,10,25230,25298,work,25
11,vp11/run2_2018-05-24-14-35-56.ids_1,11,26370,26460,final_task,0
11,vp11/run2_2018-05-24-14-35-56.ids_1,11,26460,26550,final_task,1
11,vp11/run2_2018-05-24-14-35-56.ids_1,11,26550,26640,final_task,2
11,vp11/run2_2018-05-24-14-35-56.ids_1,11,26640,26730,final_task,3
11,vp11/run2_2018-05-24-14-35-56.ids_1,11,26730,26820,final_task,4
11,vp11/run2_2018-05-24-14-35-56.ids_1,11,26820,26888,final_task,5
12,vp12/run1_2018-05-24-15-44-28.ids_1,0,0,90,fasten_seat_belt,0
12,vp12/run1_2018-05-24-15-44-28.ids_1,0,90,180,fasten_seat_belt,1
12,vp12/run1_2018-05-24-15-44-28.ids_1,0,180,270,fasten_seat_belt,2
12,vp12/run1_2018-05-24-15-44-28.ids_1,0,270,360,fasten_seat_belt,3
12,vp12/run1_2018-05-24-15-44-28.ids_1,0,360,450,fasten_seat_belt,4
12,vp12/run1_2018-05-24-15-44-28.ids_1,0,450,519,fasten_seat_belt,5
12,vp12/run1_2018-05-24-15-44-28.ids_1,1,5910,6000,hand_over,0
12,vp12/run1_2018-05-24-15-44-28.ids_1,1,6000,6090,hand_over,1
12,vp12/run1_2018-05-24-15-44-28.ids_1,1,6090,6180,hand_over,2
12,vp12/run1_2018-05-24-15-44-28.ids_1,1,6180,6270,hand_over,3
12,vp12/run1_2018-05-24-15-44-28.ids_1,1,6270,6279,hand_over,4
12,vp12/run1_2018-05-24-15-44-28.ids_1,2,6480,6570,put_on_jacket,0
12,vp12/run1_2018-05-24-15-44-28.ids_1,2,6570,6660,put_on_jacket,1
12,vp12/run1_2018-05-24-15-44-28.ids_1,2,6660,6750,put_on_jacket,2
12,vp12/run1_2018-05-24-15-44-28.ids_1,2,6750,6840,put_on_jacket,3
12,vp12/run1_2018-05-24-15-44-28.ids_1,2,6840,6930,put_on_jacket,4
12,vp12/run1_2018-05-24-15-44-28.ids_1,2,6930,7020,put_on_jacket,5
12,vp12/run1_2018-05-24-15-44-28.ids_1,2,7020,7110,put_on_jacket,6
12,vp12/run1_2018-05-24-15-44-28.ids_1,2,7110,7200,put_on_jacket,7
12,vp12/run1_2018-05-24-15-44-28.ids_1,2,7200,7290,put_on_jacket,8
12,vp12/run1_2018-05-24-15-44-28.ids_1,2,7290,7380,put_on_jacket,9
12,vp12/run1_2018-05-24-15-44-28.ids_1,2,7380,7470,put_on_jacket,10
12,vp12/run1_2018-05-24-15-44-28.ids_1,2,7470,7560,put_on_jacket,11
12,vp12/run1_2018-05-24-15-44-28.ids_1,2,7560,7650,put_on_jacket,12
12,vp12/run1_2018-05-24-15-44-28.ids_1,2,7650,7740,put_on_jacket,13
12,vp12/run1_2018-05-24-15-44-28.ids_1,2,7740,7830,put_on_jacket,14
12,vp12/run1_2018-05-24-15-44-28.ids_1,2,7830,7920,put_on_jacket,15
12,vp12/run1_2018-05-24-15-44-28.ids_1,2,7920,7959,put_on_jacket,16
12,vp12/run1_2018-05-24-15-44-28.ids_1,3,8160,8250,take_off_jacket,0
12,vp12/run1_2018-05-24-15-44-28.ids_1,3,8250,8340,take_off_jacket,1
12,vp12/run1_2018-05-24-15-44-28.ids_1,3,8340,8430,take_off_jacket,2
12,vp12/run1_2018-05-24-15-44-28.ids_1,3,8430,8520,take_off_jacket,3
12,vp12/run1_2018-05-24-15-44-28.ids_1,3,8520,8610,take_off_jacket,4
12,vp12/run1_2018-05-24-15-44-28.ids_1,3,8610,8700,take_off_jacket,5
12,vp12/run1_2018-05-24-15-44-28.ids_1,3,8700,8790,take_off_jacket,6
12,vp12/run1_2018-05-24-15-44-28.ids_1,3,8790,8880,take_off_jacket,7
12,vp12/run1_2018-05-24-15-44-28.ids_1,3,8880,8970,take_off_jacket,8
12,vp12/run1_2018-05-24-15-44-28.ids_1,3,8970,9060,take_off_jacket,9
12,vp12/run1_2018-05-24-15-44-28.ids_1,3,9060,9150,take_off_jacket,10
12,vp12/run1_2018-05-24-15-44-28.ids_1,3,9150,9240,take_off_jacket,11
12,vp12/run1_2018-05-24-15-44-28.ids_1,3,9240,9330,take_off_jacket,12
12,vp12/run1_2018-05-24-15-44-28.ids_1,3,9330,9369,take_off_jacket,13
12,vp12/run1_2018-05-24-15-44-28.ids_1,4,10470,10560,work,0
12,vp12/run1_2018-05-24-15-44-28.ids_1,4,10560,10650,work,1
12,vp12/run1_2018-05-24-15-44-28.ids_1,4,10650,10740,work,2
12,vp12/run1_2018-05-24-15-44-28.ids_1,4,10740,10830,work,3
12,vp12/run1_2018-05-24-15-44-28.ids_1,4,10830,10920,work,4
12,vp12/run1_2018-05-24-15-44-28.ids_1,4,10920,11010,work,5
12,vp12/run1_2018-05-24-15-44-28.ids_1,4,11010,11100,work,6
12,vp12/run1_2018-05-24-15-44-28.ids_1,4,11100,11190,work,7
12,vp12/run1_2018-05-24-15-44-28.ids_1,4,11190,11280,work,8
12,vp12/run1_2018-05-24-15-44-28.ids_1,4,11280,11370,work,9
12,vp12/run1_2018-05-24-15-44-28.ids_1,4,11370,11460,work,10
12,vp12/run1_2018-05-24-15-44-28.ids_1,4,11460,11550,work,11
12,vp12/run1_2018-05-24-15-44-28.ids_1,4,11550,11640,work,12
12,vp12/run1_2018-05-24-15-44-28.ids_1,4,11640,11730,work,13
12,vp12/run1_2018-05-24-15-44-28.ids_1,4,11730,11820,work,14
12,vp12/run1_2018-05-24-15-44-28.ids_1,4,11820,11910,work,15
12,vp12/run1_2018-05-24-15-44-28.ids_1,4,11910,12000,work,16
12,vp12/run1_2018-05-24-15-44-28.ids_1,4,12000,12090,work,17
12,vp12/run1_2018-05-24-15-44-28.ids_1,4,12090,12180,work,18
12,vp12/run1_2018-05-24-15-44-28.ids_1,4,12180,12270,work,19
12,vp12/run1_2018-05-24-15-44-28.ids_1,4,12270,12360,work,20
12,vp12/run1_2018-05-24-15-44-28.ids_1,4,12360,12450,work,21
12,vp12/run1_2018-05-24-15-44-28.ids_1,4,12450,12540,work,22
12,vp12/run1_2018-05-24-15-44-28.ids_1,4,12540,12630,work,23
12,vp12/run1_2018-05-24-15-44-28.ids_1,4,12630,12720,work,24
12,vp12/run1_2018-05-24-15-44-28.ids_1,4,12720,12810,work,25
12,vp12/run1_2018-05-24-15-44-28.ids_1,4,12810,12900,work,26
12,vp12/run1_2018-05-24-15-44-28.ids_1,4,12900,12990,work,27
12,vp12/run1_2018-05-24-15-44-28.ids_1,4,12990,13080,work,28
12,vp12/run1_2018-05-24-15-44-28.ids_1,4,13080,13170,work,29
12,vp12/run1_2018-05-24-15-44-28.ids_1,4,13170,13260,work,30
12,vp12/run1_2018-05-24-15-44-28.ids_1,4,13260,13350,work,31
12,vp12/run1_2018-05-24-15-44-28.ids_1,4,13350,13440,work,32
12,vp12/run1_2018-05-24-15-44-28.ids_1,4,13440,13530,work,33
12,vp12/run1_2018-05-24-15-44-28.ids_1,4,13530,13620,work,34
12,vp12/run1_2018-05-24-15-44-28.ids_1,4,13620,13710,work,35
12,vp12/run1_2018-05-24-15-44-28.ids_1,4,13710,13800,work,36
12,vp12/run1_2018-05-24-15-44-28.ids_1,4,13800,13890,work,37
12,vp12/run1_2018-05-24-15-44-28.ids_1,4,13890,13980,work,38
12,vp12/run1_2018-05-24-15-44-28.ids_1,4,13980,14070,work,39
12,vp12/run1_2018-05-24-15-44-28.ids_1,4,14070,14160,work,40
12,vp12/run1_2018-05-24-15-44-28.ids_1,4,14160,14250,work,41
12,vp12/run1_2018-05-24-15-44-28.ids_1,4,14250,14340,work,42
12,vp12/run1_2018-05-24-15-44-28.ids_1,4,14340,14430,work,43
12,vp12/run1_2018-05-24-15-44-28.ids_1,4,14430,14520,work,44
12,vp12/run1_2018-05-24-15-44-28.ids_1,4,14520,14610,work,45
12,vp12/run1_2018-05-24-15-44-28.ids_1,4,14610,14700,work,46
12,vp12/run1_2018-05-24-15-44-28.ids_1,4,14700,14790,work,47
12,vp12/run1_2018-05-24-15-44-28.ids_1,4,14790,14880,work,48
12,vp12/run1_2018-05-24-15-44-28.ids_1,4,14880,14970,work,49
12,vp12/run1_2018-05-24-15-44-28.ids_1,4,14970,15060,work,50
12,vp12/run1_2018-05-24-15-44-28.ids_1,4,15060,15099,work,51
12,vp12/run1_2018-05-24-15-44-28.ids_1,5,16140,16230,watch_video,0
12,vp12/run1_2018-05-24-15-44-28.ids_1,5,16230,16320,watch_video,1
12,vp12/run1_2018-05-24-15-44-28.ids_1,5,16320,16410,watch_video,2
12,vp12/run1_2018-05-24-15-44-28.ids_1,5,16410,16500,watch_video,3
12,vp12/run1_2018-05-24-15-44-28.ids_1,5,16500,16590,watch_video,4
12,vp12/run1_2018-05-24-15-44-28.ids_1,5,16590,16680,watch_video,5
12,vp12/run1_2018-05-24-15-44-28.ids_1,5,16680,16770,watch_video,6
12,vp12/run1_2018-05-24-15-44-28.ids_1,5,16770,16860,watch_video,7
12,vp12/run1_2018-05-24-15-44-28.ids_1,5,16860,16950,watch_video,8
12,vp12/run1_2018-05-24-15-44-28.ids_1,5,16950,17040,watch_video,9
12,vp12/run1_2018-05-24-15-44-28.ids_1,5,17040,17130,watch_video,10
12,vp12/run1_2018-05-24-15-44-28.ids_1,5,17130,17220,watch_video,11
12,vp12/run1_2018-05-24-15-44-28.ids_1,5,17220,17310,watch_video,12
12,vp12/run1_2018-05-24-15-44-28.ids_1,5,17310,17400,watch_video,13
12,vp12/run1_2018-05-24-15-44-28.ids_1,5,17400,17490,watch_video,14
12,vp12/run1_2018-05-24-15-44-28.ids_1,5,17490,17580,watch_video,15
12,vp12/run1_2018-05-24-15-44-28.ids_1,5,17580,17670,watch_video,16
12,vp12/run1_2018-05-24-15-44-28.ids_1,5,17670,17760,watch_video,17
12,vp12/run1_2018-05-24-15-44-28.ids_1,5,17760,17850,watch_video,18
12,vp12/run1_2018-05-24-15-44-28.ids_1,5,17850,17940,watch_video,19
12,vp12/run1_2018-05-24-15-44-28.ids_1,5,17940,18030,watch_video,20
12,vp12/run1_2018-05-24-15-44-28.ids_1,5,18030,18120,watch_video,21
12,vp12/run1_2018-05-24-15-44-28.ids_1,5,18120,18210,watch_video,22
12,vp12/run1_2018-05-24-15-44-28.ids_1,5,18210,18300,watch_video,23
12,vp12/run1_2018-05-24-15-44-28.ids_1,5,18300,18390,watch_video,24
12,vp12/run1_2018-05-24-15-44-28.ids_1,5,18390,18480,watch_video,25
12,vp12/run1_2018-05-24-15-44-28.ids_1,5,18480,18570,watch_video,26
12,vp12/run1_2018-05-24-15-44-28.ids_1,5,18570,18660,watch_video,27
12,vp12/run1_2018-05-24-15-44-28.ids_1,5,18660,18750,watch_video,28
12,vp12/run1_2018-05-24-15-44-28.ids_1,5,18750,18840,watch_video,29
12,vp12/run1_2018-05-24-15-44-28.ids_1,5,18840,18930,watch_video,30
12,vp12/run1_2018-05-24-15-44-28.ids_1,5,18930,19020,watch_video,31
12,vp12/run1_2018-05-24-15-44-28.ids_1,5,19020,19110,watch_video,32
12,vp12/run1_2018-05-24-15-44-28.ids_1,5,19110,19200,watch_video,33
12,vp12/run1_2018-05-24-15-44-28.ids_1,5,19200,19290,watch_video,34
12,vp12/run1_2018-05-24-15-44-28.ids_1,5,19290,19380,watch_video,35
12,vp12/run1_2018-05-24-15-44-28.ids_1,5,19380,19470,watch_video,36
12,vp12/run1_2018-05-24-15-44-28.ids_1,5,19470,19560,watch_video,37
12,vp12/run1_2018-05-24-15-44-28.ids_1,5,19560,19650,watch_video,38
12,vp12/run1_2018-05-24-15-44-28.ids_1,5,19650,19740,watch_video,39
12,vp12/run1_2018-05-24-15-44-28.ids_1,5,19740,19830,watch_video,40
12,vp12/run1_2018-05-24-15-44-28.ids_1,5,19830,19920,watch_video,41
12,vp12/run1_2018-05-24-15-44-28.ids_1,5,19920,20010,watch_video,42
12,vp12/run1_2018-05-24-15-44-28.ids_1,5,20010,20100,watch_video,43
12,vp12/run1_2018-05-24-15-44-28.ids_1,5,20100,20190,watch_video,44
12,vp12/run1_2018-05-24-15-44-28.ids_1,5,20190,20280,watch_video,45
12,vp12/run1_2018-05-24-15-44-28.ids_1,5,20280,20370,watch_video,46
12,vp12/run1_2018-05-24-15-44-28.ids_1,5,20370,20460,watch_video,47
12,vp12/run1_2018-05-24-15-44-28.ids_1,5,20460,20550,watch_video,48
12,vp12/run1_2018-05-24-15-44-28.ids_1,5,20550,20640,watch_video,49
12,vp12/run1_2018-05-24-15-44-28.ids_1,5,20640,20730,watch_video,50
12,vp12/run1_2018-05-24-15-44-28.ids_1,5,20730,20820,watch_video,51
12,vp12/run1_2018-05-24-15-44-28.ids_1,5,20820,20910,watch_video,52
12,vp12/run1_2018-05-24-15-44-28.ids_1,5,20910,21000,watch_video,53
12,vp12/run1_2018-05-24-15-44-28.ids_1,5,21000,21090,watch_video,54
12,vp12/run1_2018-05-24-15-44-28.ids_1,5,21090,21180,watch_video,55
12,vp12/run1_2018-05-24-15-44-28.ids_1,5,21180,21270,watch_video,56
12,vp12/run1_2018-05-24-15-44-28.ids_1,5,21270,21360,watch_video,57
12,vp12/run1_2018-05-24-15-44-28.ids_1,5,21360,21450,watch_video,58
12,vp12/run1_2018-05-24-15-44-28.ids_1,5,21450,21540,watch_video,59
12,vp12/run1_2018-05-24-15-44-28.ids_1,5,21540,21630,watch_video,60
12,vp12/run1_2018-05-24-15-44-28.ids_1,5,21630,21720,watch_video,61
12,vp12/run1_2018-05-24-15-44-28.ids_1,5,21720,21810,watch_video,62
12,vp12/run1_2018-05-24-15-44-28.ids_1,5,21810,21900,watch_video,63
12,vp12/run1_2018-05-24-15-44-28.ids_1,5,21900,21990,watch_video,64
12,vp12/run1_2018-05-24-15-44-28.ids_1,5,21990,22080,watch_video,65
12,vp12/run1_2018-05-24-15-44-28.ids_1,5,22080,22170,watch_video,66
12,vp12/run1_2018-05-24-15-44-28.ids_1,5,22170,22260,watch_video,67
12,vp12/run1_2018-05-24-15-44-28.ids_1,5,22260,22350,watch_video,68
12,vp12/run1_2018-05-24-15-44-28.ids_1,5,22350,22440,watch_video,69
12,vp12/run1_2018-05-24-15-44-28.ids_1,5,22440,22479,watch_video,70
12,vp12/run1_2018-05-24-15-44-28.ids_1,6,23070,23160,read_write_magazine,0
12,vp12/run1_2018-05-24-15-44-28.ids_1,6,23160,23250,read_write_magazine,1
12,vp12/run1_2018-05-24-15-44-28.ids_1,6,23250,23340,read_write_magazine,2
12,vp12/run1_2018-05-24-15-44-28.ids_1,6,23340,23430,read_write_magazine,3
12,vp12/run1_2018-05-24-15-44-28.ids_1,6,23430,23520,read_write_magazine,4
12,vp12/run1_2018-05-24-15-44-28.ids_1,6,23520,23610,read_write_magazine,5
12,vp12/run1_2018-05-24-15-44-28.ids_1,6,23610,23700,read_write_magazine,6
12,vp12/run1_2018-05-24-15-44-28.ids_1,6,23700,23790,read_write_magazine,7
12,vp12/run1_2018-05-24-15-44-28.ids_1,6,23790,23880,read_write_magazine,8
12,vp12/run1_2018-05-24-15-44-28.ids_1,6,23880,23970,read_write_magazine,9
12,vp12/run1_2018-05-24-15-44-28.ids_1,6,23970,24060,read_write_magazine,10
12,vp12/run1_2018-05-24-15-44-28.ids_1,6,24060,24150,read_write_magazine,11
12,vp12/run1_2018-05-24-15-44-28.ids_1,6,24150,24240,read_write_magazine,12
12,vp12/run1_2018-05-24-15-44-28.ids_1,6,24240,24330,read_write_magazine,13
12,vp12/run1_2018-05-24-15-44-28.ids_1,6,24330,24420,read_write_magazine,14
12,vp12/run1_2018-05-24-15-44-28.ids_1,6,24420,24510,read_write_magazine,15
12,vp12/run1_2018-05-24-15-44-28.ids_1,6,24510,24600,read_write_magazine,16
12,vp12/run1_2018-05-24-15-44-28.ids_1,6,24600,24690,read_write_magazine,17
12,vp12/run1_2018-05-24-15-44-28.ids_1,6,24690,24780,read_write_magazine,18
12,vp12/run1_2018-05-24-15-44-28.ids_1,6,24780,24870,read_write_magazine,19
12,vp12/run1_2018-05-24-15-44-28.ids_1,6,24870,24960,read_write_magazine,20
12,vp12/run1_2018-05-24-15-44-28.ids_1,6,24960,25050,read_write_magazine,21
12,vp12/run1_2018-05-24-15-44-28.ids_1,6,25050,25140,read_write_magazine,22
12,vp12/run1_2018-05-24-15-44-28.ids_1,6,25140,25230,read_write_magazine,23
12,vp12/run1_2018-05-24-15-44-28.ids_1,6,25230,25320,read_write_magazine,24
12,vp12/run1_2018-05-24-15-44-28.ids_1,6,25320,25410,read_write_magazine,25
12,vp12/run1_2018-05-24-15-44-28.ids_1,6,25410,25500,read_write_magazine,26
12,vp12/run1_2018-05-24-15-44-28.ids_1,6,25500,25590,read_write_magazine,27
12,vp12/run1_2018-05-24-15-44-28.ids_1,6,25590,25680,read_write_magazine,28
12,vp12/run1_2018-05-24-15-44-28.ids_1,6,25680,25770,read_write_magazine,29
12,vp12/run1_2018-05-24-15-44-28.ids_1,6,25770,25860,read_write_magazine,30
12,vp12/run1_2018-05-24-15-44-28.ids_1,6,25860,25950,read_write_magazine,31
12,vp12/run1_2018-05-24-15-44-28.ids_1,6,25950,26040,read_write_magazine,32
12,vp12/run1_2018-05-24-15-44-28.ids_1,6,26040,26130,read_write_magazine,33
12,vp12/run1_2018-05-24-15-44-28.ids_1,6,26130,26220,read_write_magazine,34
12,vp12/run1_2018-05-24-15-44-28.ids_1,6,26220,26310,read_write_magazine,35
12,vp12/run1_2018-05-24-15-44-28.ids_1,6,26310,26379,read_write_magazine,36
12,vp12/run1_2018-05-24-15-44-28.ids_1,7,26580,26670,put_on_sunglasses,0
12,vp12/run1_2018-05-24-15-44-28.ids_1,7,26670,26760,put_on_sunglasses,1
12,vp12/run1_2018-05-24-15-44-28.ids_1,7,26760,26850,put_on_sunglasses,2
12,vp12/run1_2018-05-24-15-44-28.ids_1,7,26850,26940,put_on_sunglasses,3
12,vp12/run1_2018-05-24-15-44-28.ids_1,7,26940,27009,put_on_sunglasses,4
12,vp12/run1_2018-05-24-15-44-28.ids_1,8,27990,28080,take_off_sunglasses,0
12,vp12/run1_2018-05-24-15-44-28.ids_1,8,28080,28170,take_off_sunglasses,1
12,vp12/run1_2018-05-24-15-44-28.ids_1,8,28170,28260,take_off_sunglasses,2
12,vp12/run1_2018-05-24-15-44-28.ids_1,8,28260,28269,take_off_sunglasses,3
12,vp12/run1_2018-05-24-15-44-28.ids_1,9,29100,29190,eat_drink,0
12,vp12/run1_2018-05-24-15-44-28.ids_1,9,29190,29280,eat_drink,1
12,vp12/run1_2018-05-24-15-44-28.ids_1,9,29280,29370,eat_drink,2
12,vp12/run1_2018-05-24-15-44-28.ids_1,9,29370,29460,eat_drink,3
12,vp12/run1_2018-05-24-15-44-28.ids_1,9,29460,29550,eat_drink,4
12,vp12/run1_2018-05-24-15-44-28.ids_1,9,29550,29640,eat_drink,5
12,vp12/run1_2018-05-24-15-44-28.ids_1,9,29640,29730,eat_drink,6
12,vp12/run1_2018-05-24-15-44-28.ids_1,9,29730,29820,eat_drink,7
12,vp12/run1_2018-05-24-15-44-28.ids_1,9,29820,29910,eat_drink,8
12,vp12/run1_2018-05-24-15-44-28.ids_1,9,29910,30000,eat_drink,9
12,vp12/run1_2018-05-24-15-44-28.ids_1,9,30000,30090,eat_drink,10
12,vp12/run1_2018-05-24-15-44-28.ids_1,9,30090,30180,eat_drink,11
12,vp12/run1_2018-05-24-15-44-28.ids_1,9,30180,30270,eat_drink,12
12,vp12/run1_2018-05-24-15-44-28.ids_1,9,30270,30360,eat_drink,13
12,vp12/run1_2018-05-24-15-44-28.ids_1,9,30360,30450,eat_drink,14
12,vp12/run1_2018-05-24-15-44-28.ids_1,9,30450,30540,eat_drink,15
12,vp12/run1_2018-05-24-15-44-28.ids_1,9,30540,30630,eat_drink,16
12,vp12/run1_2018-05-24-15-44-28.ids_1,9,30630,30720,eat_drink,17
12,vp12/run1_2018-05-24-15-44-28.ids_1,9,30720,30810,eat_drink,18
12,vp12/run1_2018-05-24-15-44-28.ids_1,9,30810,30900,eat_drink,19
12,vp12/run1_2018-05-24-15-44-28.ids_1,9,30900,30990,eat_drink,20
12,vp12/run1_2018-05-24-15-44-28.ids_1,9,30990,31080,eat_drink,21
12,vp12/run1_2018-05-24-15-44-28.ids_1,9,31080,31170,eat_drink,22
12,vp12/run1_2018-05-24-15-44-28.ids_1,9,31170,31260,eat_drink,23
12,vp12/run1_2018-05-24-15-44-28.ids_1,9,31260,31350,eat_drink,24
12,vp12/run1_2018-05-24-15-44-28.ids_1,9,31350,31440,eat_drink,25
12,vp12/run1_2018-05-24-15-44-28.ids_1,9,31440,31530,eat_drink,26
12,vp12/run1_2018-05-24-15-44-28.ids_1,9,31530,31620,eat_drink,27
12,vp12/run1_2018-05-24-15-44-28.ids_1,9,31620,31710,eat_drink,28
12,vp12/run1_2018-05-24-15-44-28.ids_1,9,31710,31800,eat_drink,29
12,vp12/run1_2018-05-24-15-44-28.ids_1,9,31800,31890,eat_drink,30
12,vp12/run1_2018-05-24-15-44-28.ids_1,9,31890,31980,eat_drink,31
12,vp12/run1_2018-05-24-15-44-28.ids_1,9,31980,32070,eat_drink,32
12,vp12/run1_2018-05-24-15-44-28.ids_1,9,32070,32160,eat_drink,33
12,vp12/run1_2018-05-24-15-44-28.ids_1,9,32160,32250,eat_drink,34
12,vp12/run1_2018-05-24-15-44-28.ids_1,9,32250,32259,eat_drink,35
12,vp12/run1_2018-05-24-15-44-28.ids_1,10,32460,32550,read_write_newspaper,0
12,vp12/run1_2018-05-24-15-44-28.ids_1,10,32550,32640,read_write_newspaper,1
12,vp12/run1_2018-05-24-15-44-28.ids_1,10,32640,32730,read_write_newspaper,2
12,vp12/run1_2018-05-24-15-44-28.ids_1,10,32730,32820,read_write_newspaper,3
12,vp12/run1_2018-05-24-15-44-28.ids_1,10,32820,32910,read_write_newspaper,4
12,vp12/run1_2018-05-24-15-44-28.ids_1,10,32910,33000,read_write_newspaper,5
12,vp12/run1_2018-05-24-15-44-28.ids_1,10,33000,33090,read_write_newspaper,6
12,vp12/run1_2018-05-24-15-44-28.ids_1,10,33090,33180,read_write_newspaper,7
12,vp12/run1_2018-05-24-15-44-28.ids_1,10,33180,33270,read_write_newspaper,8
12,vp12/run1_2018-05-24-15-44-28.ids_1,10,33270,33360,read_write_newspaper,9
12,vp12/run1_2018-05-24-15-44-28.ids_1,10,33360,33450,read_write_newspaper,10
12,vp12/run1_2018-05-24-15-44-28.ids_1,10,33450,33540,read_write_newspaper,11
12,vp12/run1_2018-05-24-15-44-28.ids_1,10,33540,33630,read_write_newspaper,12
12,vp12/run1_2018-05-24-15-44-28.ids_1,10,33630,33720,read_write_newspaper,13
12,vp12/run1_2018-05-24-15-44-28.ids_1,10,33720,33810,read_write_newspaper,14
12,vp12/run1_2018-05-24-15-44-28.ids_1,10,33810,33900,read_write_newspaper,15
12,vp12/run1_2018-05-24-15-44-28.ids_1,10,33900,33990,read_write_newspaper,16
12,vp12/run1_2018-05-24-15-44-28.ids_1,10,33990,34080,read_write_newspaper,17
12,vp12/run1_2018-05-24-15-44-28.ids_1,10,34080,34170,read_write_newspaper,18
12,vp12/run1_2018-05-24-15-44-28.ids_1,10,34170,34260,read_write_newspaper,19
12,vp12/run1_2018-05-24-15-44-28.ids_1,10,34260,34350,read_write_newspaper,20
12,vp12/run1_2018-05-24-15-44-28.ids_1,10,34350,34440,read_write_newspaper,21
12,vp12/run1_2018-05-24-15-44-28.ids_1,10,34440,34530,read_write_newspaper,22
12,vp12/run1_2018-05-24-15-44-28.ids_1,10,34530,34620,read_write_newspaper,23
12,vp12/run1_2018-05-24-15-44-28.ids_1,10,34620,34710,read_write_newspaper,24
12,vp12/run1_2018-05-24-15-44-28.ids_1,10,34710,34800,read_write_newspaper,25
12,vp12/run1_2018-05-24-15-44-28.ids_1,10,34800,34890,read_write_newspaper,26
12,vp12/run1_2018-05-24-15-44-28.ids_1,10,34890,34980,read_write_newspaper,27
12,vp12/run1_2018-05-24-15-44-28.ids_1,10,34980,35070,read_write_newspaper,28
12,vp12/run1_2018-05-24-15-44-28.ids_1,10,35070,35160,read_write_newspaper,29
12,vp12/run1_2018-05-24-15-44-28.ids_1,10,35160,35250,read_write_newspaper,30
12,vp12/run1_2018-05-24-15-44-28.ids_1,10,35250,35259,read_write_newspaper,31
12,vp12/run1_2018-05-24-15-44-28.ids_1,11,38280,38370,final_task,0
12,vp12/run1_2018-05-24-15-44-28.ids_1,11,38370,38460,final_task,1
12,vp12/run1_2018-05-24-15-44-28.ids_1,11,38460,38550,final_task,2
12,vp12/run1_2018-05-24-15-44-28.ids_1,11,38550,38640,final_task,3
12,vp12/run1_2018-05-24-15-44-28.ids_1,11,38640,38730,final_task,4
12,vp12/run1_2018-05-24-15-44-28.ids_1,11,38730,38820,final_task,5
12,vp12/run1_2018-05-24-15-44-28.ids_1,11,38820,38910,final_task,6
12,vp12/run1_2018-05-24-15-44-28.ids_1,11,38910,39000,final_task,7
12,vp12/run1_2018-05-24-15-44-28.ids_1,11,39000,39090,final_task,8
12,vp12/run1_2018-05-24-15-44-28.ids_1,11,39090,39180,final_task,9
12,vp12/run1_2018-05-24-15-44-28.ids_1,11,39180,39270,final_task,10
12,vp12/run1_2018-05-24-15-44-28.ids_1,11,39270,39360,final_task,11
12,vp12/run1_2018-05-24-15-44-28.ids_1,11,39360,39450,final_task,12
12,vp12/run1_2018-05-24-15-44-28.ids_1,11,39450,39540,final_task,13
12,vp12/run2_2018-05-24-16-21-35.ids_1,0,0,90,fasten_seat_belt,0
12,vp12/run2_2018-05-24-16-21-35.ids_1,0,90,180,fasten_seat_belt,1
12,vp12/run2_2018-05-24-16-21-35.ids_1,0,180,270,fasten_seat_belt,2
12,vp12/run2_2018-05-24-16-21-35.ids_1,0,270,360,fasten_seat_belt,3
12,vp12/run2_2018-05-24-16-21-35.ids_1,0,360,450,fasten_seat_belt,4
12,vp12/run2_2018-05-24-16-21-35.ids_1,0,450,540,fasten_seat_belt,5
12,vp12/run2_2018-05-24-16-21-35.ids_1,0,540,630,fasten_seat_belt,6
12,vp12/run2_2018-05-24-16-21-35.ids_1,0,630,720,fasten_seat_belt,7
12,vp12/run2_2018-05-24-16-21-35.ids_1,0,720,810,fasten_seat_belt,8
12,vp12/run2_2018-05-24-16-21-35.ids_1,0,810,900,fasten_seat_belt,9
12,vp12/run2_2018-05-24-16-21-35.ids_1,0,900,990,fasten_seat_belt,10
12,vp12/run2_2018-05-24-16-21-35.ids_1,0,990,1080,fasten_seat_belt,11
12,vp12/run2_2018-05-24-16-21-35.ids_1,0,1080,1170,fasten_seat_belt,12
12,vp12/run2_2018-05-24-16-21-35.ids_1,0,1170,1227,fasten_seat_belt,13
12,vp12/run2_2018-05-24-16-21-35.ids_1,1,6281,6371,eat_drink,0
12,vp12/run2_2018-05-24-16-21-35.ids_1,1,6371,6461,eat_drink,1
12,vp12/run2_2018-05-24-16-21-35.ids_1,1,6461,6551,eat_drink,2
12,vp12/run2_2018-05-24-16-21-35.ids_1,1,6551,6641,eat_drink,3
12,vp12/run2_2018-05-24-16-21-35.ids_1,1,6641,6731,eat_drink,4
12,vp12/run2_2018-05-24-16-21-35.ids_1,1,6731,6821,eat_drink,5
12,vp12/run2_2018-05-24-16-21-35.ids_1,1,6821,6911,eat_drink,6
12,vp12/run2_2018-05-24-16-21-35.ids_1,1,6911,7001,eat_drink,7
12,vp12/run2_2018-05-24-16-21-35.ids_1,1,7001,7091,eat_drink,8
12,vp12/run2_2018-05-24-16-21-35.ids_1,1,7091,7181,eat_drink,9
12,vp12/run2_2018-05-24-16-21-35.ids_1,1,7181,7271,eat_drink,10
12,vp12/run2_2018-05-24-16-21-35.ids_1,1,7271,7361,eat_drink,11
12,vp12/run2_2018-05-24-16-21-35.ids_1,1,7361,7451,eat_drink,12
12,vp12/run2_2018-05-24-16-21-35.ids_1,1,7451,7541,eat_drink,13
12,vp12/run2_2018-05-24-16-21-35.ids_1,1,7541,7631,eat_drink,14
12,vp12/run2_2018-05-24-16-21-35.ids_1,1,7631,7721,eat_drink,15
12,vp12/run2_2018-05-24-16-21-35.ids_1,1,7721,7811,eat_drink,16
12,vp12/run2_2018-05-24-16-21-35.ids_1,1,7811,7901,eat_drink,17
12,vp12/run2_2018-05-24-16-21-35.ids_1,1,7901,7991,eat_drink,18
12,vp12/run2_2018-05-24-16-21-35.ids_1,1,7991,8081,eat_drink,19
12,vp12/run2_2018-05-24-16-21-35.ids_1,1,8081,8171,eat_drink,20
12,vp12/run2_2018-05-24-16-21-35.ids_1,1,8171,8261,eat_drink,21
12,vp12/run2_2018-05-24-16-21-35.ids_1,1,8261,8351,eat_drink,22
12,vp12/run2_2018-05-24-16-21-35.ids_1,1,8351,8441,eat_drink,23
12,vp12/run2_2018-05-24-16-21-35.ids_1,1,8441,8531,eat_drink,24
12,vp12/run2_2018-05-24-16-21-35.ids_1,1,8531,8621,eat_drink,25
12,vp12/run2_2018-05-24-16-21-35.ids_1,1,8621,8711,eat_drink,26
12,vp12/run2_2018-05-24-16-21-35.ids_1,1,8711,8801,eat_drink,27
12,vp12/run2_2018-05-24-16-21-35.ids_1,1,8801,8891,eat_drink,28
12,vp12/run2_2018-05-24-16-21-35.ids_1,1,8891,8981,eat_drink,29
12,vp12/run2_2018-05-24-16-21-35.ids_1,1,8981,9071,eat_drink,30
12,vp12/run2_2018-05-24-16-21-35.ids_1,1,9071,9161,eat_drink,31
12,vp12/run2_2018-05-24-16-21-35.ids_1,1,9161,9251,eat_drink,32
12,vp12/run2_2018-05-24-16-21-35.ids_1,1,9251,9341,eat_drink,33
12,vp12/run2_2018-05-24-16-21-35.ids_1,1,9341,9431,eat_drink,34
12,vp12/run2_2018-05-24-16-21-35.ids_1,1,9431,9521,eat_drink,35
12,vp12/run2_2018-05-24-16-21-35.ids_1,1,9521,9611,eat_drink,36
12,vp12/run2_2018-05-24-16-21-35.ids_1,1,9611,9701,eat_drink,37
12,vp12/run2_2018-05-24-16-21-35.ids_1,1,9701,9791,eat_drink,38
12,vp12/run2_2018-05-24-16-21-35.ids_1,1,9791,9881,eat_drink,39
12,vp12/run2_2018-05-24-16-21-35.ids_1,1,9881,9971,eat_drink,40
12,vp12/run2_2018-05-24-16-21-35.ids_1,1,9971,10061,eat_drink,41
12,vp12/run2_2018-05-24-16-21-35.ids_1,1,10061,10151,eat_drink,42
12,vp12/run2_2018-05-24-16-21-35.ids_1,1,10151,10241,eat_drink,43
12,vp12/run2_2018-05-24-16-21-35.ids_1,1,10241,10331,eat_drink,44
12,vp12/run2_2018-05-24-16-21-35.ids_1,1,10331,10421,eat_drink,45
12,vp12/run2_2018-05-24-16-21-35.ids_1,1,10421,10511,eat_drink,46
12,vp12/run2_2018-05-24-16-21-35.ids_1,1,10511,10601,eat_drink,47
12,vp12/run2_2018-05-24-16-21-35.ids_1,1,10601,10691,eat_drink,48
12,vp12/run2_2018-05-24-16-21-35.ids_1,1,10691,10781,eat_drink,49
12,vp12/run2_2018-05-24-16-21-35.ids_1,1,10781,10871,eat_drink,50
12,vp12/run2_2018-05-24-16-21-35.ids_1,1,10871,10961,eat_drink,51
12,vp12/run2_2018-05-24-16-21-35.ids_1,1,10961,11051,eat_drink,52
12,vp12/run2_2018-05-24-16-21-35.ids_1,1,11051,11141,eat_drink,53
12,vp12/run2_2018-05-24-16-21-35.ids_1,1,11141,11231,eat_drink,54
12,vp12/run2_2018-05-24-16-21-35.ids_1,1,11231,11321,eat_drink,55
12,vp12/run2_2018-05-24-16-21-35.ids_1,1,11321,11411,eat_drink,56
12,vp12/run2_2018-05-24-16-21-35.ids_1,1,11411,11501,eat_drink,57
12,vp12/run2_2018-05-24-16-21-35.ids_1,1,11501,11591,eat_drink,58
12,vp12/run2_2018-05-24-16-21-35.ids_1,1,11591,11681,eat_drink,59
12,vp12/run2_2018-05-24-16-21-35.ids_1,1,11681,11771,eat_drink,60
12,vp12/run2_2018-05-24-16-21-35.ids_1,1,11771,11861,eat_drink,61
12,vp12/run2_2018-05-24-16-21-35.ids_1,1,11861,11951,eat_drink,62
12,vp12/run2_2018-05-24-16-21-35.ids_1,1,11951,12041,eat_drink,63
12,vp12/run2_2018-05-24-16-21-35.ids_1,1,12041,12131,eat_drink,64
12,vp12/run2_2018-05-24-16-21-35.ids_1,1,12131,12221,eat_drink,65
12,vp12/run2_2018-05-24-16-21-35.ids_1,1,12221,12311,eat_drink,66
12,vp12/run2_2018-05-24-16-21-35.ids_1,1,12311,12401,eat_drink,67
12,vp12/run2_2018-05-24-16-21-35.ids_1,1,12401,12491,eat_drink,68
12,vp12/run2_2018-05-24-16-21-35.ids_1,1,12491,12581,eat_drink,69
12,vp12/run2_2018-05-24-16-21-35.ids_1,1,12581,12671,eat_drink,70
12,vp12/run2_2018-05-24-16-21-35.ids_1,1,12671,12761,eat_drink,71
12,vp12/run2_2018-05-24-16-21-35.ids_1,1,12761,12851,eat_drink,72
12,vp12/run2_2018-05-24-16-21-35.ids_1,1,12851,12941,eat_drink,73
12,vp12/run2_2018-05-24-16-21-35.ids_1,1,12941,13031,eat_drink,74
12,vp12/run2_2018-05-24-16-21-35.ids_1,1,13031,13121,eat_drink,75
12,vp12/run2_2018-05-24-16-21-35.ids_1,1,13121,13211,eat_drink,76
12,vp12/run2_2018-05-24-16-21-35.ids_1,1,13211,13301,eat_drink,77
12,vp12/run2_2018-05-24-16-21-35.ids_1,1,13301,13331,eat_drink,78
12,vp12/run2_2018-05-24-16-21-35.ids_1,2,13433,13523,read_write_newspaper,0
12,vp12/run2_2018-05-24-16-21-35.ids_1,2,13523,13613,read_write_newspaper,1
12,vp12/run2_2018-05-24-16-21-35.ids_1,2,13613,13703,read_write_newspaper,2
12,vp12/run2_2018-05-24-16-21-35.ids_1,2,13703,13793,read_write_newspaper,3
12,vp12/run2_2018-05-24-16-21-35.ids_1,2,13793,13883,read_write_newspaper,4
12,vp12/run2_2018-05-24-16-21-35.ids_1,2,13883,13973,read_write_newspaper,5
12,vp12/run2_2018-05-24-16-21-35.ids_1,2,13973,14063,read_write_newspaper,6
12,vp12/run2_2018-05-24-16-21-35.ids_1,2,14063,14153,read_write_newspaper,7
12,vp12/run2_2018-05-24-16-21-35.ids_1,2,14153,14243,read_write_newspaper,8
12,vp12/run2_2018-05-24-16-21-35.ids_1,2,14243,14333,read_write_newspaper,9
12,vp12/run2_2018-05-24-16-21-35.ids_1,2,14333,14423,read_write_newspaper,10
12,vp12/run2_2018-05-24-16-21-35.ids_1,2,14423,14513,read_write_newspaper,11
12,vp12/run2_2018-05-24-16-21-35.ids_1,2,14513,14603,read_write_newspaper,12
12,vp12/run2_2018-05-24-16-21-35.ids_1,2,14603,14693,read_write_newspaper,13
12,vp12/run2_2018-05-24-16-21-35.ids_1,2,14693,14783,read_write_newspaper,14
12,vp12/run2_2018-05-24-16-21-35.ids_1,2,14783,14873,read_write_newspaper,15
12,vp12/run2_2018-05-24-16-21-35.ids_1,2,14873,14963,read_write_newspaper,16
12,vp12/run2_2018-05-24-16-21-35.ids_1,2,14963,15053,read_write_newspaper,17
12,vp12/run2_2018-05-24-16-21-35.ids_1,2,15053,15143,read_write_newspaper,18
12,vp12/run2_2018-05-24-16-21-35.ids_1,2,15143,15233,read_write_newspaper,19
12,vp12/run2_2018-05-24-16-21-35.ids_1,2,15233,15323,read_write_newspaper,20
12,vp12/run2_2018-05-24-16-21-35.ids_1,2,15323,15413,read_write_newspaper,21
12,vp12/run2_2018-05-24-16-21-35.ids_1,2,15413,15503,read_write_newspaper,22
12,vp12/run2_2018-05-24-16-21-35.ids_1,2,15503,15593,read_write_newspaper,23
12,vp12/run2_2018-05-24-16-21-35.ids_1,2,15593,15683,read_write_newspaper,24
12,vp12/run2_2018-05-24-16-21-35.ids_1,2,15683,15773,read_write_newspaper,25
12,vp12/run2_2018-05-24-16-21-35.ids_1,2,15773,15863,read_write_newspaper,26
12,vp12/run2_2018-05-24-16-21-35.ids_1,2,15863,15953,read_write_newspaper,27
12,vp12/run2_2018-05-24-16-21-35.ids_1,2,15953,16043,read_write_newspaper,28
12,vp12/run2_2018-05-24-16-21-35.ids_1,2,16043,16133,read_write_newspaper,29
12,vp12/run2_2018-05-24-16-21-35.ids_1,2,16133,16223,read_write_newspaper,30
12,vp12/run2_2018-05-24-16-21-35.ids_1,2,16223,16313,read_write_newspaper,31
12,vp12/run2_2018-05-24-16-21-35.ids_1,2,16313,16403,read_write_newspaper,32
12,vp12/run2_2018-05-24-16-21-35.ids_1,2,16403,16493,read_write_newspaper,33
12,vp12/run2_2018-05-24-16-21-35.ids_1,2,16493,16583,read_write_newspaper,34
12,vp12/run2_2018-05-24-16-21-35.ids_1,2,16583,16673,read_write_newspaper,35
12,vp12/run2_2018-05-24-16-21-35.ids_1,2,16673,16759,read_write_newspaper,36
12,vp12/run2_2018-05-24-16-21-35.ids_1,3,16956,17046,take_off_sunglasses,0
12,vp12/run2_2018-05-24-16-21-35.ids_1,3,17046,17136,take_off_sunglasses,1
12,vp12/run2_2018-05-24-16-21-35.ids_1,3,17136,17226,take_off_sunglasses,2
12,vp12/run2_2018-05-24-16-21-35.ids_1,3,17226,17316,take_off_sunglasses,3
12,vp12/run2_2018-05-24-16-21-35.ids_1,3,17316,17406,take_off_sunglasses,4
12,vp12/run2_2018-05-24-16-21-35.ids_1,3,17406,17496,take_off_sunglasses,5
12,vp12/run2_2018-05-24-16-21-35.ids_1,3,17496,17542,take_off_sunglasses,6
12,vp12/run2_2018-05-24-16-21-35.ids_1,4,18291,18381,put_on_jacket,0
12,vp12/run2_2018-05-24-16-21-35.ids_1,4,18381,18471,put_on_jacket,1
12,vp12/run2_2018-05-24-16-21-35.ids_1,4,18471,18561,put_on_jacket,2
12,vp12/run2_2018-05-24-16-21-35.ids_1,4,18561,18651,put_on_jacket,3
12,vp12/run2_2018-05-24-16-21-35.ids_1,4,18651,18741,put_on_jacket,4
12,vp12/run2_2018-05-24-16-21-35.ids_1,4,18741,18831,put_on_jacket,5
12,vp12/run2_2018-05-24-16-21-35.ids_1,4,18831,18921,put_on_jacket,6
12,vp12/run2_2018-05-24-16-21-35.ids_1,4,18921,19011,put_on_jacket,7
12,vp12/run2_2018-05-24-16-21-35.ids_1,4,19011,19101,put_on_jacket,8
12,vp12/run2_2018-05-24-16-21-35.ids_1,4,19101,19191,put_on_jacket,9
12,vp12/run2_2018-05-24-16-21-35.ids_1,4,19191,19281,put_on_jacket,10
12,vp12/run2_2018-05-24-16-21-35.ids_1,4,19281,19371,put_on_jacket,11
12,vp12/run2_2018-05-24-16-21-35.ids_1,4,19371,19461,put_on_jacket,12
12,vp12/run2_2018-05-24-16-21-35.ids_1,4,19461,19551,put_on_jacket,13
12,vp12/run2_2018-05-24-16-21-35.ids_1,4,19551,19641,put_on_jacket,14
12,vp12/run2_2018-05-24-16-21-35.ids_1,4,19641,19731,put_on_jacket,15
12,vp12/run2_2018-05-24-16-21-35.ids_1,4,19731,19821,put_on_jacket,16
12,vp12/run2_2018-05-24-16-21-35.ids_1,4,19821,19911,put_on_jacket,17
12,vp12/run2_2018-05-24-16-21-35.ids_1,4,19911,20001,put_on_jacket,18
12,vp12/run2_2018-05-24-16-21-35.ids_1,4,20001,20057,put_on_jacket,19
12,vp12/run2_2018-05-24-16-21-35.ids_1,5,20856,20946,work,0
12,vp12/run2_2018-05-24-16-21-35.ids_1,5,20946,21036,work,1
12,vp12/run2_2018-05-24-16-21-35.ids_1,5,21036,21126,work,2
12,vp12/run2_2018-05-24-16-21-35.ids_1,5,21126,21216,work,3
12,vp12/run2_2018-05-24-16-21-35.ids_1,5,21216,21306,work,4
12,vp12/run2_2018-05-24-16-21-35.ids_1,5,21306,21396,work,5
12,vp12/run2_2018-05-24-16-21-35.ids_1,5,21396,21486,work,6
12,vp12/run2_2018-05-24-16-21-35.ids_1,5,21486,21576,work,7
12,vp12/run2_2018-05-24-16-21-35.ids_1,5,21576,21666,work,8
12,vp12/run2_2018-05-24-16-21-35.ids_1,5,21666,21756,work,9
12,vp12/run2_2018-05-24-16-21-35.ids_1,5,21756,21846,work,10
12,vp12/run2_2018-05-24-16-21-35.ids_1,5,21846,21936,work,11
12,vp12/run2_2018-05-24-16-21-35.ids_1,5,21936,22026,work,12
12,vp12/run2_2018-05-24-16-21-35.ids_1,5,22026,22116,work,13
12,vp12/run2_2018-05-24-16-21-35.ids_1,5,22116,22206,work,14
12,vp12/run2_2018-05-24-16-21-35.ids_1,5,22206,22296,work,15
12,vp12/run2_2018-05-24-16-21-35.ids_1,5,22296,22386,work,16
12,vp12/run2_2018-05-24-16-21-35.ids_1,5,22386,22436,work,17
12,vp12/run2_2018-05-24-16-21-35.ids_1,6,23067,23157,read_write_magazine,0
12,vp12/run2_2018-05-24-16-21-35.ids_1,6,23157,23247,read_write_magazine,1
12,vp12/run2_2018-05-24-16-21-35.ids_1,6,23247,23337,read_write_magazine,2
12,vp12/run2_2018-05-24-16-21-35.ids_1,6,23337,23427,read_write_magazine,3
12,vp12/run2_2018-05-24-16-21-35.ids_1,6,23427,23517,read_write_magazine,4
12,vp12/run2_2018-05-24-16-21-35.ids_1,6,23517,23607,read_write_magazine,5
12,vp12/run2_2018-05-24-16-21-35.ids_1,6,23607,23697,read_write_magazine,6
12,vp12/run2_2018-05-24-16-21-35.ids_1,6,23697,23787,read_write_magazine,7
12,vp12/run2_2018-05-24-16-21-35.ids_1,6,23787,23877,read_write_magazine,8
12,vp12/run2_2018-05-24-16-21-35.ids_1,6,23877,23967,read_write_magazine,9
12,vp12/run2_2018-05-24-16-21-35.ids_1,6,23967,24057,read_write_magazine,10
12,vp12/run2_2018-05-24-16-21-35.ids_1,6,24057,24147,read_write_magazine,11
12,vp12/run2_2018-05-24-16-21-35.ids_1,6,24147,24237,read_write_magazine,12
12,vp12/run2_2018-05-24-16-21-35.ids_1,6,24237,24327,read_write_magazine,13
12,vp12/run2_2018-05-24-16-21-35.ids_1,6,24327,24417,read_write_magazine,14
12,vp12/run2_2018-05-24-16-21-35.ids_1,6,24417,24507,read_write_magazine,15
12,vp12/run2_2018-05-24-16-21-35.ids_1,6,24507,24597,read_write_magazine,16
12,vp12/run2_2018-05-24-16-21-35.ids_1,6,24597,24687,read_write_magazine,17
12,vp12/run2_2018-05-24-16-21-35.ids_1,6,24687,24777,read_write_magazine,18
12,vp12/run2_2018-05-24-16-21-35.ids_1,6,24777,24867,read_write_magazine,19
12,vp12/run2_2018-05-24-16-21-35.ids_1,6,24867,24957,read_write_magazine,20
12,vp12/run2_2018-05-24-16-21-35.ids_1,6,24957,25047,read_write_magazine,21
12,vp12/run2_2018-05-24-16-21-35.ids_1,6,25047,25137,read_write_magazine,22
12,vp12/run2_2018-05-24-16-21-35.ids_1,6,25137,25227,read_write_magazine,23
12,vp12/run2_2018-05-24-16-21-35.ids_1,6,25227,25317,read_write_magazine,24
12,vp12/run2_2018-05-24-16-21-35.ids_1,6,25317,25407,read_write_magazine,25
12,vp12/run2_2018-05-24-16-21-35.ids_1,6,25407,25497,read_write_magazine,26
12,vp12/run2_2018-05-24-16-21-35.ids_1,6,25497,25587,read_write_magazine,27
12,vp12/run2_2018-05-24-16-21-35.ids_1,6,25587,25677,read_write_magazine,28
12,vp12/run2_2018-05-24-16-21-35.ids_1,6,25677,25767,read_write_magazine,29
12,vp12/run2_2018-05-24-16-21-35.ids_1,6,25767,25857,read_write_magazine,30
12,vp12/run2_2018-05-24-16-21-35.ids_1,6,25857,25947,read_write_magazine,31
12,vp12/run2_2018-05-24-16-21-35.ids_1,6,25947,26037,read_write_magazine,32
12,vp12/run2_2018-05-24-16-21-35.ids_1,6,26037,26127,read_write_magazine,33
12,vp12/run2_2018-05-24-16-21-35.ids_1,6,26127,26217,read_write_magazine,34
12,vp12/run2_2018-05-24-16-21-35.ids_1,6,26217,26307,read_write_magazine,35
12,vp12/run2_2018-05-24-16-21-35.ids_1,6,26307,26397,read_write_magazine,36
12,vp12/run2_2018-05-24-16-21-35.ids_1,6,26397,26487,read_write_magazine,37
12,vp12/run2_2018-05-24-16-21-35.ids_1,6,26487,26577,read_write_magazine,38
12,vp12/run2_2018-05-24-16-21-35.ids_1,6,26577,26667,read_write_magazine,39
12,vp12/run2_2018-05-24-16-21-35.ids_1,6,26667,26757,read_write_magazine,40
12,vp12/run2_2018-05-24-16-21-35.ids_1,6,26757,26847,read_write_magazine,41
12,vp12/run2_2018-05-24-16-21-35.ids_1,6,26847,26937,read_write_magazine,42
12,vp12/run2_2018-05-24-16-21-35.ids_1,6,26937,27027,read_write_magazine,43
12,vp12/run2_2018-05-24-16-21-35.ids_1,6,27027,27117,read_write_magazine,44
12,vp12/run2_2018-05-24-16-21-35.ids_1,6,27117,27207,read_write_magazine,45
12,vp12/run2_2018-05-24-16-21-35.ids_1,6,27207,27297,read_write_magazine,46
12,vp12/run2_2018-05-24-16-21-35.ids_1,6,27297,27387,read_write_magazine,47
12,vp12/run2_2018-05-24-16-21-35.ids_1,6,27387,27477,read_write_magazine,48
12,vp12/run2_2018-05-24-16-21-35.ids_1,6,27477,27567,read_write_magazine,49
12,vp12/run2_2018-05-24-16-21-35.ids_1,6,27567,27657,read_write_magazine,50
12,vp12/run2_2018-05-24-16-21-35.ids_1,6,27657,27747,read_write_magazine,51
12,vp12/run2_2018-05-24-16-21-35.ids_1,6,27747,27837,read_write_magazine,52
12,vp12/run2_2018-05-24-16-21-35.ids_1,6,27837,27927,read_write_magazine,53
12,vp12/run2_2018-05-24-16-21-35.ids_1,6,27927,28017,read_write_magazine,54
12,vp12/run2_2018-05-24-16-21-35.ids_1,6,28017,28107,read_write_magazine,55
12,vp12/run2_2018-05-24-16-21-35.ids_1,6,28107,28197,read_write_magazine,56
12,vp12/run2_2018-05-24-16-21-35.ids_1,6,28197,28287,read_write_magazine,57
12,vp12/run2_2018-05-24-16-21-35.ids_1,6,28287,28377,read_write_magazine,58
12,vp12/run2_2018-05-24-16-21-35.ids_1,6,28377,28467,read_write_magazine,59
12,vp12/run2_2018-05-24-16-21-35.ids_1,6,28467,28557,read_write_magazine,60
12,vp12/run2_2018-05-24-16-21-35.ids_1,6,28557,28647,read_write_magazine,61
12,vp12/run2_2018-05-24-16-21-35.ids_1,6,28647,28737,read_write_magazine,62
12,vp12/run2_2018-05-24-16-21-35.ids_1,6,28737,28827,read_write_magazine,63
12,vp12/run2_2018-05-24-16-21-35.ids_1,6,28827,28917,read_write_magazine,64
12,vp12/run2_2018-05-24-16-21-35.ids_1,6,28917,29007,read_write_magazine,65
12,vp12/run2_2018-05-24-16-21-35.ids_1,6,29007,29097,read_write_magazine,66
12,vp12/run2_2018-05-24-16-21-35.ids_1,6,29097,29187,read_write_magazine,67
12,vp12/run2_2018-05-24-16-21-35.ids_1,6,29187,29277,read_write_magazine,68
12,vp12/run2_2018-05-24-16-21-35.ids_1,6,29277,29367,read_write_magazine,69
12,vp12/run2_2018-05-24-16-21-35.ids_1,6,29367,29457,read_write_magazine,70
12,vp12/run2_2018-05-24-16-21-35.ids_1,6,29457,29547,read_write_magazine,71
12,vp12/run2_2018-05-24-16-21-35.ids_1,6,29547,29637,read_write_magazine,72
12,vp12/run2_2018-05-24-16-21-35.ids_1,6,29637,29727,read_write_magazine,73
12,vp12/run2_2018-05-24-16-21-35.ids_1,6,29727,29817,read_write_magazine,74
12,vp12/run2_2018-05-24-16-21-35.ids_1,6,29817,29907,read_write_magazine,75
12,vp12/run2_2018-05-24-16-21-35.ids_1,6,29907,29997,read_write_magazine,76
12,vp12/run2_2018-05-24-16-21-35.ids_1,6,29997,30087,read_write_magazine,77
12,vp12/run2_2018-05-24-16-21-35.ids_1,6,30087,30177,read_write_magazine,78
12,vp12/run2_2018-05-24-16-21-35.ids_1,6,30177,30267,read_write_magazine,79
12,vp12/run2_2018-05-24-16-21-35.ids_1,6,30267,30357,read_write_magazine,80
12,vp12/run2_2018-05-24-16-21-35.ids_1,6,30357,30447,read_write_magazine,81
12,vp12/run2_2018-05-24-16-21-35.ids_1,6,30447,30537,read_write_magazine,82
12,vp12/run2_2018-05-24-16-21-35.ids_1,6,30537,30627,read_write_magazine,83
12,vp12/run2_2018-05-24-16-21-35.ids_1,6,30627,30664,read_write_magazine,84
12,vp12/run2_2018-05-24-16-21-35.ids_1,7,30980,31070,eat_drink,0
12,vp12/run2_2018-05-24-16-21-35.ids_1,7,31070,31160,eat_drink,1
12,vp12/run2_2018-05-24-16-21-35.ids_1,7,31160,31250,eat_drink,2
12,vp12/run2_2018-05-24-16-21-35.ids_1,7,31250,31340,eat_drink,3
12,vp12/run2_2018-05-24-16-21-35.ids_1,7,31340,31430,eat_drink,4
12,vp12/run2_2018-05-24-16-21-35.ids_1,7,31430,31520,eat_drink,5
12,vp12/run2_2018-05-24-16-21-35.ids_1,7,31520,31610,eat_drink,6
12,vp12/run2_2018-05-24-16-21-35.ids_1,7,31610,31700,eat_drink,7
12,vp12/run2_2018-05-24-16-21-35.ids_1,7,31700,31790,eat_drink,8
12,vp12/run2_2018-05-24-16-21-35.ids_1,7,31790,31880,eat_drink,9
12,vp12/run2_2018-05-24-16-21-35.ids_1,7,31880,31970,eat_drink,10
12,vp12/run2_2018-05-24-16-21-35.ids_1,7,31970,32060,eat_drink,11
12,vp12/run2_2018-05-24-16-21-35.ids_1,7,32060,32150,eat_drink,12
12,vp12/run2_2018-05-24-16-21-35.ids_1,7,32150,32240,eat_drink,13
12,vp12/run2_2018-05-24-16-21-35.ids_1,7,32240,32330,eat_drink,14
12,vp12/run2_2018-05-24-16-21-35.ids_1,7,32330,32420,eat_drink,15
12,vp12/run2_2018-05-24-16-21-35.ids_1,7,32420,32510,eat_drink,16
12,vp12/run2_2018-05-24-16-21-35.ids_1,7,32510,32600,eat_drink,17
12,vp12/run2_2018-05-24-16-21-35.ids_1,7,32600,32690,eat_drink,18
12,vp12/run2_2018-05-24-16-21-35.ids_1,7,32690,32780,eat_drink,19
12,vp12/run2_2018-05-24-16-21-35.ids_1,7,32780,32870,eat_drink,20
12,vp12/run2_2018-05-24-16-21-35.ids_1,7,32870,32960,eat_drink,21
12,vp12/run2_2018-05-24-16-21-35.ids_1,7,32960,33050,eat_drink,22
12,vp12/run2_2018-05-24-16-21-35.ids_1,7,33050,33140,eat_drink,23
12,vp12/run2_2018-05-24-16-21-35.ids_1,7,33140,33230,eat_drink,24
12,vp12/run2_2018-05-24-16-21-35.ids_1,7,33230,33320,eat_drink,25
12,vp12/run2_2018-05-24-16-21-35.ids_1,7,33320,33410,eat_drink,26
12,vp12/run2_2018-05-24-16-21-35.ids_1,7,33410,33500,eat_drink,27
12,vp12/run2_2018-05-24-16-21-35.ids_1,7,33500,33590,eat_drink,28
12,vp12/run2_2018-05-24-16-21-35.ids_1,7,33590,33680,eat_drink,29
12,vp12/run2_2018-05-24-16-21-35.ids_1,7,33680,33770,eat_drink,30
12,vp12/run2_2018-05-24-16-21-35.ids_1,7,33770,33860,eat_drink,31
12,vp12/run2_2018-05-24-16-21-35.ids_1,7,33860,33950,eat_drink,32
12,vp12/run2_2018-05-24-16-21-35.ids_1,7,33950,34040,eat_drink,33
12,vp12/run2_2018-05-24-16-21-35.ids_1,7,34040,34130,eat_drink,34
12,vp12/run2_2018-05-24-16-21-35.ids_1,7,34130,34220,eat_drink,35
12,vp12/run2_2018-05-24-16-21-35.ids_1,7,34220,34310,eat_drink,36
12,vp12/run2_2018-05-24-16-21-35.ids_1,7,34310,34400,eat_drink,37
12,vp12/run2_2018-05-24-16-21-35.ids_1,7,34400,34490,eat_drink,38
12,vp12/run2_2018-05-24-16-21-35.ids_1,7,34490,34580,eat_drink,39
12,vp12/run2_2018-05-24-16-21-35.ids_1,7,34580,34670,eat_drink,40
12,vp12/run2_2018-05-24-16-21-35.ids_1,7,34670,34760,eat_drink,41
12,vp12/run2_2018-05-24-16-21-35.ids_1,7,34760,34850,eat_drink,42
12,vp12/run2_2018-05-24-16-21-35.ids_1,7,34850,34940,eat_drink,43
12,vp12/run2_2018-05-24-16-21-35.ids_1,7,34940,35030,eat_drink,44
12,vp12/run2_2018-05-24-16-21-35.ids_1,7,35030,35120,eat_drink,45
12,vp12/run2_2018-05-24-16-21-35.ids_1,7,35120,35210,eat_drink,46
12,vp12/run2_2018-05-24-16-21-35.ids_1,7,35210,35300,eat_drink,47
12,vp12/run2_2018-05-24-16-21-35.ids_1,7,35300,35390,eat_drink,48
12,vp12/run2_2018-05-24-16-21-35.ids_1,7,35390,35480,eat_drink,49
12,vp12/run2_2018-05-24-16-21-35.ids_1,7,35480,35570,eat_drink,50
12,vp12/run2_2018-05-24-16-21-35.ids_1,7,35570,35660,eat_drink,51
12,vp12/run2_2018-05-24-16-21-35.ids_1,7,35660,35750,eat_drink,52
12,vp12/run2_2018-05-24-16-21-35.ids_1,7,35750,35840,eat_drink,53
12,vp12/run2_2018-05-24-16-21-35.ids_1,7,35840,35930,eat_drink,54
12,vp12/run2_2018-05-24-16-21-35.ids_1,7,35930,36020,eat_drink,55
12,vp12/run2_2018-05-24-16-21-35.ids_1,7,36020,36110,eat_drink,56
12,vp12/run2_2018-05-24-16-21-35.ids_1,7,36110,36152,eat_drink,57
12,vp12/run2_2018-05-24-16-21-35.ids_1,8,38197,38287,eat_drink,0
12,vp12/run2_2018-05-24-16-21-35.ids_1,8,38287,38377,eat_drink,1
12,vp12/run2_2018-05-24-16-21-35.ids_1,8,38377,38467,eat_drink,2
12,vp12/run2_2018-05-24-16-21-35.ids_1,8,38467,38557,eat_drink,3
12,vp12/run2_2018-05-24-16-21-35.ids_1,8,38557,38647,eat_drink,4
12,vp12/run2_2018-05-24-16-21-35.ids_1,8,38647,38737,eat_drink,5
12,vp12/run2_2018-05-24-16-21-35.ids_1,8,38737,38827,eat_drink,6
12,vp12/run2_2018-05-24-16-21-35.ids_1,8,38827,38917,eat_drink,7
12,vp12/run2_2018-05-24-16-21-35.ids_1,8,38917,39007,eat_drink,8
12,vp12/run2_2018-05-24-16-21-35.ids_1,8,39007,39097,eat_drink,9
12,vp12/run2_2018-05-24-16-21-35.ids_1,8,39097,39187,eat_drink,10
12,vp12/run2_2018-05-24-16-21-35.ids_1,8,39187,39277,eat_drink,11
12,vp12/run2_2018-05-24-16-21-35.ids_1,8,39277,39367,eat_drink,12
12,vp12/run2_2018-05-24-16-21-35.ids_1,8,39367,39457,eat_drink,13
12,vp12/run2_2018-05-24-16-21-35.ids_1,8,39457,39547,eat_drink,14
12,vp12/run2_2018-05-24-16-21-35.ids_1,8,39547,39637,eat_drink,15
12,vp12/run2_2018-05-24-16-21-35.ids_1,8,39637,39727,eat_drink,16
12,vp12/run2_2018-05-24-16-21-35.ids_1,8,39727,39817,eat_drink,17
12,vp12/run2_2018-05-24-16-21-35.ids_1,8,39817,39907,eat_drink,18
12,vp12/run2_2018-05-24-16-21-35.ids_1,8,39907,39997,eat_drink,19
12,vp12/run2_2018-05-24-16-21-35.ids_1,8,39997,40087,eat_drink,20
12,vp12/run2_2018-05-24-16-21-35.ids_1,8,40087,40177,eat_drink,21
12,vp12/run2_2018-05-24-16-21-35.ids_1,8,40177,40267,eat_drink,22
12,vp12/run2_2018-05-24-16-21-35.ids_1,8,40267,40357,eat_drink,23
12,vp12/run2_2018-05-24-16-21-35.ids_1,8,40357,40447,eat_drink,24
12,vp12/run2_2018-05-24-16-21-35.ids_1,8,40447,40537,eat_drink,25
12,vp12/run2_2018-05-24-16-21-35.ids_1,8,40537,40627,eat_drink,26
12,vp12/run2_2018-05-24-16-21-35.ids_1,8,40627,40717,eat_drink,27
12,vp12/run2_2018-05-24-16-21-35.ids_1,8,40717,40807,eat_drink,28
12,vp12/run2_2018-05-24-16-21-35.ids_1,8,40807,40897,eat_drink,29
12,vp12/run2_2018-05-24-16-21-35.ids_1,8,40897,40987,eat_drink,30
12,vp12/run2_2018-05-24-16-21-35.ids_1,8,40987,41077,eat_drink,31
12,vp12/run2_2018-05-24-16-21-35.ids_1,8,41077,41167,eat_drink,32
12,vp12/run2_2018-05-24-16-21-35.ids_1,8,41167,41257,eat_drink,33
12,vp12/run2_2018-05-24-16-21-35.ids_1,8,41257,41347,eat_drink,34
12,vp12/run2_2018-05-24-16-21-35.ids_1,8,41347,41437,eat_drink,35
12,vp12/run2_2018-05-24-16-21-35.ids_1,8,41437,41527,eat_drink,36
12,vp12/run2_2018-05-24-16-21-35.ids_1,8,41527,41617,eat_drink,37
12,vp12/run2_2018-05-24-16-21-35.ids_1,8,41617,41666,eat_drink,38
12,vp12/run2_2018-05-24-16-21-35.ids_1,9,41774,41864,work,0
12,vp12/run2_2018-05-24-16-21-35.ids_1,9,41864,41954,work,1
12,vp12/run2_2018-05-24-16-21-35.ids_1,9,41954,42044,work,2
12,vp12/run2_2018-05-24-16-21-35.ids_1,9,42044,42134,work,3
12,vp12/run2_2018-05-24-16-21-35.ids_1,9,42134,42224,work,4
12,vp12/run2_2018-05-24-16-21-35.ids_1,9,42224,42314,work,5
12,vp12/run2_2018-05-24-16-21-35.ids_1,9,42314,42404,work,6
12,vp12/run2_2018-05-24-16-21-35.ids_1,9,42404,42494,work,7
12,vp12/run2_2018-05-24-16-21-35.ids_1,9,42494,42584,work,8
12,vp12/run2_2018-05-24-16-21-35.ids_1,9,42584,42674,work,9
12,vp12/run2_2018-05-24-16-21-35.ids_1,9,42674,42764,work,10
12,vp12/run2_2018-05-24-16-21-35.ids_1,9,42764,42854,work,11
12,vp12/run2_2018-05-24-16-21-35.ids_1,9,42854,42944,work,12
12,vp12/run2_2018-05-24-16-21-35.ids_1,9,42944,43034,work,13
12,vp12/run2_2018-05-24-16-21-35.ids_1,9,43034,43124,work,14
12,vp12/run2_2018-05-24-16-21-35.ids_1,9,43124,43214,work,15
12,vp12/run2_2018-05-24-16-21-35.ids_1,9,43214,43304,work,16
12,vp12/run2_2018-05-24-16-21-35.ids_1,9,43304,43394,work,17
12,vp12/run2_2018-05-24-16-21-35.ids_1,9,43394,43484,work,18
12,vp12/run2_2018-05-24-16-21-35.ids_1,9,43484,43574,work,19
12,vp12/run2_2018-05-24-16-21-35.ids_1,9,43574,43664,work,20
12,vp12/run2_2018-05-24-16-21-35.ids_1,9,43664,43754,work,21
12,vp12/run2_2018-05-24-16-21-35.ids_1,9,43754,43844,work,22
12,vp12/run2_2018-05-24-16-21-35.ids_1,9,43844,43934,work,23
12,vp12/run2_2018-05-24-16-21-35.ids_1,9,43934,44024,work,24
12,vp12/run2_2018-05-24-16-21-35.ids_1,9,44024,44114,work,25
12,vp12/run2_2018-05-24-16-21-35.ids_1,9,44114,44204,work,26
12,vp12/run2_2018-05-24-16-21-35.ids_1,9,44204,44294,work,27
12,vp12/run2_2018-05-24-16-21-35.ids_1,9,44294,44384,work,28
12,vp12/run2_2018-05-24-16-21-35.ids_1,9,44384,44474,work,29
12,vp12/run2_2018-05-24-16-21-35.ids_1,9,44474,44564,work,30
12,vp12/run2_2018-05-24-16-21-35.ids_1,9,44564,44654,work,31
12,vp12/run2_2018-05-24-16-21-35.ids_1,9,44654,44744,work,32
12,vp12/run2_2018-05-24-16-21-35.ids_1,9,44744,44834,work,33
12,vp12/run2_2018-05-24-16-21-35.ids_1,9,44834,44924,work,34
12,vp12/run2_2018-05-24-16-21-35.ids_1,9,44924,45014,work,35
12,vp12/run2_2018-05-24-16-21-35.ids_1,9,45014,45104,work,36
12,vp12/run2_2018-05-24-16-21-35.ids_1,9,45104,45194,work,37
12,vp12/run2_2018-05-24-16-21-35.ids_1,9,45194,45284,work,38
12,vp12/run2_2018-05-24-16-21-35.ids_1,9,45284,45374,work,39
12,vp12/run2_2018-05-24-16-21-35.ids_1,9,45374,45464,work,40
12,vp12/run2_2018-05-24-16-21-35.ids_1,9,45464,45554,work,41
12,vp12/run2_2018-05-24-16-21-35.ids_1,9,45554,45644,work,42
12,vp12/run2_2018-05-24-16-21-35.ids_1,9,45644,45734,work,43
12,vp12/run2_2018-05-24-16-21-35.ids_1,9,45734,45824,work,44
12,vp12/run2_2018-05-24-16-21-35.ids_1,9,45824,45914,work,45
12,vp12/run2_2018-05-24-16-21-35.ids_1,9,45914,46004,work,46
12,vp12/run2_2018-05-24-16-21-35.ids_1,9,46004,46094,work,47
12,vp12/run2_2018-05-24-16-21-35.ids_1,9,46094,46184,work,48
12,vp12/run2_2018-05-24-16-21-35.ids_1,9,46184,46274,work,49
12,vp12/run2_2018-05-24-16-21-35.ids_1,9,46274,46329,work,50
12,vp12/run2_2018-05-24-16-21-35.ids_1,10,49003,49093,final_task,0
12,vp12/run2_2018-05-24-16-21-35.ids_1,10,49093,49183,final_task,1
12,vp12/run2_2018-05-24-16-21-35.ids_1,10,49183,49273,final_task,2
12,vp12/run2_2018-05-24-16-21-35.ids_1,10,49273,49363,final_task,3
12,vp12/run2_2018-05-24-16-21-35.ids_1,10,49363,49453,final_task,4
12,vp12/run2_2018-05-24-16-21-35.ids_1,10,49453,49543,final_task,5
12,vp12/run2_2018-05-24-16-21-35.ids_1,10,49543,49633,final_task,6
12,vp12/run2_2018-05-24-16-21-35.ids_1,10,49633,49723,final_task,7
12,vp12/run2_2018-05-24-16-21-35.ids_1,10,49723,49813,final_task,8
12,vp12/run2_2018-05-24-16-21-35.ids_1,10,49813,49903,final_task,9
12,vp12/run2_2018-05-24-16-21-35.ids_1,10,49903,49993,final_task,10
12,vp12/run2_2018-05-24-16-21-35.ids_1,10,49993,50083,final_task,11
12,vp12/run2_2018-05-24-16-21-35.ids_1,10,50083,50173,final_task,12
12,vp12/run2_2018-05-24-16-21-35.ids_1,10,50173,50263,final_task,13
12,vp12/run2_2018-05-24-16-21-35.ids_1,10,50263,50318,final_task,14
13,vp13/run1_2018-05-29-15-21-10.ids_1,0,0,90,fasten_seat_belt,0
13,vp13/run1_2018-05-29-15-21-10.ids_1,0,90,180,fasten_seat_belt,1
13,vp13/run1_2018-05-29-15-21-10.ids_1,0,180,270,fasten_seat_belt,2
13,vp13/run1_2018-05-29-15-21-10.ids_1,0,270,360,fasten_seat_belt,3
13,vp13/run1_2018-05-29-15-21-10.ids_1,0,360,450,fasten_seat_belt,4
13,vp13/run1_2018-05-29-15-21-10.ids_1,0,450,540,fasten_seat_belt,5
13,vp13/run1_2018-05-29-15-21-10.ids_1,0,540,609,fasten_seat_belt,6
13,vp13/run1_2018-05-29-15-21-10.ids_1,1,6000,6090,hand_over,0
13,vp13/run1_2018-05-29-15-21-10.ids_1,1,6090,6180,hand_over,1
13,vp13/run1_2018-05-29-15-21-10.ids_1,1,6180,6270,hand_over,2
13,vp13/run1_2018-05-29-15-21-10.ids_1,1,6270,6360,hand_over,3
13,vp13/run1_2018-05-29-15-21-10.ids_1,1,6360,6450,hand_over,4
13,vp13/run1_2018-05-29-15-21-10.ids_1,1,6450,6540,hand_over,5
13,vp13/run1_2018-05-29-15-21-10.ids_1,1,6540,6630,hand_over,6
13,vp13/run1_2018-05-29-15-21-10.ids_1,1,6630,6720,hand_over,7
13,vp13/run1_2018-05-29-15-21-10.ids_1,1,6720,6729,hand_over,8
13,vp13/run1_2018-05-29-15-21-10.ids_1,2,6960,7050,put_on_sunglasses,0
13,vp13/run1_2018-05-29-15-21-10.ids_1,2,7050,7140,put_on_sunglasses,1
13,vp13/run1_2018-05-29-15-21-10.ids_1,2,7140,7230,put_on_sunglasses,2
13,vp13/run1_2018-05-29-15-21-10.ids_1,2,7230,7239,put_on_sunglasses,3
13,vp13/run1_2018-05-29-15-21-10.ids_1,3,8130,8220,read_write_newspaper,0
13,vp13/run1_2018-05-29-15-21-10.ids_1,3,8220,8310,read_write_newspaper,1
13,vp13/run1_2018-05-29-15-21-10.ids_1,3,8310,8400,read_write_newspaper,2
13,vp13/run1_2018-05-29-15-21-10.ids_1,3,8400,8490,read_write_newspaper,3
13,vp13/run1_2018-05-29-15-21-10.ids_1,3,8490,8580,read_write_newspaper,4
13,vp13/run1_2018-05-29-15-21-10.ids_1,3,8580,8670,read_write_newspaper,5
13,vp13/run1_2018-05-29-15-21-10.ids_1,3,8670,8760,read_write_newspaper,6
13,vp13/run1_2018-05-29-15-21-10.ids_1,3,8760,8850,read_write_newspaper,7
13,vp13/run1_2018-05-29-15-21-10.ids_1,3,8850,8940,read_write_newspaper,8
13,vp13/run1_2018-05-29-15-21-10.ids_1,3,8940,9030,read_write_newspaper,9
13,vp13/run1_2018-05-29-15-21-10.ids_1,3,9030,9120,read_write_newspaper,10
13,vp13/run1_2018-05-29-15-21-10.ids_1,3,9120,9210,read_write_newspaper,11
13,vp13/run1_2018-05-29-15-21-10.ids_1,3,9210,9300,read_write_newspaper,12
13,vp13/run1_2018-05-29-15-21-10.ids_1,3,9300,9390,read_write_newspaper,13
13,vp13/run1_2018-05-29-15-21-10.ids_1,3,9390,9480,read_write_newspaper,14
13,vp13/run1_2018-05-29-15-21-10.ids_1,3,9480,9570,read_write_newspaper,15
13,vp13/run1_2018-05-29-15-21-10.ids_1,3,9570,9660,read_write_newspaper,16
13,vp13/run1_2018-05-29-15-21-10.ids_1,3,9660,9750,read_write_newspaper,17
13,vp13/run1_2018-05-29-15-21-10.ids_1,3,9750,9840,read_write_newspaper,18
13,vp13/run1_2018-05-29-15-21-10.ids_1,3,9840,9930,read_write_newspaper,19
13,vp13/run1_2018-05-29-15-21-10.ids_1,3,9930,10020,read_write_newspaper,20
13,vp13/run1_2018-05-29-15-21-10.ids_1,3,10020,10110,read_write_newspaper,21
13,vp13/run1_2018-05-29-15-21-10.ids_1,3,10110,10200,read_write_newspaper,22
13,vp13/run1_2018-05-29-15-21-10.ids_1,3,10200,10290,read_write_newspaper,23
13,vp13/run1_2018-05-29-15-21-10.ids_1,3,10290,10380,read_write_newspaper,24
13,vp13/run1_2018-05-29-15-21-10.ids_1,3,10380,10470,read_write_newspaper,25
13,vp13/run1_2018-05-29-15-21-10.ids_1,3,10470,10560,read_write_newspaper,26
13,vp13/run1_2018-05-29-15-21-10.ids_1,3,10560,10650,read_write_newspaper,27
13,vp13/run1_2018-05-29-15-21-10.ids_1,3,10650,10740,read_write_newspaper,28
13,vp13/run1_2018-05-29-15-21-10.ids_1,3,10740,10830,read_write_newspaper,29
13,vp13/run1_2018-05-29-15-21-10.ids_1,3,10830,10920,read_write_newspaper,30
13,vp13/run1_2018-05-29-15-21-10.ids_1,3,10920,11010,read_write_newspaper,31
13,vp13/run1_2018-05-29-15-21-10.ids_1,3,11010,11100,read_write_newspaper,32
13,vp13/run1_2018-05-29-15-21-10.ids_1,3,11100,11190,read_write_newspaper,33
13,vp13/run1_2018-05-29-15-21-10.ids_1,3,11190,11280,read_write_newspaper,34
13,vp13/run1_2018-05-29-15-21-10.ids_1,3,11280,11370,read_write_newspaper,35
13,vp13/run1_2018-05-29-15-21-10.ids_1,3,11370,11460,read_write_newspaper,36
13,vp13/run1_2018-05-29-15-21-10.ids_1,3,11460,11550,read_write_newspaper,37
13,vp13/run1_2018-05-29-15-21-10.ids_1,3,11550,11640,read_write_newspaper,38
13,vp13/run1_2018-05-29-15-21-10.ids_1,3,11640,11730,read_write_newspaper,39
13,vp13/run1_2018-05-29-15-21-10.ids_1,3,11730,11820,read_write_newspaper,40
13,vp13/run1_2018-05-29-15-21-10.ids_1,3,11820,11910,read_write_newspaper,41
13,vp13/run1_2018-05-29-15-21-10.ids_1,3,11910,12000,read_write_newspaper,42
13,vp13/run1_2018-05-29-15-21-10.ids_1,3,12000,12090,read_write_newspaper,43
13,vp13/run1_2018-05-29-15-21-10.ids_1,3,12090,12180,read_write_newspaper,44
13,vp13/run1_2018-05-29-15-21-10.ids_1,3,12180,12218,read_write_newspaper,45
13,vp13/run1_2018-05-29-15-21-10.ids_1,4,12930,13020,put_on_jacket,0
13,vp13/run1_2018-05-29-15-21-10.ids_1,4,13020,13110,put_on_jacket,1
13,vp13/run1_2018-05-29-15-21-10.ids_1,4,13110,13200,put_on_jacket,2
13,vp13/run1_2018-05-29-15-21-10.ids_1,4,13200,13290,put_on_jacket,3
13,vp13/run1_2018-05-29-15-21-10.ids_1,4,13290,13380,put_on_jacket,4
13,vp13/run1_2018-05-29-15-21-10.ids_1,4,13380,13470,put_on_jacket,5
13,vp13/run1_2018-05-29-15-21-10.ids_1,4,13470,13560,put_on_jacket,6
13,vp13/run1_2018-05-29-15-21-10.ids_1,4,13560,13650,put_on_jacket,7
13,vp13/run1_2018-05-29-15-21-10.ids_1,4,13650,13740,put_on_jacket,8
13,vp13/run1_2018-05-29-15-21-10.ids_1,4,13740,13830,put_on_jacket,9
13,vp13/run1_2018-05-29-15-21-10.ids_1,4,13830,13920,put_on_jacket,10
13,vp13/run1_2018-05-29-15-21-10.ids_1,4,13920,14010,put_on_jacket,11
13,vp13/run1_2018-05-29-15-21-10.ids_1,4,14010,14100,put_on_jacket,12
13,vp13/run1_2018-05-29-15-21-10.ids_1,4,14100,14190,put_on_jacket,13
13,vp13/run1_2018-05-29-15-21-10.ids_1,4,14190,14280,put_on_jacket,14
13,vp13/run1_2018-05-29-15-21-10.ids_1,4,14280,14370,put_on_jacket,15
13,vp13/run1_2018-05-29-15-21-10.ids_1,4,14370,14460,put_on_jacket,16
13,vp13/run1_2018-05-29-15-21-10.ids_1,4,14460,14498,put_on_jacket,17
13,vp13/run1_2018-05-29-15-21-10.ids_1,5,15390,15480,read_write_magazine,0
13,vp13/run1_2018-05-29-15-21-10.ids_1,5,15480,15570,read_write_magazine,1
13,vp13/run1_2018-05-29-15-21-10.ids_1,5,15570,15660,read_write_magazine,2
13,vp13/run1_2018-05-29-15-21-10.ids_1,5,15660,15750,read_write_magazine,3
13,vp13/run1_2018-05-29-15-21-10.ids_1,5,15750,15840,read_write_magazine,4
13,vp13/run1_2018-05-29-15-21-10.ids_1,5,15840,15930,read_write_magazine,5
13,vp13/run1_2018-05-29-15-21-10.ids_1,5,15930,16020,read_write_magazine,6
13,vp13/run1_2018-05-29-15-21-10.ids_1,5,16020,16110,read_write_magazine,7
13,vp13/run1_2018-05-29-15-21-10.ids_1,5,16110,16200,read_write_magazine,8
13,vp13/run1_2018-05-29-15-21-10.ids_1,5,16200,16290,read_write_magazine,9
13,vp13/run1_2018-05-29-15-21-10.ids_1,5,16290,16380,read_write_magazine,10
13,vp13/run1_2018-05-29-15-21-10.ids_1,5,16380,16470,read_write_magazine,11
13,vp13/run1_2018-05-29-15-21-10.ids_1,5,16470,16560,read_write_magazine,12
13,vp13/run1_2018-05-29-15-21-10.ids_1,5,16560,16650,read_write_magazine,13
13,vp13/run1_2018-05-29-15-21-10.ids_1,5,16650,16740,read_write_magazine,14
13,vp13/run1_2018-05-29-15-21-10.ids_1,5,16740,16830,read_write_magazine,15
13,vp13/run1_2018-05-29-15-21-10.ids_1,5,16830,16920,read_write_magazine,16
13,vp13/run1_2018-05-29-15-21-10.ids_1,5,16920,17010,read_write_magazine,17
13,vp13/run1_2018-05-29-15-21-10.ids_1,5,17010,17100,read_write_magazine,18
13,vp13/run1_2018-05-29-15-21-10.ids_1,5,17100,17190,read_write_magazine,19
13,vp13/run1_2018-05-29-15-21-10.ids_1,5,17190,17280,read_write_magazine,20
13,vp13/run1_2018-05-29-15-21-10.ids_1,5,17280,17370,read_write_magazine,21
13,vp13/run1_2018-05-29-15-21-10.ids_1,5,17370,17460,read_write_magazine,22
13,vp13/run1_2018-05-29-15-21-10.ids_1,5,17460,17550,read_write_magazine,23
13,vp13/run1_2018-05-29-15-21-10.ids_1,5,17550,17640,read_write_magazine,24
13,vp13/run1_2018-05-29-15-21-10.ids_1,5,17640,17730,read_write_magazine,25
13,vp13/run1_2018-05-29-15-21-10.ids_1,5,17730,17820,read_write_magazine,26
13,vp13/run1_2018-05-29-15-21-10.ids_1,5,17820,17910,read_write_magazine,27
13,vp13/run1_2018-05-29-15-21-10.ids_1,5,17910,18000,read_write_magazine,28
13,vp13/run1_2018-05-29-15-21-10.ids_1,5,18000,18090,read_write_magazine,29
13,vp13/run1_2018-05-29-15-21-10.ids_1,5,18090,18180,read_write_magazine,30
13,vp13/run1_2018-05-29-15-21-10.ids_1,5,18180,18270,read_write_magazine,31
13,vp13/run1_2018-05-29-15-21-10.ids_1,5,18270,18360,read_write_magazine,32
13,vp13/run1_2018-05-29-15-21-10.ids_1,5,18360,18450,read_write_magazine,33
13,vp13/run1_2018-05-29-15-21-10.ids_1,5,18450,18540,read_write_magazine,34
13,vp13/run1_2018-05-29-15-21-10.ids_1,5,18540,18630,read_write_magazine,35
13,vp13/run1_2018-05-29-15-21-10.ids_1,5,18630,18720,read_write_magazine,36
13,vp13/run1_2018-05-29-15-21-10.ids_1,5,18720,18810,read_write_magazine,37
13,vp13/run1_2018-05-29-15-21-10.ids_1,5,18810,18900,read_write_magazine,38
13,vp13/run1_2018-05-29-15-21-10.ids_1,5,18900,18990,read_write_magazine,39
13,vp13/run1_2018-05-29-15-21-10.ids_1,5,18990,19080,read_write_magazine,40
13,vp13/run1_2018-05-29-15-21-10.ids_1,5,19080,19170,read_write_magazine,41
13,vp13/run1_2018-05-29-15-21-10.ids_1,5,19170,19260,read_write_magazine,42
13,vp13/run1_2018-05-29-15-21-10.ids_1,5,19260,19350,read_write_magazine,43
13,vp13/run1_2018-05-29-15-21-10.ids_1,5,19350,19440,read_write_magazine,44
13,vp13/run1_2018-05-29-15-21-10.ids_1,5,19440,19530,read_write_magazine,45
13,vp13/run1_2018-05-29-15-21-10.ids_1,5,19530,19620,read_write_magazine,46
13,vp13/run1_2018-05-29-15-21-10.ids_1,5,19620,19710,read_write_magazine,47
13,vp13/run1_2018-05-29-15-21-10.ids_1,5,19710,19778,read_write_magazine,48
13,vp13/run1_2018-05-29-15-21-10.ids_1,6,20400,20490,take_off_sunglasses,0
13,vp13/run1_2018-05-29-15-21-10.ids_1,6,20490,20580,take_off_sunglasses,1
13,vp13/run1_2018-05-29-15-21-10.ids_1,6,20580,20648,take_off_sunglasses,2
13,vp13/run1_2018-05-29-15-21-10.ids_1,7,21210,21300,eat_drink,0
13,vp13/run1_2018-05-29-15-21-10.ids_1,7,21300,21390,eat_drink,1
13,vp13/run1_2018-05-29-15-21-10.ids_1,7,21390,21480,eat_drink,2
13,vp13/run1_2018-05-29-15-21-10.ids_1,7,21480,21570,eat_drink,3
13,vp13/run1_2018-05-29-15-21-10.ids_1,7,21570,21660,eat_drink,4
13,vp13/run1_2018-05-29-15-21-10.ids_1,7,21660,21750,eat_drink,5
13,vp13/run1_2018-05-29-15-21-10.ids_1,7,21750,21840,eat_drink,6
13,vp13/run1_2018-05-29-15-21-10.ids_1,7,21840,21930,eat_drink,7
13,vp13/run1_2018-05-29-15-21-10.ids_1,7,21930,22020,eat_drink,8
13,vp13/run1_2018-05-29-15-21-10.ids_1,7,22020,22110,eat_drink,9
13,vp13/run1_2018-05-29-15-21-10.ids_1,7,22110,22200,eat_drink,10
13,vp13/run1_2018-05-29-15-21-10.ids_1,7,22200,22290,eat_drink,11
13,vp13/run1_2018-05-29-15-21-10.ids_1,7,22290,22380,eat_drink,12
13,vp13/run1_2018-05-29-15-21-10.ids_1,7,22380,22470,eat_drink,13
13,vp13/run1_2018-05-29-15-21-10.ids_1,7,22470,22560,eat_drink,14
13,vp13/run1_2018-05-29-15-21-10.ids_1,7,22560,22650,eat_drink,15
13,vp13/run1_2018-05-29-15-21-10.ids_1,7,22650,22740,eat_drink,16
13,vp13/run1_2018-05-29-15-21-10.ids_1,7,22740,22830,eat_drink,17
13,vp13/run1_2018-05-29-15-21-10.ids_1,7,22830,22920,eat_drink,18
13,vp13/run1_2018-05-29-15-21-10.ids_1,7,22920,23010,eat_drink,19
13,vp13/run1_2018-05-29-15-21-10.ids_1,7,23010,23100,eat_drink,20
13,vp13/run1_2018-05-29-15-21-10.ids_1,7,23100,23190,eat_drink,21
13,vp13/run1_2018-05-29-15-21-10.ids_1,7,23190,23280,eat_drink,22
13,vp13/run1_2018-05-29-15-21-10.ids_1,7,23280,23370,eat_drink,23
13,vp13/run1_2018-05-29-15-21-10.ids_1,7,23370,23460,eat_drink,24
13,vp13/run1_2018-05-29-15-21-10.ids_1,7,23460,23550,eat_drink,25
13,vp13/run1_2018-05-29-15-21-10.ids_1,7,23550,23640,eat_drink,26
13,vp13/run1_2018-05-29-15-21-10.ids_1,7,23640,23730,eat_drink,27
13,vp13/run1_2018-05-29-15-21-10.ids_1,7,23730,23820,eat_drink,28
13,vp13/run1_2018-05-29-15-21-10.ids_1,7,23820,23910,eat_drink,29
13,vp13/run1_2018-05-29-15-21-10.ids_1,7,23910,24000,eat_drink,30
13,vp13/run1_2018-05-29-15-21-10.ids_1,7,24000,24090,eat_drink,31
13,vp13/run1_2018-05-29-15-21-10.ids_1,7,24090,24180,eat_drink,32
13,vp13/run1_2018-05-29-15-21-10.ids_1,7,24180,24270,eat_drink,33
13,vp13/run1_2018-05-29-15-21-10.ids_1,7,24270,24360,eat_drink,34
13,vp13/run1_2018-05-29-15-21-10.ids_1,7,24360,24450,eat_drink,35
13,vp13/run1_2018-05-29-15-21-10.ids_1,7,24450,24540,eat_drink,36
13,vp13/run1_2018-05-29-15-21-10.ids_1,7,24540,24630,eat_drink,37
13,vp13/run1_2018-05-29-15-21-10.ids_1,7,24630,24720,eat_drink,38
13,vp13/run1_2018-05-29-15-21-10.ids_1,7,24720,24810,eat_drink,39
13,vp13/run1_2018-05-29-15-21-10.ids_1,7,24810,24900,eat_drink,40
13,vp13/run1_2018-05-29-15-21-10.ids_1,7,24900,24990,eat_drink,41
13,vp13/run1_2018-05-29-15-21-10.ids_1,7,24990,25080,eat_drink,42
13,vp13/run1_2018-05-29-15-21-10.ids_1,7,25080,25170,eat_drink,43
13,vp13/run1_2018-05-29-15-21-10.ids_1,7,25170,25260,eat_drink,44
13,vp13/run1_2018-05-29-15-21-10.ids_1,7,25260,25350,eat_drink,45
13,vp13/run1_2018-05-29-15-21-10.ids_1,7,25350,25440,eat_drink,46
13,vp13/run1_2018-05-29-15-21-10.ids_1,7,25440,25530,eat_drink,47
13,vp13/run1_2018-05-29-15-21-10.ids_1,7,25530,25598,eat_drink,48
13,vp13/run1_2018-05-29-15-21-10.ids_1,8,26370,26460,take_off_jacket,0
13,vp13/run1_2018-05-29-15-21-10.ids_1,8,26460,26550,take_off_jacket,1
13,vp13/run1_2018-05-29-15-21-10.ids_1,8,26550,26640,take_off_jacket,2
13,vp13/run1_2018-05-29-15-21-10.ids_1,8,26640,26730,take_off_jacket,3
13,vp13/run1_2018-05-29-15-21-10.ids_1,8,26730,26820,take_off_jacket,4
13,vp13/run1_2018-05-29-15-21-10.ids_1,8,26820,26910,take_off_jacket,5
13,vp13/run1_2018-05-29-15-21-10.ids_1,8,26910,27000,take_off_jacket,6
13,vp13/run1_2018-05-29-15-21-10.ids_1,8,27000,27068,take_off_jacket,7
13,vp13/run1_2018-05-29-15-21-10.ids_1,9,27360,27450,work,0
13,vp13/run1_2018-05-29-15-21-10.ids_1,9,27450,27540,work,1
13,vp13/run1_2018-05-29-15-21-10.ids_1,9,27540,27630,work,2
13,vp13/run1_2018-05-29-15-21-10.ids_1,9,27630,27720,work,3
13,vp13/run1_2018-05-29-15-21-10.ids_1,9,27720,27810,work,4
13,vp13/run1_2018-05-29-15-21-10.ids_1,9,27810,27900,work,5
13,vp13/run1_2018-05-29-15-21-10.ids_1,9,27900,27990,work,6
13,vp13/run1_2018-05-29-15-21-10.ids_1,9,27990,28080,work,7
13,vp13/run1_2018-05-29-15-21-10.ids_1,9,28080,28170,work,8
13,vp13/run1_2018-05-29-15-21-10.ids_1,9,28170,28260,work,9
13,vp13/run1_2018-05-29-15-21-10.ids_1,9,28260,28350,work,10
13,vp13/run1_2018-05-29-15-21-10.ids_1,9,28350,28440,work,11
13,vp13/run1_2018-05-29-15-21-10.ids_1,9,28440,28530,work,12
13,vp13/run1_2018-05-29-15-21-10.ids_1,9,28530,28620,work,13
13,vp13/run1_2018-05-29-15-21-10.ids_1,9,28620,28710,work,14
13,vp13/run1_2018-05-29-15-21-10.ids_1,9,28710,28800,work,15
13,vp13/run1_2018-05-29-15-21-10.ids_1,9,28800,28890,work,16
13,vp13/run1_2018-05-29-15-21-10.ids_1,9,28890,28980,work,17
13,vp13/run1_2018-05-29-15-21-10.ids_1,9,28980,29070,work,18
13,vp13/run1_2018-05-29-15-21-10.ids_1,9,29070,29160,work,19
13,vp13/run1_2018-05-29-15-21-10.ids_1,9,29160,29250,work,20
13,vp13/run1_2018-05-29-15-21-10.ids_1,9,29250,29340,work,21
13,vp13/run1_2018-05-29-15-21-10.ids_1,9,29340,29430,work,22
13,vp13/run1_2018-05-29-15-21-10.ids_1,9,29430,29520,work,23
13,vp13/run1_2018-05-29-15-21-10.ids_1,9,29520,29610,work,24
13,vp13/run1_2018-05-29-15-21-10.ids_1,9,29610,29700,work,25
13,vp13/run1_2018-05-29-15-21-10.ids_1,9,29700,29790,work,26
13,vp13/run1_2018-05-29-15-21-10.ids_1,9,29790,29880,work,27
13,vp13/run1_2018-05-29-15-21-10.ids_1,9,29880,29970,work,28
13,vp13/run1_2018-05-29-15-21-10.ids_1,9,29970,30060,work,29
13,vp13/run1_2018-05-29-15-21-10.ids_1,9,30060,30150,work,30
13,vp13/run1_2018-05-29-15-21-10.ids_1,9,30150,30240,work,31
13,vp13/run1_2018-05-29-15-21-10.ids_1,9,30240,30330,work,32
13,vp13/run1_2018-05-29-15-21-10.ids_1,9,30330,30420,work,33
13,vp13/run1_2018-05-29-15-21-10.ids_1,9,30420,30510,work,34
13,vp13/run1_2018-05-29-15-21-10.ids_1,9,30510,30600,work,35
13,vp13/run1_2018-05-29-15-21-10.ids_1,9,30600,30690,work,36
13,vp13/run1_2018-05-29-15-21-10.ids_1,9,30690,30780,work,37
13,vp13/run1_2018-05-29-15-21-10.ids_1,9,30780,30870,work,38
13,vp13/run1_2018-05-29-15-21-10.ids_1,9,30870,30960,work,39
13,vp13/run1_2018-05-29-15-21-10.ids_1,9,30960,31050,work,40
13,vp13/run1_2018-05-29-15-21-10.ids_1,9,31050,31140,work,41
13,vp13/run1_2018-05-29-15-21-10.ids_1,9,31140,31230,work,42
13,vp13/run1_2018-05-29-15-21-10.ids_1,9,31230,31320,work,43
13,vp13/run1_2018-05-29-15-21-10.ids_1,9,31320,31410,work,44
13,vp13/run1_2018-05-29-15-21-10.ids_1,9,31410,31500,work,45
13,vp13/run1_2018-05-29-15-21-10.ids_1,9,31500,31590,work,46
13,vp13/run1_2018-05-29-15-21-10.ids_1,9,31590,31680,work,47
13,vp13/run1_2018-05-29-15-21-10.ids_1,9,31680,31689,work,48
13,vp13/run1_2018-05-29-15-21-10.ids_1,10,34710,34800,watch_video,0
13,vp13/run1_2018-05-29-15-21-10.ids_1,10,34800,34890,watch_video,1
13,vp13/run1_2018-05-29-15-21-10.ids_1,10,34890,34980,watch_video,2
13,vp13/run1_2018-05-29-15-21-10.ids_1,10,34980,35070,watch_video,3
13,vp13/run1_2018-05-29-15-21-10.ids_1,10,35070,35160,watch_video,4
13,vp13/run1_2018-05-29-15-21-10.ids_1,10,35160,35250,watch_video,5
13,vp13/run1_2018-05-29-15-21-10.ids_1,10,35250,35340,watch_video,6
13,vp13/run1_2018-05-29-15-21-10.ids_1,10,35340,35430,watch_video,7
13,vp13/run1_2018-05-29-15-21-10.ids_1,10,35430,35520,watch_video,8
13,vp13/run1_2018-05-29-15-21-10.ids_1,10,35520,35610,watch_video,9
13,vp13/run1_2018-05-29-15-21-10.ids_1,10,35610,35700,watch_video,10
13,vp13/run1_2018-05-29-15-21-10.ids_1,10,35700,35790,watch_video,11
13,vp13/run1_2018-05-29-15-21-10.ids_1,10,35790,35880,watch_video,12
13,vp13/run1_2018-05-29-15-21-10.ids_1,10,35880,35970,watch_video,13
13,vp13/run1_2018-05-29-15-21-10.ids_1,10,35970,36060,watch_video,14
13,vp13/run1_2018-05-29-15-21-10.ids_1,10,36060,36150,watch_video,15
13,vp13/run1_2018-05-29-15-21-10.ids_1,10,36150,36240,watch_video,16
13,vp13/run1_2018-05-29-15-21-10.ids_1,10,36240,36330,watch_video,17
13,vp13/run1_2018-05-29-15-21-10.ids_1,10,36330,36420,watch_video,18
13,vp13/run1_2018-05-29-15-21-10.ids_1,10,36420,36510,watch_video,19
13,vp13/run1_2018-05-29-15-21-10.ids_1,10,36510,36600,watch_video,20
13,vp13/run1_2018-05-29-15-21-10.ids_1,10,36600,36690,watch_video,21
13,vp13/run1_2018-05-29-15-21-10.ids_1,10,36690,36780,watch_video,22
13,vp13/run1_2018-05-29-15-21-10.ids_1,10,36780,36870,watch_video,23
13,vp13/run1_2018-05-29-15-21-10.ids_1,10,36870,36960,watch_video,24
13,vp13/run1_2018-05-29-15-21-10.ids_1,10,36960,37050,watch_video,25
13,vp13/run1_2018-05-29-15-21-10.ids_1,10,37050,37140,watch_video,26
13,vp13/run1_2018-05-29-15-21-10.ids_1,10,37140,37230,watch_video,27
13,vp13/run1_2018-05-29-15-21-10.ids_1,10,37230,37320,watch_video,28
13,vp13/run1_2018-05-29-15-21-10.ids_1,10,37320,37410,watch_video,29
13,vp13/run1_2018-05-29-15-21-10.ids_1,10,37410,37500,watch_video,30
13,vp13/run1_2018-05-29-15-21-10.ids_1,10,37500,37590,watch_video,31
13,vp13/run1_2018-05-29-15-21-10.ids_1,10,37590,37680,watch_video,32
13,vp13/run1_2018-05-29-15-21-10.ids_1,10,37680,37770,watch_video,33
13,vp13/run1_2018-05-29-15-21-10.ids_1,10,37770,37860,watch_video,34
13,vp13/run1_2018-05-29-15-21-10.ids_1,10,37860,37950,watch_video,35
13,vp13/run1_2018-05-29-15-21-10.ids_1,10,37950,38040,watch_video,36
13,vp13/run1_2018-05-29-15-21-10.ids_1,10,38040,38130,watch_video,37
13,vp13/run1_2018-05-29-15-21-10.ids_1,10,38130,38220,watch_video,38
13,vp13/run1_2018-05-29-15-21-10.ids_1,10,38220,38310,watch_video,39
13,vp13/run1_2018-05-29-15-21-10.ids_1,10,38310,38400,watch_video,40
13,vp13/run1_2018-05-29-15-21-10.ids_1,10,38400,38490,watch_video,41
13,vp13/run1_2018-05-29-15-21-10.ids_1,10,38490,38580,watch_video,42
13,vp13/run1_2018-05-29-15-21-10.ids_1,10,38580,38670,watch_video,43
13,vp13/run1_2018-05-29-15-21-10.ids_1,10,38670,38760,watch_video,44
13,vp13/run1_2018-05-29-15-21-10.ids_1,10,38760,38850,watch_video,45
13,vp13/run1_2018-05-29-15-21-10.ids_1,10,38850,38940,watch_video,46
13,vp13/run1_2018-05-29-15-21-10.ids_1,10,38940,39030,watch_video,47
13,vp13/run1_2018-05-29-15-21-10.ids_1,10,39030,39120,watch_video,48
13,vp13/run1_2018-05-29-15-21-10.ids_1,10,39120,39210,watch_video,49
13,vp13/run1_2018-05-29-15-21-10.ids_1,10,39210,39300,watch_video,50
13,vp13/run1_2018-05-29-15-21-10.ids_1,10,39300,39390,watch_video,51
13,vp13/run1_2018-05-29-15-21-10.ids_1,10,39390,39480,watch_video,52
13,vp13/run1_2018-05-29-15-21-10.ids_1,10,39480,39570,watch_video,53
13,vp13/run1_2018-05-29-15-21-10.ids_1,10,39570,39660,watch_video,54
13,vp13/run1_2018-05-29-15-21-10.ids_1,10,39660,39750,watch_video,55
13,vp13/run1_2018-05-29-15-21-10.ids_1,10,39750,39840,watch_video,56
13,vp13/run1_2018-05-29-15-21-10.ids_1,10,39840,39930,watch_video,57
13,vp13/run1_2018-05-29-15-21-10.ids_1,10,39930,40020,watch_video,58
13,vp13/run1_2018-05-29-15-21-10.ids_1,10,40020,40110,watch_video,59
13,vp13/run1_2018-05-29-15-21-10.ids_1,10,40110,40200,watch_video,60
13,vp13/run1_2018-05-29-15-21-10.ids_1,10,40200,40290,watch_video,61
13,vp13/run1_2018-05-29-15-21-10.ids_1,10,40290,40380,watch_video,62
13,vp13/run1_2018-05-29-15-21-10.ids_1,10,40380,40470,watch_video,63
13,vp13/run1_2018-05-29-15-21-10.ids_1,10,40470,40560,watch_video,64
13,vp13/run1_2018-05-29-15-21-10.ids_1,10,40560,40650,watch_video,65
13,vp13/run1_2018-05-29-15-21-10.ids_1,10,40650,40740,watch_video,66
13,vp13/run1_2018-05-29-15-21-10.ids_1,10,40740,40830,watch_video,67
13,vp13/run1_2018-05-29-15-21-10.ids_1,10,40830,40920,watch_video,68
13,vp13/run1_2018-05-29-15-21-10.ids_1,10,40920,41010,watch_video,69
13,vp13/run1_2018-05-29-15-21-10.ids_1,10,41010,41100,watch_video,70
13,vp13/run1_2018-05-29-15-21-10.ids_1,10,41100,41190,watch_video,71
13,vp13/run1_2018-05-29-15-21-10.ids_1,10,41190,41280,watch_video,72
13,vp13/run1_2018-05-29-15-21-10.ids_1,10,41280,41370,watch_video,73
13,vp13/run1_2018-05-29-15-21-10.ids_1,10,41370,41460,watch_video,74
13,vp13/run1_2018-05-29-15-21-10.ids_1,10,41460,41550,watch_video,75
13,vp13/run1_2018-05-29-15-21-10.ids_1,10,41550,41640,watch_video,76
13,vp13/run1_2018-05-29-15-21-10.ids_1,10,41640,41730,watch_video,77
13,vp13/run1_2018-05-29-15-21-10.ids_1,10,41730,41820,watch_video,78
13,vp13/run1_2018-05-29-15-21-10.ids_1,10,41820,41910,watch_video,79
13,vp13/run1_2018-05-29-15-21-10.ids_1,10,41910,42000,watch_video,80
13,vp13/run1_2018-05-29-15-21-10.ids_1,10,42000,42090,watch_video,81
13,vp13/run1_2018-05-29-15-21-10.ids_1,10,42090,42180,watch_video,82
13,vp13/run1_2018-05-29-15-21-10.ids_1,10,42180,42270,watch_video,83
13,vp13/run1_2018-05-29-15-21-10.ids_1,10,42270,42360,watch_video,84
13,vp13/run1_2018-05-29-15-21-10.ids_1,10,42360,42450,watch_video,85
13,vp13/run1_2018-05-29-15-21-10.ids_1,10,42450,42540,watch_video,86
13,vp13/run1_2018-05-29-15-21-10.ids_1,10,42540,42630,watch_video,87
13,vp13/run1_2018-05-29-15-21-10.ids_1,10,42630,42720,watch_video,88
13,vp13/run1_2018-05-29-15-21-10.ids_1,10,42720,42810,watch_video,89
13,vp13/run1_2018-05-29-15-21-10.ids_1,10,42810,42900,watch_video,90
13,vp13/run1_2018-05-29-15-21-10.ids_1,10,42900,42990,watch_video,91
13,vp13/run1_2018-05-29-15-21-10.ids_1,10,42990,43080,watch_video,92
13,vp13/run1_2018-05-29-15-21-10.ids_1,10,43080,43170,watch_video,93
13,vp13/run1_2018-05-29-15-21-10.ids_1,10,43170,43260,watch_video,94
13,vp13/run1_2018-05-29-15-21-10.ids_1,10,43260,43350,watch_video,95
13,vp13/run1_2018-05-29-15-21-10.ids_1,10,43350,43440,watch_video,96
13,vp13/run1_2018-05-29-15-21-10.ids_1,10,43440,43530,watch_video,97
13,vp13/run1_2018-05-29-15-21-10.ids_1,10,43530,43620,watch_video,98
13,vp13/run1_2018-05-29-15-21-10.ids_1,10,43620,43710,watch_video,99
13,vp13/run1_2018-05-29-15-21-10.ids_1,10,43710,43800,watch_video,100
13,vp13/run1_2018-05-29-15-21-10.ids_1,10,43800,43839,watch_video,101
13,vp13/run1_2018-05-29-15-21-10.ids_1,11,44400,44490,final_task,0
13,vp13/run1_2018-05-29-15-21-10.ids_1,11,44490,44580,final_task,1
13,vp13/run1_2018-05-29-15-21-10.ids_1,11,44580,44670,final_task,2
13,vp13/run1_2018-05-29-15-21-10.ids_1,11,44670,44760,final_task,3
13,vp13/run1_2018-05-29-15-21-10.ids_1,11,44760,44850,final_task,4
13,vp13/run1_2018-05-29-15-21-10.ids_1,11,44850,44940,final_task,5
13,vp13/run1_2018-05-29-15-21-10.ids_1,11,44940,45030,final_task,6
13,vp13/run1_2018-05-29-15-21-10.ids_1,11,45030,45120,final_task,7
13,vp13/run1_2018-05-29-15-21-10.ids_1,11,45120,45210,final_task,8
13,vp13/run1_2018-05-29-15-21-10.ids_1,11,45210,45300,final_task,9
13,vp13/run1_2018-05-29-15-21-10.ids_1,11,45300,45390,final_task,10
13,vp13/run1_2018-05-29-15-21-10.ids_1,11,45390,45480,final_task,11
13,vp13/run1_2018-05-29-15-21-10.ids_1,11,45480,45570,final_task,12
13,vp13/run1_2018-05-29-15-21-10.ids_1,11,45570,45660,final_task,13
13,vp13/run1_2018-05-29-15-21-10.ids_1,11,45660,45750,final_task,14
13,vp13/run1_2018-05-29-15-21-10.ids_1,11,45750,45840,final_task,15
13,vp13/run1_2018-05-29-15-21-10.ids_1,11,45840,45930,final_task,16
13,vp13/run1_2018-05-29-15-21-10.ids_1,11,45930,46020,final_task,17
13,vp13/run1_2018-05-29-15-21-10.ids_1,11,46020,46080,final_task,18
13,vp13/run2_2018-05-30-11-34-54.ids_1,0,0,90,fasten_seat_belt,0
13,vp13/run2_2018-05-30-11-34-54.ids_1,0,90,180,fasten_seat_belt,1
13,vp13/run2_2018-05-30-11-34-54.ids_1,0,180,270,fasten_seat_belt,2
13,vp13/run2_2018-05-30-11-34-54.ids_1,0,270,360,fasten_seat_belt,3
13,vp13/run2_2018-05-30-11-34-54.ids_1,0,360,450,fasten_seat_belt,4
13,vp13/run2_2018-05-30-11-34-54.ids_1,0,450,540,fasten_seat_belt,5
13,vp13/run2_2018-05-30-11-34-54.ids_1,0,540,630,fasten_seat_belt,6
13,vp13/run2_2018-05-30-11-34-54.ids_1,0,630,720,fasten_seat_belt,7
13,vp13/run2_2018-05-30-11-34-54.ids_1,0,720,810,fasten_seat_belt,8
13,vp13/run2_2018-05-30-11-34-54.ids_1,0,810,900,fasten_seat_belt,9
13,vp13/run2_2018-05-30-11-34-54.ids_1,0,900,990,fasten_seat_belt,10
13,vp13/run2_2018-05-30-11-34-54.ids_1,0,990,1080,fasten_seat_belt,11
13,vp13/run2_2018-05-30-11-34-54.ids_1,0,1080,1170,fasten_seat_belt,12
13,vp13/run2_2018-05-30-11-34-54.ids_1,0,1170,1260,fasten_seat_belt,13
13,vp13/run2_2018-05-30-11-34-54.ids_1,0,1260,1350,fasten_seat_belt,14
13,vp13/run2_2018-05-30-11-34-54.ids_1,0,1350,1440,fasten_seat_belt,15
13,vp13/run2_2018-05-30-11-34-54.ids_1,0,1440,1530,fasten_seat_belt,16
13,vp13/run2_2018-05-30-11-34-54.ids_1,0,1530,1569,fasten_seat_belt,17
13,vp13/run2_2018-05-30-11-34-54.ids_1,1,6960,7050,hand_over,0
13,vp13/run2_2018-05-30-11-34-54.ids_1,1,7050,7089,hand_over,1
13,vp13/run2_2018-05-30-11-34-54.ids_1,2,7290,7380,read_write_magazine,0
13,vp13/run2_2018-05-30-11-34-54.ids_1,2,7380,7470,read_write_magazine,1
13,vp13/run2_2018-05-30-11-34-54.ids_1,2,7470,7560,read_write_magazine,2
13,vp13/run2_2018-05-30-11-34-54.ids_1,2,7560,7650,read_write_magazine,3
13,vp13/run2_2018-05-30-11-34-54.ids_1,2,7650,7740,read_write_magazine,4
13,vp13/run2_2018-05-30-11-34-54.ids_1,2,7740,7830,read_write_magazine,5
13,vp13/run2_2018-05-30-11-34-54.ids_1,2,7830,7920,read_write_magazine,6
13,vp13/run2_2018-05-30-11-34-54.ids_1,2,7920,8010,read_write_magazine,7
13,vp13/run2_2018-05-30-11-34-54.ids_1,2,8010,8100,read_write_magazine,8
13,vp13/run2_2018-05-30-11-34-54.ids_1,2,8100,8190,read_write_magazine,9
13,vp13/run2_2018-05-30-11-34-54.ids_1,2,8190,8280,read_write_magazine,10
13,vp13/run2_2018-05-30-11-34-54.ids_1,2,8280,8370,read_write_magazine,11
13,vp13/run2_2018-05-30-11-34-54.ids_1,2,8370,8460,read_write_magazine,12
13,vp13/run2_2018-05-30-11-34-54.ids_1,2,8460,8550,read_write_magazine,13
13,vp13/run2_2018-05-30-11-34-54.ids_1,2,8550,8640,read_write_magazine,14
13,vp13/run2_2018-05-30-11-34-54.ids_1,2,8640,8730,read_write_magazine,15
13,vp13/run2_2018-05-30-11-34-54.ids_1,2,8730,8820,read_write_magazine,16
13,vp13/run2_2018-05-30-11-34-54.ids_1,2,8820,8910,read_write_magazine,17
13,vp13/run2_2018-05-30-11-34-54.ids_1,2,8910,9000,read_write_magazine,18
13,vp13/run2_2018-05-30-11-34-54.ids_1,2,9000,9090,read_write_magazine,19
13,vp13/run2_2018-05-30-11-34-54.ids_1,2,9090,9180,read_write_magazine,20
13,vp13/run2_2018-05-30-11-34-54.ids_1,2,9180,9270,read_write_magazine,21
13,vp13/run2_2018-05-30-11-34-54.ids_1,2,9270,9360,read_write_magazine,22
13,vp13/run2_2018-05-30-11-34-54.ids_1,2,9360,9450,read_write_magazine,23
13,vp13/run2_2018-05-30-11-34-54.ids_1,2,9450,9540,read_write_magazine,24
13,vp13/run2_2018-05-30-11-34-54.ids_1,2,9540,9630,read_write_magazine,25
13,vp13/run2_2018-05-30-11-34-54.ids_1,2,9630,9720,read_write_magazine,26
13,vp13/run2_2018-05-30-11-34-54.ids_1,2,9720,9810,read_write_magazine,27
13,vp13/run2_2018-05-30-11-34-54.ids_1,2,9810,9900,read_write_magazine,28
13,vp13/run2_2018-05-30-11-34-54.ids_1,2,9900,9990,read_write_magazine,29
13,vp13/run2_2018-05-30-11-34-54.ids_1,2,9990,10080,read_write_magazine,30
13,vp13/run2_2018-05-30-11-34-54.ids_1,2,10080,10170,read_write_magazine,31
13,vp13/run2_2018-05-30-11-34-54.ids_1,2,10170,10260,read_write_magazine,32
13,vp13/run2_2018-05-30-11-34-54.ids_1,2,10260,10350,read_write_magazine,33
13,vp13/run2_2018-05-30-11-34-54.ids_1,2,10350,10440,read_write_magazine,34
13,vp13/run2_2018-05-30-11-34-54.ids_1,2,10440,10508,read_write_magazine,35
13,vp13/run2_2018-05-30-11-34-54.ids_1,3,10680,10770,put_on_jacket,0
13,vp13/run2_2018-05-30-11-34-54.ids_1,3,10770,10860,put_on_jacket,1
13,vp13/run2_2018-05-30-11-34-54.ids_1,3,10860,10950,put_on_jacket,2
13,vp13/run2_2018-05-30-11-34-54.ids_1,3,10950,11040,put_on_jacket,3
13,vp13/run2_2018-05-30-11-34-54.ids_1,3,11040,11130,put_on_jacket,4
13,vp13/run2_2018-05-30-11-34-54.ids_1,3,11130,11220,put_on_jacket,5
13,vp13/run2_2018-05-30-11-34-54.ids_1,3,11220,11310,put_on_jacket,6
13,vp13/run2_2018-05-30-11-34-54.ids_1,3,11310,11400,put_on_jacket,7
13,vp13/run2_2018-05-30-11-34-54.ids_1,3,11400,11490,put_on_jacket,8
13,vp13/run2_2018-05-30-11-34-54.ids_1,3,11490,11580,put_on_jacket,9
13,vp13/run2_2018-05-30-11-34-54.ids_1,3,11580,11670,put_on_jacket,10
13,vp13/run2_2018-05-30-11-34-54.ids_1,3,11670,11760,put_on_jacket,11
13,vp13/run2_2018-05-30-11-34-54.ids_1,3,11760,11850,put_on_jacket,12
13,vp13/run2_2018-05-30-11-34-54.ids_1,3,11850,11940,put_on_jacket,13
13,vp13/run2_2018-05-30-11-34-54.ids_1,3,11940,12030,put_on_jacket,14
13,vp13/run2_2018-05-30-11-34-54.ids_1,3,12030,12120,put_on_jacket,15
13,vp13/run2_2018-05-30-11-34-54.ids_1,3,12120,12210,put_on_jacket,16
13,vp13/run2_2018-05-30-11-34-54.ids_1,3,12210,12300,put_on_jacket,17
13,vp13/run2_2018-05-30-11-34-54.ids_1,3,12300,12390,put_on_jacket,18
13,vp13/run2_2018-05-30-11-34-54.ids_1,3,12390,12398,put_on_jacket,19
13,vp13/run2_2018-05-30-11-34-54.ids_1,4,12960,13050,put_on_sunglasses,0
13,vp13/run2_2018-05-30-11-34-54.ids_1,4,13050,13140,put_on_sunglasses,1
13,vp13/run2_2018-05-30-11-34-54.ids_1,4,13140,13230,put_on_sunglasses,2
13,vp13/run2_2018-05-30-11-34-54.ids_1,4,13230,13268,put_on_sunglasses,3
13,vp13/run2_2018-05-30-11-34-54.ids_1,5,14070,14160,work,0
13,vp13/run2_2018-05-30-11-34-54.ids_1,5,14160,14250,work,1
13,vp13/run2_2018-05-30-11-34-54.ids_1,5,14250,14340,work,2
13,vp13/run2_2018-05-30-11-34-54.ids_1,5,14340,14430,work,3
13,vp13/run2_2018-05-30-11-34-54.ids_1,5,14430,14520,work,4
13,vp13/run2_2018-05-30-11-34-54.ids_1,5,14520,14610,work,5
13,vp13/run2_2018-05-30-11-34-54.ids_1,5,14610,14700,work,6
13,vp13/run2_2018-05-30-11-34-54.ids_1,5,14700,14790,work,7
13,vp13/run2_2018-05-30-11-34-54.ids_1,5,14790,14880,work,8
13,vp13/run2_2018-05-30-11-34-54.ids_1,5,14880,14970,work,9
13,vp13/run2_2018-05-30-11-34-54.ids_1,5,14970,15060,work,10
13,vp13/run2_2018-05-30-11-34-54.ids_1,5,15060,15150,work,11
13,vp13/run2_2018-05-30-11-34-54.ids_1,5,15150,15240,work,12
13,vp13/run2_2018-05-30-11-34-54.ids_1,5,15240,15330,work,13
13,vp13/run2_2018-05-30-11-34-54.ids_1,5,15330,15420,work,14
13,vp13/run2_2018-05-30-11-34-54.ids_1,5,15420,15510,work,15
13,vp13/run2_2018-05-30-11-34-54.ids_1,5,15510,15600,work,16
13,vp13/run2_2018-05-30-11-34-54.ids_1,5,15600,15690,work,17
13,vp13/run2_2018-05-30-11-34-54.ids_1,5,15690,15780,work,18
13,vp13/run2_2018-05-30-11-34-54.ids_1,5,15780,15870,work,19
13,vp13/run2_2018-05-30-11-34-54.ids_1,5,15870,15960,work,20
13,vp13/run2_2018-05-30-11-34-54.ids_1,5,15960,16050,work,21
13,vp13/run2_2018-05-30-11-34-54.ids_1,5,16050,16140,work,22
13,vp13/run2_2018-05-30-11-34-54.ids_1,5,16140,16230,work,23
13,vp13/run2_2018-05-30-11-34-54.ids_1,5,16230,16320,work,24
13,vp13/run2_2018-05-30-11-34-54.ids_1,5,16320,16410,work,25
13,vp13/run2_2018-05-30-11-34-54.ids_1,5,16410,16500,work,26
13,vp13/run2_2018-05-30-11-34-54.ids_1,5,16500,16590,work,27
13,vp13/run2_2018-05-30-11-34-54.ids_1,5,16590,16680,work,28
13,vp13/run2_2018-05-30-11-34-54.ids_1,5,16680,16770,work,29
13,vp13/run2_2018-05-30-11-34-54.ids_1,5,16770,16860,work,30
13,vp13/run2_2018-05-30-11-34-54.ids_1,5,16860,16950,work,31
13,vp13/run2_2018-05-30-11-34-54.ids_1,5,16950,17040,work,32
13,vp13/run2_2018-05-30-11-34-54.ids_1,5,17040,17130,work,33
13,vp13/run2_2018-05-30-11-34-54.ids_1,5,17130,17198,work,34
13,vp13/run2_2018-05-30-11-34-54.ids_1,6,20220,20310,take_off_jacket,0
13,vp13/run2_2018-05-30-11-34-54.ids_1,6,20310,20400,take_off_jacket,1
13,vp13/run2_2018-05-30-11-34-54.ids_1,6,20400,20490,take_off_jacket,2
13,vp13/run2_2018-05-30-11-34-54.ids_1,6,20490,20580,take_off_jacket,3
13,vp13/run2_2018-05-30-11-34-54.ids_1,6,20580,20670,take_off_jacket,4
13,vp13/run2_2018-05-30-11-34-54.ids_1,6,20670,20760,take_off_jacket,5
13,vp13/run2_2018-05-30-11-34-54.ids_1,6,20760,20850,take_off_jacket,6
13,vp13/run2_2018-05-30-11-34-54.ids_1,6,20850,20888,take_off_jacket,7
13,vp13/run2_2018-05-30-11-34-54.ids_1,7,21090,21180,eat_drink,0
13,vp13/run2_2018-05-30-11-34-54.ids_1,7,21180,21270,eat_drink,1
13,vp13/run2_2018-05-30-11-34-54.ids_1,7,21270,21360,eat_drink,2
13,vp13/run2_2018-05-30-11-34-54.ids_1,7,21360,21450,eat_drink,3
13,vp13/run2_2018-05-30-11-34-54.ids_1,7,21450,21540,eat_drink,4
13,vp13/run2_2018-05-30-11-34-54.ids_1,7,21540,21630,eat_drink,5
13,vp13/run2_2018-05-30-11-34-54.ids_1,7,21630,21720,eat_drink,6
13,vp13/run2_2018-05-30-11-34-54.ids_1,7,21720,21810,eat_drink,7
13,vp13/run2_2018-05-30-11-34-54.ids_1,7,21810,21900,eat_drink,8
13,vp13/run2_2018-05-30-11-34-54.ids_1,7,21900,21990,eat_drink,9
13,vp13/run2_2018-05-30-11-34-54.ids_1,7,21990,22080,eat_drink,10
13,vp13/run2_2018-05-30-11-34-54.ids_1,7,22080,22170,eat_drink,11
13,vp13/run2_2018-05-30-11-34-54.ids_1,7,22170,22260,eat_drink,12
13,vp13/run2_2018-05-30-11-34-54.ids_1,7,22260,22350,eat_drink,13
13,vp13/run2_2018-05-30-11-34-54.ids_1,7,22350,22440,eat_drink,14
13,vp13/run2_2018-05-30-11-34-54.ids_1,7,22440,22530,eat_drink,15
13,vp13/run2_2018-05-30-11-34-54.ids_1,7,22530,22620,eat_drink,16
13,vp13/run2_2018-05-30-11-34-54.ids_1,7,22620,22710,eat_drink,17
13,vp13/run2_2018-05-30-11-34-54.ids_1,7,22710,22800,eat_drink,18
13,vp13/run2_2018-05-30-11-34-54.ids_1,7,22800,22890,eat_drink,19
13,vp13/run2_2018-05-30-11-34-54.ids_1,7,22890,22980,eat_drink,20
13,vp13/run2_2018-05-30-11-34-54.ids_1,7,22980,23070,eat_drink,21
13,vp13/run2_2018-05-30-11-34-54.ids_1,7,23070,23160,eat_drink,22
13,vp13/run2_2018-05-30-11-34-54.ids_1,7,23160,23250,eat_drink,23
13,vp13/run2_2018-05-30-11-34-54.ids_1,7,23250,23340,eat_drink,24
13,vp13/run2_2018-05-30-11-34-54.ids_1,7,23340,23430,eat_drink,25
13,vp13/run2_2018-05-30-11-34-54.ids_1,7,23430,23520,eat_drink,26
13,vp13/run2_2018-05-30-11-34-54.ids_1,7,23520,23610,eat_drink,27
13,vp13/run2_2018-05-30-11-34-54.ids_1,7,23610,23700,eat_drink,28
13,vp13/run2_2018-05-30-11-34-54.ids_1,7,23700,23790,eat_drink,29
13,vp13/run2_2018-05-30-11-34-54.ids_1,7,23790,23880,eat_drink,30
13,vp13/run2_2018-05-30-11-34-54.ids_1,7,23880,23970,eat_drink,31
13,vp13/run2_2018-05-30-11-34-54.ids_1,7,23970,24060,eat_drink,32
13,vp13/run2_2018-05-30-11-34-54.ids_1,7,24060,24150,eat_drink,33
13,vp13/run2_2018-05-30-11-34-54.ids_1,7,24150,24240,eat_drink,34
13,vp13/run2_2018-05-30-11-34-54.ids_1,7,24240,24330,eat_drink,35
13,vp13/run2_2018-05-30-11-34-54.ids_1,7,24330,24420,eat_drink,36
13,vp13/run2_2018-05-30-11-34-54.ids_1,7,24420,24510,eat_drink,37
13,vp13/run2_2018-05-30-11-34-54.ids_1,7,24510,24600,eat_drink,38
13,vp13/run2_2018-05-30-11-34-54.ids_1,7,24600,24668,eat_drink,39
13,vp13/run2_2018-05-30-11-34-54.ids_1,8,25170,25260,take_off_sunglasses,0
13,vp13/run2_2018-05-30-11-34-54.ids_1,8,25260,25350,take_off_sunglasses,1
13,vp13/run2_2018-05-30-11-34-54.ids_1,8,25350,25440,take_off_sunglasses,2
13,vp13/run2_2018-05-30-11-34-54.ids_1,8,25440,25478,take_off_sunglasses,3
13,vp13/run2_2018-05-30-11-34-54.ids_1,9,26550,26640,read_write_newspaper,0
13,vp13/run2_2018-05-30-11-34-54.ids_1,9,26640,26730,read_write_newspaper,1
13,vp13/run2_2018-05-30-11-34-54.ids_1,9,26730,26820,read_write_newspaper,2
13,vp13/run2_2018-05-30-11-34-54.ids_1,9,26820,26910,read_write_newspaper,3
13,vp13/run2_2018-05-30-11-34-54.ids_1,9,26910,27000,read_write_newspaper,4
13,vp13/run2_2018-05-30-11-34-54.ids_1,9,27000,27090,read_write_newspaper,5
13,vp13/run2_2018-05-30-11-34-54.ids_1,9,27090,27180,read_write_newspaper,6
13,vp13/run2_2018-05-30-11-34-54.ids_1,9,27180,27270,read_write_newspaper,7
13,vp13/run2_2018-05-30-11-34-54.ids_1,9,27270,27360,read_write_newspaper,8
13,vp13/run2_2018-05-30-11-34-54.ids_1,9,27360,27450,read_write_newspaper,9
13,vp13/run2_2018-05-30-11-34-54.ids_1,9,27450,27540,read_write_newspaper,10
13,vp13/run2_2018-05-30-11-34-54.ids_1,9,27540,27630,read_write_newspaper,11
13,vp13/run2_2018-05-30-11-34-54.ids_1,9,27630,27720,read_write_newspaper,12
13,vp13/run2_2018-05-30-11-34-54.ids_1,9,27720,27810,read_write_newspaper,13
13,vp13/run2_2018-05-30-11-34-54.ids_1,9,27810,27900,read_write_newspaper,14
13,vp13/run2_2018-05-30-11-34-54.ids_1,9,27900,27990,read_write_newspaper,15
13,vp13/run2_2018-05-30-11-34-54.ids_1,9,27990,28080,read_write_newspaper,16
13,vp13/run2_2018-05-30-11-34-54.ids_1,9,28080,28170,read_write_newspaper,17
13,vp13/run2_2018-05-30-11-34-54.ids_1,9,28170,28260,read_write_newspaper,18
13,vp13/run2_2018-05-30-11-34-54.ids_1,9,28260,28350,read_write_newspaper,19
13,vp13/run2_2018-05-30-11-34-54.ids_1,9,28350,28440,read_write_newspaper,20
13,vp13/run2_2018-05-30-11-34-54.ids_1,9,28440,28530,read_write_newspaper,21
13,vp13/run2_2018-05-30-11-34-54.ids_1,9,28530,28620,read_write_newspaper,22
13,vp13/run2_2018-05-30-11-34-54.ids_1,9,28620,28710,read_write_newspaper,23
13,vp13/run2_2018-05-30-11-34-54.ids_1,9,28710,28800,read_write_newspaper,24
13,vp13/run2_2018-05-30-11-34-54.ids_1,9,28800,28890,read_write_newspaper,25
13,vp13/run2_2018-05-30-11-34-54.ids_1,9,28890,28980,read_write_newspaper,26
13,vp13/run2_2018-05-30-11-34-54.ids_1,9,28980,29070,read_write_newspaper,27
13,vp13/run2_2018-05-30-11-34-54.ids_1,9,29070,29160,read_write_newspaper,28
13,vp13/run2_2018-05-30-11-34-54.ids_1,9,29160,29250,read_write_newspaper,29
13,vp13/run2_2018-05-30-11-34-54.ids_1,9,29250,29340,read_write_newspaper,30
13,vp13/run2_2018-05-30-11-34-54.ids_1,9,29340,29430,read_write_newspaper,31
13,vp13/run2_2018-05-30-11-34-54.ids_1,9,29430,29520,read_write_newspaper,32
13,vp13/run2_2018-05-30-11-34-54.ids_1,9,29520,29588,read_write_newspaper,33
13,vp13/run2_2018-05-30-11-34-54.ids_1,10,30360,30450,watch_video,0
13,vp13/run2_2018-05-30-11-34-54.ids_1,10,30450,30540,watch_video,1
13,vp13/run2_2018-05-30-11-34-54.ids_1,10,30540,30630,watch_video,2
13,vp13/run2_2018-05-30-11-34-54.ids_1,10,30630,30720,watch_video,3
13,vp13/run2_2018-05-30-11-34-54.ids_1,10,30720,30810,watch_video,4
13,vp13/run2_2018-05-30-11-34-54.ids_1,10,30810,30900,watch_video,5
13,vp13/run2_2018-05-30-11-34-54.ids_1,10,30900,30990,watch_video,6
13,vp13/run2_2018-05-30-11-34-54.ids_1,10,30990,31080,watch_video,7
13,vp13/run2_2018-05-30-11-34-54.ids_1,10,31080,31170,watch_video,8
13,vp13/run2_2018-05-30-11-34-54.ids_1,10,31170,31260,watch_video,9
13,vp13/run2_2018-05-30-11-34-54.ids_1,10,31260,31350,watch_video,10
13,vp13/run2_2018-05-30-11-34-54.ids_1,10,31350,31440,watch_video,11
13,vp13/run2_2018-05-30-11-34-54.ids_1,10,31440,31530,watch_video,12
13,vp13/run2_2018-05-30-11-34-54.ids_1,10,31530,31620,watch_video,13
13,vp13/run2_2018-05-30-11-34-54.ids_1,10,31620,31710,watch_video,14
13,vp13/run2_2018-05-30-11-34-54.ids_1,10,31710,31800,watch_video,15
13,vp13/run2_2018-05-30-11-34-54.ids_1,10,31800,31890,watch_video,16
13,vp13/run2_2018-05-30-11-34-54.ids_1,10,31890,31980,watch_video,17
13,vp13/run2_2018-05-30-11-34-54.ids_1,10,31980,32070,watch_video,18
13,vp13/run2_2018-05-30-11-34-54.ids_1,10,32070,32160,watch_video,19
13,vp13/run2_2018-05-30-11-34-54.ids_1,10,32160,32250,watch_video,20
13,vp13/run2_2018-05-30-11-34-54.ids_1,10,32250,32340,watch_video,21
13,vp13/run2_2018-05-30-11-34-54.ids_1,10,32340,32430,watch_video,22
13,vp13/run2_2018-05-30-11-34-54.ids_1,10,32430,32520,watch_video,23
13,vp13/run2_2018-05-30-11-34-54.ids_1,10,32520,32610,watch_video,24
13,vp13/run2_2018-05-30-11-34-54.ids_1,10,32610,32700,watch_video,25
13,vp13/run2_2018-05-30-11-34-54.ids_1,10,32700,32790,watch_video,26
13,vp13/run2_2018-05-30-11-34-54.ids_1,10,32790,32880,watch_video,27
13,vp13/run2_2018-05-30-11-34-54.ids_1,10,32880,32970,watch_video,28
13,vp13/run2_2018-05-30-11-34-54.ids_1,10,32970,33060,watch_video,29
13,vp13/run2_2018-05-30-11-34-54.ids_1,10,33060,33150,watch_video,30
13,vp13/run2_2018-05-30-11-34-54.ids_1,10,33150,33240,watch_video,31
13,vp13/run2_2018-05-30-11-34-54.ids_1,10,33240,33330,watch_video,32
13,vp13/run2_2018-05-30-11-34-54.ids_1,10,33330,33420,watch_video,33
13,vp13/run2_2018-05-30-11-34-54.ids_1,10,33420,33510,watch_video,34
13,vp13/run2_2018-05-30-11-34-54.ids_1,10,33510,33600,watch_video,35
13,vp13/run2_2018-05-30-11-34-54.ids_1,10,33600,33690,watch_video,36
13,vp13/run2_2018-05-30-11-34-54.ids_1,10,33690,33780,watch_video,37
13,vp13/run2_2018-05-30-11-34-54.ids_1,10,33780,33870,watch_video,38
13,vp13/run2_2018-05-30-11-34-54.ids_1,10,33870,33960,watch_video,39
13,vp13/run2_2018-05-30-11-34-54.ids_1,10,33960,34050,watch_video,40
13,vp13/run2_2018-05-30-11-34-54.ids_1,10,34050,34140,watch_video,41
13,vp13/run2_2018-05-30-11-34-54.ids_1,10,34140,34230,watch_video,42
13,vp13/run2_2018-05-30-11-34-54.ids_1,10,34230,34320,watch_video,43
13,vp13/run2_2018-05-30-11-34-54.ids_1,10,34320,34410,watch_video,44
13,vp13/run2_2018-05-30-11-34-54.ids_1,10,34410,34500,watch_video,45
13,vp13/run2_2018-05-30-11-34-54.ids_1,10,34500,34590,watch_video,46
13,vp13/run2_2018-05-30-11-34-54.ids_1,10,34590,34680,watch_video,47
13,vp13/run2_2018-05-30-11-34-54.ids_1,10,34680,34770,watch_video,48
13,vp13/run2_2018-05-30-11-34-54.ids_1,10,34770,34860,watch_video,49
13,vp13/run2_2018-05-30-11-34-54.ids_1,10,34860,34950,watch_video,50
13,vp13/run2_2018-05-30-11-34-54.ids_1,10,34950,35040,watch_video,51
13,vp13/run2_2018-05-30-11-34-54.ids_1,10,35040,35130,watch_video,52
13,vp13/run2_2018-05-30-11-34-54.ids_1,10,35130,35220,watch_video,53
13,vp13/run2_2018-05-30-11-34-54.ids_1,10,35220,35310,watch_video,54
13,vp13/run2_2018-05-30-11-34-54.ids_1,10,35310,35400,watch_video,55
13,vp13/run2_2018-05-30-11-34-54.ids_1,10,35400,35490,watch_video,56
13,vp13/run2_2018-05-30-11-34-54.ids_1,10,35490,35580,watch_video,57
13,vp13/run2_2018-05-30-11-34-54.ids_1,10,35580,35670,watch_video,58
13,vp13/run2_2018-05-30-11-34-54.ids_1,10,35670,35760,watch_video,59
13,vp13/run2_2018-05-30-11-34-54.ids_1,10,35760,35850,watch_video,60
13,vp13/run2_2018-05-30-11-34-54.ids_1,10,35850,35940,watch_video,61
13,vp13/run2_2018-05-30-11-34-54.ids_1,10,35940,36030,watch_video,62
13,vp13/run2_2018-05-30-11-34-54.ids_1,10,36030,36120,watch_video,63
13,vp13/run2_2018-05-30-11-34-54.ids_1,10,36120,36210,watch_video,64
13,vp13/run2_2018-05-30-11-34-54.ids_1,10,36210,36300,watch_video,65
13,vp13/run2_2018-05-30-11-34-54.ids_1,10,36300,36390,watch_video,66
13,vp13/run2_2018-05-30-11-34-54.ids_1,10,36390,36480,watch_video,67
13,vp13/run2_2018-05-30-11-34-54.ids_1,10,36480,36570,watch_video,68
13,vp13/run2_2018-05-30-11-34-54.ids_1,10,36570,36660,watch_video,69
13,vp13/run2_2018-05-30-11-34-54.ids_1,10,36660,36750,watch_video,70
13,vp13/run2_2018-05-30-11-34-54.ids_1,10,36750,36840,watch_video,71
13,vp13/run2_2018-05-30-11-34-54.ids_1,10,36840,36930,watch_video,72
13,vp13/run2_2018-05-30-11-34-54.ids_1,10,36930,37020,watch_video,73
13,vp13/run2_2018-05-30-11-34-54.ids_1,10,37020,37110,watch_video,74
13,vp13/run2_2018-05-30-11-34-54.ids_1,10,37110,37200,watch_video,75
13,vp13/run2_2018-05-30-11-34-54.ids_1,10,37200,37290,watch_video,76
13,vp13/run2_2018-05-30-11-34-54.ids_1,10,37290,37380,watch_video,77
13,vp13/run2_2018-05-30-11-34-54.ids_1,10,37380,37470,watch_video,78
13,vp13/run2_2018-05-30-11-34-54.ids_1,10,37470,37560,watch_video,79
13,vp13/run2_2018-05-30-11-34-54.ids_1,10,37560,37650,watch_video,80
13,vp13/run2_2018-05-30-11-34-54.ids_1,10,37650,37740,watch_video,81
13,vp13/run2_2018-05-30-11-34-54.ids_1,10,37740,37830,watch_video,82
13,vp13/run2_2018-05-30-11-34-54.ids_1,10,37830,37920,watch_video,83
13,vp13/run2_2018-05-30-11-34-54.ids_1,10,37920,38010,watch_video,84
13,vp13/run2_2018-05-30-11-34-54.ids_1,10,38010,38049,watch_video,85
13,vp13/run2_2018-05-30-11-34-54.ids_1,11,39210,39300,final_task,0
13,vp13/run2_2018-05-30-11-34-54.ids_1,11,39300,39390,final_task,1
13,vp13/run2_2018-05-30-11-34-54.ids_1,11,39390,39480,final_task,2
13,vp13/run2_2018-05-30-11-34-54.ids_1,11,39480,39570,final_task,3
13,vp13/run2_2018-05-30-11-34-54.ids_1,11,39570,39660,final_task,4
13,vp13/run2_2018-05-30-11-34-54.ids_1,11,39660,39750,final_task,5
13,vp13/run2_2018-05-30-11-34-54.ids_1,11,39750,39840,final_task,6
13,vp13/run2_2018-05-30-11-34-54.ids_1,11,39840,39930,final_task,7
13,vp13/run2_2018-05-30-11-34-54.ids_1,11,39930,40020,final_task,8
13,vp13/run2_2018-05-30-11-34-54.ids_1,11,40020,40110,final_task,9
13,vp13/run2_2018-05-30-11-34-54.ids_1,11,40110,40200,final_task,10
13,vp13/run2_2018-05-30-11-34-54.ids_1,11,40200,40290,final_task,11
14,vp14/run1_2018-05-30-10-11-09.ids_1,0,0,90,fasten_seat_belt,0
14,vp14/run1_2018-05-30-10-11-09.ids_1,0,90,180,fasten_seat_belt,1
14,vp14/run1_2018-05-30-10-11-09.ids_1,0,180,270,fasten_seat_belt,2
14,vp14/run1_2018-05-30-10-11-09.ids_1,0,270,360,fasten_seat_belt,3
14,vp14/run1_2018-05-30-10-11-09.ids_1,0,360,450,fasten_seat_belt,4
14,vp14/run1_2018-05-30-10-11-09.ids_1,0,450,540,fasten_seat_belt,5
14,vp14/run1_2018-05-30-10-11-09.ids_1,0,540,630,fasten_seat_belt,6
14,vp14/run1_2018-05-30-10-11-09.ids_1,0,630,720,fasten_seat_belt,7
14,vp14/run1_2018-05-30-10-11-09.ids_1,0,720,810,fasten_seat_belt,8
14,vp14/run1_2018-05-30-10-11-09.ids_1,0,810,900,fasten_seat_belt,9
14,vp14/run1_2018-05-30-10-11-09.ids_1,0,900,990,fasten_seat_belt,10
14,vp14/run1_2018-05-30-10-11-09.ids_1,0,990,1080,fasten_seat_belt,11
14,vp14/run1_2018-05-30-10-11-09.ids_1,0,1080,1119,fasten_seat_belt,12
14,vp14/run1_2018-05-30-10-11-09.ids_1,1,6510,6600,hand_over,0
14,vp14/run1_2018-05-30-10-11-09.ids_1,1,6600,6690,hand_over,1
14,vp14/run1_2018-05-30-10-11-09.ids_1,1,6690,6780,hand_over,2
14,vp14/run1_2018-05-30-10-11-09.ids_1,1,6780,6870,hand_over,3
14,vp14/run1_2018-05-30-10-11-09.ids_1,1,6870,6879,hand_over,4
14,vp14/run1_2018-05-30-10-11-09.ids_1,2,9930,10020,eat_drink,0
14,vp14/run1_2018-05-30-10-11-09.ids_1,2,10020,10110,eat_drink,1
14,vp14/run1_2018-05-30-10-11-09.ids_1,2,10110,10200,eat_drink,2
14,vp14/run1_2018-05-30-10-11-09.ids_1,2,10200,10290,eat_drink,3
14,vp14/run1_2018-05-30-10-11-09.ids_1,2,10290,10380,eat_drink,4
14,vp14/run1_2018-05-30-10-11-09.ids_1,2,10380,10470,eat_drink,5
14,vp14/run1_2018-05-30-10-11-09.ids_1,2,10470,10560,eat_drink,6
14,vp14/run1_2018-05-30-10-11-09.ids_1,2,10560,10650,eat_drink,7
14,vp14/run1_2018-05-30-10-11-09.ids_1,2,10650,10740,eat_drink,8
14,vp14/run1_2018-05-30-10-11-09.ids_1,2,10740,10830,eat_drink,9
14,vp14/run1_2018-05-30-10-11-09.ids_1,2,10830,10920,eat_drink,10
14,vp14/run1_2018-05-30-10-11-09.ids_1,2,10920,11010,eat_drink,11
14,vp14/run1_2018-05-30-10-11-09.ids_1,2,11010,11100,eat_drink,12
14,vp14/run1_2018-05-30-10-11-09.ids_1,2,11100,11190,eat_drink,13
14,vp14/run1_2018-05-30-10-11-09.ids_1,2,11190,11280,eat_drink,14
14,vp14/run1_2018-05-30-10-11-09.ids_1,2,11280,11370,eat_drink,15
14,vp14/run1_2018-05-30-10-11-09.ids_1,2,11370,11460,eat_drink,16
14,vp14/run1_2018-05-30-10-11-09.ids_1,2,11460,11550,eat_drink,17
14,vp14/run1_2018-05-30-10-11-09.ids_1,2,11550,11640,eat_drink,18
14,vp14/run1_2018-05-30-10-11-09.ids_1,2,11640,11730,eat_drink,19
14,vp14/run1_2018-05-30-10-11-09.ids_1,2,11730,11820,eat_drink,20
14,vp14/run1_2018-05-30-10-11-09.ids_1,2,11820,11910,eat_drink,21
14,vp14/run1_2018-05-30-10-11-09.ids_1,2,11910,12000,eat_drink,22
14,vp14/run1_2018-05-30-10-11-09.ids_1,2,12000,12090,eat_drink,23
14,vp14/run1_2018-05-30-10-11-09.ids_1,2,12090,12180,eat_drink,24
14,vp14/run1_2018-05-30-10-11-09.ids_1,2,12180,12270,eat_drink,25
14,vp14/run1_2018-05-30-10-11-09.ids_1,2,12270,12360,eat_drink,26
14,vp14/run1_2018-05-30-10-11-09.ids_1,2,12360,12450,eat_drink,27
14,vp14/run1_2018-05-30-10-11-09.ids_1,2,12450,12540,eat_drink,28
14,vp14/run1_2018-05-30-10-11-09.ids_1,2,12540,12630,eat_drink,29
14,vp14/run1_2018-05-30-10-11-09.ids_1,2,12630,12720,eat_drink,30
14,vp14/run1_2018-05-30-10-11-09.ids_1,2,12720,12810,eat_drink,31
14,vp14/run1_2018-05-30-10-11-09.ids_1,2,12810,12900,eat_drink,32
14,vp14/run1_2018-05-30-10-11-09.ids_1,2,12900,12990,eat_drink,33
14,vp14/run1_2018-05-30-10-11-09.ids_1,2,12990,12999,eat_drink,34
14,vp14/run1_2018-05-30-10-11-09.ids_1,3,13500,13590,read_write_newspaper,0
14,vp14/run1_2018-05-30-10-11-09.ids_1,3,13590,13680,read_write_newspaper,1
14,vp14/run1_2018-05-30-10-11-09.ids_1,3,13680,13770,read_write_newspaper,2
14,vp14/run1_2018-05-30-10-11-09.ids_1,3,13770,13860,read_write_newspaper,3
14,vp14/run1_2018-05-30-10-11-09.ids_1,3,13860,13950,read_write_newspaper,4
14,vp14/run1_2018-05-30-10-11-09.ids_1,3,13950,14040,read_write_newspaper,5
14,vp14/run1_2018-05-30-10-11-09.ids_1,3,14040,14130,read_write_newspaper,6
14,vp14/run1_2018-05-30-10-11-09.ids_1,3,14130,14220,read_write_newspaper,7
14,vp14/run1_2018-05-30-10-11-09.ids_1,3,14220,14310,read_write_newspaper,8
14,vp14/run1_2018-05-30-10-11-09.ids_1,3,14310,14400,read_write_newspaper,9
14,vp14/run1_2018-05-30-10-11-09.ids_1,3,14400,14490,read_write_newspaper,10
14,vp14/run1_2018-05-30-10-11-09.ids_1,3,14490,14580,read_write_newspaper,11
14,vp14/run1_2018-05-30-10-11-09.ids_1,3,14580,14670,read_write_newspaper,12
14,vp14/run1_2018-05-30-10-11-09.ids_1,3,14670,14760,read_write_newspaper,13
14,vp14/run1_2018-05-30-10-11-09.ids_1,3,14760,14850,read_write_newspaper,14
14,vp14/run1_2018-05-30-10-11-09.ids_1,3,14850,14940,read_write_newspaper,15
14,vp14/run1_2018-05-30-10-11-09.ids_1,3,14940,15030,read_write_newspaper,16
14,vp14/run1_2018-05-30-10-11-09.ids_1,3,15030,15120,read_write_newspaper,17
14,vp14/run1_2018-05-30-10-11-09.ids_1,3,15120,15210,read_write_newspaper,18
14,vp14/run1_2018-05-30-10-11-09.ids_1,3,15210,15300,read_write_newspaper,19
14,vp14/run1_2018-05-30-10-11-09.ids_1,3,15300,15390,read_write_newspaper,20
14,vp14/run1_2018-05-30-10-11-09.ids_1,3,15390,15480,read_write_newspaper,21
14,vp14/run1_2018-05-30-10-11-09.ids_1,3,15480,15570,read_write_newspaper,22
14,vp14/run1_2018-05-30-10-11-09.ids_1,3,15570,15660,read_write_newspaper,23
14,vp14/run1_2018-05-30-10-11-09.ids_1,3,15660,15750,read_write_newspaper,24
14,vp14/run1_2018-05-30-10-11-09.ids_1,3,15750,15840,read_write_newspaper,25
14,vp14/run1_2018-05-30-10-11-09.ids_1,3,15840,15930,read_write_newspaper,26
14,vp14/run1_2018-05-30-10-11-09.ids_1,3,15930,16020,read_write_newspaper,27
14,vp14/run1_2018-05-30-10-11-09.ids_1,3,16020,16110,read_write_newspaper,28
14,vp14/run1_2018-05-30-10-11-09.ids_1,3,16110,16200,read_write_newspaper,29
14,vp14/run1_2018-05-30-10-11-09.ids_1,3,16200,16290,read_write_newspaper,30
14,vp14/run1_2018-05-30-10-11-09.ids_1,3,16290,16380,read_write_newspaper,31
14,vp14/run1_2018-05-30-10-11-09.ids_1,3,16380,16470,read_write_newspaper,32
14,vp14/run1_2018-05-30-10-11-09.ids_1,3,16470,16560,read_write_newspaper,33
14,vp14/run1_2018-05-30-10-11-09.ids_1,3,16560,16650,read_write_newspaper,34
14,vp14/run1_2018-05-30-10-11-09.ids_1,3,16650,16740,read_write_newspaper,35
14,vp14/run1_2018-05-30-10-11-09.ids_1,3,16740,16830,read_write_newspaper,36
14,vp14/run1_2018-05-30-10-11-09.ids_1,3,16830,16920,read_write_newspaper,37
14,vp14/run1_2018-05-30-10-11-09.ids_1,3,16920,17010,read_write_newspaper,38
14,vp14/run1_2018-05-30-10-11-09.ids_1,3,17010,17100,read_write_newspaper,39
14,vp14/run1_2018-05-30-10-11-09.ids_1,3,17100,17190,read_write_newspaper,40
14,vp14/run1_2018-05-30-10-11-09.ids_1,3,17190,17280,read_write_newspaper,41
14,vp14/run1_2018-05-30-10-11-09.ids_1,3,17280,17370,read_write_newspaper,42
14,vp14/run1_2018-05-30-10-11-09.ids_1,3,17370,17460,read_write_newspaper,43
14,vp14/run1_2018-05-30-10-11-09.ids_1,3,17460,17550,read_write_newspaper,44
14,vp14/run1_2018-05-30-10-11-09.ids_1,3,17550,17640,read_write_newspaper,45
14,vp14/run1_2018-05-30-10-11-09.ids_1,3,17640,17730,read_write_newspaper,46
14,vp14/run1_2018-05-30-10-11-09.ids_1,3,17730,17820,read_write_newspaper,47
14,vp14/run1_2018-05-30-10-11-09.ids_1,3,17820,17910,read_write_newspaper,48
14,vp14/run1_2018-05-30-10-11-09.ids_1,3,17910,18000,read_write_newspaper,49
14,vp14/run1_2018-05-30-10-11-09.ids_1,3,18000,18090,read_write_newspaper,50
14,vp14/run1_2018-05-30-10-11-09.ids_1,3,18090,18180,read_write_newspaper,51
14,vp14/run1_2018-05-30-10-11-09.ids_1,3,18180,18270,read_write_newspaper,52
14,vp14/run1_2018-05-30-10-11-09.ids_1,3,18270,18360,read_write_newspaper,53
14,vp14/run1_2018-05-30-10-11-09.ids_1,3,18360,18450,read_write_newspaper,54
14,vp14/run1_2018-05-30-10-11-09.ids_1,3,18450,18540,read_write_newspaper,55
14,vp14/run1_2018-05-30-10-11-09.ids_1,3,18540,18630,read_write_newspaper,56
14,vp14/run1_2018-05-30-10-11-09.ids_1,3,18630,18720,read_write_newspaper,57
14,vp14/run1_2018-05-30-10-11-09.ids_1,3,18720,18810,read_write_newspaper,58
14,vp14/run1_2018-05-30-10-11-09.ids_1,3,18810,18900,read_write_newspaper,59
14,vp14/run1_2018-05-30-10-11-09.ids_1,3,18900,18990,read_write_newspaper,60
14,vp14/run1_2018-05-30-10-11-09.ids_1,3,18990,19080,read_write_newspaper,61
14,vp14/run1_2018-05-30-10-11-09.ids_1,3,19080,19170,read_write_newspaper,62
14,vp14/run1_2018-05-30-10-11-09.ids_1,3,19170,19260,read_write_newspaper,63
14,vp14/run1_2018-05-30-10-11-09.ids_1,3,19260,19350,read_write_newspaper,64
14,vp14/run1_2018-05-30-10-11-09.ids_1,3,19350,19440,read_write_newspaper,65
14,vp14/run1_2018-05-30-10-11-09.ids_1,3,19440,19530,read_write_newspaper,66
14,vp14/run1_2018-05-30-10-11-09.ids_1,3,19530,19620,read_write_newspaper,67
14,vp14/run1_2018-05-30-10-11-09.ids_1,3,19620,19689,read_write_newspaper,68
14,vp14/run1_2018-05-30-10-11-09.ids_1,4,20010,20100,put_on_sunglasses,0
14,vp14/run1_2018-05-30-10-11-09.ids_1,4,20100,20190,put_on_sunglasses,1
14,vp14/run1_2018-05-30-10-11-09.ids_1,4,20190,20280,put_on_sunglasses,2
14,vp14/run1_2018-05-30-10-11-09.ids_1,4,20280,20370,put_on_sunglasses,3
14,vp14/run1_2018-05-30-10-11-09.ids_1,4,20370,20460,put_on_sunglasses,4
14,vp14/run1_2018-05-30-10-11-09.ids_1,4,20460,20499,put_on_sunglasses,5
14,vp14/run1_2018-05-30-10-11-09.ids_1,5,21690,21780,take_off_sunglasses,0
14,vp14/run1_2018-05-30-10-11-09.ids_1,5,21780,21870,take_off_sunglasses,1
14,vp14/run1_2018-05-30-10-11-09.ids_1,5,21870,21960,take_off_sunglasses,2
14,vp14/run1_2018-05-30-10-11-09.ids_1,5,21960,22050,take_off_sunglasses,3
14,vp14/run1_2018-05-30-10-11-09.ids_1,5,22050,22140,take_off_sunglasses,4
14,vp14/run1_2018-05-30-10-11-09.ids_1,5,22140,22230,take_off_sunglasses,5
14,vp14/run1_2018-05-30-10-11-09.ids_1,5,22230,22320,take_off_sunglasses,6
14,vp14/run1_2018-05-30-10-11-09.ids_1,5,22320,22410,take_off_sunglasses,7
14,vp14/run1_2018-05-30-10-11-09.ids_1,5,22410,22500,take_off_sunglasses,8
14,vp14/run1_2018-05-30-10-11-09.ids_1,5,22500,22590,take_off_sunglasses,9
14,vp14/run1_2018-05-30-10-11-09.ids_1,5,22590,22680,take_off_sunglasses,10
14,vp14/run1_2018-05-30-10-11-09.ids_1,5,22680,22770,take_off_sunglasses,11
14,vp14/run1_2018-05-30-10-11-09.ids_1,5,22770,22860,take_off_sunglasses,12
14,vp14/run1_2018-05-30-10-11-09.ids_1,5,22860,22950,take_off_sunglasses,13
14,vp14/run1_2018-05-30-10-11-09.ids_1,5,22950,23040,take_off_sunglasses,14
14,vp14/run1_2018-05-30-10-11-09.ids_1,5,23040,23130,take_off_sunglasses,15
14,vp14/run1_2018-05-30-10-11-09.ids_1,5,23130,23220,take_off_sunglasses,16
14,vp14/run1_2018-05-30-10-11-09.ids_1,5,23220,23310,take_off_sunglasses,17
14,vp14/run1_2018-05-30-10-11-09.ids_1,5,23310,23349,take_off_sunglasses,18
14,vp14/run1_2018-05-30-10-11-09.ids_1,6,23730,23820,put_on_jacket,0
14,vp14/run1_2018-05-30-10-11-09.ids_1,6,23820,23910,put_on_jacket,1
14,vp14/run1_2018-05-30-10-11-09.ids_1,6,23910,24000,put_on_jacket,2
14,vp14/run1_2018-05-30-10-11-09.ids_1,6,24000,24090,put_on_jacket,3
14,vp14/run1_2018-05-30-10-11-09.ids_1,6,24090,24180,put_on_jacket,4
14,vp14/run1_2018-05-30-10-11-09.ids_1,6,24180,24270,put_on_jacket,5
14,vp14/run1_2018-05-30-10-11-09.ids_1,6,24270,24360,put_on_jacket,6
14,vp14/run1_2018-05-30-10-11-09.ids_1,6,24360,24450,put_on_jacket,7
14,vp14/run1_2018-05-30-10-11-09.ids_1,6,24450,24540,put_on_jacket,8
14,vp14/run1_2018-05-30-10-11-09.ids_1,6,24540,24630,put_on_jacket,9
14,vp14/run1_2018-05-30-10-11-09.ids_1,6,24630,24720,put_on_jacket,10
14,vp14/run1_2018-05-30-10-11-09.ids_1,6,24720,24759,put_on_jacket,11
14,vp14/run1_2018-05-30-10-11-09.ids_1,7,25080,25170,take_off_jacket,0
14,vp14/run1_2018-05-30-10-11-09.ids_1,7,25170,25260,take_off_jacket,1
14,vp14/run1_2018-05-30-10-11-09.ids_1,7,25260,25350,take_off_jacket,2
14,vp14/run1_2018-05-30-10-11-09.ids_1,7,25350,25440,take_off_jacket,3
14,vp14/run1_2018-05-30-10-11-09.ids_1,7,25440,25530,take_off_jacket,4
14,vp14/run1_2018-05-30-10-11-09.ids_1,7,25530,25620,take_off_jacket,5
14,vp14/run1_2018-05-30-10-11-09.ids_1,7,25620,25710,take_off_jacket,6
14,vp14/run1_2018-05-30-10-11-09.ids_1,7,25710,25800,take_off_jacket,7
14,vp14/run1_2018-05-30-10-11-09.ids_1,7,25800,25890,take_off_jacket,8
14,vp14/run1_2018-05-30-10-11-09.ids_1,7,25890,25980,take_off_jacket,9
14,vp14/run1_2018-05-30-10-11-09.ids_1,7,25980,26070,take_off_jacket,10
14,vp14/run1_2018-05-30-10-11-09.ids_1,7,26070,26160,take_off_jacket,11
14,vp14/run1_2018-05-30-10-11-09.ids_1,7,26160,26229,take_off_jacket,12
14,vp14/run1_2018-05-30-10-11-09.ids_1,8,26550,26640,read_write_magazine,0
14,vp14/run1_2018-05-30-10-11-09.ids_1,8,26640,26730,read_write_magazine,1
14,vp14/run1_2018-05-30-10-11-09.ids_1,8,26730,26820,read_write_magazine,2
14,vp14/run1_2018-05-30-10-11-09.ids_1,8,26820,26910,read_write_magazine,3
14,vp14/run1_2018-05-30-10-11-09.ids_1,8,26910,27000,read_write_magazine,4
14,vp14/run1_2018-05-30-10-11-09.ids_1,8,27000,27090,read_write_magazine,5
14,vp14/run1_2018-05-30-10-11-09.ids_1,8,27090,27180,read_write_magazine,6
14,vp14/run1_2018-05-30-10-11-09.ids_1,8,27180,27270,read_write_magazine,7
14,vp14/run1_2018-05-30-10-11-09.ids_1,8,27270,27360,read_write_magazine,8
14,vp14/run1_2018-05-30-10-11-09.ids_1,8,27360,27450,read_write_magazine,9
14,vp14/run1_2018-05-30-10-11-09.ids_1,8,27450,27540,read_write_magazine,10
14,vp14/run1_2018-05-30-10-11-09.ids_1,8,27540,27630,read_write_magazine,11
14,vp14/run1_2018-05-30-10-11-09.ids_1,8,27630,27720,read_write_magazine,12
14,vp14/run1_2018-05-30-10-11-09.ids_1,8,27720,27810,read_write_magazine,13
14,vp14/run1_2018-05-30-10-11-09.ids_1,8,27810,27900,read_write_magazine,14
14,vp14/run1_2018-05-30-10-11-09.ids_1,8,27900,27990,read_write_magazine,15
14,vp14/run1_2018-05-30-10-11-09.ids_1,8,27990,28080,read_write_magazine,16
14,vp14/run1_2018-05-30-10-11-09.ids_1,8,28080,28170,read_write_magazine,17
14,vp14/run1_2018-05-30-10-11-09.ids_1,8,28170,28260,read_write_magazine,18
14,vp14/run1_2018-05-30-10-11-09.ids_1,8,28260,28350,read_write_magazine,19
14,vp14/run1_2018-05-30-10-11-09.ids_1,8,28350,28440,read_write_magazine,20
14,vp14/run1_2018-05-30-10-11-09.ids_1,8,28440,28530,read_write_magazine,21
14,vp14/run1_2018-05-30-10-11-09.ids_1,8,28530,28620,read_write_magazine,22
14,vp14/run1_2018-05-30-10-11-09.ids_1,8,28620,28710,read_write_magazine,23
14,vp14/run1_2018-05-30-10-11-09.ids_1,8,28710,28800,read_write_magazine,24
14,vp14/run1_2018-05-30-10-11-09.ids_1,8,28800,28890,read_write_magazine,25
14,vp14/run1_2018-05-30-10-11-09.ids_1,8,28890,28980,read_write_magazine,26
14,vp14/run1_2018-05-30-10-11-09.ids_1,8,28980,29070,read_write_magazine,27
14,vp14/run1_2018-05-30-10-11-09.ids_1,8,29070,29160,read_write_magazine,28
14,vp14/run1_2018-05-30-10-11-09.ids_1,8,29160,29250,read_write_magazine,29
14,vp14/run1_2018-05-30-10-11-09.ids_1,8,29250,29340,read_write_magazine,30
14,vp14/run1_2018-05-30-10-11-09.ids_1,8,29340,29430,read_write_magazine,31
14,vp14/run1_2018-05-30-10-11-09.ids_1,8,29430,29520,read_write_magazine,32
14,vp14/run1_2018-05-30-10-11-09.ids_1,8,29520,29610,read_write_magazine,33
14,vp14/run1_2018-05-30-10-11-09.ids_1,8,29610,29700,read_write_magazine,34
14,vp14/run1_2018-05-30-10-11-09.ids_1,8,29700,29790,read_write_magazine,35
14,vp14/run1_2018-05-30-10-11-09.ids_1,8,29790,29880,read_write_magazine,36
14,vp14/run1_2018-05-30-10-11-09.ids_1,8,29880,29970,read_write_magazine,37
14,vp14/run1_2018-05-30-10-11-09.ids_1,8,29970,30060,read_write_magazine,38
14,vp14/run1_2018-05-30-10-11-09.ids_1,8,30060,30150,read_write_magazine,39
14,vp14/run1_2018-05-30-10-11-09.ids_1,8,30150,30240,read_write_magazine,40
14,vp14/run1_2018-05-30-10-11-09.ids_1,8,30240,30330,read_write_magazine,41
14,vp14/run1_2018-05-30-10-11-09.ids_1,8,30330,30420,read_write_magazine,42
14,vp14/run1_2018-05-30-10-11-09.ids_1,8,30420,30510,read_write_magazine,43
14,vp14/run1_2018-05-30-10-11-09.ids_1,8,30510,30600,read_write_magazine,44
14,vp14/run1_2018-05-30-10-11-09.ids_1,8,30600,30690,read_write_magazine,45
14,vp14/run1_2018-05-30-10-11-09.ids_1,8,30690,30780,read_write_magazine,46
14,vp14/run1_2018-05-30-10-11-09.ids_1,8,30780,30870,read_write_magazine,47
14,vp14/run1_2018-05-30-10-11-09.ids_1,8,30870,30960,read_write_magazine,48
14,vp14/run1_2018-05-30-10-11-09.ids_1,8,30960,31050,read_write_magazine,49
14,vp14/run1_2018-05-30-10-11-09.ids_1,8,31050,31140,read_write_magazine,50
14,vp14/run1_2018-05-30-10-11-09.ids_1,8,31140,31230,read_write_magazine,51
14,vp14/run1_2018-05-30-10-11-09.ids_1,8,31230,31320,read_write_magazine,52
14,vp14/run1_2018-05-30-10-11-09.ids_1,8,31320,31410,read_write_magazine,53
14,vp14/run1_2018-05-30-10-11-09.ids_1,8,31410,31500,read_write_magazine,54
14,vp14/run1_2018-05-30-10-11-09.ids_1,8,31500,31590,read_write_magazine,55
14,vp14/run1_2018-05-30-10-11-09.ids_1,8,31590,31680,read_write_magazine,56
14,vp14/run1_2018-05-30-10-11-09.ids_1,8,31680,31770,read_write_magazine,57
14,vp14/run1_2018-05-30-10-11-09.ids_1,8,31770,31860,read_write_magazine,58
14,vp14/run1_2018-05-30-10-11-09.ids_1,8,31860,31950,read_write_magazine,59
14,vp14/run1_2018-05-30-10-11-09.ids_1,8,31950,32040,read_write_magazine,60
14,vp14/run1_2018-05-30-10-11-09.ids_1,8,32040,32130,read_write_magazine,61
14,vp14/run1_2018-05-30-10-11-09.ids_1,8,32130,32220,read_write_magazine,62
14,vp14/run1_2018-05-30-10-11-09.ids_1,8,32220,32310,read_write_magazine,63
14,vp14/run1_2018-05-30-10-11-09.ids_1,8,32310,32400,read_write_magazine,64
14,vp14/run1_2018-05-30-10-11-09.ids_1,8,32400,32490,read_write_magazine,65
14,vp14/run1_2018-05-30-10-11-09.ids_1,8,32490,32580,read_write_magazine,66
14,vp14/run1_2018-05-30-10-11-09.ids_1,8,32580,32670,read_write_magazine,67
14,vp14/run1_2018-05-30-10-11-09.ids_1,8,32670,32760,read_write_magazine,68
14,vp14/run1_2018-05-30-10-11-09.ids_1,8,32760,32829,read_write_magazine,69
14,vp14/run1_2018-05-30-10-11-09.ids_1,9,33720,33810,watch_video,0
14,vp14/run1_2018-05-30-10-11-09.ids_1,9,33810,33900,watch_video,1
14,vp14/run1_2018-05-30-10-11-09.ids_1,9,33900,33990,watch_video,2
14,vp14/run1_2018-05-30-10-11-09.ids_1,9,33990,34080,watch_video,3
14,vp14/run1_2018-05-30-10-11-09.ids_1,9,34080,34170,watch_video,4
14,vp14/run1_2018-05-30-10-11-09.ids_1,9,34170,34260,watch_video,5
14,vp14/run1_2018-05-30-10-11-09.ids_1,9,34260,34350,watch_video,6
14,vp14/run1_2018-05-30-10-11-09.ids_1,9,34350,34440,watch_video,7
14,vp14/run1_2018-05-30-10-11-09.ids_1,9,34440,34530,watch_video,8
14,vp14/run1_2018-05-30-10-11-09.ids_1,9,34530,34620,watch_video,9
14,vp14/run1_2018-05-30-10-11-09.ids_1,9,34620,34710,watch_video,10
14,vp14/run1_2018-05-30-10-11-09.ids_1,9,34710,34800,watch_video,11
14,vp14/run1_2018-05-30-10-11-09.ids_1,9,34800,34890,watch_video,12
14,vp14/run1_2018-05-30-10-11-09.ids_1,9,34890,34980,watch_video,13
14,vp14/run1_2018-05-30-10-11-09.ids_1,9,34980,35070,watch_video,14
14,vp14/run1_2018-05-30-10-11-09.ids_1,9,35070,35160,watch_video,15
14,vp14/run1_2018-05-30-10-11-09.ids_1,9,35160,35250,watch_video,16
14,vp14/run1_2018-05-30-10-11-09.ids_1,9,35250,35340,watch_video,17
14,vp14/run1_2018-05-30-10-11-09.ids_1,9,35340,35430,watch_video,18
14,vp14/run1_2018-05-30-10-11-09.ids_1,9,35430,35520,watch_video,19
14,vp14/run1_2018-05-30-10-11-09.ids_1,9,35520,35610,watch_video,20
14,vp14/run1_2018-05-30-10-11-09.ids_1,9,35610,35700,watch_video,21
14,vp14/run1_2018-05-30-10-11-09.ids_1,9,35700,35790,watch_video,22
14,vp14/run1_2018-05-30-10-11-09.ids_1,9,35790,35880,watch_video,23
14,vp14/run1_2018-05-30-10-11-09.ids_1,9,35880,35970,watch_video,24
14,vp14/run1_2018-05-30-10-11-09.ids_1,9,35970,36060,watch_video,25
14,vp14/run1_2018-05-30-10-11-09.ids_1,9,36060,36150,watch_video,26
14,vp14/run1_2018-05-30-10-11-09.ids_1,9,36150,36240,watch_video,27
14,vp14/run1_2018-05-30-10-11-09.ids_1,9,36240,36330,watch_video,28
14,vp14/run1_2018-05-30-10-11-09.ids_1,9,36330,36420,watch_video,29
14,vp14/run1_2018-05-30-10-11-09.ids_1,9,36420,36510,watch_video,30
14,vp14/run1_2018-05-30-10-11-09.ids_1,9,36510,36600,watch_video,31
14,vp14/run1_2018-05-30-10-11-09.ids_1,9,36600,36690,watch_video,32
14,vp14/run1_2018-05-30-10-11-09.ids_1,9,36690,36780,watch_video,33
14,vp14/run1_2018-05-30-10-11-09.ids_1,9,36780,36870,watch_video,34
14,vp14/run1_2018-05-30-10-11-09.ids_1,9,36870,36960,watch_video,35
14,vp14/run1_2018-05-30-10-11-09.ids_1,9,36960,37050,watch_video,36
14,vp14/run1_2018-05-30-10-11-09.ids_1,9,37050,37140,watch_video,37
14,vp14/run1_2018-05-30-10-11-09.ids_1,9,37140,37230,watch_video,38
14,vp14/run1_2018-05-30-10-11-09.ids_1,9,37230,37320,watch_video,39
14,vp14/run1_2018-05-30-10-11-09.ids_1,9,37320,37410,watch_video,40
14,vp14/run1_2018-05-30-10-11-09.ids_1,9,37410,37500,watch_video,41
14,vp14/run1_2018-05-30-10-11-09.ids_1,9,37500,37590,watch_video,42
14,vp14/run1_2018-05-30-10-11-09.ids_1,9,37590,37680,watch_video,43
14,vp14/run1_2018-05-30-10-11-09.ids_1,9,37680,37770,watch_video,44
14,vp14/run1_2018-05-30-10-11-09.ids_1,9,37770,37860,watch_video,45
14,vp14/run1_2018-05-30-10-11-09.ids_1,9,37860,37950,watch_video,46
14,vp14/run1_2018-05-30-10-11-09.ids_1,9,37950,38040,watch_video,47
14,vp14/run1_2018-05-30-10-11-09.ids_1,9,38040,38130,watch_video,48
14,vp14/run1_2018-05-30-10-11-09.ids_1,9,38130,38220,watch_video,49
14,vp14/run1_2018-05-30-10-11-09.ids_1,9,38220,38310,watch_video,50
14,vp14/run1_2018-05-30-10-11-09.ids_1,9,38310,38400,watch_video,51
14,vp14/run1_2018-05-30-10-11-09.ids_1,9,38400,38490,watch_video,52
14,vp14/run1_2018-05-30-10-11-09.ids_1,9,38490,38580,watch_video,53
14,vp14/run1_2018-05-30-10-11-09.ids_1,9,38580,38670,watch_video,54
14,vp14/run1_2018-05-30-10-11-09.ids_1,9,38670,38760,watch_video,55
14,vp14/run1_2018-05-30-10-11-09.ids_1,9,38760,38850,watch_video,56
14,vp14/run1_2018-05-30-10-11-09.ids_1,9,38850,38940,watch_video,57
14,vp14/run1_2018-05-30-10-11-09.ids_1,9,38940,39030,watch_video,58
14,vp14/run1_2018-05-30-10-11-09.ids_1,9,39030,39120,watch_video,59
14,vp14/run1_2018-05-30-10-11-09.ids_1,9,39120,39210,watch_video,60
14,vp14/run1_2018-05-30-10-11-09.ids_1,9,39210,39300,watch_video,61
14,vp14/run1_2018-05-30-10-11-09.ids_1,9,39300,39390,watch_video,62
14,vp14/run1_2018-05-30-10-11-09.ids_1,9,39390,39480,watch_video,63
14,vp14/run1_2018-05-30-10-11-09.ids_1,9,39480,39570,watch_video,64
14,vp14/run1_2018-05-30-10-11-09.ids_1,9,39570,39660,watch_video,65
14,vp14/run1_2018-05-30-10-11-09.ids_1,9,39660,39750,watch_video,66
14,vp14/run1_2018-05-30-10-11-09.ids_1,9,39750,39840,watch_video,67
14,vp14/run1_2018-05-30-10-11-09.ids_1,9,39840,39930,watch_video,68
14,vp14/run1_2018-05-30-10-11-09.ids_1,9,39930,40020,watch_video,69
14,vp14/run1_2018-05-30-10-11-09.ids_1,9,40020,40110,watch_video,70
14,vp14/run1_2018-05-30-10-11-09.ids_1,9,40110,40200,watch_video,71
14,vp14/run1_2018-05-30-10-11-09.ids_1,9,40200,40290,watch_video,72
14,vp14/run1_2018-05-30-10-11-09.ids_1,9,40290,40380,watch_video,73
14,vp14/run1_2018-05-30-10-11-09.ids_1,9,40380,40470,watch_video,74
14,vp14/run1_2018-05-30-10-11-09.ids_1,9,40470,40560,watch_video,75
14,vp14/run1_2018-05-30-10-11-09.ids_1,9,40560,40650,watch_video,76
14,vp14/run1_2018-05-30-10-11-09.ids_1,9,40650,40740,watch_video,77
14,vp14/run1_2018-05-30-10-11-09.ids_1,9,40740,40830,watch_video,78
14,vp14/run1_2018-05-30-10-11-09.ids_1,9,40830,40920,watch_video,79
14,vp14/run1_2018-05-30-10-11-09.ids_1,9,40920,41010,watch_video,80
14,vp14/run1_2018-05-30-10-11-09.ids_1,9,41010,41100,watch_video,81
14,vp14/run1_2018-05-30-10-11-09.ids_1,9,41100,41190,watch_video,82
14,vp14/run1_2018-05-30-10-11-09.ids_1,9,41190,41280,watch_video,83
14,vp14/run1_2018-05-30-10-11-09.ids_1,9,41280,41370,watch_video,84
14,vp14/run1_2018-05-30-10-11-09.ids_1,9,41370,41439,watch_video,85
14,vp14/run1_2018-05-30-10-11-09.ids_1,10,42390,42480,work,0
14,vp14/run1_2018-05-30-10-11-09.ids_1,10,42480,42570,work,1
14,vp14/run1_2018-05-30-10-11-09.ids_1,10,42570,42660,work,2
14,vp14/run1_2018-05-30-10-11-09.ids_1,10,42660,42750,work,3
14,vp14/run1_2018-05-30-10-11-09.ids_1,10,42750,42840,work,4
14,vp14/run1_2018-05-30-10-11-09.ids_1,10,42840,42930,work,5
14,vp14/run1_2018-05-30-10-11-09.ids_1,10,42930,43020,work,6
14,vp14/run1_2018-05-30-10-11-09.ids_1,10,43020,43110,work,7
14,vp14/run1_2018-05-30-10-11-09.ids_1,10,43110,43200,work,8
14,vp14/run1_2018-05-30-10-11-09.ids_1,10,43200,43290,work,9
14,vp14/run1_2018-05-30-10-11-09.ids_1,10,43290,43380,work,10
14,vp14/run1_2018-05-30-10-11-09.ids_1,10,43380,43470,work,11
14,vp14/run1_2018-05-30-10-11-09.ids_1,10,43470,43560,work,12
14,vp14/run1_2018-05-30-10-11-09.ids_1,10,43560,43650,work,13
14,vp14/run1_2018-05-30-10-11-09.ids_1,10,43650,43740,work,14
14,vp14/run1_2018-05-30-10-11-09.ids_1,10,43740,43830,work,15
14,vp14/run1_2018-05-30-10-11-09.ids_1,10,43830,43920,work,16
14,vp14/run1_2018-05-30-10-11-09.ids_1,10,43920,44010,work,17
14,vp14/run1_2018-05-30-10-11-09.ids_1,10,44010,44100,work,18
14,vp14/run1_2018-05-30-10-11-09.ids_1,10,44100,44190,work,19
14,vp14/run1_2018-05-30-10-11-09.ids_1,10,44190,44280,work,20
14,vp14/run1_2018-05-30-10-11-09.ids_1,10,44280,44370,work,21
14,vp14/run1_2018-05-30-10-11-09.ids_1,10,44370,44460,work,22
14,vp14/run1_2018-05-30-10-11-09.ids_1,10,44460,44550,work,23
14,vp14/run1_2018-05-30-10-11-09.ids_1,10,44550,44640,work,24
14,vp14/run1_2018-05-30-10-11-09.ids_1,10,44640,44730,work,25
14,vp14/run1_2018-05-30-10-11-09.ids_1,10,44730,44820,work,26
14,vp14/run1_2018-05-30-10-11-09.ids_1,10,44820,44910,work,27
14,vp14/run1_2018-05-30-10-11-09.ids_1,10,44910,45000,work,28
14,vp14/run1_2018-05-30-10-11-09.ids_1,10,45000,45090,work,29
14,vp14/run1_2018-05-30-10-11-09.ids_1,10,45090,45180,work,30
14,vp14/run1_2018-05-30-10-11-09.ids_1,10,45180,45270,work,31
14,vp14/run1_2018-05-30-10-11-09.ids_1,10,45270,45360,work,32
14,vp14/run1_2018-05-30-10-11-09.ids_1,10,45360,45450,work,33
14,vp14/run1_2018-05-30-10-11-09.ids_1,10,45450,45540,work,34
14,vp14/run1_2018-05-30-10-11-09.ids_1,10,45540,45630,work,35
14,vp14/run1_2018-05-30-10-11-09.ids_1,10,45630,45720,work,36
14,vp14/run1_2018-05-30-10-11-09.ids_1,10,45720,45810,work,37
14,vp14/run1_2018-05-30-10-11-09.ids_1,10,45810,45900,work,38
14,vp14/run1_2018-05-30-10-11-09.ids_1,10,45900,45990,work,39
14,vp14/run1_2018-05-30-10-11-09.ids_1,10,45990,46080,work,40
14,vp14/run1_2018-05-30-10-11-09.ids_1,10,46080,46170,work,41
14,vp14/run1_2018-05-30-10-11-09.ids_1,10,46170,46260,work,42
14,vp14/run1_2018-05-30-10-11-09.ids_1,10,46260,46350,work,43
14,vp14/run1_2018-05-30-10-11-09.ids_1,10,46350,46419,work,44
14,vp14/run1_2018-05-30-10-11-09.ids_1,11,46620,46710,final_task,0
14,vp14/run1_2018-05-30-10-11-09.ids_1,11,46710,46800,final_task,1
14,vp14/run1_2018-05-30-10-11-09.ids_1,11,46800,46890,final_task,2
14,vp14/run1_2018-05-30-10-11-09.ids_1,11,46890,46980,final_task,3
14,vp14/run1_2018-05-30-10-11-09.ids_1,11,46980,47070,final_task,4
14,vp14/run1_2018-05-30-10-11-09.ids_1,11,47070,47160,final_task,5
14,vp14/run1_2018-05-30-10-11-09.ids_1,11,47160,47250,final_task,6
14,vp14/run1_2018-05-30-10-11-09.ids_1,11,47250,47340,final_task,7
14,vp14/run1_2018-05-30-10-11-09.ids_1,11,47340,47430,final_task,8
14,vp14/run1_2018-05-30-10-11-09.ids_1,11,47430,47520,final_task,9
14,vp14/run1_2018-05-30-10-11-09.ids_1,11,47520,47610,final_task,10
14,vp14/run1_2018-05-30-10-11-09.ids_1,11,47610,47700,final_task,11
14,vp14/run1_2018-05-30-10-11-09.ids_1,11,47700,47790,final_task,12
14,vp14/run1_2018-05-30-10-11-09.ids_1,11,47790,47880,final_task,13
14,vp14/run1_2018-05-30-10-11-09.ids_1,11,47880,47970,final_task,14
14,vp14/run1_2018-05-30-10-11-09.ids_1,11,47970,48060,final_task,15
14,vp14/run1_2018-05-30-10-11-09.ids_1,11,48060,48150,final_task,16
14,vp14/run1_2018-05-30-10-11-09.ids_1,11,48150,48240,final_task,17
14,vp14/run1_2018-05-30-10-11-09.ids_1,11,48240,48330,final_task,18
14,vp14/run1_2018-05-30-10-11-09.ids_1,11,48330,48420,final_task,19
14,vp14/run1_2018-05-30-10-11-09.ids_1,11,48420,48510,final_task,20
14,vp14/run1_2018-05-30-10-11-09.ids_1,11,48510,48600,final_task,21
14,vp14/run1_2018-05-30-10-11-09.ids_1,11,48600,48690,final_task,22
14,vp14/run1_2018-05-30-10-11-09.ids_1,11,48690,48720,final_task,23
14,vp14/run2_2018-05-30-10-42-33.ids_1,0,0,90,fasten_seat_belt,0
14,vp14/run2_2018-05-30-10-42-33.ids_1,0,90,180,fasten_seat_belt,1
14,vp14/run2_2018-05-30-10-42-33.ids_1,0,180,270,fasten_seat_belt,2
14,vp14/run2_2018-05-30-10-42-33.ids_1,0,270,360,fasten_seat_belt,3
14,vp14/run2_2018-05-30-10-42-33.ids_1,0,360,450,fasten_seat_belt,4
14,vp14/run2_2018-05-30-10-42-33.ids_1,0,450,540,fasten_seat_belt,5
14,vp14/run2_2018-05-30-10-42-33.ids_1,0,540,630,fasten_seat_belt,6
14,vp14/run2_2018-05-30-10-42-33.ids_1,0,630,720,fasten_seat_belt,7
14,vp14/run2_2018-05-30-10-42-33.ids_1,0,720,810,fasten_seat_belt,8
14,vp14/run2_2018-05-30-10-42-33.ids_1,0,810,900,fasten_seat_belt,9
14,vp14/run2_2018-05-30-10-42-33.ids_1,0,900,990,fasten_seat_belt,10
14,vp14/run2_2018-05-30-10-42-33.ids_1,0,990,998,fasten_seat_belt,11
14,vp14/run2_2018-05-30-10-42-33.ids_1,1,6390,6480,hand_over,0
14,vp14/run2_2018-05-30-10-42-33.ids_1,1,6480,6570,hand_over,1
14,vp14/run2_2018-05-30-10-42-33.ids_1,1,6570,6660,hand_over,2
14,vp14/run2_2018-05-30-10-42-33.ids_1,1,6660,6669,hand_over,3
14,vp14/run2_2018-05-30-10-42-33.ids_1,2,7470,7560,read_write_newspaper,0
14,vp14/run2_2018-05-30-10-42-33.ids_1,2,7560,7650,read_write_newspaper,1
14,vp14/run2_2018-05-30-10-42-33.ids_1,2,7650,7740,read_write_newspaper,2
14,vp14/run2_2018-05-30-10-42-33.ids_1,2,7740,7830,read_write_newspaper,3
14,vp14/run2_2018-05-30-10-42-33.ids_1,2,7830,7920,read_write_newspaper,4
14,vp14/run2_2018-05-30-10-42-33.ids_1,2,7920,8010,read_write_newspaper,5
14,vp14/run2_2018-05-30-10-42-33.ids_1,2,8010,8100,read_write_newspaper,6
14,vp14/run2_2018-05-30-10-42-33.ids_1,2,8100,8190,read_write_newspaper,7
14,vp14/run2_2018-05-30-10-42-33.ids_1,2,8190,8280,read_write_newspaper,8
14,vp14/run2_2018-05-30-10-42-33.ids_1,2,8280,8370,read_write_newspaper,9
14,vp14/run2_2018-05-30-10-42-33.ids_1,2,8370,8460,read_write_newspaper,10
14,vp14/run2_2018-05-30-10-42-33.ids_1,2,8460,8550,read_write_newspaper,11
14,vp14/run2_2018-05-30-10-42-33.ids_1,2,8550,8640,read_write_newspaper,12
14,vp14/run2_2018-05-30-10-42-33.ids_1,2,8640,8730,read_write_newspaper,13
14,vp14/run2_2018-05-30-10-42-33.ids_1,2,8730,8820,read_write_newspaper,14
14,vp14/run2_2018-05-30-10-42-33.ids_1,2,8820,8910,read_write_newspaper,15
14,vp14/run2_2018-05-30-10-42-33.ids_1,2,8910,9000,read_write_newspaper,16
14,vp14/run2_2018-05-30-10-42-33.ids_1,2,9000,9090,read_write_newspaper,17
14,vp14/run2_2018-05-30-10-42-33.ids_1,2,9090,9180,read_write_newspaper,18
14,vp14/run2_2018-05-30-10-42-33.ids_1,2,9180,9270,read_write_newspaper,19
14,vp14/run2_2018-05-30-10-42-33.ids_1,2,9270,9360,read_write_newspaper,20
14,vp14/run2_2018-05-30-10-42-33.ids_1,2,9360,9450,read_write_newspaper,21
14,vp14/run2_2018-05-30-10-42-33.ids_1,2,9450,9540,read_write_newspaper,22
14,vp14/run2_2018-05-30-10-42-33.ids_1,2,9540,9630,read_write_newspaper,23
14,vp14/run2_2018-05-30-10-42-33.ids_1,2,9630,9720,read_write_newspaper,24
14,vp14/run2_2018-05-30-10-42-33.ids_1,2,9720,9810,read_write_newspaper,25
14,vp14/run2_2018-05-30-10-42-33.ids_1,2,9810,9900,read_write_newspaper,26
14,vp14/run2_2018-05-30-10-42-33.ids_1,2,9900,9990,read_write_newspaper,27
14,vp14/run2_2018-05-30-10-42-33.ids_1,2,9990,10080,read_write_newspaper,28
14,vp14/run2_2018-05-30-10-42-33.ids_1,2,10080,10170,read_write_newspaper,29
14,vp14/run2_2018-05-30-10-42-33.ids_1,2,10170,10260,read_write_newspaper,30
14,vp14/run2_2018-05-30-10-42-33.ids_1,2,10260,10350,read_write_newspaper,31
14,vp14/run2_2018-05-30-10-42-33.ids_1,2,10350,10440,read_write_newspaper,32
14,vp14/run2_2018-05-30-10-42-33.ids_1,2,10440,10530,read_write_newspaper,33
14,vp14/run2_2018-05-30-10-42-33.ids_1,2,10530,10620,read_write_newspaper,34
14,vp14/run2_2018-05-30-10-42-33.ids_1,2,10620,10710,read_write_newspaper,35
14,vp14/run2_2018-05-30-10-42-33.ids_1,2,10710,10800,read_write_newspaper,36
14,vp14/run2_2018-05-30-10-42-33.ids_1,2,10800,10890,read_write_newspaper,37
14,vp14/run2_2018-05-30-10-42-33.ids_1,2,10890,10980,read_write_newspaper,38
14,vp14/run2_2018-05-30-10-42-33.ids_1,2,10980,11070,read_write_newspaper,39
14,vp14/run2_2018-05-30-10-42-33.ids_1,2,11070,11160,read_write_newspaper,40
14,vp14/run2_2018-05-30-10-42-33.ids_1,2,11160,11250,read_write_newspaper,41
14,vp14/run2_2018-05-30-10-42-33.ids_1,2,11250,11340,read_write_newspaper,42
14,vp14/run2_2018-05-30-10-42-33.ids_1,2,11340,11430,read_write_newspaper,43
14,vp14/run2_2018-05-30-10-42-33.ids_1,2,11430,11520,read_write_newspaper,44
14,vp14/run2_2018-05-30-10-42-33.ids_1,2,11520,11610,read_write_newspaper,45
14,vp14/run2_2018-05-30-10-42-33.ids_1,2,11610,11700,read_write_newspaper,46
14,vp14/run2_2018-05-30-10-42-33.ids_1,2,11700,11790,read_write_newspaper,47
14,vp14/run2_2018-05-30-10-42-33.ids_1,2,11790,11880,read_write_newspaper,48
14,vp14/run2_2018-05-30-10-42-33.ids_1,2,11880,11970,read_write_newspaper,49
14,vp14/run2_2018-05-30-10-42-33.ids_1,2,11970,12009,read_write_newspaper,50
14,vp14/run2_2018-05-30-10-42-33.ids_1,3,12810,12900,put_on_jacket,0
14,vp14/run2_2018-05-30-10-42-33.ids_1,3,12900,12990,put_on_jacket,1
14,vp14/run2_2018-05-30-10-42-33.ids_1,3,12990,13080,put_on_jacket,2
14,vp14/run2_2018-05-30-10-42-33.ids_1,3,13080,13170,put_on_jacket,3
14,vp14/run2_2018-05-30-10-42-33.ids_1,3,13170,13260,put_on_jacket,4
14,vp14/run2_2018-05-30-10-42-33.ids_1,3,13260,13350,put_on_jacket,5
14,vp14/run2_2018-05-30-10-42-33.ids_1,3,13350,13440,put_on_jacket,6
14,vp14/run2_2018-05-30-10-42-33.ids_1,3,13440,13530,put_on_jacket,7
14,vp14/run2_2018-05-30-10-42-33.ids_1,3,13530,13620,put_on_jacket,8
14,vp14/run2_2018-05-30-10-42-33.ids_1,3,13620,13710,put_on_jacket,9
14,vp14/run2_2018-05-30-10-42-33.ids_1,3,13710,13800,put_on_jacket,10
14,vp14/run2_2018-05-30-10-42-33.ids_1,3,13800,13890,put_on_jacket,11
14,vp14/run2_2018-05-30-10-42-33.ids_1,3,13890,13980,put_on_jacket,12
14,vp14/run2_2018-05-30-10-42-33.ids_1,3,13980,14070,put_on_jacket,13
14,vp14/run2_2018-05-30-10-42-33.ids_1,3,14070,14160,put_on_jacket,14
14,vp14/run2_2018-05-30-10-42-33.ids_1,3,14160,14250,put_on_jacket,15
14,vp14/run2_2018-05-30-10-42-33.ids_1,3,14250,14340,put_on_jacket,16
14,vp14/run2_2018-05-30-10-42-33.ids_1,3,14340,14430,put_on_jacket,17
14,vp14/run2_2018-05-30-10-42-33.ids_1,3,14430,14520,put_on_jacket,18
14,vp14/run2_2018-05-30-10-42-33.ids_1,3,14520,14610,put_on_jacket,19
14,vp14/run2_2018-05-30-10-42-33.ids_1,3,14610,14700,put_on_jacket,20
14,vp14/run2_2018-05-30-10-42-33.ids_1,3,14700,14739,put_on_jacket,21
14,vp14/run2_2018-05-30-10-42-33.ids_1,4,15390,15480,put_on_sunglasses,0
14,vp14/run2_2018-05-30-10-42-33.ids_1,4,15480,15570,put_on_sunglasses,1
14,vp14/run2_2018-05-30-10-42-33.ids_1,4,15570,15660,put_on_sunglasses,2
14,vp14/run2_2018-05-30-10-42-33.ids_1,4,15660,15750,put_on_sunglasses,3
14,vp14/run2_2018-05-30-10-42-33.ids_1,4,15750,15840,put_on_sunglasses,4
14,vp14/run2_2018-05-30-10-42-33.ids_1,4,15840,15908,put_on_sunglasses,5
14,vp14/run2_2018-05-30-10-42-33.ids_1,5,18930,19020,read_write_magazine,0
14,vp14/run2_2018-05-30-10-42-33.ids_1,5,19020,19110,read_write_magazine,1
14,vp14/run2_2018-05-30-10-42-33.ids_1,5,19110,19200,read_write_magazine,2
14,vp14/run2_2018-05-30-10-42-33.ids_1,5,19200,19290,read_write_magazine,3
14,vp14/run2_2018-05-30-10-42-33.ids_1,5,19290,19380,read_write_magazine,4
14,vp14/run2_2018-05-30-10-42-33.ids_1,5,19380,19470,read_write_magazine,5
14,vp14/run2_2018-05-30-10-42-33.ids_1,5,19470,19560,read_write_magazine,6
14,vp14/run2_2018-05-30-10-42-33.ids_1,5,19560,19650,read_write_magazine,7
14,vp14/run2_2018-05-30-10-42-33.ids_1,5,19650,19740,read_write_magazine,8
14,vp14/run2_2018-05-30-10-42-33.ids_1,5,19740,19830,read_write_magazine,9
14,vp14/run2_2018-05-30-10-42-33.ids_1,5,19830,19920,read_write_magazine,10
14,vp14/run2_2018-05-30-10-42-33.ids_1,5,19920,20010,read_write_magazine,11
14,vp14/run2_2018-05-30-10-42-33.ids_1,5,20010,20100,read_write_magazine,12
14,vp14/run2_2018-05-30-10-42-33.ids_1,5,20100,20190,read_write_magazine,13
14,vp14/run2_2018-05-30-10-42-33.ids_1,5,20190,20280,read_write_magazine,14
14,vp14/run2_2018-05-30-10-42-33.ids_1,5,20280,20370,read_write_magazine,15
14,vp14/run2_2018-05-30-10-42-33.ids_1,5,20370,20460,read_write_magazine,16
14,vp14/run2_2018-05-30-10-42-33.ids_1,5,20460,20550,read_write_magazine,17
14,vp14/run2_2018-05-30-10-42-33.ids_1,5,20550,20640,read_write_magazine,18
14,vp14/run2_2018-05-30-10-42-33.ids_1,5,20640,20730,read_write_magazine,19
14,vp14/run2_2018-05-30-10-42-33.ids_1,5,20730,20820,read_write_magazine,20
14,vp14/run2_2018-05-30-10-42-33.ids_1,5,20820,20910,read_write_magazine,21
14,vp14/run2_2018-05-30-10-42-33.ids_1,5,20910,21000,read_write_magazine,22
14,vp14/run2_2018-05-30-10-42-33.ids_1,5,21000,21090,read_write_magazine,23
14,vp14/run2_2018-05-30-10-42-33.ids_1,5,21090,21180,read_write_magazine,24
14,vp14/run2_2018-05-30-10-42-33.ids_1,5,21180,21270,read_write_magazine,25
14,vp14/run2_2018-05-30-10-42-33.ids_1,5,21270,21360,read_write_magazine,26
14,vp14/run2_2018-05-30-10-42-33.ids_1,5,21360,21450,read_write_magazine,27
14,vp14/run2_2018-05-30-10-42-33.ids_1,5,21450,21540,read_write_magazine,28
14,vp14/run2_2018-05-30-10-42-33.ids_1,5,21540,21630,read_write_magazine,29
14,vp14/run2_2018-05-30-10-42-33.ids_1,5,21630,21720,read_write_magazine,30
14,vp14/run2_2018-05-30-10-42-33.ids_1,5,21720,21810,read_write_magazine,31
14,vp14/run2_2018-05-30-10-42-33.ids_1,5,21810,21900,read_write_magazine,32
14,vp14/run2_2018-05-30-10-42-33.ids_1,5,21900,21990,read_write_magazine,33
14,vp14/run2_2018-05-30-10-42-33.ids_1,5,21990,22080,read_write_magazine,34
14,vp14/run2_2018-05-30-10-42-33.ids_1,5,22080,22170,read_write_magazine,35
14,vp14/run2_2018-05-30-10-42-33.ids_1,5,22170,22260,read_write_magazine,36
14,vp14/run2_2018-05-30-10-42-33.ids_1,5,22260,22350,read_write_magazine,37
14,vp14/run2_2018-05-30-10-42-33.ids_1,5,22350,22440,read_write_magazine,38
14,vp14/run2_2018-05-30-10-42-33.ids_1,5,22440,22530,read_write_magazine,39
14,vp14/run2_2018-05-30-10-42-33.ids_1,5,22530,22620,read_write_magazine,40
14,vp14/run2_2018-05-30-10-42-33.ids_1,5,22620,22710,read_write_magazine,41
14,vp14/run2_2018-05-30-10-42-33.ids_1,5,22710,22800,read_write_magazine,42
14,vp14/run2_2018-05-30-10-42-33.ids_1,5,22800,22890,read_write_magazine,43
14,vp14/run2_2018-05-30-10-42-33.ids_1,5,22890,22980,read_write_magazine,44
14,vp14/run2_2018-05-30-10-42-33.ids_1,5,22980,23070,read_write_magazine,45
14,vp14/run2_2018-05-30-10-42-33.ids_1,5,23070,23160,read_write_magazine,46
14,vp14/run2_2018-05-30-10-42-33.ids_1,5,23160,23250,read_write_magazine,47
14,vp14/run2_2018-05-30-10-42-33.ids_1,5,23250,23340,read_write_magazine,48
14,vp14/run2_2018-05-30-10-42-33.ids_1,5,23340,23430,read_write_magazine,49
14,vp14/run2_2018-05-30-10-42-33.ids_1,5,23430,23520,read_write_magazine,50
14,vp14/run2_2018-05-30-10-42-33.ids_1,5,23520,23610,read_write_magazine,51
14,vp14/run2_2018-05-30-10-42-33.ids_1,5,23610,23700,read_write_magazine,52
14,vp14/run2_2018-05-30-10-42-33.ids_1,5,23700,23769,read_write_magazine,53
14,vp14/run2_2018-05-30-10-42-33.ids_1,6,23970,24060,work,0
14,vp14/run2_2018-05-30-10-42-33.ids_1,6,24060,24150,work,1
14,vp14/run2_2018-05-30-10-42-33.ids_1,6,24150,24240,work,2
14,vp14/run2_2018-05-30-10-42-33.ids_1,6,24240,24330,work,3
14,vp14/run2_2018-05-30-10-42-33.ids_1,6,24330,24420,work,4
14,vp14/run2_2018-05-30-10-42-33.ids_1,6,24420,24510,work,5
14,vp14/run2_2018-05-30-10-42-33.ids_1,6,24510,24600,work,6
14,vp14/run2_2018-05-30-10-42-33.ids_1,6,24600,24690,work,7
14,vp14/run2_2018-05-30-10-42-33.ids_1,6,24690,24780,work,8
14,vp14/run2_2018-05-30-10-42-33.ids_1,6,24780,24870,work,9
14,vp14/run2_2018-05-30-10-42-33.ids_1,6,24870,24960,work,10
14,vp14/run2_2018-05-30-10-42-33.ids_1,6,24960,25050,work,11
14,vp14/run2_2018-05-30-10-42-33.ids_1,6,25050,25140,work,12
14,vp14/run2_2018-05-30-10-42-33.ids_1,6,25140,25230,work,13
14,vp14/run2_2018-05-30-10-42-33.ids_1,6,25230,25320,work,14
14,vp14/run2_2018-05-30-10-42-33.ids_1,6,25320,25410,work,15
14,vp14/run2_2018-05-30-10-42-33.ids_1,6,25410,25500,work,16
14,vp14/run2_2018-05-30-10-42-33.ids_1,6,25500,25590,work,17
14,vp14/run2_2018-05-30-10-42-33.ids_1,6,25590,25680,work,18
14,vp14/run2_2018-05-30-10-42-33.ids_1,6,25680,25770,work,19
14,vp14/run2_2018-05-30-10-42-33.ids_1,6,25770,25860,work,20
14,vp14/run2_2018-05-30-10-42-33.ids_1,6,25860,25950,work,21
14,vp14/run2_2018-05-30-10-42-33.ids_1,6,25950,26040,work,22
14,vp14/run2_2018-05-30-10-42-33.ids_1,6,26040,26130,work,23
14,vp14/run2_2018-05-30-10-42-33.ids_1,6,26130,26220,work,24
14,vp14/run2_2018-05-30-10-42-33.ids_1,6,26220,26310,work,25
14,vp14/run2_2018-05-30-10-42-33.ids_1,6,26310,26400,work,26
14,vp14/run2_2018-05-30-10-42-33.ids_1,6,26400,26490,work,27
14,vp14/run2_2018-05-30-10-42-33.ids_1,6,26490,26580,work,28
14,vp14/run2_2018-05-30-10-42-33.ids_1,6,26580,26670,work,29
14,vp14/run2_2018-05-30-10-42-33.ids_1,6,26670,26760,work,30
14,vp14/run2_2018-05-30-10-42-33.ids_1,6,26760,26850,work,31
14,vp14/run2_2018-05-30-10-42-33.ids_1,6,26850,26940,work,32
14,vp14/run2_2018-05-30-10-42-33.ids_1,6,26940,27030,work,33
14,vp14/run2_2018-05-30-10-42-33.ids_1,6,27030,27120,work,34
14,vp14/run2_2018-05-30-10-42-33.ids_1,6,27120,27210,work,35
14,vp14/run2_2018-05-30-10-42-33.ids_1,6,27210,27300,work,36
14,vp14/run2_2018-05-30-10-42-33.ids_1,6,27300,27390,work,37
14,vp14/run2_2018-05-30-10-42-33.ids_1,6,27390,27480,work,38
14,vp14/run2_2018-05-30-10-42-33.ids_1,6,27480,27519,work,39
14,vp14/run2_2018-05-30-10-42-33.ids_1,7,27930,28020,take_off_jacket,0
14,vp14/run2_2018-05-30-10-42-33.ids_1,7,28020,28110,take_off_jacket,1
14,vp14/run2_2018-05-30-10-42-33.ids_1,7,28110,28200,take_off_jacket,2
14,vp14/run2_2018-05-30-10-42-33.ids_1,7,28200,28290,take_off_jacket,3
14,vp14/run2_2018-05-30-10-42-33.ids_1,7,28290,28380,take_off_jacket,4
14,vp14/run2_2018-05-30-10-42-33.ids_1,7,28380,28419,take_off_jacket,5
14,vp14/run2_2018-05-30-10-42-33.ids_1,8,29160,29250,take_off_sunglasses,0
14,vp14/run2_2018-05-30-10-42-33.ids_1,8,29250,29340,take_off_sunglasses,1
14,vp14/run2_2018-05-30-10-42-33.ids_1,8,29340,29430,take_off_sunglasses,2
14,vp14/run2_2018-05-30-10-42-33.ids_1,8,29430,29520,take_off_sunglasses,3
14,vp14/run2_2018-05-30-10-42-33.ids_1,8,29520,29610,take_off_sunglasses,4
14,vp14/run2_2018-05-30-10-42-33.ids_1,8,29610,29649,take_off_sunglasses,5
14,vp14/run2_2018-05-30-10-42-33.ids_1,9,30090,30180,eat_drink,0
14,vp14/run2_2018-05-30-10-42-33.ids_1,9,30180,30270,eat_drink,1
14,vp14/run2_2018-05-30-10-42-33.ids_1,9,30270,30360,eat_drink,2
14,vp14/run2_2018-05-30-10-42-33.ids_1,9,30360,30450,eat_drink,3
14,vp14/run2_2018-05-30-10-42-33.ids_1,9,30450,30540,eat_drink,4
14,vp14/run2_2018-05-30-10-42-33.ids_1,9,30540,30630,eat_drink,5
14,vp14/run2_2018-05-30-10-42-33.ids_1,9,30630,30720,eat_drink,6
14,vp14/run2_2018-05-30-10-42-33.ids_1,9,30720,30810,eat_drink,7
14,vp14/run2_2018-05-30-10-42-33.ids_1,9,30810,30900,eat_drink,8
14,vp14/run2_2018-05-30-10-42-33.ids_1,9,30900,30990,eat_drink,9
14,vp14/run2_2018-05-30-10-42-33.ids_1,9,30990,31080,eat_drink,10
14,vp14/run2_2018-05-30-10-42-33.ids_1,9,31080,31170,eat_drink,11
14,vp14/run2_2018-05-30-10-42-33.ids_1,9,31170,31260,eat_drink,12
14,vp14/run2_2018-05-30-10-42-33.ids_1,9,31260,31350,eat_drink,13
14,vp14/run2_2018-05-30-10-42-33.ids_1,9,31350,31440,eat_drink,14
14,vp14/run2_2018-05-30-10-42-33.ids_1,9,31440,31530,eat_drink,15
14,vp14/run2_2018-05-30-10-42-33.ids_1,9,31530,31620,eat_drink,16
14,vp14/run2_2018-05-30-10-42-33.ids_1,9,31620,31710,eat_drink,17
14,vp14/run2_2018-05-30-10-42-33.ids_1,9,31710,31800,eat_drink,18
14,vp14/run2_2018-05-30-10-42-33.ids_1,9,31800,31890,eat_drink,19
14,vp14/run2_2018-05-30-10-42-33.ids_1,9,31890,31980,eat_drink,20
14,vp14/run2_2018-05-30-10-42-33.ids_1,9,31980,32070,eat_drink,21
14,vp14/run2_2018-05-30-10-42-33.ids_1,9,32070,32160,eat_drink,22
14,vp14/run2_2018-05-30-10-42-33.ids_1,9,32160,32250,eat_drink,23
14,vp14/run2_2018-05-30-10-42-33.ids_1,9,32250,32340,eat_drink,24
14,vp14/run2_2018-05-30-10-42-33.ids_1,9,32340,32430,eat_drink,25
14,vp14/run2_2018-05-30-10-42-33.ids_1,9,32430,32520,eat_drink,26
14,vp14/run2_2018-05-30-10-42-33.ids_1,9,32520,32610,eat_drink,27
14,vp14/run2_2018-05-30-10-42-33.ids_1,9,32610,32700,eat_drink,28
14,vp14/run2_2018-05-30-10-42-33.ids_1,9,32700,32790,eat_drink,29
14,vp14/run2_2018-05-30-10-42-33.ids_1,9,32790,32880,eat_drink,30
14,vp14/run2_2018-05-30-10-42-33.ids_1,9,32880,32970,eat_drink,31
14,vp14/run2_2018-05-30-10-42-33.ids_1,9,32970,33060,eat_drink,32
14,vp14/run2_2018-05-30-10-42-33.ids_1,9,33060,33150,eat_drink,33
14,vp14/run2_2018-05-30-10-42-33.ids_1,9,33150,33240,eat_drink,34
14,vp14/run2_2018-05-30-10-42-33.ids_1,9,33240,33330,eat_drink,35
14,vp14/run2_2018-05-30-10-42-33.ids_1,9,33330,33420,eat_drink,36
14,vp14/run2_2018-05-30-10-42-33.ids_1,9,33420,33489,eat_drink,37
14,vp14/run2_2018-05-30-10-42-33.ids_1,10,33690,33780,watch_video,0
14,vp14/run2_2018-05-30-10-42-33.ids_1,10,33780,33870,watch_video,1
14,vp14/run2_2018-05-30-10-42-33.ids_1,10,33870,33960,watch_video,2
14,vp14/run2_2018-05-30-10-42-33.ids_1,10,33960,34050,watch_video,3
14,vp14/run2_2018-05-30-10-42-33.ids_1,10,34050,34140,watch_video,4
14,vp14/run2_2018-05-30-10-42-33.ids_1,10,34140,34230,watch_video,5
14,vp14/run2_2018-05-30-10-42-33.ids_1,10,34230,34320,watch_video,6
14,vp14/run2_2018-05-30-10-42-33.ids_1,10,34320,34410,watch_video,7
14,vp14/run2_2018-05-30-10-42-33.ids_1,10,34410,34500,watch_video,8
14,vp14/run2_2018-05-30-10-42-33.ids_1,10,34500,34590,watch_video,9
14,vp14/run2_2018-05-30-10-42-33.ids_1,10,34590,34680,watch_video,10
14,vp14/run2_2018-05-30-10-42-33.ids_1,10,34680,34770,watch_video,11
14,vp14/run2_2018-05-30-10-42-33.ids_1,10,34770,34860,watch_video,12
14,vp14/run2_2018-05-30-10-42-33.ids_1,10,34860,34950,watch_video,13
14,vp14/run2_2018-05-30-10-42-33.ids_1,10,34950,35040,watch_video,14
14,vp14/run2_2018-05-30-10-42-33.ids_1,10,35040,35130,watch_video,15
14,vp14/run2_2018-05-30-10-42-33.ids_1,10,35130,35220,watch_video,16
14,vp14/run2_2018-05-30-10-42-33.ids_1,10,35220,35310,watch_video,17
14,vp14/run2_2018-05-30-10-42-33.ids_1,10,35310,35400,watch_video,18
14,vp14/run2_2018-05-30-10-42-33.ids_1,10,35400,35490,watch_video,19
14,vp14/run2_2018-05-30-10-42-33.ids_1,10,35490,35580,watch_video,20
14,vp14/run2_2018-05-30-10-42-33.ids_1,10,35580,35670,watch_video,21
14,vp14/run2_2018-05-30-10-42-33.ids_1,10,35670,35760,watch_video,22
14,vp14/run2_2018-05-30-10-42-33.ids_1,10,35760,35850,watch_video,23
14,vp14/run2_2018-05-30-10-42-33.ids_1,10,35850,35940,watch_video,24
14,vp14/run2_2018-05-30-10-42-33.ids_1,10,35940,36030,watch_video,25
14,vp14/run2_2018-05-30-10-42-33.ids_1,10,36030,36120,watch_video,26
14,vp14/run2_2018-05-30-10-42-33.ids_1,10,36120,36210,watch_video,27
14,vp14/run2_2018-05-30-10-42-33.ids_1,10,36210,36300,watch_video,28
14,vp14/run2_2018-05-30-10-42-33.ids_1,10,36300,36390,watch_video,29
14,vp14/run2_2018-05-30-10-42-33.ids_1,10,36390,36480,watch_video,30
14,vp14/run2_2018-05-30-10-42-33.ids_1,10,36480,36570,watch_video,31
14,vp14/run2_2018-05-30-10-42-33.ids_1,10,36570,36660,watch_video,32
14,vp14/run2_2018-05-30-10-42-33.ids_1,10,36660,36750,watch_video,33
14,vp14/run2_2018-05-30-10-42-33.ids_1,10,36750,36840,watch_video,34
14,vp14/run2_2018-05-30-10-42-33.ids_1,10,36840,36930,watch_video,35
14,vp14/run2_2018-05-30-10-42-33.ids_1,10,36930,37020,watch_video,36
14,vp14/run2_2018-05-30-10-42-33.ids_1,10,37020,37110,watch_video,37
14,vp14/run2_2018-05-30-10-42-33.ids_1,10,37110,37200,watch_video,38
14,vp14/run2_2018-05-30-10-42-33.ids_1,10,37200,37290,watch_video,39
14,vp14/run2_2018-05-30-10-42-33.ids_1,10,37290,37380,watch_video,40
14,vp14/run2_2018-05-30-10-42-33.ids_1,10,37380,37470,watch_video,41
14,vp14/run2_2018-05-30-10-42-33.ids_1,10,37470,37560,watch_video,42
14,vp14/run2_2018-05-30-10-42-33.ids_1,10,37560,37650,watch_video,43
14,vp14/run2_2018-05-30-10-42-33.ids_1,10,37650,37740,watch_video,44
14,vp14/run2_2018-05-30-10-42-33.ids_1,10,37740,37830,watch_video,45
14,vp14/run2_2018-05-30-10-42-33.ids_1,10,37830,37920,watch_video,46
14,vp14/run2_2018-05-30-10-42-33.ids_1,10,37920,38010,watch_video,47
14,vp14/run2_2018-05-30-10-42-33.ids_1,10,38010,38100,watch_video,48
14,vp14/run2_2018-05-30-10-42-33.ids_1,10,38100,38190,watch_video,49
14,vp14/run2_2018-05-30-10-42-33.ids_1,10,38190,38280,watch_video,50
14,vp14/run2_2018-05-30-10-42-33.ids_1,10,38280,38370,watch_video,51
14,vp14/run2_2018-05-30-10-42-33.ids_1,10,38370,38460,watch_video,52
14,vp14/run2_2018-05-30-10-42-33.ids_1,10,38460,38550,watch_video,53
14,vp14/run2_2018-05-30-10-42-33.ids_1,10,38550,38640,watch_video,54
14,vp14/run2_2018-05-30-10-42-33.ids_1,10,38640,38730,watch_video,55
14,vp14/run2_2018-05-30-10-42-33.ids_1,10,38730,38820,watch_video,56
14,vp14/run2_2018-05-30-10-42-33.ids_1,10,38820,38910,watch_video,57
14,vp14/run2_2018-05-30-10-42-33.ids_1,10,38910,39000,watch_video,58
14,vp14/run2_2018-05-30-10-42-33.ids_1,10,39000,39090,watch_video,59
14,vp14/run2_2018-05-30-10-42-33.ids_1,10,39090,39180,watch_video,60
14,vp14/run2_2018-05-30-10-42-33.ids_1,10,39180,39270,watch_video,61
14,vp14/run2_2018-05-30-10-42-33.ids_1,10,39270,39360,watch_video,62
14,vp14/run2_2018-05-30-10-42-33.ids_1,10,39360,39450,watch_video,63
14,vp14/run2_2018-05-30-10-42-33.ids_1,10,39450,39540,watch_video,64
14,vp14/run2_2018-05-30-10-42-33.ids_1,10,39540,39630,watch_video,65
14,vp14/run2_2018-05-30-10-42-33.ids_1,10,39630,39720,watch_video,66
14,vp14/run2_2018-05-30-10-42-33.ids_1,10,39720,39810,watch_video,67
14,vp14/run2_2018-05-30-10-42-33.ids_1,10,39810,39900,watch_video,68
14,vp14/run2_2018-05-30-10-42-33.ids_1,10,39900,39990,watch_video,69
14,vp14/run2_2018-05-30-10-42-33.ids_1,10,39990,40080,watch_video,70
14,vp14/run2_2018-05-30-10-42-33.ids_1,10,40080,40170,watch_video,71
14,vp14/run2_2018-05-30-10-42-33.ids_1,10,40170,40260,watch_video,72
14,vp14/run2_2018-05-30-10-42-33.ids_1,10,40260,40350,watch_video,73
14,vp14/run2_2018-05-30-10-42-33.ids_1,10,40350,40440,watch_video,74
14,vp14/run2_2018-05-30-10-42-33.ids_1,10,40440,40530,watch_video,75
14,vp14/run2_2018-05-30-10-42-33.ids_1,10,40530,40620,watch_video,76
14,vp14/run2_2018-05-30-10-42-33.ids_1,10,40620,40710,watch_video,77
14,vp14/run2_2018-05-30-10-42-33.ids_1,10,40710,40800,watch_video,78
14,vp14/run2_2018-05-30-10-42-33.ids_1,10,40800,40890,watch_video,79
14,vp14/run2_2018-05-30-10-42-33.ids_1,10,40890,40980,watch_video,80
14,vp14/run2_2018-05-30-10-42-33.ids_1,10,40980,41070,watch_video,81
14,vp14/run2_2018-05-30-10-42-33.ids_1,10,41070,41160,watch_video,82
14,vp14/run2_2018-05-30-10-42-33.ids_1,10,41160,41250,watch_video,83
14,vp14/run2_2018-05-30-10-42-33.ids_1,10,41250,41340,watch_video,84
14,vp14/run2_2018-05-30-10-42-33.ids_1,10,41340,41349,watch_video,85
14,vp14/run2_2018-05-30-10-42-33.ids_1,11,42450,42540,final_task,0
14,vp14/run2_2018-05-30-10-42-33.ids_1,11,42540,42630,final_task,1
14,vp14/run2_2018-05-30-10-42-33.ids_1,11,42630,42720,final_task,2
14,vp14/run2_2018-05-30-10-42-33.ids_1,11,42720,42810,final_task,3
14,vp14/run2_2018-05-30-10-42-33.ids_1,11,42810,42900,final_task,4
14,vp14/run2_2018-05-30-10-42-33.ids_1,11,42900,42990,final_task,5
14,vp14/run2_2018-05-30-10-42-33.ids_1,11,42990,43080,final_task,6
14,vp14/run2_2018-05-30-10-42-33.ids_1,11,43080,43170,final_task,7
14,vp14/run2_2018-05-30-10-42-33.ids_1,11,43170,43260,final_task,8
14,vp14/run2_2018-05-30-10-42-33.ids_1,11,43260,43350,final_task,9
14,vp14/run2_2018-05-30-10-42-33.ids_1,11,43350,43440,final_task,10
14,vp14/run2_2018-05-30-10-42-33.ids_1,11,43440,43530,final_task,11
14,vp14/run2_2018-05-30-10-42-33.ids_1,11,43530,43620,final_task,12
14,vp14/run2_2018-05-30-10-42-33.ids_1,11,43620,43710,final_task,13
14,vp14/run2_2018-05-30-10-42-33.ids_1,11,43710,43800,final_task,14
14,vp14/run2_2018-05-30-10-42-33.ids_1,11,43800,43890,final_task,15
14,vp14/run2_2018-05-30-10-42-33.ids_1,11,43890,43980,final_task,16
14,vp14/run2_2018-05-30-10-42-33.ids_1,11,43980,44070,final_task,17
14,vp14/run2_2018-05-30-10-42-33.ids_1,11,44070,44160,final_task,18
14,vp14/run2_2018-05-30-10-42-33.ids_1,11,44160,44250,final_task,19
14,vp14/run2_2018-05-30-10-42-33.ids_1,11,44250,44280,final_task,20
15,vp15/run1_2018-05-30-13-05-35.ids_1,0,1860,1929,fasten_seat_belt,0
15,vp15/run1_2018-05-30-13-05-35.ids_1,1,7320,7410,hand_over,0
15,vp15/run1_2018-05-30-13-05-35.ids_1,1,7410,7500,hand_over,1
15,vp15/run1_2018-05-30-13-05-35.ids_1,1,7500,7569,hand_over,2
15,vp15/run1_2018-05-30-13-05-35.ids_1,2,8100,8190,eat_drink,0
15,vp15/run1_2018-05-30-13-05-35.ids_1,2,8190,8280,eat_drink,1
15,vp15/run1_2018-05-30-13-05-35.ids_1,2,8280,8370,eat_drink,2
15,vp15/run1_2018-05-30-13-05-35.ids_1,2,8370,8460,eat_drink,3
15,vp15/run1_2018-05-30-13-05-35.ids_1,2,8460,8550,eat_drink,4
15,vp15/run1_2018-05-30-13-05-35.ids_1,2,8550,8640,eat_drink,5
15,vp15/run1_2018-05-30-13-05-35.ids_1,2,8640,8730,eat_drink,6
15,vp15/run1_2018-05-30-13-05-35.ids_1,2,8730,8820,eat_drink,7
15,vp15/run1_2018-05-30-13-05-35.ids_1,2,8820,8910,eat_drink,8
15,vp15/run1_2018-05-30-13-05-35.ids_1,2,8910,9000,eat_drink,9
15,vp15/run1_2018-05-30-13-05-35.ids_1,2,9000,9090,eat_drink,10
15,vp15/run1_2018-05-30-13-05-35.ids_1,2,9090,9180,eat_drink,11
15,vp15/run1_2018-05-30-13-05-35.ids_1,2,9180,9270,eat_drink,12
15,vp15/run1_2018-05-30-13-05-35.ids_1,2,9270,9360,eat_drink,13
15,vp15/run1_2018-05-30-13-05-35.ids_1,2,9360,9450,eat_drink,14
15,vp15/run1_2018-05-30-13-05-35.ids_1,2,9450,9540,eat_drink,15
15,vp15/run1_2018-05-30-13-05-35.ids_1,2,9540,9630,eat_drink,16
15,vp15/run1_2018-05-30-13-05-35.ids_1,2,9630,9720,eat_drink,17
15,vp15/run1_2018-05-30-13-05-35.ids_1,2,9720,9810,eat_drink,18
15,vp15/run1_2018-05-30-13-05-35.ids_1,2,9810,9900,eat_drink,19
15,vp15/run1_2018-05-30-13-05-35.ids_1,2,9900,9990,eat_drink,20
15,vp15/run1_2018-05-30-13-05-35.ids_1,2,9990,10080,eat_drink,21
15,vp15/run1_2018-05-30-13-05-35.ids_1,2,10080,10170,eat_drink,22
15,vp15/run1_2018-05-30-13-05-35.ids_1,2,10170,10260,eat_drink,23
15,vp15/run1_2018-05-30-13-05-35.ids_1,2,10260,10350,eat_drink,24
15,vp15/run1_2018-05-30-13-05-35.ids_1,2,10350,10440,eat_drink,25
15,vp15/run1_2018-05-30-13-05-35.ids_1,2,10440,10530,eat_drink,26
15,vp15/run1_2018-05-30-13-05-35.ids_1,2,10530,10620,eat_drink,27
15,vp15/run1_2018-05-30-13-05-35.ids_1,2,10620,10710,eat_drink,28
15,vp15/run1_2018-05-30-13-05-35.ids_1,2,10710,10800,eat_drink,29
15,vp15/run1_2018-05-30-13-05-35.ids_1,2,10800,10890,eat_drink,30
15,vp15/run1_2018-05-30-13-05-35.ids_1,2,10890,10980,eat_drink,31
15,vp15/run1_2018-05-30-13-05-35.ids_1,2,10980,11070,eat_drink,32
15,vp15/run1_2018-05-30-13-05-35.ids_1,2,11070,11138,eat_drink,33
15,vp15/run1_2018-05-30-13-05-35.ids_1,3,11340,11430,work,0
15,vp15/run1_2018-05-30-13-05-35.ids_1,3,11430,11520,work,1
15,vp15/run1_2018-05-30-13-05-35.ids_1,3,11520,11610,work,2
15,vp15/run1_2018-05-30-13-05-35.ids_1,3,11610,11700,work,3
15,vp15/run1_2018-05-30-13-05-35.ids_1,3,11700,11790,work,4
15,vp15/run1_2018-05-30-13-05-35.ids_1,3,11790,11880,work,5
15,vp15/run1_2018-05-30-13-05-35.ids_1,3,11880,11970,work,6
15,vp15/run1_2018-05-30-13-05-35.ids_1,3,11970,12060,work,7
15,vp15/run1_2018-05-30-13-05-35.ids_1,3,12060,12150,work,8
15,vp15/run1_2018-05-30-13-05-35.ids_1,3,12150,12240,work,9
15,vp15/run1_2018-05-30-13-05-35.ids_1,3,12240,12330,work,10
15,vp15/run1_2018-05-30-13-05-35.ids_1,3,12330,12420,work,11
15,vp15/run1_2018-05-30-13-05-35.ids_1,3,12420,12510,work,12
15,vp15/run1_2018-05-30-13-05-35.ids_1,3,12510,12600,work,13
15,vp15/run1_2018-05-30-13-05-35.ids_1,3,12600,12690,work,14
15,vp15/run1_2018-05-30-13-05-35.ids_1,3,12690,12780,work,15
15,vp15/run1_2018-05-30-13-05-35.ids_1,3,12780,12870,work,16
15,vp15/run1_2018-05-30-13-05-35.ids_1,3,12870,12960,work,17
15,vp15/run1_2018-05-30-13-05-35.ids_1,3,12960,13050,work,18
15,vp15/run1_2018-05-30-13-05-35.ids_1,3,13050,13140,work,19
15,vp15/run1_2018-05-30-13-05-35.ids_1,3,13140,13230,work,20
15,vp15/run1_2018-05-30-13-05-35.ids_1,3,13230,13320,work,21
15,vp15/run1_2018-05-30-13-05-35.ids_1,3,13320,13410,work,22
15,vp15/run1_2018-05-30-13-05-35.ids_1,3,13410,13500,work,23
15,vp15/run1_2018-05-30-13-05-35.ids_1,3,13500,13590,work,24
15,vp15/run1_2018-05-30-13-05-35.ids_1,3,13590,13598,work,25
15,vp15/run1_2018-05-30-13-05-35.ids_1,4,14130,14220,read_write_newspaper,0
15,vp15/run1_2018-05-30-13-05-35.ids_1,4,14220,14310,read_write_newspaper,1
15,vp15/run1_2018-05-30-13-05-35.ids_1,4,14310,14400,read_write_newspaper,2
15,vp15/run1_2018-05-30-13-05-35.ids_1,4,14400,14490,read_write_newspaper,3
15,vp15/run1_2018-05-30-13-05-35.ids_1,4,14490,14580,read_write_newspaper,4
15,vp15/run1_2018-05-30-13-05-35.ids_1,4,14580,14670,read_write_newspaper,5
15,vp15/run1_2018-05-30-13-05-35.ids_1,4,14670,14760,read_write_newspaper,6
15,vp15/run1_2018-05-30-13-05-35.ids_1,4,14760,14850,read_write_newspaper,7
15,vp15/run1_2018-05-30-13-05-35.ids_1,4,14850,14940,read_write_newspaper,8
15,vp15/run1_2018-05-30-13-05-35.ids_1,4,14940,15030,read_write_newspaper,9
15,vp15/run1_2018-05-30-13-05-35.ids_1,4,15030,15120,read_write_newspaper,10
15,vp15/run1_2018-05-30-13-05-35.ids_1,4,15120,15210,read_write_newspaper,11
15,vp15/run1_2018-05-30-13-05-35.ids_1,4,15210,15300,read_write_newspaper,12
15,vp15/run1_2018-05-30-13-05-35.ids_1,4,15300,15390,read_write_newspaper,13
15,vp15/run1_2018-05-30-13-05-35.ids_1,4,15390,15480,read_write_newspaper,14
15,vp15/run1_2018-05-30-13-05-35.ids_1,4,15480,15570,read_write_newspaper,15
15,vp15/run1_2018-05-30-13-05-35.ids_1,4,15570,15660,read_write_newspaper,16
15,vp15/run1_2018-05-30-13-05-35.ids_1,4,15660,15750,read_write_newspaper,17
15,vp15/run1_2018-05-30-13-05-35.ids_1,4,15750,15840,read_write_newspaper,18
15,vp15/run1_2018-05-30-13-05-35.ids_1,4,15840,15930,read_write_newspaper,19
15,vp15/run1_2018-05-30-13-05-35.ids_1,4,15930,16020,read_write_newspaper,20
15,vp15/run1_2018-05-30-13-05-35.ids_1,4,16020,16110,read_write_newspaper,21
15,vp15/run1_2018-05-30-13-05-35.ids_1,4,16110,16200,read_write_newspaper,22
15,vp15/run1_2018-05-30-13-05-35.ids_1,4,16200,16290,read_write_newspaper,23
15,vp15/run1_2018-05-30-13-05-35.ids_1,4,16290,16298,read_write_newspaper,24
15,vp15/run1_2018-05-30-13-05-35.ids_1,5,16770,16860,put_on_sunglasses,0
15,vp15/run1_2018-05-30-13-05-35.ids_1,5,16860,16950,put_on_sunglasses,1
15,vp15/run1_2018-05-30-13-05-35.ids_1,5,16950,17040,put_on_sunglasses,2
15,vp15/run1_2018-05-30-13-05-35.ids_1,5,17040,17130,put_on_sunglasses,3
15,vp15/run1_2018-05-30-13-05-35.ids_1,5,17130,17220,put_on_sunglasses,4
15,vp15/run1_2018-05-30-13-05-35.ids_1,5,17220,17310,put_on_sunglasses,5
15,vp15/run1_2018-05-30-13-05-35.ids_1,5,17310,17400,put_on_sunglasses,6
15,vp15/run1_2018-05-30-13-05-35.ids_1,5,17400,17490,put_on_sunglasses,7
15,vp15/run1_2018-05-30-13-05-35.ids_1,5,17490,17498,put_on_sunglasses,8
15,vp15/run1_2018-05-30-13-05-35.ids_1,6,18540,18630,take_off_sunglasses,0
15,vp15/run1_2018-05-30-13-05-35.ids_1,6,18630,18720,take_off_sunglasses,1
15,vp15/run1_2018-05-30-13-05-35.ids_1,6,18720,18728,take_off_sunglasses,2
15,vp15/run1_2018-05-30-13-05-35.ids_1,7,19740,19830,watch_video,0
15,vp15/run1_2018-05-30-13-05-35.ids_1,7,19830,19920,watch_video,1
15,vp15/run1_2018-05-30-13-05-35.ids_1,7,19920,20010,watch_video,2
15,vp15/run1_2018-05-30-13-05-35.ids_1,7,20010,20100,watch_video,3
15,vp15/run1_2018-05-30-13-05-35.ids_1,7,20100,20190,watch_video,4
15,vp15/run1_2018-05-30-13-05-35.ids_1,7,20190,20280,watch_video,5
15,vp15/run1_2018-05-30-13-05-35.ids_1,7,20280,20370,watch_video,6
15,vp15/run1_2018-05-30-13-05-35.ids_1,7,20370,20460,watch_video,7
15,vp15/run1_2018-05-30-13-05-35.ids_1,7,20460,20550,watch_video,8
15,vp15/run1_2018-05-30-13-05-35.ids_1,7,20550,20640,watch_video,9
15,vp15/run1_2018-05-30-13-05-35.ids_1,7,20640,20730,watch_video,10
15,vp15/run1_2018-05-30-13-05-35.ids_1,7,20730,20820,watch_video,11
15,vp15/run1_2018-05-30-13-05-35.ids_1,7,20820,20910,watch_video,12
15,vp15/run1_2018-05-30-13-05-35.ids_1,7,20910,21000,watch_video,13
15,vp15/run1_2018-05-30-13-05-35.ids_1,7,21000,21090,watch_video,14
15,vp15/run1_2018-05-30-13-05-35.ids_1,7,21090,21180,watch_video,15
15,vp15/run1_2018-05-30-13-05-35.ids_1,7,21180,21270,watch_video,16
15,vp15/run1_2018-05-30-13-05-35.ids_1,7,21270,21360,watch_video,17
15,vp15/run1_2018-05-30-13-05-35.ids_1,7,21360,21450,watch_video,18
15,vp15/run1_2018-05-30-13-05-35.ids_1,7,21450,21540,watch_video,19
15,vp15/run1_2018-05-30-13-05-35.ids_1,7,21540,21630,watch_video,20
15,vp15/run1_2018-05-30-13-05-35.ids_1,7,21630,21720,watch_video,21
15,vp15/run1_2018-05-30-13-05-35.ids_1,7,21720,21810,watch_video,22
15,vp15/run1_2018-05-30-13-05-35.ids_1,7,21810,21900,watch_video,23
15,vp15/run1_2018-05-30-13-05-35.ids_1,7,21900,21990,watch_video,24
15,vp15/run1_2018-05-30-13-05-35.ids_1,7,21990,22080,watch_video,25
15,vp15/run1_2018-05-30-13-05-35.ids_1,7,22080,22170,watch_video,26
15,vp15/run1_2018-05-30-13-05-35.ids_1,7,22170,22260,watch_video,27
15,vp15/run1_2018-05-30-13-05-35.ids_1,7,22260,22350,watch_video,28
15,vp15/run1_2018-05-30-13-05-35.ids_1,7,22350,22440,watch_video,29
15,vp15/run1_2018-05-30-13-05-35.ids_1,7,22440,22530,watch_video,30
15,vp15/run1_2018-05-30-13-05-35.ids_1,7,22530,22620,watch_video,31
15,vp15/run1_2018-05-30-13-05-35.ids_1,7,22620,22710,watch_video,32
15,vp15/run1_2018-05-30-13-05-35.ids_1,7,22710,22800,watch_video,33
15,vp15/run1_2018-05-30-13-05-35.ids_1,7,22800,22890,watch_video,34
15,vp15/run1_2018-05-30-13-05-35.ids_1,7,22890,22980,watch_video,35
15,vp15/run1_2018-05-30-13-05-35.ids_1,7,22980,23070,watch_video,36
15,vp15/run1_2018-05-30-13-05-35.ids_1,7,23070,23160,watch_video,37
15,vp15/run1_2018-05-30-13-05-35.ids_1,7,23160,23250,watch_video,38
15,vp15/run1_2018-05-30-13-05-35.ids_1,7,23250,23340,watch_video,39
15,vp15/run1_2018-05-30-13-05-35.ids_1,7,23340,23430,watch_video,40
15,vp15/run1_2018-05-30-13-05-35.ids_1,7,23430,23520,watch_video,41
15,vp15/run1_2018-05-30-13-05-35.ids_1,7,23520,23610,watch_video,42
15,vp15/run1_2018-05-30-13-05-35.ids_1,7,23610,23700,watch_video,43
15,vp15/run1_2018-05-30-13-05-35.ids_1,7,23700,23790,watch_video,44
15,vp15/run1_2018-05-30-13-05-35.ids_1,7,23790,23880,watch_video,45
15,vp15/run1_2018-05-30-13-05-35.ids_1,7,23880,23970,watch_video,46
15,vp15/run1_2018-05-30-13-05-35.ids_1,7,23970,24060,watch_video,47
15,vp15/run1_2018-05-30-13-05-35.ids_1,7,24060,24150,watch_video,48
15,vp15/run1_2018-05-30-13-05-35.ids_1,7,24150,24240,watch_video,49
15,vp15/run1_2018-05-30-13-05-35.ids_1,7,24240,24330,watch_video,50
15,vp15/run1_2018-05-30-13-05-35.ids_1,7,24330,24420,watch_video,51
15,vp15/run1_2018-05-30-13-05-35.ids_1,7,24420,24510,watch_video,52
15,vp15/run1_2018-05-30-13-05-35.ids_1,7,24510,24600,watch_video,53
15,vp15/run1_2018-05-30-13-05-35.ids_1,7,24600,24690,watch_video,54
15,vp15/run1_2018-05-30-13-05-35.ids_1,7,24690,24780,watch_video,55
15,vp15/run1_2018-05-30-13-05-35.ids_1,7,24780,24870,watch_video,56
15,vp15/run1_2018-05-30-13-05-35.ids_1,7,24870,24960,watch_video,57
15,vp15/run1_2018-05-30-13-05-35.ids_1,7,24960,25050,watch_video,58
15,vp15/run1_2018-05-30-13-05-35.ids_1,7,25050,25140,watch_video,59
15,vp15/run1_2018-05-30-13-05-35.ids_1,7,25140,25230,watch_video,60
15,vp15/run1_2018-05-30-13-05-35.ids_1,7,25230,25320,watch_video,61
15,vp15/run1_2018-05-30-13-05-35.ids_1,7,25320,25410,watch_video,62
15,vp15/run1_2018-05-30-13-05-35.ids_1,7,25410,25500,watch_video,63
15,vp15/run1_2018-05-30-13-05-35.ids_1,7,25500,25590,watch_video,64
15,vp15/run1_2018-05-30-13-05-35.ids_1,7,25590,25680,watch_video,65
15,vp15/run1_2018-05-30-13-05-35.ids_1,7,25680,25770,watch_video,66
15,vp15/run1_2018-05-30-13-05-35.ids_1,7,25770,25860,watch_video,67
15,vp15/run1_2018-05-30-13-05-35.ids_1,7,25860,25950,watch_video,68
15,vp15/run1_2018-05-30-13-05-35.ids_1,7,25950,26040,watch_video,69
15,vp15/run1_2018-05-30-13-05-35.ids_1,7,26040,26130,watch_video,70
15,vp15/run1_2018-05-30-13-05-35.ids_1,7,26130,26220,watch_video,71
15,vp15/run1_2018-05-30-13-05-35.ids_1,7,26220,26310,watch_video,72
15,vp15/run1_2018-05-30-13-05-35.ids_1,7,26310,26400,watch_video,73
15,vp15/run1_2018-05-30-13-05-35.ids_1,7,26400,26490,watch_video,74
15,vp15/run1_2018-05-30-13-05-35.ids_1,7,26490,26580,watch_video,75
15,vp15/run1_2018-05-30-13-05-35.ids_1,7,26580,26670,watch_video,76
15,vp15/run1_2018-05-30-13-05-35.ids_1,7,26670,26760,watch_video,77
15,vp15/run1_2018-05-30-13-05-35.ids_1,7,26760,26850,watch_video,78
15,vp15/run1_2018-05-30-13-05-35.ids_1,7,26850,26940,watch_video,79
15,vp15/run1_2018-05-30-13-05-35.ids_1,7,26940,27030,watch_video,80
15,vp15/run1_2018-05-30-13-05-35.ids_1,7,27030,27120,watch_video,81
15,vp15/run1_2018-05-30-13-05-35.ids_1,7,27120,27188,watch_video,82
15,vp15/run1_2018-05-30-13-05-35.ids_1,8,27720,27810,put_on_jacket,0
15,vp15/run1_2018-05-30-13-05-35.ids_1,8,27810,27900,put_on_jacket,1
15,vp15/run1_2018-05-30-13-05-35.ids_1,8,27900,27990,put_on_jacket,2
15,vp15/run1_2018-05-30-13-05-35.ids_1,8,27990,28080,put_on_jacket,3
15,vp15/run1_2018-05-30-13-05-35.ids_1,8,28080,28170,put_on_jacket,4
15,vp15/run1_2018-05-30-13-05-35.ids_1,8,28170,28260,put_on_jacket,5
15,vp15/run1_2018-05-30-13-05-35.ids_1,8,28260,28350,put_on_jacket,6
15,vp15/run1_2018-05-30-13-05-35.ids_1,8,28350,28440,put_on_jacket,7
15,vp15/run1_2018-05-30-13-05-35.ids_1,8,28440,28530,put_on_jacket,8
15,vp15/run1_2018-05-30-13-05-35.ids_1,8,28530,28620,put_on_jacket,9
15,vp15/run1_2018-05-30-13-05-35.ids_1,8,28620,28710,put_on_jacket,10
15,vp15/run1_2018-05-30-13-05-35.ids_1,8,28710,28800,put_on_jacket,11
15,vp15/run1_2018-05-30-13-05-35.ids_1,8,28800,28890,put_on_jacket,12
15,vp15/run1_2018-05-30-13-05-35.ids_1,8,28890,28958,put_on_jacket,13
15,vp15/run1_2018-05-30-13-05-35.ids_1,9,29220,29310,take_off_jacket,0
15,vp15/run1_2018-05-30-13-05-35.ids_1,9,29310,29400,take_off_jacket,1
15,vp15/run1_2018-05-30-13-05-35.ids_1,9,29400,29490,take_off_jacket,2
15,vp15/run1_2018-05-30-13-05-35.ids_1,9,29490,29580,take_off_jacket,3
15,vp15/run1_2018-05-30-13-05-35.ids_1,9,29580,29670,take_off_jacket,4
15,vp15/run1_2018-05-30-13-05-35.ids_1,9,29670,29760,take_off_jacket,5
15,vp15/run1_2018-05-30-13-05-35.ids_1,9,29760,29850,take_off_jacket,6
15,vp15/run1_2018-05-30-13-05-35.ids_1,9,29850,29940,take_off_jacket,7
15,vp15/run1_2018-05-30-13-05-35.ids_1,9,29940,30030,take_off_jacket,8
15,vp15/run1_2018-05-30-13-05-35.ids_1,9,30030,30038,take_off_jacket,9
15,vp15/run1_2018-05-30-13-05-35.ids_1,10,33060,33150,read_write_magazine,0
15,vp15/run1_2018-05-30-13-05-35.ids_1,10,33150,33240,read_write_magazine,1
15,vp15/run1_2018-05-30-13-05-35.ids_1,10,33240,33330,read_write_magazine,2
15,vp15/run1_2018-05-30-13-05-35.ids_1,10,33330,33420,read_write_magazine,3
15,vp15/run1_2018-05-30-13-05-35.ids_1,10,33420,33510,read_write_magazine,4
15,vp15/run1_2018-05-30-13-05-35.ids_1,10,33510,33600,read_write_magazine,5
15,vp15/run1_2018-05-30-13-05-35.ids_1,10,33600,33690,read_write_magazine,6
15,vp15/run1_2018-05-30-13-05-35.ids_1,10,33690,33780,read_write_magazine,7
15,vp15/run1_2018-05-30-13-05-35.ids_1,10,33780,33870,read_write_magazine,8
15,vp15/run1_2018-05-30-13-05-35.ids_1,10,33870,33960,read_write_magazine,9
15,vp15/run1_2018-05-30-13-05-35.ids_1,10,33960,34050,read_write_magazine,10
15,vp15/run1_2018-05-30-13-05-35.ids_1,10,34050,34140,read_write_magazine,11
15,vp15/run1_2018-05-30-13-05-35.ids_1,10,34140,34230,read_write_magazine,12
15,vp15/run1_2018-05-30-13-05-35.ids_1,10,34230,34320,read_write_magazine,13
15,vp15/run1_2018-05-30-13-05-35.ids_1,10,34320,34410,read_write_magazine,14
15,vp15/run1_2018-05-30-13-05-35.ids_1,10,34410,34500,read_write_magazine,15
15,vp15/run1_2018-05-30-13-05-35.ids_1,10,34500,34590,read_write_magazine,16
15,vp15/run1_2018-05-30-13-05-35.ids_1,10,34590,34680,read_write_magazine,17
15,vp15/run1_2018-05-30-13-05-35.ids_1,10,34680,34770,read_write_magazine,18
15,vp15/run1_2018-05-30-13-05-35.ids_1,10,34770,34860,read_write_magazine,19
15,vp15/run1_2018-05-30-13-05-35.ids_1,10,34860,34950,read_write_magazine,20
15,vp15/run1_2018-05-30-13-05-35.ids_1,10,34950,35040,read_write_magazine,21
15,vp15/run1_2018-05-30-13-05-35.ids_1,10,35040,35130,read_write_magazine,22
15,vp15/run1_2018-05-30-13-05-35.ids_1,10,35130,35220,read_write_magazine,23
15,vp15/run1_2018-05-30-13-05-35.ids_1,10,35220,35310,read_write_magazine,24
15,vp15/run1_2018-05-30-13-05-35.ids_1,10,35310,35400,read_write_magazine,25
15,vp15/run1_2018-05-30-13-05-35.ids_1,10,35400,35409,read_write_magazine,26
15,vp15/run1_2018-05-30-13-05-35.ids_1,11,36180,36270,final_task,0
15,vp15/run1_2018-05-30-13-05-35.ids_1,11,36270,36360,final_task,1
15,vp15/run1_2018-05-30-13-05-35.ids_1,11,36360,36450,final_task,2
15,vp15/run1_2018-05-30-13-05-35.ids_1,11,36450,36540,final_task,3
15,vp15/run1_2018-05-30-13-05-35.ids_1,11,36540,36630,final_task,4
15,vp15/run1_2018-05-30-13-05-35.ids_1,11,36630,36720,final_task,5
15,vp15/run1_2018-05-30-13-05-35.ids_1,11,36720,36810,final_task,6
15,vp15/run1_2018-05-30-13-05-35.ids_1,11,36810,36900,final_task,7
15,vp15/run1_2018-05-30-13-05-35.ids_1,11,36900,36990,final_task,8
15,vp15/run1_2018-05-30-13-05-35.ids_1,11,36990,37080,final_task,9
15,vp15/run1_2018-05-30-13-05-35.ids_1,11,37080,37170,final_task,10
15,vp15/run1_2018-05-30-13-05-35.ids_1,11,37170,37260,final_task,11
15,vp15/run1_2018-05-30-13-05-35.ids_1,11,37260,37320,final_task,12
15,vp15/run2_2018-05-30-13-34-33.ids_1,0,0,90,fasten_seat_belt,0
15,vp15/run2_2018-05-30-13-34-33.ids_1,0,90,180,fasten_seat_belt,1
15,vp15/run2_2018-05-30-13-34-33.ids_1,0,180,270,fasten_seat_belt,2
15,vp15/run2_2018-05-30-13-34-33.ids_1,0,270,360,fasten_seat_belt,3
15,vp15/run2_2018-05-30-13-34-33.ids_1,0,360,450,fasten_seat_belt,4
15,vp15/run2_2018-05-30-13-34-33.ids_1,0,450,540,fasten_seat_belt,5
15,vp15/run2_2018-05-30-13-34-33.ids_1,0,540,630,fasten_seat_belt,6
15,vp15/run2_2018-05-30-13-34-33.ids_1,0,630,720,fasten_seat_belt,7
15,vp15/run2_2018-05-30-13-34-33.ids_1,0,720,810,fasten_seat_belt,8
15,vp15/run2_2018-05-30-13-34-33.ids_1,0,810,900,fasten_seat_belt,9
15,vp15/run2_2018-05-30-13-34-33.ids_1,0,900,990,fasten_seat_belt,10
15,vp15/run2_2018-05-30-13-34-33.ids_1,0,990,1080,fasten_seat_belt,11
15,vp15/run2_2018-05-30-13-34-33.ids_1,0,1080,1170,fasten_seat_belt,12
15,vp15/run2_2018-05-30-13-34-33.ids_1,0,1170,1260,fasten_seat_belt,13
15,vp15/run2_2018-05-30-13-34-33.ids_1,0,1260,1350,fasten_seat_belt,14
15,vp15/run2_2018-05-30-13-34-33.ids_1,0,1350,1419,fasten_seat_belt,15
15,vp15/run2_2018-05-30-13-34-33.ids_1,1,6810,6900,hand_over,0
15,vp15/run2_2018-05-30-13-34-33.ids_1,1,6900,6990,hand_over,1
15,vp15/run2_2018-05-30-13-34-33.ids_1,1,6990,7080,hand_over,2
15,vp15/run2_2018-05-30-13-34-33.ids_1,1,7080,7170,hand_over,3
15,vp15/run2_2018-05-30-13-34-33.ids_1,1,7170,7209,hand_over,4
15,vp15/run2_2018-05-30-13-34-33.ids_1,2,10230,10320,eat_drink,0
15,vp15/run2_2018-05-30-13-34-33.ids_1,2,10320,10410,eat_drink,1
15,vp15/run2_2018-05-30-13-34-33.ids_1,2,10410,10500,eat_drink,2
15,vp15/run2_2018-05-30-13-34-33.ids_1,2,10500,10590,eat_drink,3
15,vp15/run2_2018-05-30-13-34-33.ids_1,2,10590,10680,eat_drink,4
15,vp15/run2_2018-05-30-13-34-33.ids_1,2,10680,10770,eat_drink,5
15,vp15/run2_2018-05-30-13-34-33.ids_1,2,10770,10860,eat_drink,6
15,vp15/run2_2018-05-30-13-34-33.ids_1,2,10860,10950,eat_drink,7
15,vp15/run2_2018-05-30-13-34-33.ids_1,2,10950,11040,eat_drink,8
15,vp15/run2_2018-05-30-13-34-33.ids_1,2,11040,11130,eat_drink,9
15,vp15/run2_2018-05-30-13-34-33.ids_1,2,11130,11220,eat_drink,10
15,vp15/run2_2018-05-30-13-34-33.ids_1,2,11220,11310,eat_drink,11
15,vp15/run2_2018-05-30-13-34-33.ids_1,2,11310,11400,eat_drink,12
15,vp15/run2_2018-05-30-13-34-33.ids_1,2,11400,11490,eat_drink,13
15,vp15/run2_2018-05-30-13-34-33.ids_1,2,11490,11580,eat_drink,14
15,vp15/run2_2018-05-30-13-34-33.ids_1,2,11580,11670,eat_drink,15
15,vp15/run2_2018-05-30-13-34-33.ids_1,2,11670,11760,eat_drink,16
15,vp15/run2_2018-05-30-13-34-33.ids_1,2,11760,11850,eat_drink,17
15,vp15/run2_2018-05-30-13-34-33.ids_1,2,11850,11940,eat_drink,18
15,vp15/run2_2018-05-30-13-34-33.ids_1,2,11940,12030,eat_drink,19
15,vp15/run2_2018-05-30-13-34-33.ids_1,2,12030,12120,eat_drink,20
15,vp15/run2_2018-05-30-13-34-33.ids_1,2,12120,12210,eat_drink,21
15,vp15/run2_2018-05-30-13-34-33.ids_1,2,12210,12300,eat_drink,22
15,vp15/run2_2018-05-30-13-34-33.ids_1,2,12300,12390,eat_drink,23
15,vp15/run2_2018-05-30-13-34-33.ids_1,2,12390,12480,eat_drink,24
15,vp15/run2_2018-05-30-13-34-33.ids_1,2,12480,12570,eat_drink,25
15,vp15/run2_2018-05-30-13-34-33.ids_1,2,12570,12660,eat_drink,26
15,vp15/run2_2018-05-30-13-34-33.ids_1,2,12660,12750,eat_drink,27
15,vp15/run2_2018-05-30-13-34-33.ids_1,2,12750,12840,eat_drink,28
15,vp15/run2_2018-05-30-13-34-33.ids_1,2,12840,12930,eat_drink,29
15,vp15/run2_2018-05-30-13-34-33.ids_1,2,12930,12938,eat_drink,30
15,vp15/run2_2018-05-30-13-34-33.ids_1,3,13200,13290,work,0
15,vp15/run2_2018-05-30-13-34-33.ids_1,3,13290,13380,work,1
15,vp15/run2_2018-05-30-13-34-33.ids_1,3,13380,13470,work,2
15,vp15/run2_2018-05-30-13-34-33.ids_1,3,13470,13560,work,3
15,vp15/run2_2018-05-30-13-34-33.ids_1,3,13560,13650,work,4
15,vp15/run2_2018-05-30-13-34-33.ids_1,3,13650,13740,work,5
15,vp15/run2_2018-05-30-13-34-33.ids_1,3,13740,13830,work,6
15,vp15/run2_2018-05-30-13-34-33.ids_1,3,13830,13920,work,7
15,vp15/run2_2018-05-30-13-34-33.ids_1,3,13920,14010,work,8
15,vp15/run2_2018-05-30-13-34-33.ids_1,3,14010,14100,work,9
15,vp15/run2_2018-05-30-13-34-33.ids_1,3,14100,14190,work,10
15,vp15/run2_2018-05-30-13-34-33.ids_1,3,14190,14280,work,11
15,vp15/run2_2018-05-30-13-34-33.ids_1,3,14280,14370,work,12
15,vp15/run2_2018-05-30-13-34-33.ids_1,3,14370,14460,work,13
15,vp15/run2_2018-05-30-13-34-33.ids_1,3,14460,14550,work,14
15,vp15/run2_2018-05-30-13-34-33.ids_1,3,14550,14640,work,15
15,vp15/run2_2018-05-30-13-34-33.ids_1,3,14640,14730,work,16
15,vp15/run2_2018-05-30-13-34-33.ids_1,3,14730,14820,work,17
15,vp15/run2_2018-05-30-13-34-33.ids_1,3,14820,14910,work,18
15,vp15/run2_2018-05-30-13-34-33.ids_1,3,14910,15000,work,19
15,vp15/run2_2018-05-30-13-34-33.ids_1,3,15000,15090,work,20
15,vp15/run2_2018-05-30-13-34-33.ids_1,3,15090,15180,work,21
15,vp15/run2_2018-05-30-13-34-33.ids_1,3,15180,15270,work,22
15,vp15/run2_2018-05-30-13-34-33.ids_1,3,15270,15360,work,23
15,vp15/run2_2018-05-30-13-34-33.ids_1,3,15360,15368,work,24
15,vp15/run2_2018-05-30-13-34-33.ids_1,4,15570,15660,read_write_newspaper,0
15,vp15/run2_2018-05-30-13-34-33.ids_1,4,15660,15750,read_write_newspaper,1
15,vp15/run2_2018-05-30-13-34-33.ids_1,4,15750,15840,read_write_newspaper,2
15,vp15/run2_2018-05-30-13-34-33.ids_1,4,15840,15930,read_write_newspaper,3
15,vp15/run2_2018-05-30-13-34-33.ids_1,4,15930,16020,read_write_newspaper,4
15,vp15/run2_2018-05-30-13-34-33.ids_1,4,16020,16110,read_write_newspaper,5
15,vp15/run2_2018-05-30-13-34-33.ids_1,4,16110,16200,read_write_newspaper,6
15,vp15/run2_2018-05-30-13-34-33.ids_1,4,16200,16290,read_write_newspaper,7
15,vp15/run2_2018-05-30-13-34-33.ids_1,4,16290,16380,read_write_newspaper,8
15,vp15/run2_2018-05-30-13-34-33.ids_1,4,16380,16470,read_write_newspaper,9
15,vp15/run2_2018-05-30-13-34-33.ids_1,4,16470,16560,read_write_newspaper,10
15,vp15/run2_2018-05-30-13-34-33.ids_1,4,16560,16650,read_write_newspaper,11
15,vp15/run2_2018-05-30-13-34-33.ids_1,4,16650,16740,read_write_newspaper,12
15,vp15/run2_2018-05-30-13-34-33.ids_1,4,16740,16830,read_write_newspaper,13
15,vp15/run2_2018-05-30-13-34-33.ids_1,4,16830,16920,read_write_newspaper,14
15,vp15/run2_2018-05-30-13-34-33.ids_1,4,16920,17010,read_write_newspaper,15
15,vp15/run2_2018-05-30-13-34-33.ids_1,4,17010,17100,read_write_newspaper,16
15,vp15/run2_2018-05-30-13-34-33.ids_1,4,17100,17190,read_write_newspaper,17
15,vp15/run2_2018-05-30-13-34-33.ids_1,4,17190,17280,read_write_newspaper,18
15,vp15/run2_2018-05-30-13-34-33.ids_1,4,17280,17370,read_write_newspaper,19
15,vp15/run2_2018-05-30-13-34-33.ids_1,4,17370,17460,read_write_newspaper,20
15,vp15/run2_2018-05-30-13-34-33.ids_1,4,17460,17550,read_write_newspaper,21
15,vp15/run2_2018-05-30-13-34-33.ids_1,4,17550,17640,read_write_newspaper,22
15,vp15/run2_2018-05-30-13-34-33.ids_1,4,17640,17730,read_write_newspaper,23
15,vp15/run2_2018-05-30-13-34-33.ids_1,4,17730,17820,read_write_newspaper,24
15,vp15/run2_2018-05-30-13-34-33.ids_1,4,17820,17910,read_write_newspaper,25
15,vp15/run2_2018-05-30-13-34-33.ids_1,4,17910,18000,read_write_newspaper,26
15,vp15/run2_2018-05-30-13-34-33.ids_1,4,18000,18090,read_write_newspaper,27
15,vp15/run2_2018-05-30-13-34-33.ids_1,4,18090,18180,read_write_newspaper,28
15,vp15/run2_2018-05-30-13-34-33.ids_1,4,18180,18270,read_write_newspaper,29
15,vp15/run2_2018-05-30-13-34-33.ids_1,4,18270,18360,read_write_newspaper,30
15,vp15/run2_2018-05-30-13-34-33.ids_1,4,18360,18450,read_write_newspaper,31
15,vp15/run2_2018-05-30-13-34-33.ids_1,4,18450,18458,read_write_newspaper,32
15,vp15/run2_2018-05-30-13-34-33.ids_1,5,19620,19710,read_write_magazine,0
15,vp15/run2_2018-05-30-13-34-33.ids_1,5,19710,19800,read_write_magazine,1
15,vp15/run2_2018-05-30-13-34-33.ids_1,5,19800,19890,read_write_magazine,2
15,vp15/run2_2018-05-30-13-34-33.ids_1,5,19890,19980,read_write_magazine,3
15,vp15/run2_2018-05-30-13-34-33.ids_1,5,19980,20070,read_write_magazine,4
15,vp15/run2_2018-05-30-13-34-33.ids_1,5,20070,20160,read_write_magazine,5
15,vp15/run2_2018-05-30-13-34-33.ids_1,5,20160,20250,read_write_magazine,6
15,vp15/run2_2018-05-30-13-34-33.ids_1,5,20250,20340,read_write_magazine,7
15,vp15/run2_2018-05-30-13-34-33.ids_1,5,20340,20430,read_write_magazine,8
15,vp15/run2_2018-05-30-13-34-33.ids_1,5,20430,20520,read_write_magazine,9
15,vp15/run2_2018-05-30-13-34-33.ids_1,5,20520,20610,read_write_magazine,10
15,vp15/run2_2018-05-30-13-34-33.ids_1,5,20610,20700,read_write_magazine,11
15,vp15/run2_2018-05-30-13-34-33.ids_1,5,20700,20790,read_write_magazine,12
15,vp15/run2_2018-05-30-13-34-33.ids_1,5,20790,20880,read_write_magazine,13
15,vp15/run2_2018-05-30-13-34-33.ids_1,5,20880,20970,read_write_magazine,14
15,vp15/run2_2018-05-30-13-34-33.ids_1,5,20970,21060,read_write_magazine,15
15,vp15/run2_2018-05-30-13-34-33.ids_1,5,21060,21150,read_write_magazine,16
15,vp15/run2_2018-05-30-13-34-33.ids_1,5,21150,21240,read_write_magazine,17
15,vp15/run2_2018-05-30-13-34-33.ids_1,5,21240,21330,read_write_magazine,18
15,vp15/run2_2018-05-30-13-34-33.ids_1,5,21330,21420,read_write_magazine,19
15,vp15/run2_2018-05-30-13-34-33.ids_1,5,21420,21510,read_write_magazine,20
15,vp15/run2_2018-05-30-13-34-33.ids_1,5,21510,21600,read_write_magazine,21
15,vp15/run2_2018-05-30-13-34-33.ids_1,5,21600,21690,read_write_magazine,22
15,vp15/run2_2018-05-30-13-34-33.ids_1,5,21690,21780,read_write_magazine,23
15,vp15/run2_2018-05-30-13-34-33.ids_1,5,21780,21870,read_write_magazine,24
15,vp15/run2_2018-05-30-13-34-33.ids_1,5,21870,21960,read_write_magazine,25
15,vp15/run2_2018-05-30-13-34-33.ids_1,5,21960,22050,read_write_magazine,26
15,vp15/run2_2018-05-30-13-34-33.ids_1,5,22050,22140,read_write_magazine,27
15,vp15/run2_2018-05-30-13-34-33.ids_1,5,22140,22230,read_write_magazine,28
15,vp15/run2_2018-05-30-13-34-33.ids_1,5,22230,22320,read_write_magazine,29
15,vp15/run2_2018-05-30-13-34-33.ids_1,5,22320,22410,read_write_magazine,30
15,vp15/run2_2018-05-30-13-34-33.ids_1,5,22410,22500,read_write_magazine,31
15,vp15/run2_2018-05-30-13-34-33.ids_1,5,22500,22590,read_write_magazine,32
15,vp15/run2_2018-05-30-13-34-33.ids_1,5,22590,22680,read_write_magazine,33
15,vp15/run2_2018-05-30-13-34-33.ids_1,5,22680,22770,read_write_magazine,34
15,vp15/run2_2018-05-30-13-34-33.ids_1,5,22770,22860,read_write_magazine,35
15,vp15/run2_2018-05-30-13-34-33.ids_1,5,22860,22950,read_write_magazine,36
15,vp15/run2_2018-05-30-13-34-33.ids_1,5,22950,23040,read_write_magazine,37
15,vp15/run2_2018-05-30-13-34-33.ids_1,5,23040,23130,read_write_magazine,38
15,vp15/run2_2018-05-30-13-34-33.ids_1,5,23130,23220,read_write_magazine,39
15,vp15/run2_2018-05-30-13-34-33.ids_1,5,23220,23258,read_write_magazine,40
15,vp15/run2_2018-05-30-13-34-33.ids_1,6,24180,24270,put_on_sunglasses,0
15,vp15/run2_2018-05-30-13-34-33.ids_1,6,24270,24360,put_on_sunglasses,1
15,vp15/run2_2018-05-30-13-34-33.ids_1,6,24360,24450,put_on_sunglasses,2
15,vp15/run2_2018-05-30-13-34-33.ids_1,6,24450,24540,put_on_sunglasses,3
15,vp15/run2_2018-05-30-13-34-33.ids_1,6,24540,24630,put_on_sunglasses,4
15,vp15/run2_2018-05-30-13-34-33.ids_1,6,24630,24720,put_on_sunglasses,5
15,vp15/run2_2018-05-30-13-34-33.ids_1,6,24720,24810,put_on_sunglasses,6
15,vp15/run2_2018-05-30-13-34-33.ids_1,6,24810,24900,put_on_sunglasses,7
15,vp15/run2_2018-05-30-13-34-33.ids_1,6,24900,24938,put_on_sunglasses,8
15,vp15/run2_2018-05-30-13-34-33.ids_1,7,25830,25920,take_off_sunglasses,0
15,vp15/run2_2018-05-30-13-34-33.ids_1,7,25920,25928,take_off_sunglasses,1
15,vp15/run2_2018-05-30-13-34-33.ids_1,8,26670,26760,put_on_jacket,0
15,vp15/run2_2018-05-30-13-34-33.ids_1,8,26760,26850,put_on_jacket,1
15,vp15/run2_2018-05-30-13-34-33.ids_1,8,26850,26940,put_on_jacket,2
15,vp15/run2_2018-05-30-13-34-33.ids_1,8,26940,27030,put_on_jacket,3
15,vp15/run2_2018-05-30-13-34-33.ids_1,8,27030,27120,put_on_jacket,4
15,vp15/run2_2018-05-30-13-34-33.ids_1,8,27120,27210,put_on_jacket,5
15,vp15/run2_2018-05-30-13-34-33.ids_1,8,27210,27300,put_on_jacket,6
15,vp15/run2_2018-05-30-13-34-33.ids_1,8,27300,27390,put_on_jacket,7
15,vp15/run2_2018-05-30-13-34-33.ids_1,8,27390,27480,put_on_jacket,8
15,vp15/run2_2018-05-30-13-34-33.ids_1,8,27480,27570,put_on_jacket,9
15,vp15/run2_2018-05-30-13-34-33.ids_1,8,27570,27660,put_on_jacket,10
15,vp15/run2_2018-05-30-13-34-33.ids_1,8,27660,27728,put_on_jacket,11
15,vp15/run2_2018-05-30-13-34-33.ids_1,9,28200,28290,take_off_jacket,0
15,vp15/run2_2018-05-30-13-34-33.ids_1,9,28290,28380,take_off_jacket,1
15,vp15/run2_2018-05-30-13-34-33.ids_1,9,28380,28470,take_off_jacket,2
15,vp15/run2_2018-05-30-13-34-33.ids_1,9,28470,28560,take_off_jacket,3
15,vp15/run2_2018-05-30-13-34-33.ids_1,9,28560,28650,take_off_jacket,4
15,vp15/run2_2018-05-30-13-34-33.ids_1,9,28650,28740,take_off_jacket,5
15,vp15/run2_2018-05-30-13-34-33.ids_1,9,28740,28830,take_off_jacket,6
15,vp15/run2_2018-05-30-13-34-33.ids_1,9,28830,28920,take_off_jacket,7
15,vp15/run2_2018-05-30-13-34-33.ids_1,9,28920,28958,take_off_jacket,8
15,vp15/run2_2018-05-30-13-34-33.ids_1,10,29280,29370,watch_video,0
15,vp15/run2_2018-05-30-13-34-33.ids_1,10,29370,29460,watch_video,1
15,vp15/run2_2018-05-30-13-34-33.ids_1,10,29460,29550,watch_video,2
15,vp15/run2_2018-05-30-13-34-33.ids_1,10,29550,29640,watch_video,3
15,vp15/run2_2018-05-30-13-34-33.ids_1,10,29640,29730,watch_video,4
15,vp15/run2_2018-05-30-13-34-33.ids_1,10,29730,29820,watch_video,5
15,vp15/run2_2018-05-30-13-34-33.ids_1,10,29820,29910,watch_video,6
15,vp15/run2_2018-05-30-13-34-33.ids_1,10,29910,30000,watch_video,7
15,vp15/run2_2018-05-30-13-34-33.ids_1,10,30000,30090,watch_video,8
15,vp15/run2_2018-05-30-13-34-33.ids_1,10,30090,30180,watch_video,9
15,vp15/run2_2018-05-30-13-34-33.ids_1,10,30180,30270,watch_video,10
15,vp15/run2_2018-05-30-13-34-33.ids_1,10,30270,30360,watch_video,11
15,vp15/run2_2018-05-30-13-34-33.ids_1,10,30360,30450,watch_video,12
15,vp15/run2_2018-05-30-13-34-33.ids_1,10,30450,30540,watch_video,13
15,vp15/run2_2018-05-30-13-34-33.ids_1,10,30540,30630,watch_video,14
15,vp15/run2_2018-05-30-13-34-33.ids_1,10,30630,30720,watch_video,15
15,vp15/run2_2018-05-30-13-34-33.ids_1,10,30720,30810,watch_video,16
15,vp15/run2_2018-05-30-13-34-33.ids_1,10,30810,30900,watch_video,17
15,vp15/run2_2018-05-30-13-34-33.ids_1,10,30900,30990,watch_video,18
15,vp15/run2_2018-05-30-13-34-33.ids_1,10,30990,31080,watch_video,19
15,vp15/run2_2018-05-30-13-34-33.ids_1,10,31080,31170,watch_video,20
15,vp15/run2_2018-05-30-13-34-33.ids_1,10,31170,31260,watch_video,21
15,vp15/run2_2018-05-30-13-34-33.ids_1,10,31260,31350,watch_video,22
15,vp15/run2_2018-05-30-13-34-33.ids_1,10,31350,31440,watch_video,23
15,vp15/run2_2018-05-30-13-34-33.ids_1,10,31440,31530,watch_video,24
15,vp15/run2_2018-05-30-13-34-33.ids_1,10,31530,31620,watch_video,25
15,vp15/run2_2018-05-30-13-34-33.ids_1,10,31620,31710,watch_video,26
15,vp15/run2_2018-05-30-13-34-33.ids_1,10,31710,31800,watch_video,27
15,vp15/run2_2018-05-30-13-34-33.ids_1,10,31800,31890,watch_video,28
15,vp15/run2_2018-05-30-13-34-33.ids_1,10,31890,31980,watch_video,29
15,vp15/run2_2018-05-30-13-34-33.ids_1,10,31980,32070,watch_video,30
15,vp15/run2_2018-05-30-13-34-33.ids_1,10,32070,32160,watch_video,31
15,vp15/run2_2018-05-30-13-34-33.ids_1,10,32160,32250,watch_video,32
15,vp15/run2_2018-05-30-13-34-33.ids_1,10,32250,32340,watch_video,33
15,vp15/run2_2018-05-30-13-34-33.ids_1,10,32340,32430,watch_video,34
15,vp15/run2_2018-05-30-13-34-33.ids_1,10,32430,32520,watch_video,35
15,vp15/run2_2018-05-30-13-34-33.ids_1,10,32520,32610,watch_video,36
15,vp15/run2_2018-05-30-13-34-33.ids_1,10,32610,32700,watch_video,37
15,vp15/run2_2018-05-30-13-34-33.ids_1,10,32700,32790,watch_video,38
15,vp15/run2_2018-05-30-13-34-33.ids_1,10,32790,32880,watch_video,39
15,vp15/run2_2018-05-30-13-34-33.ids_1,10,32880,32970,watch_video,40
15,vp15/run2_2018-05-30-13-34-33.ids_1,10,32970,33060,watch_video,41
15,vp15/run2_2018-05-30-13-34-33.ids_1,10,33060,33150,watch_video,42
15,vp15/run2_2018-05-30-13-34-33.ids_1,10,33150,33240,watch_video,43
15,vp15/run2_2018-05-30-13-34-33.ids_1,10,33240,33330,watch_video,44
15,vp15/run2_2018-05-30-13-34-33.ids_1,10,33330,33420,watch_video,45
15,vp15/run2_2018-05-30-13-34-33.ids_1,10,33420,33510,watch_video,46
15,vp15/run2_2018-05-30-13-34-33.ids_1,10,33510,33600,watch_video,47
15,vp15/run2_2018-05-30-13-34-33.ids_1,10,33600,33690,watch_video,48
15,vp15/run2_2018-05-30-13-34-33.ids_1,10,33690,33780,watch_video,49
15,vp15/run2_2018-05-30-13-34-33.ids_1,10,33780,33870,watch_video,50
15,vp15/run2_2018-05-30-13-34-33.ids_1,10,33870,33960,watch_video,51
15,vp15/run2_2018-05-30-13-34-33.ids_1,10,33960,34050,watch_video,52
15,vp15/run2_2018-05-30-13-34-33.ids_1,10,34050,34140,watch_video,53
15,vp15/run2_2018-05-30-13-34-33.ids_1,10,34140,34230,watch_video,54
15,vp15/run2_2018-05-30-13-34-33.ids_1,10,34230,34320,watch_video,55
15,vp15/run2_2018-05-30-13-34-33.ids_1,10,34320,34410,watch_video,56
15,vp15/run2_2018-05-30-13-34-33.ids_1,10,34410,34500,watch_video,57
15,vp15/run2_2018-05-30-13-34-33.ids_1,10,34500,34590,watch_video,58
15,vp15/run2_2018-05-30-13-34-33.ids_1,10,34590,34680,watch_video,59
15,vp15/run2_2018-05-30-13-34-33.ids_1,10,34680,34770,watch_video,60
15,vp15/run2_2018-05-30-13-34-33.ids_1,10,34770,34860,watch_video,61
15,vp15/run2_2018-05-30-13-34-33.ids_1,10,34860,34950,watch_video,62
15,vp15/run2_2018-05-30-13-34-33.ids_1,10,34950,35040,watch_video,63
15,vp15/run2_2018-05-30-13-34-33.ids_1,10,35040,35130,watch_video,64
15,vp15/run2_2018-05-30-13-34-33.ids_1,10,35130,35220,watch_video,65
15,vp15/run2_2018-05-30-13-34-33.ids_1,10,35220,35310,watch_video,66
15,vp15/run2_2018-05-30-13-34-33.ids_1,10,35310,35400,watch_video,67
15,vp15/run2_2018-05-30-13-34-33.ids_1,10,35400,35490,watch_video,68
15,vp15/run2_2018-05-30-13-34-33.ids_1,10,35490,35580,watch_video,69
15,vp15/run2_2018-05-30-13-34-33.ids_1,10,35580,35670,watch_video,70
15,vp15/run2_2018-05-30-13-34-33.ids_1,10,35670,35760,watch_video,71
15,vp15/run2_2018-05-30-13-34-33.ids_1,10,35760,35850,watch_video,72
15,vp15/run2_2018-05-30-13-34-33.ids_1,10,35850,35940,watch_video,73
15,vp15/run2_2018-05-30-13-34-33.ids_1,10,35940,36030,watch_video,74
15,vp15/run2_2018-05-30-13-34-33.ids_1,10,36030,36120,watch_video,75
15,vp15/run2_2018-05-30-13-34-33.ids_1,10,36120,36210,watch_video,76
15,vp15/run2_2018-05-30-13-34-33.ids_1,10,36210,36300,watch_video,77
15,vp15/run2_2018-05-30-13-34-33.ids_1,10,36300,36390,watch_video,78
15,vp15/run2_2018-05-30-13-34-33.ids_1,10,36390,36480,watch_video,79
15,vp15/run2_2018-05-30-13-34-33.ids_1,10,36480,36570,watch_video,80
15,vp15/run2_2018-05-30-13-34-33.ids_1,10,36570,36660,watch_video,81
15,vp15/run2_2018-05-30-13-34-33.ids_1,10,36660,36750,watch_video,82
15,vp15/run2_2018-05-30-13-34-33.ids_1,10,36750,36840,watch_video,83
15,vp15/run2_2018-05-30-13-34-33.ids_1,10,36840,36930,watch_video,84
15,vp15/run2_2018-05-30-13-34-33.ids_1,10,36930,37020,watch_video,85
15,vp15/run2_2018-05-30-13-34-33.ids_1,10,37020,37110,watch_video,86
15,vp15/run2_2018-05-30-13-34-33.ids_1,10,37110,37200,watch_video,87
15,vp15/run2_2018-05-30-13-34-33.ids_1,10,37200,37290,watch_video,88
15,vp15/run2_2018-05-30-13-34-33.ids_1,10,37290,37380,watch_video,89
15,vp15/run2_2018-05-30-13-34-33.ids_1,10,37380,37470,watch_video,90
15,vp15/run2_2018-05-30-13-34-33.ids_1,10,37470,37560,watch_video,91
15,vp15/run2_2018-05-30-13-34-33.ids_1,10,37560,37650,watch_video,92
15,vp15/run2_2018-05-30-13-34-33.ids_1,10,37650,37659,watch_video,93
15,vp15/run2_2018-05-30-13-34-33.ids_1,11,38040,38130,final_task,0
15,vp15/run2_2018-05-30-13-34-33.ids_1,11,38130,38220,final_task,1
15,vp15/run2_2018-05-30-13-34-33.ids_1,11,38220,38310,final_task,2
15,vp15/run2_2018-05-30-13-34-33.ids_1,11,38310,38400,final_task,3
15,vp15/run2_2018-05-30-13-34-33.ids_1,11,38400,38490,final_task,4
15,vp15/run2_2018-05-30-13-34-33.ids_1,11,38490,38580,final_task,5
15,vp15/run2_2018-05-30-13-34-33.ids_1,11,38580,38670,final_task,6
15,vp15/run2_2018-05-30-13-34-33.ids_1,11,38670,38760,final_task,7
15,vp15/run2_2018-05-30-13-34-33.ids_1,11,38760,38850,final_task,8
15,vp15/run2_2018-05-30-13-34-33.ids_1,11,38850,38940,final_task,9
15,vp15/run2_2018-05-30-13-34-33.ids_1,11,38940,39000,final_task,10
