participant_id,file_id,annotation_id,frame_start,frame_end,activity,chunk_id
1,vp1/run1b_2018-05-29-14-02-47.ids_1,0,0,90,fasten_seat_belt,0
1,vp1/run1b_2018-05-29-14-02-47.ids_1,0,90,180,fasten_seat_belt,1
1,vp1/run1b_2018-05-29-14-02-47.ids_1,0,180,270,fasten_seat_belt,2
1,vp1/run1b_2018-05-29-14-02-47.ids_1,0,270,360,fasten_seat_belt,3
1,vp1/run1b_2018-05-29-14-02-47.ids_1,0,360,450,fasten_seat_belt,4
1,vp1/run1b_2018-05-29-14-02-47.ids_1,0,450,516,fasten_seat_belt,5
1,vp1/run1b_2018-05-29-14-02-47.ids_1,1,5919,6009,hand_over,0
1,vp1/run1b_2018-05-29-14-02-47.ids_1,1,6009,6099,hand_over,1
1,vp1/run1b_2018-05-29-14-02-47.ids_1,1,6099,6189,hand_over,2
1,vp1/run1b_2018-05-29-14-02-47.ids_1,1,6189,6227,hand_over,3
1,vp1/run1b_2018-05-29-14-02-47.ids_1,2,6426,6516,work,0
1,vp1/run1b_2018-05-29-14-02-47.ids_1,2,6516,6606,work,1
1,vp1/run1b_2018-05-29-14-02-47.ids_1,2,6606,6696,work,2
1,vp1/run1b_2018-05-29-14-02-47.ids_1,2,6696,6786,work,3
1,vp1/run1b_2018-05-29-14-02-47.ids_1,2,6786,6876,work,4
1,vp1/run1b_2018-05-29-14-02-47.ids_1,2,6876,6966,work,5
1,vp1/run1b_2018-05-29-14-02-47.ids_1,2,6966,7056,work,6
1,vp1/run1b_2018-05-29-14-02-47.ids_1,2,7056,7146,work,7
1,vp1/run1b_2018-05-29-14-02-47.ids_1,2,7146,7236,work,8
1,vp1/run1b_2018-05-29-14-02-47.ids_1,2,7236,7326,work,9
1,vp1/run1b_2018-05-29-14-02-47.ids_1,2,7326,7416,work,10
1,vp1/run1b_2018-05-29-14-02-47.ids_1,2,7416,7506,work,11
1,vp1/run1b_2018-05-29-14-02-47.ids_1,2,7506,7596,work,12
1,vp1/run1b_2018-05-29-14-02-47.ids_1,2,7596,7686,work,13
1,vp1/run1b_2018-05-29-14-02-47.ids_1,2,7686,7776,work,14
1,vp1/run1b_2018-05-29-14-02-47.ids_1,2,7776,7866,work,15
1,vp1/run1b_2018-05-29-14-02-47.ids_1,2,7866,7956,work,16
1,vp1/run1b_2018-05-29-14-02-47.ids_1,2,7956,8046,work,17
1,vp1/run1b_2018-05-29-14-02-47.ids_1,2,8046,8136,work,18
1,vp1/run1b_2018-05-29-14-02-47.ids_1,2,8136,8226,work,19
1,vp1/run1b_2018-05-29-14-02-47.ids_1,2,8226,8316,work,20
1,vp1/run1b_2018-05-29-14-02-47.ids_1,2,8316,8406,work,21
1,vp1/run1b_2018-05-29-14-02-47.ids_1,2,8406,8496,work,22
1,vp1/run1b_2018-05-29-14-02-47.ids_1,2,8496,8586,work,23
1,vp1/run1b_2018-05-29-14-02-47.ids_1,2,8586,8676,work,24
1,vp1/run1b_2018-05-29-14-02-47.ids_1,2,8676,8766,work,25
1,vp1/run1b_2018-05-29-14-02-47.ids_1,2,8766,8856,work,26
1,vp1/run1b_2018-05-29-14-02-47.ids_1,2,8856,8946,work,27
1,vp1/run1b_2018-05-29-14-02-47.ids_1,2,8946,9036,work,28
1,vp1/run1b_2018-05-29-14-02-47.ids_1,2,9036,9126,work,29
1,vp1/run1b_2018-05-29-14-02-47.ids_1,2,9126,9216,work,30
1,vp1/run1b_2018-05-29-14-02-47.ids_1,2,9216,9306,work,31
1,vp1/run1b_2018-05-29-14-02-47.ids_1,2,9306,9396,work,32
1,vp1/run1b_2018-05-29-14-02-47.ids_1,2,9396,9486,work,33
1,vp1/run1b_2018-05-29-14-02-47.ids_1,2,9486,9576,work,34
1,vp1/run1b_2018-05-29-14-02-47.ids_1,2,9576,9666,work,35
1,vp1/run1b_2018-05-29-14-02-47.ids_1,2,9666,9756,work,36
1,vp1/run1b_2018-05-29-14-02-47.ids_1,2,9756,9846,work,37
1,vp1/run1b_2018-05-29-14-02-47.ids_1,2,9846,9936,work,38
1,vp1/run1b_2018-05-29-14-02-47.ids_1,2,9936,9967,work,39
1,vp1/run1b_2018-05-29-14-02-47.ids_1,3,10167,10257,put_on_jacket,0
1,vp1/run1b_2018-05-29-14-02-47.ids_1,3,10257,10347,put_on_jacket,1
1,vp1/run1b_2018-05-29-14-02-47.ids_1,3,10347,10437,put_on_jacket,2
1,vp1/run1b_2018-05-29-14-02-47.ids_1,3,10437,10527,put_on_jacket,3
1,vp1/run1b_2018-05-29-14-02-47.ids_1,3,10527,10617,put_on_jacket,4
1,vp1/run1b_2018-05-29-14-02-47.ids_1,3,10617,10707,put_on_jacket,5
1,vp1/run1b_2018-05-29-14-02-47.ids_1,3,10707,10797,put_on_jacket,6
1,vp1/run1b_2018-05-29-14-02-47.ids_1,3,10797,10887,put_on_jacket,7
1,vp1/run1b_2018-05-29-14-02-47.ids_1,3,10887,10977,put_on_jacket,8
1,vp1/run1b_2018-05-29-14-02-47.ids_1,3,10977,11021,put_on_jacket,9
1,vp1/run1b_2018-05-29-14-02-47.ids_1,4,11760,11850,watch_video,0
1,vp1/run1b_2018-05-29-14-02-47.ids_1,4,11850,11940,watch_video,1
1,vp1/run1b_2018-05-29-14-02-47.ids_1,4,11940,12030,watch_video,2
1,vp1/run1b_2018-05-29-14-02-47.ids_1,4,12030,12120,watch_video,3
1,vp1/run1b_2018-05-29-14-02-47.ids_1,4,12120,12210,watch_video,4
1,vp1/run1b_2018-05-29-14-02-47.ids_1,4,12210,12300,watch_video,5
1,vp1/run1b_2018-05-29-14-02-47.ids_1,4,12300,12390,watch_video,6
1,vp1/run1b_2018-05-29-14-02-47.ids_1,4,12390,12480,watch_video,7
1,vp1/run1b_2018-05-29-14-02-47.ids_1,4,12480,12570,watch_video,8
1,vp1/run1b_2018-05-29-14-02-47.ids_1,4,12570,12660,watch_video,9
1,vp1/run1b_2018-05-29-14-02-47.ids_1,4,12660,12750,watch_video,10
1,vp1/run1b_2018-05-29-14-02-47.ids_1,4,12750,12840,watch_video,11
1,vp1/run1b_2018-05-29-14-02-47.ids_1,4,12840,12930,watch_video,12
1,vp1/run1b_2018-05-29-14-02-47.ids_1,4,12930,13020,watch_video,13
1,vp1/run1b_2018-05-29-14-02-47.ids_1,4,13020,13110,watch_video,14
1,vp1/run1b_2018-05-29-14-02-47.ids_1,4,13110,13200,watch_video,15
1,vp1/run1b_2018-05-29-14-02-47.ids_1,4,13200,13290,watch_video,16
1,vp1/run1b_2018-05-29-14-02-47.ids_1,4,13290,13380,watch_video,17
1,vp1/run1b_2018-05-29-14-02-47.ids_1,4,13380,13470,watch_video,18
1,vp1/run1b_2018-05-29-14-02-47.ids_1,4,13470,13560,watch_video,19
1,vp1/run1b_2018-05-29-14-02-47.ids_1,4,13560,13650,watch_video,20
1,vp1/run1b_2018-05-29-14-02-47.ids_1,4,13650,13740,watch_video,21
1,vp1/run1b_2018-05-29-14-02-47.ids_1,4,13740,13830,watch_video,22
1,vp1/run1b_2018-05-29-14-02-47.ids_1,4,13830,13920,watch_video,23
1,vp1/run1b_2018-05-29-14-02-47.ids_1,4,13920,14010,watch_video,24
1,vp1/run1b_2018-05-29-14-02-47.ids_1,4,14010,14100,watch_video,25
1,vp1/run1b_2018-05-29-14-02-47.ids_1,4,14100,14190,watch_video,26
1,vp1/run1b_2018-05-29-14-02-47.ids_1,4,14190,14280,watch_video,27
1,vp1/run1b_2018-05-29-14-02-47.ids_1,4,14280,14370,watch_video,28
1,vp1/run1b_2018-05-29-14-02-47.ids_1,4,14370,14460,watch_video,29
1,vp1/run1b_2018-05-29-14-02-47.ids_1,4,14460,14550,watch_video,30
1,vp1/run1b_2018-05-29-14-02-47.ids_1,4,14550,14640,watch_video,31
1,vp1/run1b_2018-05-29-14-02-47.ids_1,4,14640,14730,watch_video,32
1,vp1/run1b_2018-05-29-14-02-47.ids_1,4,14730,14820,watch_video,33
1,vp1/run1b_2018-05-29-14-02-47.ids_1,4,14820,14910,watch_video,34
1,vp1/run1b_2018-05-29-14-02-47.ids_1,4,14910,15000,watch_video,35
1,vp1/run1b_2018-05-29-14-02-47.ids_1,4,15000,15090,watch_video,36
1,vp1/run1b_2018-05-29-14-02-47.ids_1,4,15090,15180,watch_video,37
1,vp1/run1b_2018-05-29-14-02-47.ids_1,4,15180,15270,watch_video,38
1,vp1/run1b_2018-05-29-14-02-47.ids_1,4,15270,15360,watch_video,39
1,vp1/run1b_2018-05-29-14-02-47.ids_1,4,15360,15450,watch_video,40
1,vp1/run1b_2018-05-29-14-02-47.ids_1,4,15450,15540,watch_video,41
1,vp1/run1b_2018-05-29-14-02-47.ids_1,4,15540,15630,watch_video,42
1,vp1/run1b_2018-05-29-14-02-47.ids_1,4,15630,15720,watch_video,43
1,vp1/run1b_2018-05-29-14-02-47.ids_1,4,15720,15810,watch_video,44
1,vp1/run1b_2018-05-29-14-02-47.ids_1,4,15810,15900,watch_video,45
1,vp1/run1b_2018-05-29-14-02-47.ids_1,4,15900,15990,watch_video,46
1,vp1/run1b_2018-05-29-14-02-47.ids_1,4,15990,16080,watch_video,47
1,vp1/run1b_2018-05-29-14-02-47.ids_1,4,16080,16170,watch_video,48
1,vp1/run1b_2018-05-29-14-02-47.ids_1,4,16170,16260,watch_video,49
1,vp1/run1b_2018-05-29-14-02-47.ids_1,4,16260,16350,watch_video,50
1,vp1/run1b_2018-05-29-14-02-47.ids_1,4,16350,16440,watch_video,51
1,vp1/run1b_2018-05-29-14-02-47.ids_1,4,16440,16530,watch_video,52
1,vp1/run1b_2018-05-29-14-02-47.ids_1,4,16530,16620,watch_video,53
1,vp1/run1b_2018-05-29-14-02-47.ids_1,4,16620,16710,watch_video,54
1,vp1/run1b_2018-05-29-14-02-47.ids_1,4,16710,16800,watch_video,55
1,vp1/run1b_2018-05-29-14-02-47.ids_1,4,16800,16890,watch_video,56
1,vp1/run1b_2018-05-29-14-02-47.ids_1,4,16890,16980,watch_video,57
1,vp1/run1b_2018-05-29-14-02-47.ids_1,4,16980,17070,watch_video,58
1,vp1/run1b_2018-05-29-14-02-47.ids_1,4,17070,17160,watch_video,59
1,vp1/run1b_2018-05-29-14-02-47.ids_1,4,17160,17250,watch_video,60
1,vp1/run1b_2018-05-29-14-02-47.ids_1,4,17250,17340,watch_video,61
1,vp1/run1b_2018-05-29-14-02-47.ids_1,4,17340,17430,watch_video,62
1,vp1/run1b_2018-05-29-14-02-47.ids_1,4,17430,17520,watch_video,63
1,vp1/run1b_2018-05-29-14-02-47.ids_1,4,17520,17610,watch_video,64
1,vp1/run1b_2018-05-29-14-02-47.ids_1,4,17610,17649,watch_video,65
1,vp1/run1b_2018-05-29-14-02-47.ids_1,5,17866,17956,put_on_sunglasses,0
1,vp1/run1b_2018-05-29-14-02-47.ids_1,5,17956,18046,put_on_sunglasses,1
1,vp1/run1b_2018-05-29-14-02-47.ids_1,5,18046,18136,put_on_sunglasses,2
1,vp1/run1b_2018-05-29-14-02-47.ids_1,5,18136,18226,put_on_sunglasses,3
1,vp1/run1b_2018-05-29-14-02-47.ids_1,5,18226,18316,put_on_sunglasses,4
1,vp1/run1b_2018-05-29-14-02-47.ids_1,5,18316,18406,put_on_sunglasses,5
1,vp1/run1b_2018-05-29-14-02-47.ids_1,5,18406,18496,put_on_sunglasses,6
1,vp1/run1b_2018-05-29-14-02-47.ids_1,5,18496,18567,put_on_sunglasses,7
1,vp1/run1b_2018-05-29-14-02-47.ids_1,6,19649,19739,read_write_newspaper,0
1,vp1/run1b_2018-05-29-14-02-47.ids_1,6,19739,19829,read_write_newspaper,1
1,vp1/run1b_2018-05-29-14-02-47.ids_1,6,19829,19919,read_write_newspaper,2
1,vp1/run1b_2018-05-29-14-02-47.ids_1,6,19919,20009,read_write_newspaper,3
1,vp1/run1b_2018-05-29-14-02-47.ids_1,6,20009,20099,read_write_newspaper,4
1,vp1/run1b_2018-05-29-14-02-47.ids_1,6,20099,20189,read_write_newspaper,5
1,vp1/run1b_2018-05-29-14-02-47.ids_1,6,20189,20279,read_write_newspaper,6
1,vp1/run1b_2018-05-29-14-02-47.ids_1,6,20279,20369,read_write_newspaper,7
1,vp1/run1b_2018-05-29-14-02-47.ids_1,6,20369,20459,read_write_newspaper,8
1,vp1/run1b_2018-05-29-14-02-47.ids_1,6,20459,20549,read_write_newspaper,9
1,vp1/run1b_2018-05-29-14-02-47.ids_1,6,20549,20639,read_write_newspaper,10
1,vp1/run1b_2018-05-29-14-02-47.ids_1,6,20639,20729,read_write_newspaper,11
1,vp1/run1b_2018-05-29-14-02-47.ids_1,6,20729,20819,read_write_newspaper,12
1,vp1/run1b_2018-05-29-14-02-47.ids_1,6,20819,20909,read_write_newspaper,13
1,vp1/run1b_2018-05-29-14-02-47.ids_1,6,20909,20999,read_write_newspaper,14
1,vp1/run1b_2018-05-29-14-02-47.ids_1,6,20999,21089,read_write_newspaper,15
1,vp1/run1b_2018-05-29-14-02-47.ids_1,6,21089,21179,read_write_newspaper,16
1,vp1/run1b_2018-05-29-14-02-47.ids_1,6,21179,21269,read_write_newspaper,17
1,vp1/run1b_2018-05-29-14-02-47.ids_1,6,21269,21359,read_write_newspaper,18
1,vp1/run1b_2018-05-29-14-02-47.ids_1,6,21359,21449,read_write_newspaper,19
1,vp1/run1b_2018-05-29-14-02-47.ids_1,6,21449,21539,read_write_newspaper,20
1,vp1/run1b_2018-05-29-14-02-47.ids_1,6,21539,21629,read_write_newspaper,21
1,vp1/run1b_2018-05-29-14-02-47.ids_1,6,21629,21719,read_write_newspaper,22
1,vp1/run1b_2018-05-29-14-02-47.ids_1,6,21719,21809,read_write_newspaper,23
1,vp1/run1b_2018-05-29-14-02-47.ids_1,6,21809,21899,read_write_newspaper,24
1,vp1/run1b_2018-05-29-14-02-47.ids_1,6,21899,21989,read_write_newspaper,25
1,vp1/run1b_2018-05-29-14-02-47.ids_1,6,21989,22079,read_write_newspaper,26
1,vp1/run1b_2018-05-29-14-02-47.ids_1,6,22079,22169,read_write_newspaper,27
1,vp1/run1b_2018-05-29-14-02-47.ids_1,6,22169,22259,read_write_newspaper,28
1,vp1/run1b_2018-05-29-14-02-47.ids_1,6,22259,22349,read_write_newspaper,29
1,vp1/run1b_2018-05-29-14-02-47.ids_1,6,22349,22439,read_write_newspaper,30
1,vp1/run1b_2018-05-29-14-02-47.ids_1,6,22439,22529,read_write_newspaper,31
1,vp1/run1b_2018-05-29-14-02-47.ids_1,6,22529,22619,read_write_newspaper,32
1,vp1/run1b_2018-05-29-14-02-47.ids_1,6,22619,22654,read_write_newspaper,33
1,vp1/run1b_2018-05-29-14-02-47.ids_1,7,23642,23732,take_off_sunglasses,0
1,vp1/run1b_2018-05-29-14-02-47.ids_1,7,23732,23822,take_off_sunglasses,1
1,vp1/run1b_2018-05-29-14-02-47.ids_1,7,23822,23912,take_off_sunglasses,2
1,vp1/run1b_2018-05-29-14-02-47.ids_1,7,23912,24002,take_off_sunglasses,3
1,vp1/run1b_2018-05-29-14-02-47.ids_1,7,24002,24092,take_off_sunglasses,4
1,vp1/run1b_2018-05-29-14-02-47.ids_1,7,24092,24182,take_off_sunglasses,5
1,vp1/run1b_2018-05-29-14-02-47.ids_1,7,24182,24272,take_off_sunglasses,6
1,vp1/run1b_2018-05-29-14-02-47.ids_1,7,24272,24362,take_off_sunglasses,7
1,vp1/run1b_2018-05-29-14-02-47.ids_1,7,24362,24452,take_off_sunglasses,8
1,vp1/run1b_2018-05-29-14-02-47.ids_1,7,24452,24482,take_off_sunglasses,9
1,vp1/run1b_2018-05-29-14-02-47.ids_1,8,25395,25485,eat_drink,0
1,vp1/run1b_2018-05-29-14-02-47.ids_1,8,25485,25575,eat_drink,1
1,vp1/run1b_2018-05-29-14-02-47.ids_1,8,25575,25665,eat_drink,2
1,vp1/run1b_2018-05-29-14-02-47.ids_1,8,25665,25755,eat_drink,3
1,vp1/run1b_2018-05-29-14-02-47.ids_1,8,25755,25845,eat_drink,4
1,vp1/run1b_2018-05-29-14-02-47.ids_1,8,25845,25935,eat_drink,5
1,vp1/run1b_2018-05-29-14-02-47.ids_1,8,25935,26025,eat_drink,6
1,vp1/run1b_2018-05-29-14-02-47.ids_1,8,26025,26115,eat_drink,7
1,vp1/run1b_2018-05-29-14-02-47.ids_1,8,26115,26205,eat_drink,8
1,vp1/run1b_2018-05-29-14-02-47.ids_1,8,26205,26295,eat_drink,9
1,vp1/run1b_2018-05-29-14-02-47.ids_1,8,26295,26385,eat_drink,10
1,vp1/run1b_2018-05-29-14-02-47.ids_1,8,26385,26475,eat_drink,11
1,vp1/run1b_2018-05-29-14-02-47.ids_1,8,26475,26565,eat_drink,12
1,vp1/run1b_2018-05-29-14-02-47.ids_1,8,26565,26655,eat_drink,13
1,vp1/run1b_2018-05-29-14-02-47.ids_1,8,26655,26745,eat_drink,14
1,vp1/run1b_2018-05-29-14-02-47.ids_1,8,26745,26835,eat_drink,15
1,vp1/run1b_2018-05-29-14-02-47.ids_1,8,26835,26925,eat_drink,16
1,vp1/run1b_2018-05-29-14-02-47.ids_1,8,26925,27015,eat_drink,17
1,vp1/run1b_2018-05-29-14-02-47.ids_1,8,27015,27105,eat_drink,18
1,vp1/run1b_2018-05-29-14-02-47.ids_1,8,27105,27195,eat_drink,19
1,vp1/run1b_2018-05-29-14-02-47.ids_1,8,27195,27285,eat_drink,20
1,vp1/run1b_2018-05-29-14-02-47.ids_1,8,27285,27375,eat_drink,21
1,vp1/run1b_2018-05-29-14-02-47.ids_1,8,27375,27465,eat_drink,22
1,vp1/run1b_2018-05-29-14-02-47.ids_1,8,27465,27555,eat_drink,23
1,vp1/run1b_2018-05-29-14-02-47.ids_1,8,27555,27645,eat_drink,24
1,vp1/run1b_2018-05-29-14-02-47.ids_1,8,27645,27735,eat_drink,25
1,vp1/run1b_2018-05-29-14-02-47.ids_1,8,27735,27825,eat_drink,26
1,vp1/run1b_2018-05-29-14-02-47.ids_1,8,27825,27915,eat_drink,27
1,vp1/run1b_2018-05-29-14-02-47.ids_1,8,27915,28005,eat_drink,28
1,vp1/run1b_2018-05-29-14-02-47.ids_1,8,28005,28095,eat_drink,29
1,vp1/run1b_2018-05-29-14-02-47.ids_1,8,28095,28185,eat_drink,30
1,vp1/run1b_2018-05-29-14-02-47.ids_1,8,28185,28275,eat_drink,31
1,vp1/run1b_2018-05-29-14-02-47.ids_1,8,28275,28365,eat_drink,32
1,vp1/run1b_2018-05-29-14-02-47.ids_1,8,28365,28455,eat_drink,33
1,vp1/run1b_2018-05-29-14-02-47.ids_1,8,28455,28545,eat_drink,34
1,vp1/run1b_2018-05-29-14-02-47.ids_1,8,28545,28635,eat_drink,35
1,vp1/run1b_2018-05-29-14-02-47.ids_1,8,28635,28725,eat_drink,36
1,vp1/run1b_2018-05-29-14-02-47.ids_1,8,28725,28815,eat_drink,37
1,vp1/run1b_2018-05-29-14-02-47.ids_1,8,28815,28905,eat_drink,38
1,vp1/run1b_2018-05-29-14-02-47.ids_1,8,28905,28995,eat_drink,39
1,vp1/run1b_2018-05-29-14-02-47.ids_1,8,28995,29085,eat_drink,40
1,vp1/run1b_2018-05-29-14-02-47.ids_1,8,29085,29175,eat_drink,41
1,vp1/run1b_2018-05-29-14-02-47.ids_1,8,29175,29265,eat_drink,42
1,vp1/run1b_2018-05-29-14-02-47.ids_1,8,29265,29355,eat_drink,43
1,vp1/run1b_2018-05-29-14-02-47.ids_1,8,29355,29372,eat_drink,44
1,vp1/run1b_2018-05-29-14-02-47.ids_1,9,29769,29859,read_write_magazine,0
1,vp1/run1b_2018-05-29-14-02-47.ids_1,9,29859,29949,read_write_magazine,1
1,vp1/run1b_2018-05-29-14-02-47.ids_1,9,29949,30039,read_write_magazine,2
1,vp1/run1b_2018-05-29-14-02-47.ids_1,9,30039,30129,read_write_magazine,3
1,vp1/run1b_2018-05-29-14-02-47.ids_1,9,30129,30219,read_write_magazine,4
1,vp1/run1b_2018-05-29-14-02-47.ids_1,9,30219,30309,read_write_magazine,5
1,vp1/run1b_2018-05-29-14-02-47.ids_1,9,30309,30399,read_write_magazine,6
1,vp1/run1b_2018-05-29-14-02-47.ids_1,9,30399,30489,read_write_magazine,7
1,vp1/run1b_2018-05-29-14-02-47.ids_1,9,30489,30579,read_write_magazine,8
1,vp1/run1b_2018-05-29-14-02-47.ids_1,9,30579,30669,read_write_magazine,9
1,vp1/run1b_2018-05-29-14-02-47.ids_1,9,30669,30759,read_write_magazine,10
1,vp1/run1b_2018-05-29-14-02-47.ids_1,9,30759,30849,read_write_magazine,11
1,vp1/run1b_2018-05-29-14-02-47.ids_1,9,30849,30939,read_write_magazine,12
1,vp1/run1b_2018-05-29-14-02-47.ids_1,9,30939,31029,read_write_magazine,13
1,vp1/run1b_2018-05-29-14-02-47.ids_1,9,31029,31119,read_write_magazine,14
1,vp1/run1b_2018-05-29-14-02-47.ids_1,9,31119,31209,read_write_magazine,15
1,vp1/run1b_2018-05-29-14-02-47.ids_1,9,31209,31299,read_write_magazine,16
1,vp1/run1b_2018-05-29-14-02-47.ids_1,9,31299,31389,read_write_magazine,17
1,vp1/run1b_2018-05-29-14-02-47.ids_1,9,31389,31479,read_write_magazine,18
1,vp1/run1b_2018-05-29-14-02-47.ids_1,9,31479,31569,read_write_magazine,19
1,vp1/run1b_2018-05-29-14-02-47.ids_1,9,31569,31659,read_write_magazine,20
1,vp1/run1b_2018-05-29-14-02-47.ids_1,9,31659,31749,read_write_magazine,21
1,vp1/run1b_2018-05-29-14-02-47.ids_1,9,31749,31839,read_write_magazine,22
1,vp1/run1b_2018-05-29-14-02-47.ids_1,9,31839,31929,read_write_magazine,23
1,vp1/run1b_2018-05-29-14-02-47.ids_1,9,31929,32019,read_write_magazine,24
1,vp1/run1b_2018-05-29-14-02-47.ids_1,9,32019,32109,read_write_magazine,25
1,vp1/run1b_2018-05-29-14-02-47.ids_1,9,32109,32199,read_write_magazine,26
1,vp1/run1b_2018-05-29-14-02-47.ids_1,9,32199,32289,read_write_magazine,27
1,vp1/run1b_2018-05-29-14-02-47.ids_1,9,32289,32379,read_write_magazine,28
1,vp1/run1b_2018-05-29-14-02-47.ids_1,9,32379,32415,read_write_magazine,29
1,vp1/run1b_2018-05-29-14-02-47.ids_1,10,35434,35524,take_off_jacket,0
1,vp1/run1b_2018-05-29-14-02-47.ids_1,10,35524,35614,take_off_jacket,1
1,vp1/run1b_2018-05-29-14-02-47.ids_1,10,35614,35704,take_off_jacket,2
1,vp1/run1b_2018-05-29-14-02-47.ids_1,10,35704,35794,take_off_jacket,3
1,vp1/run1b_2018-05-29-14-02-47.ids_1,10,35794,35884,take_off_jacket,4
1,vp1/run1b_2018-05-29-14-02-47.ids_1,10,35884,35974,take_off_jacket,5
1,vp1/run1b_2018-05-29-14-02-47.ids_1,10,35974,36064,take_off_jacket,6
1,vp1/run1b_2018-05-29-14-02-47.ids_1,10,36064,36154,take_off_jacket,7
1,vp1/run1b_2018-05-29-14-02-47.ids_1,10,36154,36244,take_off_jacket,8
1,vp1/run1b_2018-05-29-14-02-47.ids_1,10,36244,36251,take_off_jacket,9
1,vp1/run1b_2018-05-29-14-02-47.ids_1,11,37037,37127,final_task,0
1,vp1/run1b_2018-05-29-14-02-47.ids_1,11,37127,37217,final_task,1
1,vp1/run1b_2018-05-29-14-02-47.ids_1,11,37217,37307,final_task,2
1,vp1/run1b_2018-05-29-14-02-47.ids_1,11,37307,37397,final_task,3
1,vp1/run1b_2018-05-29-14-02-47.ids_1,11,37397,37487,final_task,4
1,vp1/run1b_2018-05-29-14-02-47.ids_1,11,37487,37577,final_task,5
1,vp1/run1b_2018-05-29-14-02-47.ids_1,11,37577,37667,final_task,6
1,vp1/run1b_2018-05-29-14-02-47.ids_1,11,37667,37757,final_task,7
1,vp1/run1b_2018-05-29-14-02-47.ids_1,11,37757,37831,final_task,8
1,vp1/run2_2018-05-29-14-33-44.ids_1,0,1320,1359,fasten_seat_belt,0
1,vp1/run2_2018-05-29-14-33-44.ids_1,1,6780,6870,hand_over,0
1,vp1/run2_2018-05-29-14-33-44.ids_1,1,6870,6909,hand_over,1
1,vp1/run2_2018-05-29-14-33-44.ids_1,2,7830,7920,put_on_jacket,0
1,vp1/run2_2018-05-29-14-33-44.ids_1,2,7920,8010,put_on_jacket,1
1,vp1/run2_2018-05-29-14-33-44.ids_1,2,8010,8100,put_on_jacket,2
1,vp1/run2_2018-05-29-14-33-44.ids_1,2,8100,8190,put_on_jacket,3
1,vp1/run2_2018-05-29-14-33-44.ids_1,2,8190,8280,put_on_jacket,4
1,vp1/run2_2018-05-29-14-33-44.ids_1,2,8280,8370,put_on_jacket,5
1,vp1/run2_2018-05-29-14-33-44.ids_1,2,8370,8460,put_on_jacket,6
1,vp1/run2_2018-05-29-14-33-44.ids_1,2,8460,8550,put_on_jacket,7
1,vp1/run2_2018-05-29-14-33-44.ids_1,2,8550,8640,put_on_jacket,8
1,vp1/run2_2018-05-29-14-33-44.ids_1,2,8640,8730,put_on_jacket,9
1,vp1/run2_2018-05-29-14-33-44.ids_1,2,8730,8820,put_on_jacket,10
1,vp1/run2_2018-05-29-14-33-44.ids_1,2,8820,8910,put_on_jacket,11
1,vp1/run2_2018-05-29-14-33-44.ids_1,2,8910,9000,put_on_jacket,12
1,vp1/run2_2018-05-29-14-33-44.ids_1,2,9000,9090,put_on_jacket,13
1,vp1/run2_2018-05-29-14-33-44.ids_1,2,9090,9180,put_on_jacket,14
1,vp1/run2_2018-05-29-14-33-44.ids_1,2,9180,9270,put_on_jacket,15
1,vp1/run2_2018-05-29-14-33-44.ids_1,2,9270,9360,put_on_jacket,16
1,vp1/run2_2018-05-29-14-33-44.ids_1,2,9360,9450,put_on_jacket,17
1,vp1/run2_2018-05-29-14-33-44.ids_1,2,9450,9540,put_on_jacket,18
1,vp1/run2_2018-05-29-14-33-44.ids_1,2,9540,9630,put_on_jacket,19
1,vp1/run2_2018-05-29-14-33-44.ids_1,2,9630,9638,put_on_jacket,20
1,vp1/run2_2018-05-29-14-33-44.ids_1,3,12660,12750,put_on_sunglasses,0
1,vp1/run2_2018-05-29-14-33-44.ids_1,3,12750,12840,put_on_sunglasses,1
1,vp1/run2_2018-05-29-14-33-44.ids_1,3,12840,12930,put_on_sunglasses,2
1,vp1/run2_2018-05-29-14-33-44.ids_1,3,12930,13020,put_on_sunglasses,3
1,vp1/run2_2018-05-29-14-33-44.ids_1,3,13020,13110,put_on_sunglasses,4
1,vp1/run2_2018-05-29-14-33-44.ids_1,3,13110,13200,put_on_sunglasses,5
1,vp1/run2_2018-05-29-14-33-44.ids_1,3,13200,13290,put_on_sunglasses,6
1,vp1/run2_2018-05-29-14-33-44.ids_1,3,13290,13298,put_on_sunglasses,7
1,vp1/run2_2018-05-29-14-33-44.ids_1,4,14250,14340,take_off_jacket,0
1,vp1/run2_2018-05-29-14-33-44.ids_1,4,14340,14430,take_off_jacket,1
1,vp1/run2_2018-05-29-14-33-44.ids_1,4,14430,14520,take_off_jacket,2
1,vp1/run2_2018-05-29-14-33-44.ids_1,4,14520,14610,take_off_jacket,3
1,vp1/run2_2018-05-29-14-33-44.ids_1,4,14610,14700,take_off_jacket,4
1,vp1/run2_2018-05-29-14-33-44.ids_1,4,14700,14790,take_off_jacket,5
1,vp1/run2_2018-05-29-14-33-44.ids_1,4,14790,14880,take_off_jacket,6
1,vp1/run2_2018-05-29-14-33-44.ids_1,4,14880,14948,take_off_jacket,7
1,vp1/run2_2018-05-29-14-33-44.ids_1,5,15540,15630,read_write_magazine,0
1,vp1/run2_2018-05-29-14-33-44.ids_1,5,15630,15720,read_write_magazine,1
1,vp1/run2_2018-05-29-14-33-44.ids_1,5,15720,15810,read_write_magazine,2
1,vp1/run2_2018-05-29-14-33-44.ids_1,5,15810,15900,read_write_magazine,3
1,vp1/run2_2018-05-29-14-33-44.ids_1,5,15900,15990,read_write_magazine,4
1,vp1/run2_2018-05-29-14-33-44.ids_1,5,15990,16080,read_write_magazine,5
1,vp1/run2_2018-05-29-14-33-44.ids_1,5,16080,16170,read_write_magazine,6
1,vp1/run2_2018-05-29-14-33-44.ids_1,5,16170,16260,read_write_magazine,7
1,vp1/run2_2018-05-29-14-33-44.ids_1,5,16260,16350,read_write_magazine,8
1,vp1/run2_2018-05-29-14-33-44.ids_1,5,16350,16440,read_write_magazine,9
1,vp1/run2_2018-05-29-14-33-44.ids_1,5,16440,16530,read_write_magazine,10
1,vp1/run2_2018-05-29-14-33-44.ids_1,5,16530,16620,read_write_magazine,11
1,vp1/run2_2018-05-29-14-33-44.ids_1,5,16620,16710,read_write_magazine,12
1,vp1/run2_2018-05-29-14-33-44.ids_1,5,16710,16800,read_write_magazine,13
1,vp1/run2_2018-05-29-14-33-44.ids_1,5,16800,16890,read_write_magazine,14
1,vp1/run2_2018-05-29-14-33-44.ids_1,5,16890,16980,read_write_magazine,15
1,vp1/run2_2018-05-29-14-33-44.ids_1,5,16980,17070,read_write_magazine,16
1,vp1/run2_2018-05-29-14-33-44.ids_1,5,17070,17160,read_write_magazine,17
1,vp1/run2_2018-05-29-14-33-44.ids_1,5,17160,17250,read_write_magazine,18
1,vp1/run2_2018-05-29-14-33-44.ids_1,5,17250,17340,read_write_magazine,19
1,vp1/run2_2018-05-29-14-33-44.ids_1,5,17340,17430,read_write_magazine,20
1,vp1/run2_2018-05-29-14-33-44.ids_1,5,17430,17520,read_write_magazine,21
1,vp1/run2_2018-05-29-14-33-44.ids_1,5,17520,17610,read_write_magazine,22
1,vp1/run2_2018-05-29-14-33-44.ids_1,5,17610,17700,read_write_magazine,23
1,vp1/run2_2018-05-29-14-33-44.ids_1,5,17700,17790,read_write_magazine,24
1,vp1/run2_2018-05-29-14-33-44.ids_1,5,17790,17880,read_write_magazine,25
1,vp1/run2_2018-05-29-14-33-44.ids_1,5,17880,17970,read_write_magazine,26
1,vp1/run2_2018-05-29-14-33-44.ids_1,5,17970,18060,read_write_magazine,27
1,vp1/run2_2018-05-29-14-33-44.ids_1,5,18060,18150,read_write_magazine,28
1,vp1/run2_2018-05-29-14-33-44.ids_1,5,18150,18240,read_write_magazine,29
1,vp1/run2_2018-05-29-14-33-44.ids_1,5,18240,18330,read_write_magazine,30
1,vp1/run2_2018-05-29-14-33-44.ids_1,5,18330,18420,read_write_magazine,31
1,vp1/run2_2018-05-29-14-33-44.ids_1,5,18420,18510,read_write_magazine,32
1,vp1/run2_2018-05-29-14-33-44.ids_1,5,18510,18600,read_write_magazine,33
1,vp1/run2_2018-05-29-14-33-44.ids_1,5,18600,18690,read_write_magazine,34
1,vp1/run2_2018-05-29-14-33-44.ids_1,5,18690,18780,read_write_magazine,35
1,vp1/run2_2018-05-29-14-33-44.ids_1,5,18780,18788,read_write_magazine,36
1,vp1/run2_2018-05-29-14-33-44.ids_1,6,19470,19560,eat_drink,0
1,vp1/run2_2018-05-29-14-33-44.ids_1,6,19560,19650,eat_drink,1
1,vp1/run2_2018-05-29-14-33-44.ids_1,6,19650,19740,eat_drink,2
1,vp1/run2_2018-05-29-14-33-44.ids_1,6,19740,19830,eat_drink,3
1,vp1/run2_2018-05-29-14-33-44.ids_1,6,19830,19920,eat_drink,4
1,vp1/run2_2018-05-29-14-33-44.ids_1,6,19920,20010,eat_drink,5
1,vp1/run2_2018-05-29-14-33-44.ids_1,6,20010,20100,eat_drink,6
1,vp1/run2_2018-05-29-14-33-44.ids_1,6,20100,20190,eat_drink,7
1,vp1/run2_2018-05-29-14-33-44.ids_1,6,20190,20280,eat_drink,8
1,vp1/run2_2018-05-29-14-33-44.ids_1,6,20280,20370,eat_drink,9
1,vp1/run2_2018-05-29-14-33-44.ids_1,6,20370,20460,eat_drink,10
1,vp1/run2_2018-05-29-14-33-44.ids_1,6,20460,20550,eat_drink,11
1,vp1/run2_2018-05-29-14-33-44.ids_1,6,20550,20640,eat_drink,12
1,vp1/run2_2018-05-29-14-33-44.ids_1,6,20640,20730,eat_drink,13
1,vp1/run2_2018-05-29-14-33-44.ids_1,6,20730,20820,eat_drink,14
1,vp1/run2_2018-05-29-14-33-44.ids_1,6,20820,20910,eat_drink,15
1,vp1/run2_2018-05-29-14-33-44.ids_1,6,20910,21000,eat_drink,16
1,vp1/run2_2018-05-29-14-33-44.ids_1,6,21000,21090,eat_drink,17
1,vp1/run2_2018-05-29-14-33-44.ids_1,6,21090,21180,eat_drink,18
1,vp1/run2_2018-05-29-14-33-44.ids_1,6,21180,21270,eat_drink,19
1,vp1/run2_2018-05-29-14-33-44.ids_1,6,21270,21360,eat_drink,20
1,vp1/run2_2018-05-29-14-33-44.ids_1,6,21360,21450,eat_drink,21
1,vp1/run2_2018-05-29-14-33-44.ids_1,6,21450,21540,eat_drink,22
1,vp1/run2_2018-05-29-14-33-44.ids_1,6,21540,21630,eat_drink,23
1,vp1/run2_2018-05-29-14-33-44.ids_1,6,21630,21720,eat_drink,24
1,vp1/run2_2018-05-29-14-33-44.ids_1,6,21720,21810,eat_drink,25
1,vp1/run2_2018-05-29-14-33-44.ids_1,6,21810,21900,eat_drink,26
1,vp1/run2_2018-05-29-14-33-44.ids_1,6,21900,21990,eat_drink,27
1,vp1/run2_2018-05-29-14-33-44.ids_1,6,21990,22080,eat_drink,28
1,vp1/run2_2018-05-29-14-33-44.ids_1,6,22080,22170,eat_drink,29
1,vp1/run2_2018-05-29-14-33-44.ids_1,6,22170,22260,eat_drink,30
1,vp1/run2_2018-05-29-14-33-44.ids_1,6,22260,22350,eat_drink,31
1,vp1/run2_2018-05-29-14-33-44.ids_1,6,22350,22440,eat_drink,32
1,vp1/run2_2018-05-29-14-33-44.ids_1,6,22440,22530,eat_drink,33
1,vp1/run2_2018-05-29-14-33-44.ids_1,6,22530,22620,eat_drink,34
1,vp1/run2_2018-05-29-14-33-44.ids_1,6,22620,22710,eat_drink,35
1,vp1/run2_2018-05-29-14-33-44.ids_1,6,22710,22748,eat_drink,36
1,vp1/run2_2018-05-29-14-33-44.ids_1,7,23340,23430,read_write_newspaper,0
1,vp1/run2_2018-05-29-14-33-44.ids_1,7,23430,23520,read_write_newspaper,1
1,vp1/run2_2018-05-29-14-33-44.ids_1,7,23520,23610,read_write_newspaper,2
1,vp1/run2_2018-05-29-14-33-44.ids_1,7,23610,23700,read_write_newspaper,3
1,vp1/run2_2018-05-29-14-33-44.ids_1,7,23700,23790,read_write_newspaper,4
1,vp1/run2_2018-05-29-14-33-44.ids_1,7,23790,23880,read_write_newspaper,5
1,vp1/run2_2018-05-29-14-33-44.ids_1,7,23880,23970,read_write_newspaper,6
1,vp1/run2_2018-05-29-14-33-44.ids_1,7,23970,24060,read_write_newspaper,7
1,vp1/run2_2018-05-29-14-33-44.ids_1,7,24060,24150,read_write_newspaper,8
1,vp1/run2_2018-05-29-14-33-44.ids_1,7,24150,24240,read_write_newspaper,9
1,vp1/run2_2018-05-29-14-33-44.ids_1,7,24240,24330,read_write_newspaper,10
1,vp1/run2_2018-05-29-14-33-44.ids_1,7,24330,24420,read_write_newspaper,11
1,vp1/run2_2018-05-29-14-33-44.ids_1,7,24420,24510,read_write_newspaper,12
1,vp1/run2_2018-05-29-14-33-44.ids_1,7,24510,24600,read_write_newspaper,13
1,vp1/run2_2018-05-29-14-33-44.ids_1,7,24600,24690,read_write_newspaper,14
1,vp1/run2_2018-05-29-14-33-44.ids_1,7,24690,24780,read_write_newspaper,15
1,vp1/run2_2018-05-29-14-33-44.ids_1,7,24780,24870,read_write_newspaper,16
1,vp1/run2_2018-05-29-14-33-44.ids_1,7,24870,24960,read_write_newspaper,17
1,vp1/run2_2018-05-29-14-33-44.ids_1,7,24960,25050,read_write_newspaper,18
1,vp1/run2_2018-05-29-14-33-44.ids_1,7,25050,25140,read_write_newspaper,19
1,vp1/run2_2018-05-29-14-33-44.ids_1,7,25140,25230,read_write_newspaper,20
1,vp1/run2_2018-05-29-14-33-44.ids_1,7,25230,25320,read_write_newspaper,21
1,vp1/run2_2018-05-29-14-33-44.ids_1,7,25320,25410,read_write_newspaper,22
1,vp1/run2_2018-05-29-14-33-44.ids_1,7,25410,25500,read_write_newspaper,23
1,vp1/run2_2018-05-29-14-33-44.ids_1,7,25500,25590,read_write_newspaper,24
1,vp1/run2_2018-05-29-14-33-44.ids_1,7,25590,25680,read_write_newspaper,25
1,vp1/run2_2018-05-29-14-33-44.ids_1,7,25680,25770,read_write_newspaper,26
1,vp1/run2_2018-05-29-14-33-44.ids_1,7,25770,25860,read_write_newspaper,27
1,vp1/run2_2018-05-29-14-33-44.ids_1,7,25860,25950,read_write_newspaper,28
1,vp1/run2_2018-05-29-14-33-44.ids_1,7,25950,26018,read_write_newspaper,29
1,vp1/run2_2018-05-29-14-33-44.ids_1,8,26640,26730,watch_video,0
1,vp1/run2_2018-05-29-14-33-44.ids_1,8,26730,26820,watch_video,1
1,vp1/run2_2018-05-29-14-33-44.ids_1,8,26820,26910,watch_video,2
1,vp1/run2_2018-05-29-14-33-44.ids_1,8,26910,27000,watch_video,3
1,vp1/run2_2018-05-29-14-33-44.ids_1,8,27000,27090,watch_video,4
1,vp1/run2_2018-05-29-14-33-44.ids_1,8,27090,27180,watch_video,5
1,vp1/run2_2018-05-29-14-33-44.ids_1,8,27180,27270,watch_video,6
1,vp1/run2_2018-05-29-14-33-44.ids_1,8,27270,27360,watch_video,7
1,vp1/run2_2018-05-29-14-33-44.ids_1,8,27360,27450,watch_video,8
1,vp1/run2_2018-05-29-14-33-44.ids_1,8,27450,27540,watch_video,9
1,vp1/run2_2018-05-29-14-33-44.ids_1,8,27540,27630,watch_video,10
1,vp1/run2_2018-05-29-14-33-44.ids_1,8,27630,27720,watch_video,11
1,vp1/run2_2018-05-29-14-33-44.ids_1,8,27720,27810,watch_video,12
1,vp1/run2_2018-05-29-14-33-44.ids_1,8,27810,27900,watch_video,13
1,vp1/run2_2018-05-29-14-33-44.ids_1,8,27900,27990,watch_video,14
1,vp1/run2_2018-05-29-14-33-44.ids_1,8,27990,28080,watch_video,15
1,vp1/run2_2018-05-29-14-33-44.ids_1,8,28080,28170,watch_video,16
1,vp1/run2_2018-05-29-14-33-44.ids_1,8,28170,28260,watch_video,17
1,vp1/run2_2018-05-29-14-33-44.ids_1,8,28260,28350,watch_video,18
1,vp1/run2_2018-05-29-14-33-44.ids_1,8,28350,28440,watch_video,19
1,vp1/run2_2018-05-29-14-33-44.ids_1,8,28440,28530,watch_video,20
1,vp1/run2_2018-05-29-14-33-44.ids_1,8,28530,28620,watch_video,21
1,vp1/run2_2018-05-29-14-33-44.ids_1,8,28620,28710,watch_video,22
1,vp1/run2_2018-05-29-14-33-44.ids_1,8,28710,28800,watch_video,23
1,vp1/run2_2018-05-29-14-33-44.ids_1,8,28800,28890,watch_video,24
1,vp1/run2_2018-05-29-14-33-44.ids_1,8,28890,28980,watch_video,25
1,vp1/run2_2018-05-29-14-33-44.ids_1,8,28980,29070,watch_video,26
1,vp1/run2_2018-05-29-14-33-44.ids_1,8,29070,29160,watch_video,27
1,vp1/run2_2018-05-29-14-33-44.ids_1,8,29160,29250,watch_video,28
1,vp1/run2_2018-05-29-14-33-44.ids_1,8,29250,29340,watch_video,29
1,vp1/run2_2018-05-29-14-33-44.ids_1,8,29340,29430,watch_video,30
1,vp1/run2_2018-05-29-14-33-44.ids_1,8,29430,29520,watch_video,31
1,vp1/run2_2018-05-29-14-33-44.ids_1,8,29520,29610,watch_video,32
1,vp1/run2_2018-05-29-14-33-44.ids_1,8,29610,29700,watch_video,33
1,vp1/run2_2018-05-29-14-33-44.ids_1,8,29700,29790,watch_video,34
1,vp1/run2_2018-05-29-14-33-44.ids_1,8,29790,29880,watch_video,35
1,vp1/run2_2018-05-29-14-33-44.ids_1,8,29880,29970,watch_video,36
1,vp1/run2_2018-05-29-14-33-44.ids_1,8,29970,30060,watch_video,37
1,vp1/run2_2018-05-29-14-33-44.ids_1,8,30060,30150,watch_video,38
1,vp1/run2_2018-05-29-14-33-44.ids_1,8,30150,30240,watch_video,39
1,vp1/run2_2018-05-29-14-33-44.ids_1,8,30240,30330,watch_video,40
1,vp1/run2_2018-05-29-14-33-44.ids_1,8,30330,30420,watch_video,41
1,vp1/run2_2018-05-29-14-33-44.ids_1,8,30420,30510,watch_video,42
1,vp1/run2_2018-05-29-14-33-44.ids_1,8,30510,30600,watch_video,43
1,vp1/run2_2018-05-29-14-33-44.ids_1,8,30600,30690,watch_video,44
1,vp1/run2_2018-05-29-14-33-44.ids_1,8,30690,30780,watch_video,45
1,vp1/run2_2018-05-29-14-33-44.ids_1,8,30780,30870,watch_video,46
1,vp1/run2_2018-05-29-14-33-44.ids_1,8,30870,30960,watch_video,47
1,vp1/run2_2018-05-29-14-33-44.ids_1,8,30960,31050,watch_video,48
1,vp1/run2_2018-05-29-14-33-44.ids_1,8,31050,31140,watch_video,49
1,vp1/run2_2018-05-29-14-33-44.ids_1,8,31140,31230,watch_video,50
1,vp1/run2_2018-05-29-14-33-44.ids_1,8,31230,31320,watch_video,51
1,vp1/run2_2018-05-29-14-33-44.ids_1,8,31320,31410,watch_video,52
1,vp1/run2_2018-05-29-14-33-44.ids_1,8,31410,31500,watch_video,53
1,vp1/run2_2018-05-29-14-33-44.ids_1,8,31500,31590,watch_video,54
1,vp1/run2_2018-05-29-14-33-44.ids_1,8,31590,31680,watch_video,55
1,vp1/run2_2018-05-29-14-33-44.ids_1,8,31680,31770,watch_video,56
1,vp1/run2_2018-05-29-14-33-44.ids_1,8,31770,31860,watch_video,57
1,vp1/run2_2018-05-29-14-33-44.ids_1,8,31860,31950,watch_video,58
1,vp1/run2_2018-05-29-14-33-44.ids_1,8,31950,32040,watch_video,59
1,vp1/run2_2018-05-29-14-33-44.ids_1,8,32040,32130,watch_video,60
1,vp1/run2_2018-05-29-14-33-44.ids_1,8,32130,32220,watch_video,61
1,vp1/run2_2018-05-29-14-33-44.ids_1,8,32220,32310,watch_video,62
1,vp1/run2_2018-05-29-14-33-44.ids_1,8,32310,32400,watch_video,63
1,vp1/run2_2018-05-29-14-33-44.ids_1,8,32400,32490,watch_video,64
1,vp1/run2_2018-05-29-14-33-44.ids_1,8,32490,32580,watch_video,65
1,vp1/run2_2018-05-29-14-33-44.ids_1,8,32580,32670,watch_video,66
1,vp1/run2_2018-05-29-14-33-44.ids_1,8,32670,32760,watch_video,67
1,vp1/run2_2018-05-29-14-33-44.ids_1,8,32760,32850,watch_video,68
1,vp1/run2_2018-05-29-14-33-44.ids_1,8,32850,32940,watch_video,69
1,vp1/run2_2018-05-29-14-33-44.ids_1,8,32940,33030,watch_video,70
1,vp1/run2_2018-05-29-14-33-44.ids_1,8,33030,33120,watch_video,71
1,vp1/run2_2018-05-29-14-33-44.ids_1,8,33120,33210,watch_video,72
1,vp1/run2_2018-05-29-14-33-44.ids_1,8,33210,33300,watch_video,73
1,vp1/run2_2018-05-29-14-33-44.ids_1,8,33300,33390,watch_video,74
1,vp1/run2_2018-05-29-14-33-44.ids_1,8,33390,33480,watch_video,75
1,vp1/run2_2018-05-29-14-33-44.ids_1,8,33480,33570,watch_video,76
1,vp1/run2_2018-05-29-14-33-44.ids_1,8,33570,33660,watch_video,77
1,vp1/run2_2018-05-29-14-33-44.ids_1,8,33660,33750,watch_video,78
1,vp1/run2_2018-05-29-14-33-44.ids_1,8,33750,33840,watch_video,79
1,vp1/run2_2018-05-29-14-33-44.ids_1,8,33840,33930,watch_video,80
1,vp1/run2_2018-05-29-14-33-44.ids_1,8,33930,34020,watch_video,81
1,vp1/run2_2018-05-29-14-33-44.ids_1,8,34020,34110,watch_video,82
1,vp1/run2_2018-05-29-14-33-44.ids_1,8,34110,34200,watch_video,83
1,vp1/run2_2018-05-29-14-33-44.ids_1,8,34200,34290,watch_video,84
1,vp1/run2_2018-05-29-14-33-44.ids_1,8,34290,34380,watch_video,85
1,vp1/run2_2018-05-29-14-33-44.ids_1,8,34380,34470,watch_video,86
1,vp1/run2_2018-05-29-14-33-44.ids_1,8,34470,34560,watch_video,87
1,vp1/run2_2018-05-29-14-33-44.ids_1,8,34560,34650,watch_video,88
1,vp1/run2_2018-05-29-14-33-44.ids_1,8,34650,34740,watch_video,89
1,vp1/run2_2018-05-29-14-33-44.ids_1,8,34740,34830,watch_video,90
1,vp1/run2_2018-05-29-14-33-44.ids_1,8,34830,34920,watch_video,91
1,vp1/run2_2018-05-29-14-33-44.ids_1,8,34920,35010,watch_video,92
1,vp1/run2_2018-05-29-14-33-44.ids_1,8,35010,35100,watch_video,93
1,vp1/run2_2018-05-29-14-33-44.ids_1,8,35100,35190,watch_video,94
1,vp1/run2_2018-05-29-14-33-44.ids_1,8,35190,35280,watch_video,95
1,vp1/run2_2018-05-29-14-33-44.ids_1,8,35280,35370,watch_video,96
1,vp1/run2_2018-05-29-14-33-44.ids_1,8,35370,35460,watch_video,97
1,vp1/run2_2018-05-29-14-33-44.ids_1,8,35460,35550,watch_video,98
1,vp1/run2_2018-05-29-14-33-44.ids_1,8,35550,35640,watch_video,99
1,vp1/run2_2018-05-29-14-33-44.ids_1,8,35640,35730,watch_video,100
1,vp1/run2_2018-05-29-14-33-44.ids_1,8,35730,35820,watch_video,101
1,vp1/run2_2018-05-29-14-33-44.ids_1,8,35820,35910,watch_video,102
1,vp1/run2_2018-05-29-14-33-44.ids_1,8,35910,36000,watch_video,103
1,vp1/run2_2018-05-29-14-33-44.ids_1,8,36000,36090,watch_video,104
1,vp1/run2_2018-05-29-14-33-44.ids_1,8,36090,36180,watch_video,105
1,vp1/run2_2018-05-29-14-33-44.ids_1,8,36180,36270,watch_video,106
1,vp1/run2_2018-05-29-14-33-44.ids_1,8,36270,36360,watch_video,107
1,vp1/run2_2018-05-29-14-33-44.ids_1,8,36360,36450,watch_video,108
1,vp1/run2_2018-05-29-14-33-44.ids_1,8,36450,36540,watch_video,109
1,vp1/run2_2018-05-29-14-33-44.ids_1,8,36540,36630,watch_video,110
1,vp1/run2_2018-05-29-14-33-44.ids_1,8,36630,36720,watch_video,111
1,vp1/run2_2018-05-29-14-33-44.ids_1,8,36720,36810,watch_video,112
1,vp1/run2_2018-05-29-14-33-44.ids_1,8,36810,36900,watch_video,113
1,vp1/run2_2018-05-29-14-33-44.ids_1,8,36900,36990,watch_video,114
1,vp1/run2_2018-05-29-14-33-44.ids_1,8,36990,37080,watch_video,115
1,vp1/run2_2018-05-29-14-33-44.ids_1,8,37080,37170,watch_video,116
1,vp1/run2_2018-05-29-14-33-44.ids_1,8,37170,37260,watch_video,117
1,vp1/run2_2018-05-29-14-33-44.ids_1,8,37260,37269,watch_video,118
1,vp1/run2_2018-05-29-14-33-44.ids_1,9,37470,37560,take_off_sunglasses,0
1,vp1/run2_2018-05-29-14-33-44.ids_1,9,37560,37650,take_off_sunglasses,1
1,vp1/run2_2018-05-29-14-33-44.ids_1,9,37650,37740,take_off_sunglasses,2
1,vp1/run2_2018-05-29-14-33-44.ids_1,9,37740,37830,take_off_sunglasses,3
1,vp1/run2_2018-05-29-14-33-44.ids_1,9,37830,37920,take_off_sunglasses,4
1,vp1/run2_2018-05-29-14-33-44.ids_1,9,37920,38010,take_off_sunglasses,5
1,vp1/run2_2018-05-29-14-33-44.ids_1,9,38010,38100,take_off_sunglasses,6
1,vp1/run2_2018-05-29-14-33-44.ids_1,9,38100,38190,take_off_sunglasses,7
1,vp1/run2_2018-05-29-14-33-44.ids_1,9,38190,38280,take_off_sunglasses,8
1,vp1/run2_2018-05-29-14-33-44.ids_1,9,38280,38370,take_off_sunglasses,9
1,vp1/run2_2018-05-29-14-33-44.ids_1,9,38370,38409,take_off_sunglasses,10
1,vp1/run2_2018-05-29-14-33-44.ids_1,10,38880,38970,work,0
1,vp1/run2_2018-05-29-14-33-44.ids_1,10,38970,39060,work,1
1,vp1/run2_2018-05-29-14-33-44.ids_1,10,39060,39150,work,2
1,vp1/run2_2018-05-29-14-33-44.ids_1,10,39150,39240,work,3
1,vp1/run2_2018-05-29-14-33-44.ids_1,10,39240,39330,work,4
1,vp1/run2_2018-05-29-14-33-44.ids_1,10,39330,39420,work,5
1,vp1/run2_2018-05-29-14-33-44.ids_1,10,39420,39510,work,6
1,vp1/run2_2018-05-29-14-33-44.ids_1,10,39510,39600,work,7
1,vp1/run2_2018-05-29-14-33-44.ids_1,10,39600,39690,work,8
1,vp1/run2_2018-05-29-14-33-44.ids_1,10,39690,39780,work,9
1,vp1/run2_2018-05-29-14-33-44.ids_1,10,39780,39870,work,10
1,vp1/run2_2018-05-29-14-33-44.ids_1,10,39870,39960,work,11
1,vp1/run2_2018-05-29-14-33-44.ids_1,10,39960,40050,work,12
1,vp1/run2_2018-05-29-14-33-44.ids_1,10,40050,40140,work,13
1,vp1/run2_2018-05-29-14-33-44.ids_1,10,40140,40230,work,14
1,vp1/run2_2018-05-29-14-33-44.ids_1,10,40230,40320,work,15
1,vp1/run2_2018-05-29-14-33-44.ids_1,10,40320,40410,work,16
1,vp1/run2_2018-05-29-14-33-44.ids_1,10,40410,40500,work,17
1,vp1/run2_2018-05-29-14-33-44.ids_1,10,40500,40590,work,18
1,vp1/run2_2018-05-29-14-33-44.ids_1,10,40590,40680,work,19
1,vp1/run2_2018-05-29-14-33-44.ids_1,10,40680,40770,work,20
1,vp1/run2_2018-05-29-14-33-44.ids_1,10,40770,40860,work,21
1,vp1/run2_2018-05-29-14-33-44.ids_1,10,40860,40950,work,22
1,vp1/run2_2018-05-29-14-33-44.ids_1,10,40950,41040,work,23
1,vp1/run2_2018-05-29-14-33-44.ids_1,10,41040,41130,work,24
1,vp1/run2_2018-05-29-14-33-44.ids_1,10,41130,41199,work,25
1,vp1/run2_2018-05-29-14-33-44.ids_1,11,41640,41730,final_task,0
1,vp1/run2_2018-05-29-14-33-44.ids_1,11,41730,41820,final_task,1
1,vp1/run2_2018-05-29-14-33-44.ids_1,11,41820,41910,final_task,2
1,vp1/run2_2018-05-29-14-33-44.ids_1,11,41910,42000,final_task,3
1,vp1/run2_2018-05-29-14-33-44.ids_1,11,42000,42090,final_task,4
1,vp1/run2_2018-05-29-14-33-44.ids_1,11,42090,42180,final_task,5
1,vp1/run2_2018-05-29-14-33-44.ids_1,11,42180,42270,final_task,6
1,vp1/run2_2018-05-29-14-33-44.ids_1,11,42270,42360,final_task,7
1,vp1/run2_2018-05-29-14-33-44.ids_1,11,42360,42450,final_task,8
1,vp1/run2_2018-05-29-14-33-44.ids_1,11,42450,42480,final_task,9
2,vp2/run1_2018-05-03-14-08-31.ids_1,0,240,330,fasten_seat_belt,0
2,vp2/run1_2018-05-03-14-08-31.ids_1,0,330,420,fasten_seat_belt,1
2,vp2/run1_2018-05-03-14-08-31.ids_1,0,420,510,fasten_seat_belt,2
2,vp2/run1_2018-05-03-14-08-31.ids_1,0,510,600,fasten_seat_belt,3
2,vp2/run1_2018-05-03-14-08-31.ids_1,0,600,690,fasten_seat_belt,4
2,vp2/run1_2018-05-03-14-08-31.ids_1,0,690,780,fasten_seat_belt,5
2,vp2/run1_2018-05-03-14-08-31.ids_1,0,780,870,fasten_seat_belt,6
2,vp2/run1_2018-05-03-14-08-31.ids_1,0,870,960,fasten_seat_belt,7
2,vp2/run1_2018-05-03-14-08-31.ids_1,0,960,1050,fasten_seat_belt,8
2,vp2/run1_2018-05-03-14-08-31.ids_1,0,1050,1140,fasten_seat_belt,9
2,vp2/run1_2018-05-03-14-08-31.ids_1,0,1140,1209,fasten_seat_belt,10
2,vp2/run1_2018-05-03-14-08-31.ids_1,1,9330,9420,hand_over,0
2,vp2/run1_2018-05-03-14-08-31.ids_1,1,9420,9510,hand_over,1
2,vp2/run1_2018-05-03-14-08-31.ids_1,1,9510,9600,hand_over,2
2,vp2/run1_2018-05-03-14-08-31.ids_1,1,9600,9668,hand_over,3
2,vp2/run1_2018-05-03-14-08-31.ids_1,2,10020,10110,read_write_newspaper,0
2,vp2/run1_2018-05-03-14-08-31.ids_1,2,10110,10200,read_write_newspaper,1
2,vp2/run1_2018-05-03-14-08-31.ids_1,2,10200,10290,read_write_newspaper,2
2,vp2/run1_2018-05-03-14-08-31.ids_1,2,10290,10380,read_write_newspaper,3
2,vp2/run1_2018-05-03-14-08-31.ids_1,2,10380,10470,read_write_newspaper,4
2,vp2/run1_2018-05-03-14-08-31.ids_1,2,10470,10560,read_write_newspaper,5
2,vp2/run1_2018-05-03-14-08-31.ids_1,2,10560,10650,read_write_newspaper,6
2,vp2/run1_2018-05-03-14-08-31.ids_1,2,10650,10740,read_write_newspaper,7
2,vp2/run1_2018-05-03-14-08-31.ids_1,2,10740,10830,read_write_newspaper,8
2,vp2/run1_2018-05-03-14-08-31.ids_1,2,10830,10920,read_write_newspaper,9
2,vp2/run1_2018-05-03-14-08-31.ids_1,2,10920,11010,read_write_newspaper,10
2,vp2/run1_2018-05-03-14-08-31.ids_1,2,11010,11100,read_write_newspaper,11
2,vp2/run1_2018-05-03-14-08-31.ids_1,2,11100,11190,read_write_newspaper,12
2,vp2/run1_2018-05-03-14-08-31.ids_1,2,11190,11280,read_write_newspaper,13
2,vp2/run1_2018-05-03-14-08-31.ids_1,2,11280,11370,read_write_newspaper,14
2,vp2/run1_2018-05-03-14-08-31.ids_1,2,11370,11460,read_write_newspaper,15
2,vp2/run1_2018-05-03-14-08-31.ids_1,2,11460,11550,read_write_newspaper,16
2,vp2/run1_2018-05-03-14-08-31.ids_1,2,11550,11640,read_write_newspaper,17
2,vp2/run1_2018-05-03-14-08-31.ids_1,2,11640,11730,read_write_newspaper,18
2,vp2/run1_2018-05-03-14-08-31.ids_1,2,11730,11820,read_write_newspaper,19
2,vp2/run1_2018-05-03-14-08-31.ids_1,2,11820,11910,read_write_newspaper,20
2,vp2/run1_2018-05-03-14-08-31.ids_1,2,11910,12000,read_write_newspaper,21
2,vp2/run1_2018-05-03-14-08-31.ids_1,2,12000,12090,read_write_newspaper,22
2,vp2/run1_2018-05-03-14-08-31.ids_1,2,12090,12180,read_write_newspaper,23
2,vp2/run1_2018-05-03-14-08-31.ids_1,2,12180,12270,read_write_newspaper,24
2,vp2/run1_2018-05-03-14-08-31.ids_1,2,12270,12360,read_write_newspaper,25
2,vp2/run1_2018-05-03-14-08-31.ids_1,2,12360,12450,read_write_newspaper,26
2,vp2/run1_2018-05-03-14-08-31.ids_1,2,12450,12540,read_write_newspaper,27
2,vp2/run1_2018-05-03-14-08-31.ids_1,2,12540,12630,read_write_newspaper,28
2,vp2/run1_2018-05-03-14-08-31.ids_1,2,12630,12720,read_write_newspaper,29
2,vp2/run1_2018-05-03-14-08-31.ids_1,2,12720,12810,read_write_newspaper,30
2,vp2/run1_2018-05-03-14-08-31.ids_1,2,12810,12878,read_write_newspaper,31
2,vp2/run1_2018-05-03-14-08-31.ids_1,3,14190,14280,put_on_jacket,0
2,vp2/run1_2018-05-03-14-08-31.ids_1,3,14280,14370,put_on_jacket,1
2,vp2/run1_2018-05-03-14-08-31.ids_1,3,14370,14460,put_on_jacket,2
2,vp2/run1_2018-05-03-14-08-31.ids_1,3,14460,14550,put_on_jacket,3
2,vp2/run1_2018-05-03-14-08-31.ids_1,3,14550,14640,put_on_jacket,4
2,vp2/run1_2018-05-03-14-08-31.ids_1,3,14640,14730,put_on_jacket,5
2,vp2/run1_2018-05-03-14-08-31.ids_1,3,14730,14820,put_on_jacket,6
2,vp2/run1_2018-05-03-14-08-31.ids_1,3,14820,14910,put_on_jacket,7
2,vp2/run1_2018-05-03-14-08-31.ids_1,3,14910,15000,put_on_jacket,8
2,vp2/run1_2018-05-03-14-08-31.ids_1,3,15000,15090,put_on_jacket,9
2,vp2/run1_2018-05-03-14-08-31.ids_1,3,15090,15180,put_on_jacket,10
2,vp2/run1_2018-05-03-14-08-31.ids_1,3,15180,15270,put_on_jacket,11
2,vp2/run1_2018-05-03-14-08-31.ids_1,3,15270,15360,put_on_jacket,12
2,vp2/run1_2018-05-03-14-08-31.ids_1,3,15360,15450,put_on_jacket,13
2,vp2/run1_2018-05-03-14-08-31.ids_1,3,15450,15540,put_on_jacket,14
2,vp2/run1_2018-05-03-14-08-31.ids_1,3,15540,15578,put_on_jacket,15
2,vp2/run1_2018-05-03-14-08-31.ids_1,4,16950,17040,read_write_magazine,0
2,vp2/run1_2018-05-03-14-08-31.ids_1,4,17040,17130,read_write_magazine,1
2,vp2/run1_2018-05-03-14-08-31.ids_1,4,17130,17220,read_write_magazine,2
2,vp2/run1_2018-05-03-14-08-31.ids_1,4,17220,17310,read_write_magazine,3
2,vp2/run1_2018-05-03-14-08-31.ids_1,4,17310,17400,read_write_magazine,4
2,vp2/run1_2018-05-03-14-08-31.ids_1,4,17400,17490,read_write_magazine,5
2,vp2/run1_2018-05-03-14-08-31.ids_1,4,17490,17580,read_write_magazine,6
2,vp2/run1_2018-05-03-14-08-31.ids_1,4,17580,17670,read_write_magazine,7
2,vp2/run1_2018-05-03-14-08-31.ids_1,4,17670,17760,read_write_magazine,8
2,vp2/run1_2018-05-03-14-08-31.ids_1,4,17760,17850,read_write_magazine,9
2,vp2/run1_2018-05-03-14-08-31.ids_1,4,17850,17940,read_write_magazine,10
2,vp2/run1_2018-05-03-14-08-31.ids_1,4,17940,18030,read_write_magazine,11
2,vp2/run1_2018-05-03-14-08-31.ids_1,4,18030,18120,read_write_magazine,12
2,vp2/run1_2018-05-03-14-08-31.ids_1,4,18120,18210,read_write_magazine,13
2,vp2/run1_2018-05-03-14-08-31.ids_1,4,18210,18300,read_write_magazine,14
2,vp2/run1_2018-05-03-14-08-31.ids_1,4,18300,18390,read_write_magazine,15
2,vp2/run1_2018-05-03-14-08-31.ids_1,4,18390,18480,read_write_magazine,16
2,vp2/run1_2018-05-03-14-08-31.ids_1,4,18480,18570,read_write_magazine,17
2,vp2/run1_2018-05-03-14-08-31.ids_1,4,18570,18660,read_write_magazine,18
2,vp2/run1_2018-05-03-14-08-31.ids_1,4,18660,18750,read_write_magazine,19
2,vp2/run1_2018-05-03-14-08-31.ids_1,4,18750,18840,read_write_magazine,20
2,vp2/run1_2018-05-03-14-08-31.ids_1,4,18840,18930,read_write_magazine,21
2,vp2/run1_2018-05-03-14-08-31.ids_1,4,18930,19020,read_write_magazine,22
2,vp2/run1_2018-05-03-14-08-31.ids_1,4,19020,19110,read_write_magazine,23
2,vp2/run1_2018-05-03-14-08-31.ids_1,4,19110,19200,read_write_magazine,24
2,vp2/run1_2018-05-03-14-08-31.ids_1,4,19200,19290,read_write_magazine,25
2,vp2/run1_2018-05-03-14-08-31.ids_1,4,19290,19380,read_write_magazine,26
2,vp2/run1_2018-05-03-14-08-31.ids_1,4,19380,19470,read_write_magazine,27
2,vp2/run1_2018-05-03-14-08-31.ids_1,4,19470,19560,read_write_magazine,28
2,vp2/run1_2018-05-03-14-08-31.ids_1,4,19560,19650,read_write_magazine,29
2,vp2/run1_2018-05-03-14-08-31.ids_1,4,19650,19740,read_write_magazine,30
2,vp2/run1_2018-05-03-14-08-31.ids_1,4,19740,19830,read_write_magazine,31
2,vp2/run1_2018-05-03-14-08-31.ids_1,4,19830,19920,read_write_magazine,32
2,vp2/run1_2018-05-03-14-08-31.ids_1,4,19920,20010,read_write_magazine,33
2,vp2/run1_2018-05-03-14-08-31.ids_1,4,20010,20100,read_write_magazine,34
2,vp2/run1_2018-05-03-14-08-31.ids_1,4,20100,20190,read_write_magazine,35
2,vp2/run1_2018-05-03-14-08-31.ids_1,4,20190,20280,read_write_magazine,36
2,vp2/run1_2018-05-03-14-08-31.ids_1,4,20280,20370,read_write_magazine,37
2,vp2/run1_2018-05-03-14-08-31.ids_1,4,20370,20378,read_write_magazine,38
2,vp2/run1_2018-05-03-14-08-31.ids_1,5,20820,20910,watch_video,0
2,vp2/run1_2018-05-03-14-08-31.ids_1,5,20910,21000,watch_video,1
2,vp2/run1_2018-05-03-14-08-31.ids_1,5,21000,21090,watch_video,2
2,vp2/run1_2018-05-03-14-08-31.ids_1,5,21090,21180,watch_video,3
2,vp2/run1_2018-05-03-14-08-31.ids_1,5,21180,21270,watch_video,4
2,vp2/run1_2018-05-03-14-08-31.ids_1,5,21270,21360,watch_video,5
2,vp2/run1_2018-05-03-14-08-31.ids_1,5,21360,21450,watch_video,6
2,vp2/run1_2018-05-03-14-08-31.ids_1,5,21450,21540,watch_video,7
2,vp2/run1_2018-05-03-14-08-31.ids_1,5,21540,21630,watch_video,8
2,vp2/run1_2018-05-03-14-08-31.ids_1,5,21630,21720,watch_video,9
2,vp2/run1_2018-05-03-14-08-31.ids_1,5,21720,21810,watch_video,10
2,vp2/run1_2018-05-03-14-08-31.ids_1,5,21810,21900,watch_video,11
2,vp2/run1_2018-05-03-14-08-31.ids_1,5,21900,21990,watch_video,12
2,vp2/run1_2018-05-03-14-08-31.ids_1,5,21990,22080,watch_video,13
2,vp2/run1_2018-05-03-14-08-31.ids_1,5,22080,22170,watch_video,14
2,vp2/run1_2018-05-03-14-08-31.ids_1,5,22170,22260,watch_video,15
2,vp2/run1_2018-05-03-14-08-31.ids_1,5,22260,22350,watch_video,16
2,vp2/run1_2018-05-03-14-08-31.ids_1,5,22350,22440,watch_video,17
2,vp2/run1_2018-05-03-14-08-31.ids_1,5,22440,22530,watch_video,18
2,vp2/run1_2018-05-03-14-08-31.ids_1,5,22530,22620,watch_video,19
2,vp2/run1_2018-05-03-14-08-31.ids_1,5,22620,22710,watch_video,20
2,vp2/run1_2018-05-03-14-08-31.ids_1,5,22710,22800,watch_video,21
2,vp2/run1_2018-05-03-14-08-31.ids_1,5,22800,22890,watch_video,22
2,vp2/run1_2018-05-03-14-08-31.ids_1,5,22890,22980,watch_video,23
2,vp2/run1_2018-05-03-14-08-31.ids_1,5,22980,23070,watch_video,24
2,vp2/run1_2018-05-03-14-08-31.ids_1,5,23070,23160,watch_video,25
2,vp2/run1_2018-05-03-14-08-31.ids_1,5,23160,23250,watch_video,26
2,vp2/run1_2018-05-03-14-08-31.ids_1,5,23250,23340,watch_video,27
2,vp2/run1_2018-05-03-14-08-31.ids_1,5,23340,23430,watch_video,28
2,vp2/run1_2018-05-03-14-08-31.ids_1,5,23430,23520,watch_video,29
2,vp2/run1_2018-05-03-14-08-31.ids_1,5,23520,23610,watch_video,30
2,vp2/run1_2018-05-03-14-08-31.ids_1,5,23610,23700,watch_video,31
2,vp2/run1_2018-05-03-14-08-31.ids_1,5,23700,23790,watch_video,32
2,vp2/run1_2018-05-03-14-08-31.ids_1,5,23790,23880,watch_video,33
2,vp2/run1_2018-05-03-14-08-31.ids_1,5,23880,23970,watch_video,34
2,vp2/run1_2018-05-03-14-08-31.ids_1,5,23970,24060,watch_video,35
2,vp2/run1_2018-05-03-14-08-31.ids_1,5,24060,24150,watch_video,36
2,vp2/run1_2018-05-03-14-08-31.ids_1,5,24150,24240,watch_video,37
2,vp2/run1_2018-05-03-14-08-31.ids_1,5,24240,24330,watch_video,38
2,vp2/run1_2018-05-03-14-08-31.ids_1,5,24330,24420,watch_video,39
2,vp2/run1_2018-05-03-14-08-31.ids_1,5,24420,24510,watch_video,40
2,vp2/run1_2018-05-03-14-08-31.ids_1,5,24510,24600,watch_video,41
2,vp2/run1_2018-05-03-14-08-31.ids_1,5,24600,24690,watch_video,42
2,vp2/run1_2018-05-03-14-08-31.ids_1,5,24690,24780,watch_video,43
2,vp2/run1_2018-05-03-14-08-31.ids_1,5,24780,24870,watch_video,44
2,vp2/run1_2018-05-03-14-08-31.ids_1,5,24870,24960,watch_video,45
2,vp2/run1_2018-05-03-14-08-31.ids_1,5,24960,25050,watch_video,46
2,vp2/run1_2018-05-03-14-08-31.ids_1,5,25050,25140,watch_video,47
2,vp2/run1_2018-05-03-14-08-31.ids_1,5,25140,25230,watch_video,48
2,vp2/run1_2018-05-03-14-08-31.ids_1,5,25230,25320,watch_video,49
2,vp2/run1_2018-05-03-14-08-31.ids_1,5,25320,25410,watch_video,50
2,vp2/run1_2018-05-03-14-08-31.ids_1,5,25410,25500,watch_video,51
2,vp2/run1_2018-05-03-14-08-31.ids_1,5,25500,25590,watch_video,52
2,vp2/run1_2018-05-03-14-08-31.ids_1,5,25590,25680,watch_video,53
2,vp2/run1_2018-05-03-14-08-31.ids_1,5,25680,25770,watch_video,54
2,vp2/run1_2018-05-03-14-08-31.ids_1,5,25770,25860,watch_video,55
2,vp2/run1_2018-05-03-14-08-31.ids_1,5,25860,25950,watch_video,56
2,vp2/run1_2018-05-03-14-08-31.ids_1,5,25950,26040,watch_video,57
2,vp2/run1_2018-05-03-14-08-31.ids_1,5,26040,26130,watch_video,58
2,vp2/run1_2018-05-03-14-08-31.ids_1,5,26130,26220,watch_video,59
2,vp2/run1_2018-05-03-14-08-31.ids_1,5,26220,26310,watch_video,60
2,vp2/run1_2018-05-03-14-08-31.ids_1,5,26310,26400,watch_video,61
2,vp2/run1_2018-05-03-14-08-31.ids_1,5,26400,26490,watch_video,62
2,vp2/run1_2018-05-03-14-08-31.ids_1,5,26490,26580,watch_video,63
2,vp2/run1_2018-05-03-14-08-31.ids_1,5,26580,26670,watch_video,64
2,vp2/run1_2018-05-03-14-08-31.ids_1,5,26670,26760,watch_video,65
2,vp2/run1_2018-05-03-14-08-31.ids_1,5,26760,26850,watch_video,66
2,vp2/run1_2018-05-03-14-08-31.ids_1,5,26850,26940,watch_video,67
2,vp2/run1_2018-05-03-14-08-31.ids_1,5,26940,27030,watch_video,68
2,vp2/run1_2018-05-03-14-08-31.ids_1,5,27030,27120,watch_video,69
2,vp2/run1_2018-05-03-14-08-31.ids_1,5,27120,27210,watch_video,70
2,vp2/run1_2018-05-03-14-08-31.ids_1,5,27210,27300,watch_video,71
2,vp2/run1_2018-05-03-14-08-31.ids_1,5,27300,27390,watch_video,72
2,vp2/run1_2018-05-03-14-08-31.ids_1,5,27390,27480,watch_video,73
2,vp2/run1_2018-05-03-14-08-31.ids_1,5,27480,27570,watch_video,74
2,vp2/run1_2018-05-03-14-08-31.ids_1,5,27570,27660,watch_video,75
2,vp2/run1_2018-05-03-14-08-31.ids_1,5,27660,27750,watch_video,76
2,vp2/run1_2018-05-03-14-08-31.ids_1,5,27750,27840,watch_video,77
2,vp2/run1_2018-05-03-14-08-31.ids_1,5,27840,27930,watch_video,78
2,vp2/run1_2018-05-03-14-08-31.ids_1,5,27930,28020,watch_video,79
2,vp2/run1_2018-05-03-14-08-31.ids_1,5,28020,28110,watch_video,80
2,vp2/run1_2018-05-03-14-08-31.ids_1,5,28110,28200,watch_video,81
2,vp2/run1_2018-05-03-14-08-31.ids_1,5,28200,28290,watch_video,82
2,vp2/run1_2018-05-03-14-08-31.ids_1,5,28290,28380,watch_video,83
2,vp2/run1_2018-05-03-14-08-31.ids_1,5,28380,28470,watch_video,84
2,vp2/run1_2018-05-03-14-08-31.ids_1,5,28470,28560,watch_video,85
2,vp2/run1_2018-05-03-14-08-31.ids_1,5,28560,28650,watch_video,86
2,vp2/run1_2018-05-03-14-08-31.ids_1,5,28650,28740,watch_video,87
2,vp2/run1_2018-05-03-14-08-31.ids_1,5,28740,28830,watch_video,88
2,vp2/run1_2018-05-03-14-08-31.ids_1,5,28830,28920,watch_video,89
2,vp2/run1_2018-05-03-14-08-31.ids_1,5,28920,29010,watch_video,90
2,vp2/run1_2018-05-03-14-08-31.ids_1,5,29010,29100,watch_video,91
2,vp2/run1_2018-05-03-14-08-31.ids_1,5,29100,29190,watch_video,92
2,vp2/run1_2018-05-03-14-08-31.ids_1,5,29190,29280,watch_video,93
2,vp2/run1_2018-05-03-14-08-31.ids_1,5,29280,29370,watch_video,94
2,vp2/run1_2018-05-03-14-08-31.ids_1,5,29370,29460,watch_video,95
2,vp2/run1_2018-05-03-14-08-31.ids_1,5,29460,29498,watch_video,96
2,vp2/run1_2018-05-03-14-08-31.ids_1,6,30480,30570,take_off_jacket,0
2,vp2/run1_2018-05-03-14-08-31.ids_1,6,30570,30660,take_off_jacket,1
2,vp2/run1_2018-05-03-14-08-31.ids_1,6,30660,30750,take_off_jacket,2
2,vp2/run1_2018-05-03-14-08-31.ids_1,6,30750,30840,take_off_jacket,3
2,vp2/run1_2018-05-03-14-08-31.ids_1,6,30840,30930,take_off_jacket,4
2,vp2/run1_2018-05-03-14-08-31.ids_1,6,30930,31020,take_off_jacket,5
2,vp2/run1_2018-05-03-14-08-31.ids_1,6,31020,31110,take_off_jacket,6
2,vp2/run1_2018-05-03-14-08-31.ids_1,6,31110,31200,take_off_jacket,7
2,vp2/run1_2018-05-03-14-08-31.ids_1,6,31200,31290,take_off_jacket,8
2,vp2/run1_2018-05-03-14-08-31.ids_1,6,31290,31329,take_off_jacket,9
2,vp2/run1_2018-05-03-14-08-31.ids_1,7,32040,32130,put_on_sunglasses,0
2,vp2/run1_2018-05-03-14-08-31.ids_1,7,32130,32220,put_on_sunglasses,1
2,vp2/run1_2018-05-03-14-08-31.ids_1,7,32220,32310,put_on_sunglasses,2
2,vp2/run1_2018-05-03-14-08-31.ids_1,7,32310,32400,put_on_sunglasses,3
2,vp2/run1_2018-05-03-14-08-31.ids_1,7,32400,32490,put_on_sunglasses,4
2,vp2/run1_2018-05-03-14-08-31.ids_1,7,32490,32529,put_on_sunglasses,5
2,vp2/run1_2018-05-03-14-08-31.ids_1,8,33900,33990,work,0
2,vp2/run1_2018-05-03-14-08-31.ids_1,8,33990,34080,work,1
2,vp2/run1_2018-05-03-14-08-31.ids_1,8,34080,34170,work,2
2,vp2/run1_2018-05-03-14-08-31.ids_1,8,34170,34260,work,3
2,vp2/run1_2018-05-03-14-08-31.ids_1,8,34260,34350,work,4
2,vp2/run1_2018-05-03-14-08-31.ids_1,8,34350,34440,work,5
2,vp2/run1_2018-05-03-14-08-31.ids_1,8,34440,34530,work,6
2,vp2/run1_2018-05-03-14-08-31.ids_1,8,34530,34620,work,7
2,vp2/run1_2018-05-03-14-08-31.ids_1,8,34620,34710,work,8
2,vp2/run1_2018-05-03-14-08-31.ids_1,8,34710,34800,work,9
2,vp2/run1_2018-05-03-14-08-31.ids_1,8,34800,34890,work,10
2,vp2/run1_2018-05-03-14-08-31.ids_1,8,34890,34980,work,11
2,vp2/run1_2018-05-03-14-08-31.ids_1,8,34980,35070,work,12
2,vp2/run1_2018-05-03-14-08-31.ids_1,8,35070,35160,work,13
2,vp2/run1_2018-05-03-14-08-31.ids_1,8,35160,35250,work,14
2,vp2/run1_2018-05-03-14-08-31.ids_1,8,35250,35340,work,15
2,vp2/run1_2018-05-03-14-08-31.ids_1,8,35340,35430,work,16
2,vp2/run1_2018-05-03-14-08-31.ids_1,8,35430,35520,work,17
2,vp2/run1_2018-05-03-14-08-31.ids_1,8,35520,35610,work,18
2,vp2/run1_2018-05-03-14-08-31.ids_1,8,35610,35700,work,19
2,vp2/run1_2018-05-03-14-08-31.ids_1,8,35700,35790,work,20
2,vp2/run1_2018-05-03-14-08-31.ids_1,8,35790,35880,work,21
2,vp2/run1_2018-05-03-14-08-31.ids_1,8,35880,35970,work,22
2,vp2/run1_2018-05-03-14-08-31.ids_1,8,35970,36060,work,23
2,vp2/run1_2018-05-03-14-08-31.ids_1,8,36060,36150,work,24
2,vp2/run1_2018-05-03-14-08-31.ids_1,8,36150,36240,work,25
2,vp2/run1_2018-05-03-14-08-31.ids_1,8,36240,36330,work,26
2,vp2/run1_2018-05-03-14-08-31.ids_1,8,36330,36369,work,27
2,vp2/run1_2018-05-03-14-08-31.ids_1,9,39390,39480,eat_drink,0
2,vp2/run1_2018-05-03-14-08-31.ids_1,9,39480,39570,eat_drink,1
2,vp2/run1_2018-05-03-14-08-31.ids_1,9,39570,39660,eat_drink,2
2,vp2/run1_2018-05-03-14-08-31.ids_1,9,39660,39750,eat_drink,3
2,vp2/run1_2018-05-03-14-08-31.ids_1,9,39750,39840,eat_drink,4
2,vp2/run1_2018-05-03-14-08-31.ids_1,9,39840,39930,eat_drink,5
2,vp2/run1_2018-05-03-14-08-31.ids_1,9,39930,40020,eat_drink,6
2,vp2/run1_2018-05-03-14-08-31.ids_1,9,40020,40110,eat_drink,7
2,vp2/run1_2018-05-03-14-08-31.ids_1,9,40110,40200,eat_drink,8
2,vp2/run1_2018-05-03-14-08-31.ids_1,9,40200,40290,eat_drink,9
2,vp2/run1_2018-05-03-14-08-31.ids_1,9,40290,40380,eat_drink,10
2,vp2/run1_2018-05-03-14-08-31.ids_1,9,40380,40470,eat_drink,11
2,vp2/run1_2018-05-03-14-08-31.ids_1,9,40470,40560,eat_drink,12
2,vp2/run1_2018-05-03-14-08-31.ids_1,9,40560,40650,eat_drink,13
2,vp2/run1_2018-05-03-14-08-31.ids_1,9,40650,40740,eat_drink,14
2,vp2/run1_2018-05-03-14-08-31.ids_1,9,40740,40830,eat_drink,15
2,vp2/run1_2018-05-03-14-08-31.ids_1,9,40830,40869,eat_drink,16
2,vp2/run1_2018-05-03-14-08-31.ids_1,10,40890,40980,take_off_sunglasses,0
2,vp2/run1_2018-05-03-14-08-31.ids_1,10,40980,41070,take_off_sunglasses,1
2,vp2/run1_2018-05-03-14-08-31.ids_1,10,41070,41109,take_off_sunglasses,2
2,vp2/run2_2018-05-24-17-22-26.ids_1,0,0,90,fasten_seat_belt,0
2,vp2/run2_2018-05-24-17-22-26.ids_1,0,90,180,fasten_seat_belt,1
2,vp2/run2_2018-05-24-17-22-26.ids_1,0,180,270,fasten_seat_belt,2
2,vp2/run2_2018-05-24-17-22-26.ids_1,0,270,360,fasten_seat_belt,3
2,vp2/run2_2018-05-24-17-22-26.ids_1,0,360,450,fasten_seat_belt,4
2,vp2/run2_2018-05-24-17-22-26.ids_1,0,450,540,fasten_seat_belt,5
2,vp2/run2_2018-05-24-17-22-26.ids_1,0,540,630,fasten_seat_belt,6
2,vp2/run2_2018-05-24-17-22-26.ids_1,0,630,720,fasten_seat_belt,7
2,vp2/run2_2018-05-24-17-22-26.ids_1,0,720,810,fasten_seat_belt,8
2,vp2/run2_2018-05-24-17-22-26.ids_1,0,810,900,fasten_seat_belt,9
2,vp2/run2_2018-05-24-17-22-26.ids_1,0,900,990,fasten_seat_belt,10
2,vp2/run2_2018-05-24-17-22-26.ids_1,0,990,1029,fasten_seat_belt,11
2,vp2/run2_2018-05-24-17-22-26.ids_1,1,6420,6510,hand_over,0
2,vp2/run2_2018-05-24-17-22-26.ids_1,1,6510,6600,hand_over,1
2,vp2/run2_2018-05-24-17-22-26.ids_1,1,6600,6690,hand_over,2
2,vp2/run2_2018-05-24-17-22-26.ids_1,1,6690,6780,hand_over,3
2,vp2/run2_2018-05-24-17-22-26.ids_1,1,6780,6870,hand_over,4
2,vp2/run2_2018-05-24-17-22-26.ids_1,1,6870,6909,hand_over,5
2,vp2/run2_2018-05-24-17-22-26.ids_1,2,7800,7890,read_write_newspaper,0
2,vp2/run2_2018-05-24-17-22-26.ids_1,2,7890,7980,read_write_newspaper,1
2,vp2/run2_2018-05-24-17-22-26.ids_1,2,7980,8070,read_write_newspaper,2
2,vp2/run2_2018-05-24-17-22-26.ids_1,2,8070,8160,read_write_newspaper,3
2,vp2/run2_2018-05-24-17-22-26.ids_1,2,8160,8250,read_write_newspaper,4
2,vp2/run2_2018-05-24-17-22-26.ids_1,2,8250,8340,read_write_newspaper,5
2,vp2/run2_2018-05-24-17-22-26.ids_1,2,8340,8430,read_write_newspaper,6
2,vp2/run2_2018-05-24-17-22-26.ids_1,2,8430,8520,read_write_newspaper,7
2,vp2/run2_2018-05-24-17-22-26.ids_1,2,8520,8610,read_write_newspaper,8
2,vp2/run2_2018-05-24-17-22-26.ids_1,2,8610,8700,read_write_newspaper,9
2,vp2/run2_2018-05-24-17-22-26.ids_1,2,8700,8790,read_write_newspaper,10
2,vp2/run2_2018-05-24-17-22-26.ids_1,2,8790,8880,read_write_newspaper,11
2,vp2/run2_2018-05-24-17-22-26.ids_1,2,8880,8970,read_write_newspaper,12
2,vp2/run2_2018-05-24-17-22-26.ids_1,2,8970,9060,read_write_newspaper,13
2,vp2/run2_2018-05-24-17-22-26.ids_1,2,9060,9150,read_write_newspaper,14
2,vp2/run2_2018-05-24-17-22-26.ids_1,2,9150,9240,read_write_newspaper,15
2,vp2/run2_2018-05-24-17-22-26.ids_1,2,9240,9330,read_write_newspaper,16
2,vp2/run2_2018-05-24-17-22-26.ids_1,2,9330,9420,read_write_newspaper,17
2,vp2/run2_2018-05-24-17-22-26.ids_1,2,9420,9510,read_write_newspaper,18
2,vp2/run2_2018-05-24-17-22-26.ids_1,2,9510,9600,read_write_newspaper,19
2,vp2/run2_2018-05-24-17-22-26.ids_1,2,9600,9690,read_write_newspaper,20
2,vp2/run2_2018-05-24-17-22-26.ids_1,2,9690,9780,read_write_newspaper,21
2,vp2/run2_2018-05-24-17-22-26.ids_1,2,9780,9870,read_write_newspaper,22
2,vp2/run2_2018-05-24-17-22-26.ids_1,2,9870,9960,read_write_newspaper,23
2,vp2/run2_2018-05-24-17-22-26.ids_1,2,9960,10050,read_write_newspaper,24
2,vp2/run2_2018-05-24-17-22-26.ids_1,2,10050,10140,read_write_newspaper,25
2,vp2/run2_2018-05-24-17-22-26.ids_1,2,10140,10230,read_write_newspaper,26
2,vp2/run2_2018-05-24-17-22-26.ids_1,2,10230,10320,read_write_newspaper,27
2,vp2/run2_2018-05-24-17-22-26.ids_1,2,10320,10410,read_write_newspaper,28
2,vp2/run2_2018-05-24-17-22-26.ids_1,2,10410,10500,read_write_newspaper,29
2,vp2/run2_2018-05-24-17-22-26.ids_1,2,10500,10590,read_write_newspaper,30
2,vp2/run2_2018-05-24-17-22-26.ids_1,2,10590,10680,read_write_newspaper,31
2,vp2/run2_2018-05-24-17-22-26.ids_1,2,10680,10770,read_write_newspaper,32
2,vp2/run2_2018-05-24-17-22-26.ids_1,2,10770,10860,read_write_newspaper,33
2,vp2/run2_2018-05-24-17-22-26.ids_1,2,10860,10950,read_write_newspaper,34
2,vp2/run2_2018-05-24-17-22-26.ids_1,2,10950,11040,read_write_newspaper,35
2,vp2/run2_2018-05-24-17-22-26.ids_1,2,11040,11130,read_write_newspaper,36
2,vp2/run2_2018-05-24-17-22-26.ids_1,2,11130,11220,read_write_newspaper,37
2,vp2/run2_2018-05-24-17-22-26.ids_1,2,11220,11310,read_write_newspaper,38
2,vp2/run2_2018-05-24-17-22-26.ids_1,2,11310,11318,read_write_newspaper,39
2,vp2/run2_2018-05-24-17-22-26.ids_1,3,11610,11700,read_write_magazine,0
2,vp2/run2_2018-05-24-17-22-26.ids_1,3,11700,11790,read_write_magazine,1
2,vp2/run2_2018-05-24-17-22-26.ids_1,3,11790,11880,read_write_magazine,2
2,vp2/run2_2018-05-24-17-22-26.ids_1,3,11880,11970,read_write_magazine,3
2,vp2/run2_2018-05-24-17-22-26.ids_1,3,11970,12060,read_write_magazine,4
2,vp2/run2_2018-05-24-17-22-26.ids_1,3,12060,12150,read_write_magazine,5
2,vp2/run2_2018-05-24-17-22-26.ids_1,3,12150,12240,read_write_magazine,6
2,vp2/run2_2018-05-24-17-22-26.ids_1,3,12240,12330,read_write_magazine,7
2,vp2/run2_2018-05-24-17-22-26.ids_1,3,12330,12420,read_write_magazine,8
2,vp2/run2_2018-05-24-17-22-26.ids_1,3,12420,12510,read_write_magazine,9
2,vp2/run2_2018-05-24-17-22-26.ids_1,3,12510,12600,read_write_magazine,10
2,vp2/run2_2018-05-24-17-22-26.ids_1,3,12600,12690,read_write_magazine,11
2,vp2/run2_2018-05-24-17-22-26.ids_1,3,12690,12780,read_write_magazine,12
2,vp2/run2_2018-05-24-17-22-26.ids_1,3,12780,12870,read_write_magazine,13
2,vp2/run2_2018-05-24-17-22-26.ids_1,3,12870,12960,read_write_magazine,14
2,vp2/run2_2018-05-24-17-22-26.ids_1,3,12960,13050,read_write_magazine,15
2,vp2/run2_2018-05-24-17-22-26.ids_1,3,13050,13140,read_write_magazine,16
2,vp2/run2_2018-05-24-17-22-26.ids_1,3,13140,13230,read_write_magazine,17
2,vp2/run2_2018-05-24-17-22-26.ids_1,3,13230,13320,read_write_magazine,18
2,vp2/run2_2018-05-24-17-22-26.ids_1,3,13320,13410,read_write_magazine,19
2,vp2/run2_2018-05-24-17-22-26.ids_1,3,13410,13500,read_write_magazine,20
2,vp2/run2_2018-05-24-17-22-26.ids_1,3,13500,13590,read_write_magazine,21
2,vp2/run2_2018-05-24-17-22-26.ids_1,3,13590,13680,read_write_magazine,22
2,vp2/run2_2018-05-24-17-22-26.ids_1,3,13680,13770,read_write_magazine,23
2,vp2/run2_2018-05-24-17-22-26.ids_1,3,13770,13860,read_write_magazine,24
2,vp2/run2_2018-05-24-17-22-26.ids_1,3,13860,13950,read_write_magazine,25
2,vp2/run2_2018-05-24-17-22-26.ids_1,3,13950,14040,read_write_magazine,26
2,vp2/run2_2018-05-24-17-22-26.ids_1,3,14040,14130,read_write_magazine,27
2,vp2/run2_2018-05-24-17-22-26.ids_1,3,14130,14220,read_write_magazine,28
2,vp2/run2_2018-05-24-17-22-26.ids_1,3,14220,14310,read_write_magazine,29
2,vp2/run2_2018-05-24-17-22-26.ids_1,3,14310,14400,read_write_magazine,30
2,vp2/run2_2018-05-24-17-22-26.ids_1,3,14400,14490,read_write_magazine,31
2,vp2/run2_2018-05-24-17-22-26.ids_1,3,14490,14580,read_write_magazine,32
2,vp2/run2_2018-05-24-17-22-26.ids_1,3,14580,14670,read_write_magazine,33
2,vp2/run2_2018-05-24-17-22-26.ids_1,3,14670,14760,read_write_magazine,34
2,vp2/run2_2018-05-24-17-22-26.ids_1,3,14760,14850,read_write_magazine,35
2,vp2/run2_2018-05-24-17-22-26.ids_1,3,14850,14940,read_write_magazine,36
2,vp2/run2_2018-05-24-17-22-26.ids_1,3,14940,15030,read_write_magazine,37
2,vp2/run2_2018-05-24-17-22-26.ids_1,3,15030,15120,read_write_magazine,38
2,vp2/run2_2018-05-24-17-22-26.ids_1,3,15120,15210,read_write_magazine,39
2,vp2/run2_2018-05-24-17-22-26.ids_1,3,15210,15300,read_write_magazine,40
2,vp2/run2_2018-05-24-17-22-26.ids_1,3,15300,15390,read_write_magazine,41
2,vp2/run2_2018-05-24-17-22-26.ids_1,3,15390,15480,read_write_magazine,42
2,vp2/run2_2018-05-24-17-22-26.ids_1,3,15480,15570,read_write_magazine,43
2,vp2/run2_2018-05-24-17-22-26.ids_1,3,15570,15660,read_write_magazine,44
2,vp2/run2_2018-05-24-17-22-26.ids_1,3,15660,15750,read_write_magazine,45
2,vp2/run2_2018-05-24-17-22-26.ids_1,3,15750,15840,read_write_magazine,46
2,vp2/run2_2018-05-24-17-22-26.ids_1,3,15840,15908,read_write_magazine,47
2,vp2/run2_2018-05-24-17-22-26.ids_1,4,16320,16410,put_on_jacket,0
2,vp2/run2_2018-05-24-17-22-26.ids_1,4,16410,16500,put_on_jacket,1
2,vp2/run2_2018-05-24-17-22-26.ids_1,4,16500,16590,put_on_jacket,2
2,vp2/run2_2018-05-24-17-22-26.ids_1,4,16590,16680,put_on_jacket,3
2,vp2/run2_2018-05-24-17-22-26.ids_1,4,16680,16770,put_on_jacket,4
2,vp2/run2_2018-05-24-17-22-26.ids_1,4,16770,16860,put_on_jacket,5
2,vp2/run2_2018-05-24-17-22-26.ids_1,4,16860,16950,put_on_jacket,6
2,vp2/run2_2018-05-24-17-22-26.ids_1,4,16950,17040,put_on_jacket,7
2,vp2/run2_2018-05-24-17-22-26.ids_1,4,17040,17130,put_on_jacket,8
2,vp2/run2_2018-05-24-17-22-26.ids_1,4,17130,17220,put_on_jacket,9
2,vp2/run2_2018-05-24-17-22-26.ids_1,4,17220,17310,put_on_jacket,10
2,vp2/run2_2018-05-24-17-22-26.ids_1,4,17310,17400,put_on_jacket,11
2,vp2/run2_2018-05-24-17-22-26.ids_1,4,17400,17438,put_on_jacket,12
2,vp2/run2_2018-05-24-17-22-26.ids_1,5,18240,18330,put_on_sunglasses,0
2,vp2/run2_2018-05-24-17-22-26.ids_1,5,18330,18420,put_on_sunglasses,1
2,vp2/run2_2018-05-24-17-22-26.ids_1,5,18420,18510,put_on_sunglasses,2
2,vp2/run2_2018-05-24-17-22-26.ids_1,5,18510,18600,put_on_sunglasses,3
2,vp2/run2_2018-05-24-17-22-26.ids_1,5,18600,18690,put_on_sunglasses,4
2,vp2/run2_2018-05-24-17-22-26.ids_1,5,18690,18780,put_on_sunglasses,5
2,vp2/run2_2018-05-24-17-22-26.ids_1,5,18780,18870,put_on_sunglasses,6
2,vp2/run2_2018-05-24-17-22-26.ids_1,5,18870,18960,put_on_sunglasses,7
2,vp2/run2_2018-05-24-17-22-26.ids_1,5,18960,19050,put_on_sunglasses,8
2,vp2/run2_2018-05-24-17-22-26.ids_1,5,19050,19118,put_on_sunglasses,9
2,vp2/run2_2018-05-24-17-22-26.ids_1,6,19590,19680,eat_drink,0
2,vp2/run2_2018-05-24-17-22-26.ids_1,6,19680,19770,eat_drink,1
2,vp2/run2_2018-05-24-17-22-26.ids_1,6,19770,19860,eat_drink,2
2,vp2/run2_2018-05-24-17-22-26.ids_1,6,19860,19950,eat_drink,3
2,vp2/run2_2018-05-24-17-22-26.ids_1,6,19950,20040,eat_drink,4
2,vp2/run2_2018-05-24-17-22-26.ids_1,6,20040,20130,eat_drink,5
2,vp2/run2_2018-05-24-17-22-26.ids_1,6,20130,20220,eat_drink,6
2,vp2/run2_2018-05-24-17-22-26.ids_1,6,20220,20310,eat_drink,7
2,vp2/run2_2018-05-24-17-22-26.ids_1,6,20310,20400,eat_drink,8
2,vp2/run2_2018-05-24-17-22-26.ids_1,6,20400,20490,eat_drink,9
2,vp2/run2_2018-05-24-17-22-26.ids_1,6,20490,20580,eat_drink,10
2,vp2/run2_2018-05-24-17-22-26.ids_1,6,20580,20670,eat_drink,11
2,vp2/run2_2018-05-24-17-22-26.ids_1,6,20670,20760,eat_drink,12
2,vp2/run2_2018-05-24-17-22-26.ids_1,6,20760,20850,eat_drink,13
2,vp2/run2_2018-05-24-17-22-26.ids_1,6,20850,20940,eat_drink,14
2,vp2/run2_2018-05-24-17-22-26.ids_1,6,20940,21030,eat_drink,15
2,vp2/run2_2018-05-24-17-22-26.ids_1,6,21030,21120,eat_drink,16
2,vp2/run2_2018-05-24-17-22-26.ids_1,6,21120,21210,eat_drink,17
2,vp2/run2_2018-05-24-17-22-26.ids_1,6,21210,21300,eat_drink,18
2,vp2/run2_2018-05-24-17-22-26.ids_1,6,21300,21390,eat_drink,19
2,vp2/run2_2018-05-24-17-22-26.ids_1,6,21390,21480,eat_drink,20
2,vp2/run2_2018-05-24-17-22-26.ids_1,6,21480,21570,eat_drink,21
2,vp2/run2_2018-05-24-17-22-26.ids_1,6,21570,21660,eat_drink,22
2,vp2/run2_2018-05-24-17-22-26.ids_1,6,21660,21750,eat_drink,23
2,vp2/run2_2018-05-24-17-22-26.ids_1,6,21750,21840,eat_drink,24
2,vp2/run2_2018-05-24-17-22-26.ids_1,6,21840,21930,eat_drink,25
2,vp2/run2_2018-05-24-17-22-26.ids_1,6,21930,22020,eat_drink,26
2,vp2/run2_2018-05-24-17-22-26.ids_1,6,22020,22110,eat_drink,27
2,vp2/run2_2018-05-24-17-22-26.ids_1,6,22110,22200,eat_drink,28
2,vp2/run2_2018-05-24-17-22-26.ids_1,6,22200,22290,eat_drink,29
2,vp2/run2_2018-05-24-17-22-26.ids_1,6,22290,22380,eat_drink,30
2,vp2/run2_2018-05-24-17-22-26.ids_1,6,22380,22470,eat_drink,31
2,vp2/run2_2018-05-24-17-22-26.ids_1,6,22470,22560,eat_drink,32
2,vp2/run2_2018-05-24-17-22-26.ids_1,6,22560,22568,eat_drink,33
2,vp2/run2_2018-05-24-17-22-26.ids_1,7,23640,23730,take_off_jacket,0
2,vp2/run2_2018-05-24-17-22-26.ids_1,7,23730,23820,take_off_jacket,1
2,vp2/run2_2018-05-24-17-22-26.ids_1,7,23820,23910,take_off_jacket,2
2,vp2/run2_2018-05-24-17-22-26.ids_1,7,23910,24000,take_off_jacket,3
2,vp2/run2_2018-05-24-17-22-26.ids_1,7,24000,24090,take_off_jacket,4
2,vp2/run2_2018-05-24-17-22-26.ids_1,7,24090,24180,take_off_jacket,5
2,vp2/run2_2018-05-24-17-22-26.ids_1,7,24180,24270,take_off_jacket,6
2,vp2/run2_2018-05-24-17-22-26.ids_1,7,24270,24360,take_off_jacket,7
2,vp2/run2_2018-05-24-17-22-26.ids_1,7,24360,24368,take_off_jacket,8
2,vp2/run2_2018-05-24-17-22-26.ids_1,8,24630,24720,work,0
2,vp2/run2_2018-05-24-17-22-26.ids_1,8,24720,24810,work,1
2,vp2/run2_2018-05-24-17-22-26.ids_1,8,24810,24900,work,2
2,vp2/run2_2018-05-24-17-22-26.ids_1,8,24900,24990,work,3
2,vp2/run2_2018-05-24-17-22-26.ids_1,8,24990,25080,work,4
2,vp2/run2_2018-05-24-17-22-26.ids_1,8,25080,25170,work,5
2,vp2/run2_2018-05-24-17-22-26.ids_1,8,25170,25260,work,6
2,vp2/run2_2018-05-24-17-22-26.ids_1,8,25260,25350,work,7
2,vp2/run2_2018-05-24-17-22-26.ids_1,8,25350,25440,work,8
2,vp2/run2_2018-05-24-17-22-26.ids_1,8,25440,25530,work,9
2,vp2/run2_2018-05-24-17-22-26.ids_1,8,25530,25620,work,10
2,vp2/run2_2018-05-24-17-22-26.ids_1,8,25620,25710,work,11
2,vp2/run2_2018-05-24-17-22-26.ids_1,8,25710,25800,work,12
2,vp2/run2_2018-05-24-17-22-26.ids_1,8,25800,25890,work,13
2,vp2/run2_2018-05-24-17-22-26.ids_1,8,25890,25980,work,14
2,vp2/run2_2018-05-24-17-22-26.ids_1,8,25980,26070,work,15
2,vp2/run2_2018-05-24-17-22-26.ids_1,8,26070,26160,work,16
2,vp2/run2_2018-05-24-17-22-26.ids_1,8,26160,26250,work,17
2,vp2/run2_2018-05-24-17-22-26.ids_1,8,26250,26340,work,18
2,vp2/run2_2018-05-24-17-22-26.ids_1,8,26340,26430,work,19
2,vp2/run2_2018-05-24-17-22-26.ids_1,8,26430,26520,work,20
2,vp2/run2_2018-05-24-17-22-26.ids_1,8,26520,26610,work,21
2,vp2/run2_2018-05-24-17-22-26.ids_1,8,26610,26700,work,22
2,vp2/run2_2018-05-24-17-22-26.ids_1,8,26700,26790,work,23
2,vp2/run2_2018-05-24-17-22-26.ids_1,8,26790,26880,work,24
2,vp2/run2_2018-05-24-17-22-26.ids_1,8,26880,26970,work,25
2,vp2/run2_2018-05-24-17-22-26.ids_1,8,26970,27060,work,26
2,vp2/run2_2018-05-24-17-22-26.ids_1,8,27060,27150,work,27
2,vp2/run2_2018-05-24-17-22-26.ids_1,8,27150,27240,work,28
2,vp2/run2_2018-05-24-17-22-26.ids_1,8,27240,27330,work,29
2,vp2/run2_2018-05-24-17-22-26.ids_1,8,27330,27420,work,30
2,vp2/run2_2018-05-24-17-22-26.ids_1,8,27420,27510,work,31
2,vp2/run2_2018-05-24-17-22-26.ids_1,8,27510,27600,work,32
2,vp2/run2_2018-05-24-17-22-26.ids_1,8,27600,27638,work,33
2,vp2/run2_2018-05-24-17-22-26.ids_1,9,27990,28080,watch_video,0
2,vp2/run2_2018-05-24-17-22-26.ids_1,9,28080,28170,watch_video,1
2,vp2/run2_2018-05-24-17-22-26.ids_1,9,28170,28260,watch_video,2
2,vp2/run2_2018-05-24-17-22-26.ids_1,9,28260,28350,watch_video,3
2,vp2/run2_2018-05-24-17-22-26.ids_1,9,28350,28440,watch_video,4
2,vp2/run2_2018-05-24-17-22-26.ids_1,9,28440,28530,watch_video,5
2,vp2/run2_2018-05-24-17-22-26.ids_1,9,28530,28620,watch_video,6
2,vp2/run2_2018-05-24-17-22-26.ids_1,9,28620,28710,watch_video,7
2,vp2/run2_2018-05-24-17-22-26.ids_1,9,28710,28800,watch_video,8
2,vp2/run2_2018-05-24-17-22-26.ids_1,9,28800,28890,watch_video,9
2,vp2/run2_2018-05-24-17-22-26.ids_1,9,28890,28980,watch_video,10
2,vp2/run2_2018-05-24-17-22-26.ids_1,9,28980,29070,watch_video,11
2,vp2/run2_2018-05-24-17-22-26.ids_1,9,29070,29160,watch_video,12
2,vp2/run2_2018-05-24-17-22-26.ids_1,9,29160,29250,watch_video,13
2,vp2/run2_2018-05-24-17-22-26.ids_1,9,29250,29340,watch_video,14
2,vp2/run2_2018-05-24-17-22-26.ids_1,9,29340,29430,watch_video,15
2,vp2/run2_2018-05-24-17-22-26.ids_1,9,29430,29520,watch_video,16
2,vp2/run2_2018-05-24-17-22-26.ids_1,9,29520,29610,watch_video,17
2,vp2/run2_2018-05-24-17-22-26.ids_1,9,29610,29700,watch_video,18
2,vp2/run2_2018-05-24-17-22-26.ids_1,9,29700,29790,watch_video,19
2,vp2/run2_2018-05-24-17-22-26.ids_1,9,29790,29880,watch_video,20
2,vp2/run2_2018-05-24-17-22-26.ids_1,9,29880,29970,watch_video,21
2,vp2/run2_2018-05-24-17-22-26.ids_1,9,29970,30060,watch_video,22
2,vp2/run2_2018-05-24-17-22-26.ids_1,9,30060,30150,watch_video,23
2,vp2/run2_2018-05-24-17-22-26.ids_1,9,30150,30240,watch_video,24
2,vp2/run2_2018-05-24-17-22-26.ids_1,9,30240,30330,watch_video,25
2,vp2/run2_2018-05-24-17-22-26.ids_1,9,30330,30420,watch_video,26
2,vp2/run2_2018-05-24-17-22-26.ids_1,9,30420,30510,watch_video,27
2,vp2/run2_2018-05-24-17-22-26.ids_1,9,30510,30600,watch_video,28
2,vp2/run2_2018-05-24-17-22-26.ids_1,9,30600,30690,watch_video,29
2,vp2/run2_2018-05-24-17-22-26.ids_1,9,30690,30780,watch_video,30
2,vp2/run2_2018-05-24-17-22-26.ids_1,9,30780,30870,watch_video,31
2,vp2/run2_2018-05-24-17-22-26.ids_1,9,30870,30960,watch_video,32
2,vp2/run2_2018-05-24-17-22-26.ids_1,9,30960,31050,watch_video,33
2,vp2/run2_2018-05-24-17-22-26.ids_1,9,31050,31140,watch_video,34
2,vp2/run2_2018-05-24-17-22-26.ids_1,9,31140,31230,watch_video,35
2,vp2/run2_2018-05-24-17-22-26.ids_1,9,31230,31320,watch_video,36
2,vp2/run2_2018-05-24-17-22-26.ids_1,9,31320,31410,watch_video,37
2,vp2/run2_2018-05-24-17-22-26.ids_1,9,31410,31500,watch_video,38
2,vp2/run2_2018-05-24-17-22-26.ids_1,9,31500,31590,watch_video,39
2,vp2/run2_2018-05-24-17-22-26.ids_1,9,31590,31680,watch_video,40
2,vp2/run2_2018-05-24-17-22-26.ids_1,9,31680,31770,watch_video,41
2,vp2/run2_2018-05-24-17-22-26.ids_1,9,31770,31860,watch_video,42
2,vp2/run2_2018-05-24-17-22-26.ids_1,9,31860,31950,watch_video,43
2,vp2/run2_2018-05-24-17-22-26.ids_1,9,31950,32040,watch_video,44
2,vp2/run2_2018-05-24-17-22-26.ids_1,9,32040,32130,watch_video,45
2,vp2/run2_2018-05-24-17-22-26.ids_1,9,32130,32220,watch_video,46
2,vp2/run2_2018-05-24-17-22-26.ids_1,9,32220,32310,watch_video,47
2,vp2/run2_2018-05-24-17-22-26.ids_1,9,32310,32400,watch_video,48
2,vp2/run2_2018-05-24-17-22-26.ids_1,9,32400,32490,watch_video,49
2,vp2/run2_2018-05-24-17-22-26.ids_1,9,32490,32580,watch_video,50
2,vp2/run2_2018-05-24-17-22-26.ids_1,9,32580,32670,watch_video,51
2,vp2/run2_2018-05-24-17-22-26.ids_1,9,32670,32760,watch_video,52
2,vp2/run2_2018-05-24-17-22-26.ids_1,9,32760,32850,watch_video,53
2,vp2/run2_2018-05-24-17-22-26.ids_1,9,32850,32940,watch_video,54
2,vp2/run2_2018-05-24-17-22-26.ids_1,9,32940,33030,watch_video,55
2,vp2/run2_2018-05-24-17-22-26.ids_1,9,33030,33120,watch_video,56
2,vp2/run2_2018-05-24-17-22-26.ids_1,9,33120,33210,watch_video,57
2,vp2/run2_2018-05-24-17-22-26.ids_1,9,33210,33300,watch_video,58
2,vp2/run2_2018-05-24-17-22-26.ids_1,9,33300,33390,watch_video,59
2,vp2/run2_2018-05-24-17-22-26.ids_1,9,33390,33480,watch_video,60
2,vp2/run2_2018-05-24-17-22-26.ids_1,9,33480,33570,watch_video,61
2,vp2/run2_2018-05-24-17-22-26.ids_1,9,33570,33660,watch_video,62
2,vp2/run2_2018-05-24-17-22-26.ids_1,9,33660,33750,watch_video,63
2,vp2/run2_2018-05-24-17-22-26.ids_1,9,33750,33840,watch_video,64
2,vp2/run2_2018-05-24-17-22-26.ids_1,9,33840,33930,watch_video,65
2,vp2/run2_2018-05-24-17-22-26.ids_1,9,33930,34020,watch_video,66
2,vp2/run2_2018-05-24-17-22-26.ids_1,9,34020,34110,watch_video,67
2,vp2/run2_2018-05-24-17-22-26.ids_1,9,34110,34200,watch_video,68
2,vp2/run2_2018-05-24-17-22-26.ids_1,9,34200,34290,watch_video,69
2,vp2/run2_2018-05-24-17-22-26.ids_1,9,34290,34380,watch_video,70
2,vp2/run2_2018-05-24-17-22-26.ids_1,9,34380,34470,watch_video,71
2,vp2/run2_2018-05-24-17-22-26.ids_1,9,34470,34560,watch_video,72
2,vp2/run2_2018-05-24-17-22-26.ids_1,9,34560,34650,watch_video,73
2,vp2/run2_2018-05-24-17-22-26.ids_1,9,34650,34740,watch_video,74
2,vp2/run2_2018-05-24-17-22-26.ids_1,9,34740,34830,watch_video,75
2,vp2/run2_2018-05-24-17-22-26.ids_1,9,34830,34920,watch_video,76
2,vp2/run2_2018-05-24-17-22-26.ids_1,9,34920,35010,watch_video,77
2,vp2/run2_2018-05-24-17-22-26.ids_1,9,35010,35100,watch_video,78
2,vp2/run2_2018-05-24-17-22-26.ids_1,9,35100,35190,watch_video,79
2,vp2/run2_2018-05-24-17-22-26.ids_1,9,35190,35280,watch_video,80
2,vp2/run2_2018-05-24-17-22-26.ids_1,9,35280,35370,watch_video,81
2,vp2/run2_2018-05-24-17-22-26.ids_1,9,35370,35460,watch_video,82
2,vp2/run2_2018-05-24-17-22-26.ids_1,9,35460,35550,watch_video,83
2,vp2/run2_2018-05-24-17-22-26.ids_1,9,35550,35589,watch_video,84
2,vp2/run2_2018-05-24-17-22-26.ids_1,10,36330,36420,take_off_sunglasses,0
2,vp2/run2_2018-05-24-17-22-26.ids_1,10,36420,36489,take_off_sunglasses,1
2,vp2/run2_2018-05-24-17-22-26.ids_1,11,39510,39600,final_task,0
2,vp2/run2_2018-05-24-17-22-26.ids_1,11,39600,39690,final_task,1
2,vp2/run2_2018-05-24-17-22-26.ids_1,11,39690,39780,final_task,2
2,vp2/run2_2018-05-24-17-22-26.ids_1,11,39780,39870,final_task,3
2,vp2/run2_2018-05-24-17-22-26.ids_1,11,39870,39960,final_task,4
2,vp2/run2_2018-05-24-17-22-26.ids_1,11,39960,40050,final_task,5
2,vp2/run2_2018-05-24-17-22-26.ids_1,11,40050,40140,final_task,6
2,vp2/run2_2018-05-24-17-22-26.ids_1,11,40140,40230,final_task,7
2,vp2/run2_2018-05-24-17-22-26.ids_1,11,40230,40320,final_task,8
2,vp2/run2_2018-05-24-17-22-26.ids_1,11,40320,40410,final_task,9
2,vp2/run2_2018-05-24-17-22-26.ids_1,11,40410,40470,final_task,10
3,vp3/run1b_2018-05-08-08-46-01.ids_1,0,0,90,fasten_seat_belt,0
3,vp3/run1b_2018-05-08-08-46-01.ids_1,0,90,180,fasten_seat_belt,1
3,vp3/run1b_2018-05-08-08-46-01.ids_1,0,180,270,fasten_seat_belt,2
3,vp3/run1b_2018-05-08-08-46-01.ids_1,0,270,360,fasten_seat_belt,3
3,vp3/run1b_2018-05-08-08-46-01.ids_1,0,360,450,fasten_seat_belt,4
3,vp3/run1b_2018-05-08-08-46-01.ids_1,0,450,540,fasten_seat_belt,5
3,vp3/run1b_2018-05-08-08-46-01.ids_1,0,540,630,fasten_seat_belt,6
3,vp3/run1b_2018-05-08-08-46-01.ids_1,0,630,669,fasten_seat_belt,7
3,vp3/run1b_2018-05-08-08-46-01.ids_1,1,8790,8880,hand_over,0
3,vp3/run1b_2018-05-08-08-46-01.ids_1,1,8880,8948,hand_over,1
3,vp3/run1b_2018-05-08-08-46-01.ids_1,2,9480,9570,put_on_jacket,0
3,vp3/run1b_2018-05-08-08-46-01.ids_1,2,9570,9660,put_on_jacket,1
3,vp3/run1b_2018-05-08-08-46-01.ids_1,2,9660,9750,put_on_jacket,2
3,vp3/run1b_2018-05-08-08-46-01.ids_1,2,9750,9840,put_on_jacket,3
3,vp3/run1b_2018-05-08-08-46-01.ids_1,2,9840,9930,put_on_jacket,4
3,vp3/run1b_2018-05-08-08-46-01.ids_1,2,9930,10020,put_on_jacket,5
3,vp3/run1b_2018-05-08-08-46-01.ids_1,2,10020,10110,put_on_jacket,6
3,vp3/run1b_2018-05-08-08-46-01.ids_1,2,10110,10200,put_on_jacket,7
3,vp3/run1b_2018-05-08-08-46-01.ids_1,2,10200,10290,put_on_jacket,8
3,vp3/run1b_2018-05-08-08-46-01.ids_1,2,10290,10328,put_on_jacket,9
3,vp3/run1b_2018-05-08-08-46-01.ids_1,3,11700,11790,put_on_sunglasses,0
3,vp3/run1b_2018-05-08-08-46-01.ids_1,3,11790,11880,put_on_sunglasses,1
3,vp3/run1b_2018-05-08-08-46-01.ids_1,3,11880,11970,put_on_sunglasses,2
3,vp3/run1b_2018-05-08-08-46-01.ids_1,3,11970,12060,put_on_sunglasses,3
3,vp3/run1b_2018-05-08-08-46-01.ids_1,3,12060,12128,put_on_sunglasses,4
3,vp3/run1b_2018-05-08-08-46-01.ids_1,4,12330,12420,read_write_newspaper,0
3,vp3/run1b_2018-05-08-08-46-01.ids_1,4,12420,12510,read_write_newspaper,1
3,vp3/run1b_2018-05-08-08-46-01.ids_1,4,12510,12600,read_write_newspaper,2
3,vp3/run1b_2018-05-08-08-46-01.ids_1,4,12600,12690,read_write_newspaper,3
3,vp3/run1b_2018-05-08-08-46-01.ids_1,4,12690,12780,read_write_newspaper,4
3,vp3/run1b_2018-05-08-08-46-01.ids_1,4,12780,12870,read_write_newspaper,5
3,vp3/run1b_2018-05-08-08-46-01.ids_1,4,12870,12960,read_write_newspaper,6
3,vp3/run1b_2018-05-08-08-46-01.ids_1,4,12960,13050,read_write_newspaper,7
3,vp3/run1b_2018-05-08-08-46-01.ids_1,4,13050,13140,read_write_newspaper,8
3,vp3/run1b_2018-05-08-08-46-01.ids_1,4,13140,13230,read_write_newspaper,9
3,vp3/run1b_2018-05-08-08-46-01.ids_1,4,13230,13320,read_write_newspaper,10
3,vp3/run1b_2018-05-08-08-46-01.ids_1,4,13320,13410,read_write_newspaper,11
3,vp3/run1b_2018-05-08-08-46-01.ids_1,4,13410,13500,read_write_newspaper,12
3,vp3/run1b_2018-05-08-08-46-01.ids_1,4,13500,13590,read_write_newspaper,13
3,vp3/run1b_2018-05-08-08-46-01.ids_1,4,13590,13680,read_write_newspaper,14
3,vp3/run1b_2018-05-08-08-46-01.ids_1,4,13680,13770,read_write_newspaper,15
3,vp3/run1b_2018-05-08-08-46-01.ids_1,4,13770,13860,read_write_newspaper,16
3,vp3/run1b_2018-05-08-08-46-01.ids_1,4,13860,13950,read_write_newspaper,17
3,vp3/run1b_2018-05-08-08-46-01.ids_1,4,13950,14040,read_write_newspaper,18
3,vp3/run1b_2018-05-08-08-46-01.ids_1,4,14040,14130,read_write_newspaper,19
3,vp3/run1b_2018-05-08-08-46-01.ids_1,4,14130,14220,read_write_newspaper,20
3,vp3/run1b_2018-05-08-08-46-01.ids_1,4,14220,14310,read_write_newspaper,21
3,vp3/run1b_2018-05-08-08-46-01.ids_1,4,14310,14400,read_write_newspaper,22
3,vp3/run1b_2018-05-08-08-46-01.ids_1,4,14400,14490,read_write_newspaper,23
3,vp3/run1b_2018-05-08-08-46-01.ids_1,4,14490,14580,read_write_newspaper,24
3,vp3/run1b_2018-05-08-08-46-01.ids_1,4,14580,14670,read_write_newspaper,25
3,vp3/run1b_2018-05-08-08-46-01.ids_1,4,14670,14760,read_write_newspaper,26
3,vp3/run1b_2018-05-08-08-46-01.ids_1,4,14760,14850,read_write_newspaper,27
3,vp3/run1b_2018-05-08-08-46-01.ids_1,4,14850,14940,read_write_newspaper,28
3,vp3/run1b_2018-05-08-08-46-01.ids_1,4,14940,15030,read_write_newspaper,29
3,vp3/run1b_2018-05-08-08-46-01.ids_1,4,15030,15120,read_write_newspaper,30
3,vp3/run1b_2018-05-08-08-46-01.ids_1,4,15120,15210,read_write_newspaper,31
3,vp3/run1b_2018-05-08-08-46-01.ids_1,4,15210,15300,read_write_newspaper,32
3,vp3/run1b_2018-05-08-08-46-01.ids_1,4,15300,15390,read_write_newspaper,33
3,vp3/run1b_2018-05-08-08-46-01.ids_1,4,15390,15480,read_write_newspaper,34
3,vp3/run1b_2018-05-08-08-46-01.ids_1,4,15480,15570,read_write_newspaper,35
3,vp3/run1b_2018-05-08-08-46-01.ids_1,4,15570,15608,read_write_newspaper,36
3,vp3/run1b_2018-05-08-08-46-01.ids_1,5,17070,17160,work,0
3,vp3/run1b_2018-05-08-08-46-01.ids_1,5,17160,17250,work,1
3,vp3/run1b_2018-05-08-08-46-01.ids_1,5,17250,17340,work,2
3,vp3/run1b_2018-05-08-08-46-01.ids_1,5,17340,17430,work,3
3,vp3/run1b_2018-05-08-08-46-01.ids_1,5,17430,17520,work,4
3,vp3/run1b_2018-05-08-08-46-01.ids_1,5,17520,17610,work,5
3,vp3/run1b_2018-05-08-08-46-01.ids_1,5,17610,17700,work,6
3,vp3/run1b_2018-05-08-08-46-01.ids_1,5,17700,17790,work,7
3,vp3/run1b_2018-05-08-08-46-01.ids_1,5,17790,17880,work,8
3,vp3/run1b_2018-05-08-08-46-01.ids_1,5,17880,17970,work,9
3,vp3/run1b_2018-05-08-08-46-01.ids_1,5,17970,18060,work,10
3,vp3/run1b_2018-05-08-08-46-01.ids_1,5,18060,18150,work,11
3,vp3/run1b_2018-05-08-08-46-01.ids_1,5,18150,18240,work,12
3,vp3/run1b_2018-05-08-08-46-01.ids_1,5,18240,18330,work,13
3,vp3/run1b_2018-05-08-08-46-01.ids_1,5,18330,18420,work,14
3,vp3/run1b_2018-05-08-08-46-01.ids_1,5,18420,18510,work,15
3,vp3/run1b_2018-05-08-08-46-01.ids_1,5,18510,18600,work,16
3,vp3/run1b_2018-05-08-08-46-01.ids_1,5,18600,18690,work,17
3,vp3/run1b_2018-05-08-08-46-01.ids_1,5,18690,18780,work,18
3,vp3/run1b_2018-05-08-08-46-01.ids_1,5,18780,18870,work,19
3,vp3/run1b_2018-05-08-08-46-01.ids_1,5,18870,18960,work,20
3,vp3/run1b_2018-05-08-08-46-01.ids_1,5,18960,19050,work,21
3,vp3/run1b_2018-05-08-08-46-01.ids_1,5,19050,19140,work,22
3,vp3/run1b_2018-05-08-08-46-01.ids_1,5,19140,19230,work,23
3,vp3/run1b_2018-05-08-08-46-01.ids_1,5,19230,19320,work,24
3,vp3/run1b_2018-05-08-08-46-01.ids_1,5,19320,19410,work,25
3,vp3/run1b_2018-05-08-08-46-01.ids_1,5,19410,19500,work,26
3,vp3/run1b_2018-05-08-08-46-01.ids_1,5,19500,19508,work,27
3,vp3/run1b_2018-05-08-08-46-01.ids_1,6,20220,20310,take_off_jacket,0
3,vp3/run1b_2018-05-08-08-46-01.ids_1,6,20310,20400,take_off_jacket,1
3,vp3/run1b_2018-05-08-08-46-01.ids_1,6,20400,20490,take_off_jacket,2
3,vp3/run1b_2018-05-08-08-46-01.ids_1,6,20490,20580,take_off_jacket,3
3,vp3/run1b_2018-05-08-08-46-01.ids_1,6,20580,20670,take_off_jacket,4
3,vp3/run1b_2018-05-08-08-46-01.ids_1,6,20670,20760,take_off_jacket,5
3,vp3/run1b_2018-05-08-08-46-01.ids_1,6,20760,20768,take_off_jacket,6
3,vp3/run1b_2018-05-08-08-46-01.ids_1,7,21780,21870,take_off_sunglasses,0
3,vp3/run1b_2018-05-08-08-46-01.ids_1,7,21870,21960,take_off_sunglasses,1
3,vp3/run1b_2018-05-08-08-46-01.ids_1,7,21960,22050,take_off_sunglasses,2
3,vp3/run1b_2018-05-08-08-46-01.ids_1,7,22050,22140,take_off_sunglasses,3
3,vp3/run1b_2018-05-08-08-46-01.ids_1,7,22140,22230,take_off_sunglasses,4
3,vp3/run1b_2018-05-08-08-46-01.ids_1,7,22230,22320,take_off_sunglasses,5
3,vp3/run1b_2018-05-08-08-46-01.ids_1,7,22320,22410,take_off_sunglasses,6
3,vp3/run1b_2018-05-08-08-46-01.ids_1,7,22410,22500,take_off_sunglasses,7
3,vp3/run1b_2018-05-08-08-46-01.ids_1,7,22500,22590,take_off_sunglasses,8
3,vp3/run1b_2018-05-08-08-46-01.ids_1,7,22590,22680,take_off_sunglasses,9
3,vp3/run1b_2018-05-08-08-46-01.ids_1,7,22680,22770,take_off_sunglasses,10
3,vp3/run1b_2018-05-08-08-46-01.ids_1,7,22770,22860,take_off_sunglasses,11
3,vp3/run1b_2018-05-08-08-46-01.ids_1,7,22860,22950,take_off_sunglasses,12
3,vp3/run1b_2018-05-08-08-46-01.ids_1,7,22950,23040,take_off_sunglasses,13
3,vp3/run1b_2018-05-08-08-46-01.ids_1,7,23040,23130,take_off_sunglasses,14
3,vp3/run1b_2018-05-08-08-46-01.ids_1,7,23130,23220,take_off_sunglasses,15
3,vp3/run1b_2018-05-08-08-46-01.ids_1,7,23220,23310,take_off_sunglasses,16
3,vp3/run1b_2018-05-08-08-46-01.ids_1,7,23310,23400,take_off_sunglasses,17
3,vp3/run1b_2018-05-08-08-46-01.ids_1,7,23400,23490,take_off_sunglasses,18
3,vp3/run1b_2018-05-08-08-46-01.ids_1,7,23490,23580,take_off_sunglasses,19
3,vp3/run1b_2018-05-08-08-46-01.ids_1,7,23580,23670,take_off_sunglasses,20
3,vp3/run1b_2018-05-08-08-46-01.ids_1,7,23670,23760,take_off_sunglasses,21
3,vp3/run1b_2018-05-08-08-46-01.ids_1,7,23760,23798,take_off_sunglasses,22
3,vp3/run1b_2018-05-08-08-46-01.ids_1,8,24390,24480,read_write_magazine,0
3,vp3/run1b_2018-05-08-08-46-01.ids_1,8,24480,24570,read_write_magazine,1
3,vp3/run1b_2018-05-08-08-46-01.ids_1,8,24570,24660,read_write_magazine,2
3,vp3/run1b_2018-05-08-08-46-01.ids_1,8,24660,24750,read_write_magazine,3
3,vp3/run1b_2018-05-08-08-46-01.ids_1,8,24750,24840,read_write_magazine,4
3,vp3/run1b_2018-05-08-08-46-01.ids_1,8,24840,24930,read_write_magazine,5
3,vp3/run1b_2018-05-08-08-46-01.ids_1,8,24930,25020,read_write_magazine,6
3,vp3/run1b_2018-05-08-08-46-01.ids_1,8,25020,25110,read_write_magazine,7
3,vp3/run1b_2018-05-08-08-46-01.ids_1,8,25110,25200,read_write_magazine,8
3,vp3/run1b_2018-05-08-08-46-01.ids_1,8,25200,25290,read_write_magazine,9
3,vp3/run1b_2018-05-08-08-46-01.ids_1,8,25290,25380,read_write_magazine,10
3,vp3/run1b_2018-05-08-08-46-01.ids_1,8,25380,25470,read_write_magazine,11
3,vp3/run1b_2018-05-08-08-46-01.ids_1,8,25470,25560,read_write_magazine,12
3,vp3/run1b_2018-05-08-08-46-01.ids_1,8,25560,25650,read_write_magazine,13
3,vp3/run1b_2018-05-08-08-46-01.ids_1,8,25650,25740,read_write_magazine,14
3,vp3/run1b_2018-05-08-08-46-01.ids_1,8,25740,25830,read_write_magazine,15
3,vp3/run1b_2018-05-08-08-46-01.ids_1,8,25830,25920,read_write_magazine,16
3,vp3/run1b_2018-05-08-08-46-01.ids_1,8,25920,26010,read_write_magazine,17
3,vp3/run1b_2018-05-08-08-46-01.ids_1,8,26010,26100,read_write_magazine,18
3,vp3/run1b_2018-05-08-08-46-01.ids_1,8,26100,26190,read_write_magazine,19
3,vp3/run1b_2018-05-08-08-46-01.ids_1,8,26190,26280,read_write_magazine,20
3,vp3/run1b_2018-05-08-08-46-01.ids_1,8,26280,26370,read_write_magazine,21
3,vp3/run1b_2018-05-08-08-46-01.ids_1,8,26370,26460,read_write_magazine,22
3,vp3/run1b_2018-05-08-08-46-01.ids_1,8,26460,26550,read_write_magazine,23
3,vp3/run1b_2018-05-08-08-46-01.ids_1,8,26550,26640,read_write_magazine,24
3,vp3/run1b_2018-05-08-08-46-01.ids_1,8,26640,26730,read_write_magazine,25
3,vp3/run1b_2018-05-08-08-46-01.ids_1,8,26730,26768,read_write_magazine,26
3,vp3/run1b_2018-05-08-08-46-01.ids_1,9,29820,29910,watch_video,0
3,vp3/run1b_2018-05-08-08-46-01.ids_1,9,29910,30000,watch_video,1
3,vp3/run1b_2018-05-08-08-46-01.ids_1,9,30000,30090,watch_video,2
3,vp3/run1b_2018-05-08-08-46-01.ids_1,9,30090,30180,watch_video,3
3,vp3/run1b_2018-05-08-08-46-01.ids_1,9,30180,30270,watch_video,4
3,vp3/run1b_2018-05-08-08-46-01.ids_1,9,30270,30360,watch_video,5
3,vp3/run1b_2018-05-08-08-46-01.ids_1,9,30360,30450,watch_video,6
3,vp3/run1b_2018-05-08-08-46-01.ids_1,9,30450,30540,watch_video,7
3,vp3/run1b_2018-05-08-08-46-01.ids_1,9,30540,30630,watch_video,8
3,vp3/run1b_2018-05-08-08-46-01.ids_1,9,30630,30720,watch_video,9
3,vp3/run1b_2018-05-08-08-46-01.ids_1,9,30720,30810,watch_video,10
3,vp3/run1b_2018-05-08-08-46-01.ids_1,9,30810,30900,watch_video,11
3,vp3/run1b_2018-05-08-08-46-01.ids_1,9,30900,30990,watch_video,12
3,vp3/run1b_2018-05-08-08-46-01.ids_1,9,30990,31080,watch_video,13
3,vp3/run1b_2018-05-08-08-46-01.ids_1,9,31080,31170,watch_video,14
3,vp3/run1b_2018-05-08-08-46-01.ids_1,9,31170,31260,watch_video,15
3,vp3/run1b_2018-05-08-08-46-01.ids_1,9,31260,31350,watch_video,16
3,vp3/run1b_2018-05-08-08-46-01.ids_1,9,31350,31440,watch_video,17
3,vp3/run1b_2018-05-08-08-46-01.ids_1,9,31440,31530,watch_video,18
3,vp3/run1b_2018-05-08-08-46-01.ids_1,9,31530,31620,watch_video,19
3,vp3/run1b_2018-05-08-08-46-01.ids_1,9,31620,31710,watch_video,20
3,vp3/run1b_2018-05-08-08-46-01.ids_1,9,31710,31800,watch_video,21
3,vp3/run1b_2018-05-08-08-46-01.ids_1,9,31800,31890,watch_video,22
3,vp3/run1b_2018-05-08-08-46-01.ids_1,9,31890,31980,watch_video,23
3,vp3/run1b_2018-05-08-08-46-01.ids_1,9,31980,32070,watch_video,24
3,vp3/run1b_2018-05-08-08-46-01.ids_1,9,32070,32160,watch_video,25
3,vp3/run1b_2018-05-08-08-46-01.ids_1,9,32160,32250,watch_video,26
3,vp3/run1b_2018-05-08-08-46-01.ids_1,9,32250,32340,watch_video,27
3,vp3/run1b_2018-05-08-08-46-01.ids_1,9,32340,32430,watch_video,28
3,vp3/run1b_2018-05-08-08-46-01.ids_1,9,32430,32520,watch_video,29
3,vp3/run1b_2018-05-08-08-46-01.ids_1,9,32520,32610,watch_video,30
3,vp3/run1b_2018-05-08-08-46-01.ids_1,9,32610,32700,watch_video,31
3,vp3/run1b_2018-05-08-08-46-01.ids_1,9,32700,32790,watch_video,32
3,vp3/run1b_2018-05-08-08-46-01.ids_1,9,32790,32880,watch_video,33
3,vp3/run1b_2018-05-08-08-46-01.ids_1,9,32880,32970,watch_video,34
3,vp3/run1b_2018-05-08-08-46-01.ids_1,9,32970,33060,watch_video,35
3,vp3/run1b_2018-05-08-08-46-01.ids_1,9,33060,33150,watch_video,36
3,vp3/run1b_2018-05-08-08-46-01.ids_1,9,33150,33240,watch_video,37
3,vp3/run1b_2018-05-08-08-46-01.ids_1,9,33240,33330,watch_video,38
3,vp3/run1b_2018-05-08-08-46-01.ids_1,9,33330,33420,watch_video,39
3,vp3/run1b_2018-05-08-08-46-01.ids_1,9,33420,33510,watch_video,40
3,vp3/run1b_2018-05-08-08-46-01.ids_1,9,33510,33600,watch_video,41
3,vp3/run1b_2018-05-08-08-46-01.ids_1,9,33600,33690,watch_video,42
3,vp3/run1b_2018-05-08-08-46-01.ids_1,9,33690,33780,watch_video,43
3,vp3/run1b_2018-05-08-08-46-01.ids_1,9,33780,33870,watch_video,44
3,vp3/run1b_2018-05-08-08-46-01.ids_1,9,33870,33960,watch_video,45
3,vp3/run1b_2018-05-08-08-46-01.ids_1,9,33960,34050,watch_video,46
3,vp3/run1b_2018-05-08-08-46-01.ids_1,9,34050,34140,watch_video,47
3,vp3/run1b_2018-05-08-08-46-01.ids_1,9,34140,34230,watch_video,48
3,vp3/run1b_2018-05-08-08-46-01.ids_1,9,34230,34320,watch_video,49
3,vp3/run1b_2018-05-08-08-46-01.ids_1,9,34320,34410,watch_video,50
3,vp3/run1b_2018-05-08-08-46-01.ids_1,9,34410,34500,watch_video,51
3,vp3/run1b_2018-05-08-08-46-01.ids_1,9,34500,34590,watch_video,52
3,vp3/run1b_2018-05-08-08-46-01.ids_1,9,34590,34680,watch_video,53
3,vp3/run1b_2018-05-08-08-46-01.ids_1,9,34680,34770,watch_video,54
3,vp3/run1b_2018-05-08-08-46-01.ids_1,9,34770,34860,watch_video,55
3,vp3/run1b_2018-05-08-08-46-01.ids_1,9,34860,34950,watch_video,56
3,vp3/run1b_2018-05-08-08-46-01.ids_1,9,34950,35040,watch_video,57
3,vp3/run1b_2018-05-08-08-46-01.ids_1,9,35040,35130,watch_video,58
3,vp3/run1b_2018-05-08-08-46-01.ids_1,9,35130,35220,watch_video,59
3,vp3/run1b_2018-05-08-08-46-01.ids_1,9,35220,35310,watch_video,60
3,vp3/run1b_2018-05-08-08-46-01.ids_1,9,35310,35400,watch_video,61
3,vp3/run1b_2018-05-08-08-46-01.ids_1,9,35400,35490,watch_video,62
3,vp3/run1b_2018-05-08-08-46-01.ids_1,9,35490,35580,watch_video,63
3,vp3/run1b_2018-05-08-08-46-01.ids_1,9,35580,35670,watch_video,64
3,vp3/run1b_2018-05-08-08-46-01.ids_1,9,35670,35760,watch_video,65
3,vp3/run1b_2018-05-08-08-46-01.ids_1,9,35760,35850,watch_video,66
3,vp3/run1b_2018-05-08-08-46-01.ids_1,9,35850,35940,watch_video,67
3,vp3/run1b_2018-05-08-08-46-01.ids_1,9,35940,36030,watch_video,68
3,vp3/run1b_2018-05-08-08-46-01.ids_1,9,36030,36120,watch_video,69
3,vp3/run1b_2018-05-08-08-46-01.ids_1,9,36120,36210,watch_video,70
3,vp3/run1b_2018-05-08-08-46-01.ids_1,9,36210,36300,watch_video,71
3,vp3/run1b_2018-05-08-08-46-01.ids_1,9,36300,36390,watch_video,72
3,vp3/run1b_2018-05-08-08-46-01.ids_1,9,36390,36480,watch_video,73
3,vp3/run1b_2018-05-08-08-46-01.ids_1,9,36480,36570,watch_video,74
3,vp3/run1b_2018-05-08-08-46-01.ids_1,9,36570,36639,watch_video,75
3,vp3/run1b_2018-05-08-08-46-01.ids_1,10,37650,37740,eat_drink,0
3,vp3/run1b_2018-05-08-08-46-01.ids_1,10,37740,37830,eat_drink,1
3,vp3/run1b_2018-05-08-08-46-01.ids_1,10,37830,37920,eat_drink,2
3,vp3/run1b_2018-05-08-08-46-01.ids_1,10,37920,38010,eat_drink,3
3,vp3/run1b_2018-05-08-08-46-01.ids_1,10,38010,38100,eat_drink,4
3,vp3/run1b_2018-05-08-08-46-01.ids_1,10,38100,38190,eat_drink,5
3,vp3/run1b_2018-05-08-08-46-01.ids_1,10,38190,38280,eat_drink,6
3,vp3/run1b_2018-05-08-08-46-01.ids_1,10,38280,38289,eat_drink,7
3,vp3/run1b_2018-05-08-08-46-01.ids_1,11,39480,39570,final_task,0
3,vp3/run1b_2018-05-08-08-46-01.ids_1,11,39570,39660,final_task,1
3,vp3/run1b_2018-05-08-08-46-01.ids_1,11,39660,39750,final_task,2
3,vp3/run1b_2018-05-08-08-46-01.ids_1,11,39750,39840,final_task,3
3,vp3/run1b_2018-05-08-08-46-01.ids_1,11,39840,39930,final_task,4
3,vp3/run1b_2018-05-08-08-46-01.ids_1,11,39930,40020,final_task,5
3,vp3/run1b_2018-05-08-08-46-01.ids_1,11,40020,40110,final_task,6
3,vp3/run1b_2018-05-08-08-46-01.ids_1,11,40110,40140,final_task,7
3,vp3/run2_2018-05-29-16-03-37.ids_1,0,0,90,fasten_seat_belt,0
3,vp3/run2_2018-05-29-16-03-37.ids_1,0,90,180,fasten_seat_belt,1
3,vp3/run2_2018-05-29-16-03-37.ids_1,0,180,270,fasten_seat_belt,2
3,vp3/run2_2018-05-29-16-03-37.ids_1,0,270,360,fasten_seat_belt,3
3,vp3/run2_2018-05-29-16-03-37.ids_1,0,360,450,fasten_seat_belt,4
3,vp3/run2_2018-05-29-16-03-37.ids_1,0,450,459,fasten_seat_belt,5
3,vp3/run2_2018-05-29-16-03-37.ids_1,1,5880,5970,hand_over,0
3,vp3/run2_2018-05-29-16-03-37.ids_1,1,5970,6009,hand_over,1
3,vp3/run2_2018-05-29-16-03-37.ids_1,2,6600,6690,put_on_sunglasses,0
3,vp3/run2_2018-05-29-16-03-37.ids_1,2,6690,6780,put_on_sunglasses,1
3,vp3/run2_2018-05-29-16-03-37.ids_1,2,6780,6819,put_on_sunglasses,2
3,vp3/run2_2018-05-29-16-03-37.ids_1,3,7380,7470,watch_video,0
3,vp3/run2_2018-05-29-16-03-37.ids_1,3,7470,7560,watch_video,1
3,vp3/run2_2018-05-29-16-03-37.ids_1,3,7560,7650,watch_video,2
3,vp3/run2_2018-05-29-16-03-37.ids_1,3,7650,7740,watch_video,3
3,vp3/run2_2018-05-29-16-03-37.ids_1,3,7740,7830,watch_video,4
3,vp3/run2_2018-05-29-16-03-37.ids_1,3,7830,7920,watch_video,5
3,vp3/run2_2018-05-29-16-03-37.ids_1,3,7920,8010,watch_video,6
3,vp3/run2_2018-05-29-16-03-37.ids_1,3,8010,8100,watch_video,7
3,vp3/run2_2018-05-29-16-03-37.ids_1,3,8100,8190,watch_video,8
3,vp3/run2_2018-05-29-16-03-37.ids_1,3,8190,8280,watch_video,9
3,vp3/run2_2018-05-29-16-03-37.ids_1,3,8280,8370,watch_video,10
3,vp3/run2_2018-05-29-16-03-37.ids_1,3,8370,8460,watch_video,11
3,vp3/run2_2018-05-29-16-03-37.ids_1,3,8460,8550,watch_video,12
3,vp3/run2_2018-05-29-16-03-37.ids_1,3,8550,8640,watch_video,13
3,vp3/run2_2018-05-29-16-03-37.ids_1,3,8640,8730,watch_video,14
3,vp3/run2_2018-05-29-16-03-37.ids_1,3,8730,8820,watch_video,15
3,vp3/run2_2018-05-29-16-03-37.ids_1,3,8820,8910,watch_video,16
3,vp3/run2_2018-05-29-16-03-37.ids_1,3,8910,9000,watch_video,17
3,vp3/run2_2018-05-29-16-03-37.ids_1,3,9000,9090,watch_video,18
3,vp3/run2_2018-05-29-16-03-37.ids_1,3,9090,9180,watch_video,19
3,vp3/run2_2018-05-29-16-03-37.ids_1,3,9180,9270,watch_video,20
3,vp3/run2_2018-05-29-16-03-37.ids_1,3,9270,9360,watch_video,21
3,vp3/run2_2018-05-29-16-03-37.ids_1,3,9360,9450,watch_video,22
3,vp3/run2_2018-05-29-16-03-37.ids_1,3,9450,9540,watch_video,23
3,vp3/run2_2018-05-29-16-03-37.ids_1,3,9540,9630,watch_video,24
3,vp3/run2_2018-05-29-16-03-37.ids_1,3,9630,9720,watch_video,25
3,vp3/run2_2018-05-29-16-03-37.ids_1,3,9720,9810,watch_video,26
3,vp3/run2_2018-05-29-16-03-37.ids_1,3,9810,9900,watch_video,27
3,vp3/run2_2018-05-29-16-03-37.ids_1,3,9900,9990,watch_video,28
3,vp3/run2_2018-05-29-16-03-37.ids_1,3,9990,10080,watch_video,29
3,vp3/run2_2018-05-29-16-03-37.ids_1,3,10080,10170,watch_video,30
3,vp3/run2_2018-05-29-16-03-37.ids_1,3,10170,10260,watch_video,31
3,vp3/run2_2018-05-29-16-03-37.ids_1,3,10260,10350,watch_video,32
3,vp3/run2_2018-05-29-16-03-37.ids_1,3,10350,10440,watch_video,33
3,vp3/run2_2018-05-29-16-03-37.ids_1,3,10440,10530,watch_video,34
3,vp3/run2_2018-05-29-16-03-37.ids_1,3,10530,10620,watch_video,35
3,vp3/run2_2018-05-29-16-03-37.ids_1,3,10620,10710,watch_video,36
3,vp3/run2_2018-05-29-16-03-37.ids_1,3,10710,10800,watch_video,37
3,vp3/run2_2018-05-29-16-03-37.ids_1,3,10800,10890,watch_video,38
3,vp3/run2_2018-05-29-16-03-37.ids_1,3,10890,10980,watch_video,39
3,vp3/run2_2018-05-29-16-03-37.ids_1,3,10980,11070,watch_video,40
3,vp3/run2_2018-05-29-16-03-37.ids_1,3,11070,11160,watch_video,41
3,vp3/run2_2018-05-29-16-03-37.ids_1,3,11160,11250,watch_video,42
3,vp3/run2_2018-05-29-16-03-37.ids_1,3,11250,11340,watch_video,43
3,vp3/run2_2018-05-29-16-03-37.ids_1,3,11340,11430,watch_video,44
3,vp3/run2_2018-05-29-16-03-37.ids_1,3,11430,11520,watch_video,45
3,vp3/run2_2018-05-29-16-03-37.ids_1,3,11520,11610,watch_video,46
3,vp3/run2_2018-05-29-16-03-37.ids_1,3,11610,11700,watch_video,47
3,vp3/run2_2018-05-29-16-03-37.ids_1,3,11700,11790,watch_video,48
3,vp3/run2_2018-05-29-16-03-37.ids_1,3,11790,11880,watch_video,49
3,vp3/run2_2018-05-29-16-03-37.ids_1,3,11880,11970,watch_video,50
3,vp3/run2_2018-05-29-16-03-37.ids_1,3,11970,12060,watch_video,51
3,vp3/run2_2018-05-29-16-03-37.ids_1,3,12060,12150,watch_video,52
3,vp3/run2_2018-05-29-16-03-37.ids_1,3,12150,12240,watch_video,53
3,vp3/run2_2018-05-29-16-03-37.ids_1,3,12240,12330,watch_video,54
3,vp3/run2_2018-05-29-16-03-37.ids_1,3,12330,12420,watch_video,55
3,vp3/run2_2018-05-29-16-03-37.ids_1,3,12420,12510,watch_video,56
3,vp3/run2_2018-05-29-16-03-37.ids_1,3,12510,12600,watch_video,57
3,vp3/run2_2018-05-29-16-03-37.ids_1,3,12600,12690,watch_video,58
3,vp3/run2_2018-05-29-16-03-37.ids_1,3,12690,12780,watch_video,59
3,vp3/run2_2018-05-29-16-03-37.ids_1,3,12780,12870,watch_video,60
3,vp3/run2_2018-05-29-16-03-37.ids_1,3,12870,12938,watch_video,61
3,vp3/run2_2018-05-29-16-03-37.ids_1,4,13170,13260,put_on_jacket,0
3,vp3/run2_2018-05-29-16-03-37.ids_1,4,13260,13350,put_on_jacket,1
3,vp3/run2_2018-05-29-16-03-37.ids_1,4,13350,13440,put_on_jacket,2
3,vp3/run2_2018-05-29-16-03-37.ids_1,4,13440,13530,put_on_jacket,3
3,vp3/run2_2018-05-29-16-03-37.ids_1,4,13530,13620,put_on_jacket,4
3,vp3/run2_2018-05-29-16-03-37.ids_1,4,13620,13710,put_on_jacket,5
3,vp3/run2_2018-05-29-16-03-37.ids_1,4,13710,13800,put_on_jacket,6
3,vp3/run2_2018-05-29-16-03-37.ids_1,4,13800,13890,put_on_jacket,7
3,vp3/run2_2018-05-29-16-03-37.ids_1,4,13890,13980,put_on_jacket,8
3,vp3/run2_2018-05-29-16-03-37.ids_1,4,13980,14070,put_on_jacket,9
3,vp3/run2_2018-05-29-16-03-37.ids_1,4,14070,14108,put_on_jacket,10
3,vp3/run2_2018-05-29-16-03-37.ids_1,5,15090,15180,work,0
3,vp3/run2_2018-05-29-16-03-37.ids_1,5,15180,15270,work,1
3,vp3/run2_2018-05-29-16-03-37.ids_1,5,15270,15360,work,2
3,vp3/run2_2018-05-29-16-03-37.ids_1,5,15360,15450,work,3
3,vp3/run2_2018-05-29-16-03-37.ids_1,5,15450,15540,work,4
3,vp3/run2_2018-05-29-16-03-37.ids_1,5,15540,15630,work,5
3,vp3/run2_2018-05-29-16-03-37.ids_1,5,15630,15720,work,6
3,vp3/run2_2018-05-29-16-03-37.ids_1,5,15720,15810,work,7
3,vp3/run2_2018-05-29-16-03-37.ids_1,5,15810,15900,work,8
3,vp3/run2_2018-05-29-16-03-37.ids_1,5,15900,15990,work,9
3,vp3/run2_2018-05-29-16-03-37.ids_1,5,15990,16080,work,10
3,vp3/run2_2018-05-29-16-03-37.ids_1,5,16080,16170,work,11
3,vp3/run2_2018-05-29-16-03-37.ids_1,5,16170,16260,work,12
3,vp3/run2_2018-05-29-16-03-37.ids_1,5,16260,16350,work,13
3,vp3/run2_2018-05-29-16-03-37.ids_1,5,16350,16440,work,14
3,vp3/run2_2018-05-29-16-03-37.ids_1,5,16440,16530,work,15
3,vp3/run2_2018-05-29-16-03-37.ids_1,5,16530,16620,work,16
3,vp3/run2_2018-05-29-16-03-37.ids_1,5,16620,16710,work,17
3,vp3/run2_2018-05-29-16-03-37.ids_1,5,16710,16800,work,18
3,vp3/run2_2018-05-29-16-03-37.ids_1,5,16800,16868,work,19
3,vp3/run2_2018-05-29-16-03-37.ids_1,6,17490,17580,take_off_sunglasses,0
3,vp3/run2_2018-05-29-16-03-37.ids_1,6,17580,17670,take_off_sunglasses,1
3,vp3/run2_2018-05-29-16-03-37.ids_1,6,17670,17738,take_off_sunglasses,2
3,vp3/run2_2018-05-29-16-03-37.ids_1,7,20760,20850,read_write_newspaper,0
3,vp3/run2_2018-05-29-16-03-37.ids_1,7,20850,20940,read_write_newspaper,1
3,vp3/run2_2018-05-29-16-03-37.ids_1,7,20940,21030,read_write_newspaper,2
3,vp3/run2_2018-05-29-16-03-37.ids_1,7,21030,21120,read_write_newspaper,3
3,vp3/run2_2018-05-29-16-03-37.ids_1,7,21120,21210,read_write_newspaper,4
3,vp3/run2_2018-05-29-16-03-37.ids_1,7,21210,21300,read_write_newspaper,5
3,vp3/run2_2018-05-29-16-03-37.ids_1,7,21300,21390,read_write_newspaper,6
3,vp3/run2_2018-05-29-16-03-37.ids_1,7,21390,21480,read_write_newspaper,7
3,vp3/run2_2018-05-29-16-03-37.ids_1,7,21480,21570,read_write_newspaper,8
3,vp3/run2_2018-05-29-16-03-37.ids_1,7,21570,21660,read_write_newspaper,9
3,vp3/run2_2018-05-29-16-03-37.ids_1,7,21660,21750,read_write_newspaper,10
3,vp3/run2_2018-05-29-16-03-37.ids_1,7,21750,21840,read_write_newspaper,11
3,vp3/run2_2018-05-29-16-03-37.ids_1,7,21840,21930,read_write_newspaper,12
3,vp3/run2_2018-05-29-16-03-37.ids_1,7,21930,22020,read_write_newspaper,13
3,vp3/run2_2018-05-29-16-03-37.ids_1,7,22020,22110,read_write_newspaper,14
3,vp3/run2_2018-05-29-16-03-37.ids_1,7,22110,22200,read_write_newspaper,15
3,vp3/run2_2018-05-29-16-03-37.ids_1,7,22200,22290,read_write_newspaper,16
3,vp3/run2_2018-05-29-16-03-37.ids_1,7,22290,22380,read_write_newspaper,17
3,vp3/run2_2018-05-29-16-03-37.ids_1,7,22380,22470,read_write_newspaper,18
3,vp3/run2_2018-05-29-16-03-37.ids_1,7,22470,22560,read_write_newspaper,19
3,vp3/run2_2018-05-29-16-03-37.ids_1,7,22560,22650,read_write_newspaper,20
3,vp3/run2_2018-05-29-16-03-37.ids_1,7,22650,22740,read_write_newspaper,21
3,vp3/run2_2018-05-29-16-03-37.ids_1,7,22740,22830,read_write_newspaper,22
3,vp3/run2_2018-05-29-16-03-37.ids_1,7,22830,22920,read_write_newspaper,23
3,vp3/run2_2018-05-29-16-03-37.ids_1,7,22920,23010,read_write_newspaper,24
3,vp3/run2_2018-05-29-16-03-37.ids_1,7,23010,23100,read_write_newspaper,25
3,vp3/run2_2018-05-29-16-03-37.ids_1,7,23100,23190,read_write_newspaper,26
3,vp3/run2_2018-05-29-16-03-37.ids_1,7,23190,23280,read_write_newspaper,27
3,vp3/run2_2018-05-29-16-03-37.ids_1,7,23280,23370,read_write_newspaper,28
3,vp3/run2_2018-05-29-16-03-37.ids_1,7,23370,23460,read_write_newspaper,29
3,vp3/run2_2018-05-29-16-03-37.ids_1,7,23460,23550,read_write_newspaper,30
3,vp3/run2_2018-05-29-16-03-37.ids_1,7,23550,23640,read_write_newspaper,31
3,vp3/run2_2018-05-29-16-03-37.ids_1,7,23640,23708,read_write_newspaper,32
3,vp3/run2_2018-05-29-16-03-37.ids_1,8,24060,24150,read_write_magazine,0
3,vp3/run2_2018-05-29-16-03-37.ids_1,8,24150,24240,read_write_magazine,1
3,vp3/run2_2018-05-29-16-03-37.ids_1,8,24240,24330,read_write_magazine,2
3,vp3/run2_2018-05-29-16-03-37.ids_1,8,24330,24420,read_write_magazine,3
3,vp3/run2_2018-05-29-16-03-37.ids_1,8,24420,24510,read_write_magazine,4
3,vp3/run2_2018-05-29-16-03-37.ids_1,8,24510,24600,read_write_magazine,5
3,vp3/run2_2018-05-29-16-03-37.ids_1,8,24600,24690,read_write_magazine,6
3,vp3/run2_2018-05-29-16-03-37.ids_1,8,24690,24780,read_write_magazine,7
3,vp3/run2_2018-05-29-16-03-37.ids_1,8,24780,24870,read_write_magazine,8
3,vp3/run2_2018-05-29-16-03-37.ids_1,8,24870,24960,read_write_magazine,9
3,vp3/run2_2018-05-29-16-03-37.ids_1,8,24960,25050,read_write_magazine,10
3,vp3/run2_2018-05-29-16-03-37.ids_1,8,25050,25140,read_write_magazine,11
3,vp3/run2_2018-05-29-16-03-37.ids_1,8,25140,25230,read_write_magazine,12
3,vp3/run2_2018-05-29-16-03-37.ids_1,8,25230,25320,read_write_magazine,13
3,vp3/run2_2018-05-29-16-03-37.ids_1,8,25320,25410,read_write_magazine,14
3,vp3/run2_2018-05-29-16-03-37.ids_1,8,25410,25500,read_write_magazine,15
3,vp3/run2_2018-05-29-16-03-37.ids_1,8,25500,25590,read_write_magazine,16
3,vp3/run2_2018-05-29-16-03-37.ids_1,8,25590,25680,read_write_magazine,17
3,vp3/run2_2018-05-29-16-03-37.ids_1,8,25680,25770,read_write_magazine,18
3,vp3/run2_2018-05-29-16-03-37.ids_1,8,25770,25860,read_write_magazine,19
3,vp3/run2_2018-05-29-16-03-37.ids_1,8,25860,25950,read_write_magazine,20
3,vp3/run2_2018-05-29-16-03-37.ids_1,8,25950,26040,read_write_magazine,21
3,vp3/run2_2018-05-29-16-03-37.ids_1,8,26040,26130,read_write_magazine,22
3,vp3/run2_2018-05-29-16-03-37.ids_1,8,26130,26220,read_write_magazine,23
3,vp3/run2_2018-05-29-16-03-37.ids_1,8,26220,26310,read_write_magazine,24
3,vp3/run2_2018-05-29-16-03-37.ids_1,8,26310,26400,read_write_magazine,25
3,vp3/run2_2018-05-29-16-03-37.ids_1,8,26400,26490,read_write_magazine,26
3,vp3/run2_2018-05-29-16-03-37.ids_1,8,26490,26580,read_write_magazine,27
3,vp3/run2_2018-05-29-16-03-37.ids_1,8,26580,26670,read_write_magazine,28
3,vp3/run2_2018-05-29-16-03-37.ids_1,8,26670,26760,read_write_magazine,29
3,vp3/run2_2018-05-29-16-03-37.ids_1,8,26760,26850,read_write_magazine,30
3,vp3/run2_2018-05-29-16-03-37.ids_1,8,26850,26940,read_write_magazine,31
3,vp3/run2_2018-05-29-16-03-37.ids_1,8,26940,27030,read_write_magazine,32
3,vp3/run2_2018-05-29-16-03-37.ids_1,8,27030,27120,read_write_magazine,33
3,vp3/run2_2018-05-29-16-03-37.ids_1,8,27120,27210,read_write_magazine,34
3,vp3/run2_2018-05-29-16-03-37.ids_1,8,27210,27300,read_write_magazine,35
3,vp3/run2_2018-05-29-16-03-37.ids_1,8,27300,27390,read_write_magazine,36
3,vp3/run2_2018-05-29-16-03-37.ids_1,8,27390,27428,read_write_magazine,37
3,vp3/run2_2018-05-29-16-03-37.ids_1,9,28290,28380,take_off_jacket,0
3,vp3/run2_2018-05-29-16-03-37.ids_1,9,28380,28470,take_off_jacket,1
3,vp3/run2_2018-05-29-16-03-37.ids_1,9,28470,28560,take_off_jacket,2
3,vp3/run2_2018-05-29-16-03-37.ids_1,9,28560,28650,take_off_jacket,3
3,vp3/run2_2018-05-29-16-03-37.ids_1,9,28650,28658,take_off_jacket,4
3,vp3/run2_2018-05-29-16-03-37.ids_1,10,29460,29550,eat_drink,0
3,vp3/run2_2018-05-29-16-03-37.ids_1,10,29550,29640,eat_drink,1
3,vp3/run2_2018-05-29-16-03-37.ids_1,10,29640,29730,eat_drink,2
3,vp3/run2_2018-05-29-16-03-37.ids_1,10,29730,29820,eat_drink,3
3,vp3/run2_2018-05-29-16-03-37.ids_1,10,29820,29910,eat_drink,4
3,vp3/run2_2018-05-29-16-03-37.ids_1,10,29910,30000,eat_drink,5
3,vp3/run2_2018-05-29-16-03-37.ids_1,10,30000,30090,eat_drink,6
3,vp3/run2_2018-05-29-16-03-37.ids_1,10,30090,30180,eat_drink,7
3,vp3/run2_2018-05-29-16-03-37.ids_1,10,30180,30270,eat_drink,8
3,vp3/run2_2018-05-29-16-03-37.ids_1,10,30270,30360,eat_drink,9
3,vp3/run2_2018-05-29-16-03-37.ids_1,10,30360,30450,eat_drink,10
3,vp3/run2_2018-05-29-16-03-37.ids_1,10,30450,30540,eat_drink,11
3,vp3/run2_2018-05-29-16-03-37.ids_1,10,30540,30630,eat_drink,12
3,vp3/run2_2018-05-29-16-03-37.ids_1,10,30630,30720,eat_drink,13
3,vp3/run2_2018-05-29-16-03-37.ids_1,10,30720,30810,eat_drink,14
3,vp3/run2_2018-05-29-16-03-37.ids_1,10,30810,30900,eat_drink,15
3,vp3/run2_2018-05-29-16-03-37.ids_1,10,30900,30990,eat_drink,16
3,vp3/run2_2018-05-29-16-03-37.ids_1,10,30990,31080,eat_drink,17
3,vp3/run2_2018-05-29-16-03-37.ids_1,10,31080,31170,eat_drink,18
3,vp3/run2_2018-05-29-16-03-37.ids_1,10,31170,31260,eat_drink,19
3,vp3/run2_2018-05-29-16-03-37.ids_1,10,31260,31350,eat_drink,20
3,vp3/run2_2018-05-29-16-03-37.ids_1,10,31350,31389,eat_drink,21
3,vp3/run2_2018-05-29-16-03-37.ids_1,11,31830,31920,final_task,0
3,vp3/run2_2018-05-29-16-03-37.ids_1,11,31920,32010,final_task,1
3,vp3/run2_2018-05-29-16-03-37.ids_1,11,32010,32100,final_task,2
3,vp3/run2_2018-05-29-16-03-37.ids_1,11,32100,32190,final_task,3
3,vp3/run2_2018-05-29-16-03-37.ids_1,11,32190,32280,final_task,4
3,vp3/run2_2018-05-29-16-03-37.ids_1,11,32280,32370,final_task,5
3,vp3/run2_2018-05-29-16-03-37.ids_1,11,32370,32430,final_task,6
4,vp4/run1_2018-05-22-13-28-51.ids_1,0,0,90,fasten_seat_belt,0
4,vp4/run1_2018-05-22-13-28-51.ids_1,0,90,180,fasten_seat_belt,1
4,vp4/run1_2018-05-22-13-28-51.ids_1,0,180,270,fasten_seat_belt,2
4,vp4/run1_2018-05-22-13-28-51.ids_1,0,270,360,fasten_seat_belt,3
4,vp4/run1_2018-05-22-13-28-51.ids_1,0,360,450,fasten_seat_belt,4
4,vp4/run1_2018-05-22-13-28-51.ids_1,0,450,540,fasten_seat_belt,5
4,vp4/run1_2018-05-22-13-28-51.ids_1,0,540,630,fasten_seat_belt,6
4,vp4/run1_2018-05-22-13-28-51.ids_1,0,630,720,fasten_seat_belt,7
4,vp4/run1_2018-05-22-13-28-51.ids_1,0,720,810,fasten_seat_belt,8
4,vp4/run1_2018-05-22-13-28-51.ids_1,0,810,900,fasten_seat_belt,9
4,vp4/run1_2018-05-22-13-28-51.ids_1,0,900,990,fasten_seat_belt,10
4,vp4/run1_2018-05-22-13-28-51.ids_1,0,990,1080,fasten_seat_belt,11
4,vp4/run1_2018-05-22-13-28-51.ids_1,0,1080,1170,fasten_seat_belt,12
4,vp4/run1_2018-05-22-13-28-51.ids_1,0,1170,1260,fasten_seat_belt,13
4,vp4/run1_2018-05-22-13-28-51.ids_1,0,1260,1350,fasten_seat_belt,14
4,vp4/run1_2018-05-22-13-28-51.ids_1,0,1350,1440,fasten_seat_belt,15
4,vp4/run1_2018-05-22-13-28-51.ids_1,0,1440,1530,fasten_seat_belt,16
4,vp4/run1_2018-05-22-13-28-51.ids_1,0,1530,1620,fasten_seat_belt,17
4,vp4/run1_2018-05-22-13-28-51.ids_1,0,1620,1710,fasten_seat_belt,18
4,vp4/run1_2018-05-22-13-28-51.ids_1,0,1710,1800,fasten_seat_belt,19
4,vp4/run1_2018-05-22-13-28-51.ids_1,0,1800,1890,fasten_seat_belt,20
4,vp4/run1_2018-05-22-13-28-51.ids_1,0,1890,1980,fasten_seat_belt,21
4,vp4/run1_2018-05-22-13-28-51.ids_1,0,1980,2070,fasten_seat_belt,22
4,vp4/run1_2018-05-22-13-28-51.ids_1,0,2070,2160,fasten_seat_belt,23
4,vp4/run1_2018-05-22-13-28-51.ids_1,0,2160,2250,fasten_seat_belt,24
4,vp4/run1_2018-05-22-13-28-51.ids_1,0,2250,2340,fasten_seat_belt,25
4,vp4/run1_2018-05-22-13-28-51.ids_1,0,2340,2430,fasten_seat_belt,26
4,vp4/run1_2018-05-22-13-28-51.ids_1,0,2430,2520,fasten_seat_belt,27
4,vp4/run1_2018-05-22-13-28-51.ids_1,0,2520,2610,fasten_seat_belt,28
4,vp4/run1_2018-05-22-13-28-51.ids_1,0,2610,2700,fasten_seat_belt,29
4,vp4/run1_2018-05-22-13-28-51.ids_1,0,2700,2790,fasten_seat_belt,30
4,vp4/run1_2018-05-22-13-28-51.ids_1,0,2790,2880,fasten_seat_belt,31
4,vp4/run1_2018-05-22-13-28-51.ids_1,0,2880,2970,fasten_seat_belt,32
4,vp4/run1_2018-05-22-13-28-51.ids_1,0,2970,3060,fasten_seat_belt,33
4,vp4/run1_2018-05-22-13-28-51.ids_1,0,3060,3150,fasten_seat_belt,34
4,vp4/run1_2018-05-22-13-28-51.ids_1,0,3150,3240,fasten_seat_belt,35
4,vp4/run1_2018-05-22-13-28-51.ids_1,0,3240,3330,fasten_seat_belt,36
4,vp4/run1_2018-05-22-13-28-51.ids_1,0,3330,3339,fasten_seat_belt,37
4,vp4/run1_2018-05-22-13-28-51.ids_1,1,11460,11550,hand_over,0
4,vp4/run1_2018-05-22-13-28-51.ids_1,1,11550,11640,hand_over,1
4,vp4/run1_2018-05-22-13-28-51.ids_1,1,11640,11730,hand_over,2
4,vp4/run1_2018-05-22-13-28-51.ids_1,1,11730,11820,hand_over,3
4,vp4/run1_2018-05-22-13-28-51.ids_1,1,11820,11910,hand_over,4
4,vp4/run1_2018-05-22-13-28-51.ids_1,1,11910,12000,hand_over,5
4,vp4/run1_2018-05-22-13-28-51.ids_1,1,12000,12060,hand_over,6
4,vp4/run1_2018-05-22-13-28-51.ids_1,2,12600,12690,put_on_jacket,0
4,vp4/run1_2018-05-22-13-28-51.ids_1,2,12690,12780,put_on_jacket,1
4,vp4/run1_2018-05-22-13-28-51.ids_1,2,12780,12870,put_on_jacket,2
4,vp4/run1_2018-05-22-13-28-51.ids_1,2,12870,12960,put_on_jacket,3
4,vp4/run1_2018-05-22-13-28-51.ids_1,2,12960,13050,put_on_jacket,4
4,vp4/run1_2018-05-22-13-28-51.ids_1,2,13050,13140,put_on_jacket,5
4,vp4/run1_2018-05-22-13-28-51.ids_1,2,13140,13230,put_on_jacket,6
4,vp4/run1_2018-05-22-13-28-51.ids_1,2,13230,13320,put_on_jacket,7
4,vp4/run1_2018-05-22-13-28-51.ids_1,2,13320,13410,put_on_jacket,8
4,vp4/run1_2018-05-22-13-28-51.ids_1,2,13410,13500,put_on_jacket,9
4,vp4/run1_2018-05-22-13-28-51.ids_1,2,13500,13590,put_on_jacket,10
4,vp4/run1_2018-05-22-13-28-51.ids_1,2,13590,13680,put_on_jacket,11
4,vp4/run1_2018-05-22-13-28-51.ids_1,2,13680,13770,put_on_jacket,12
4,vp4/run1_2018-05-22-13-28-51.ids_1,2,13770,13860,put_on_jacket,13
4,vp4/run1_2018-05-22-13-28-51.ids_1,2,13860,13950,put_on_jacket,14
4,vp4/run1_2018-05-22-13-28-51.ids_1,2,13950,14040,put_on_jacket,15
4,vp4/run1_2018-05-22-13-28-51.ids_1,2,14040,14130,put_on_jacket,16
4,vp4/run1_2018-05-22-13-28-51.ids_1,2,14130,14190,put_on_jacket,17
4,vp4/run1_2018-05-22-13-28-51.ids_1,3,14220,14310,eat_drink,0
4,vp4/run1_2018-05-22-13-28-51.ids_1,3,14310,14400,eat_drink,1
4,vp4/run1_2018-05-22-13-28-51.ids_1,3,14400,14490,eat_drink,2
4,vp4/run1_2018-05-22-13-28-51.ids_1,3,14490,14580,eat_drink,3
4,vp4/run1_2018-05-22-13-28-51.ids_1,3,14580,14670,eat_drink,4
4,vp4/run1_2018-05-22-13-28-51.ids_1,3,14670,14760,eat_drink,5
4,vp4/run1_2018-05-22-13-28-51.ids_1,3,14760,14850,eat_drink,6
4,vp4/run1_2018-05-22-13-28-51.ids_1,3,14850,14940,eat_drink,7
4,vp4/run1_2018-05-22-13-28-51.ids_1,3,14940,15030,eat_drink,8
4,vp4/run1_2018-05-22-13-28-51.ids_1,3,15030,15120,eat_drink,9
4,vp4/run1_2018-05-22-13-28-51.ids_1,3,15120,15210,eat_drink,10
4,vp4/run1_2018-05-22-13-28-51.ids_1,3,15210,15300,eat_drink,11
4,vp4/run1_2018-05-22-13-28-51.ids_1,3,15300,15390,eat_drink,12
4,vp4/run1_2018-05-22-13-28-51.ids_1,3,15390,15480,eat_drink,13
4,vp4/run1_2018-05-22-13-28-51.ids_1,3,15480,15570,eat_drink,14
4,vp4/run1_2018-05-22-13-28-51.ids_1,3,15570,15660,eat_drink,15
4,vp4/run1_2018-05-22-13-28-51.ids_1,3,15660,15750,eat_drink,16
4,vp4/run1_2018-05-22-13-28-51.ids_1,3,15750,15840,eat_drink,17
4,vp4/run1_2018-05-22-13-28-51.ids_1,3,15840,15930,eat_drink,18
4,vp4/run1_2018-05-22-13-28-51.ids_1,3,15930,16020,eat_drink,19
4,vp4/run1_2018-05-22-13-28-51.ids_1,3,16020,16110,eat_drink,20
4,vp4/run1_2018-05-22-13-28-51.ids_1,3,16110,16200,eat_drink,21
4,vp4/run1_2018-05-22-13-28-51.ids_1,3,16200,16290,eat_drink,22
4,vp4/run1_2018-05-22-13-28-51.ids_1,3,16290,16380,eat_drink,23
4,vp4/run1_2018-05-22-13-28-51.ids_1,3,16380,16470,eat_drink,24
4,vp4/run1_2018-05-22-13-28-51.ids_1,3,16470,16560,eat_drink,25
4,vp4/run1_2018-05-22-13-28-51.ids_1,3,16560,16650,eat_drink,26
4,vp4/run1_2018-05-22-13-28-51.ids_1,3,16650,16740,eat_drink,27
4,vp4/run1_2018-05-22-13-28-51.ids_1,3,16740,16830,eat_drink,28
4,vp4/run1_2018-05-22-13-28-51.ids_1,3,16830,16920,eat_drink,29
4,vp4/run1_2018-05-22-13-28-51.ids_1,3,16920,17010,eat_drink,30
4,vp4/run1_2018-05-22-13-28-51.ids_1,3,17010,17100,eat_drink,31
4,vp4/run1_2018-05-22-13-28-51.ids_1,3,17100,17190,eat_drink,32
4,vp4/run1_2018-05-22-13-28-51.ids_1,3,17190,17280,eat_drink,33
4,vp4/run1_2018-05-22-13-28-51.ids_1,3,17280,17370,eat_drink,34
4,vp4/run1_2018-05-22-13-28-51.ids_1,3,17370,17460,eat_drink,35
4,vp4/run1_2018-05-22-13-28-51.ids_1,3,17460,17550,eat_drink,36
4,vp4/run1_2018-05-22-13-28-51.ids_1,3,17550,17640,eat_drink,37
4,vp4/run1_2018-05-22-13-28-51.ids_1,3,17640,17730,eat_drink,38
4,vp4/run1_2018-05-22-13-28-51.ids_1,3,17730,17820,eat_drink,39
4,vp4/run1_2018-05-22-13-28-51.ids_1,3,17820,17910,eat_drink,40
4,vp4/run1_2018-05-22-13-28-51.ids_1,3,17910,18000,eat_drink,41
4,vp4/run1_2018-05-22-13-28-51.ids_1,3,18000,18090,eat_drink,42
4,vp4/run1_2018-05-22-13-28-51.ids_1,3,18090,18150,eat_drink,43
4,vp4/run1_2018-05-22-13-28-51.ids_1,4,18180,18270,put_on_sunglasses,0
4,vp4/run1_2018-05-22-13-28-51.ids_1,4,18270,18360,put_on_sunglasses,1
4,vp4/run1_2018-05-22-13-28-51.ids_1,4,18360,18450,put_on_sunglasses,2
4,vp4/run1_2018-05-22-13-28-51.ids_1,4,18450,18540,put_on_sunglasses,3
4,vp4/run1_2018-05-22-13-28-51.ids_1,4,18540,18600,put_on_sunglasses,4
4,vp4/run1_2018-05-22-13-28-51.ids_1,5,18690,18780,take_off_sunglasses,0
4,vp4/run1_2018-05-22-13-28-51.ids_1,5,18780,18870,take_off_sunglasses,1
4,vp4/run1_2018-05-22-13-28-51.ids_1,5,18870,18960,take_off_sunglasses,2
4,vp4/run1_2018-05-22-13-28-51.ids_1,5,18960,19050,take_off_sunglasses,3
4,vp4/run1_2018-05-22-13-28-51.ids_1,5,19050,19110,take_off_sunglasses,4
4,vp4/run1_2018-05-22-13-28-51.ids_1,6,23700,23790,read_write_magazine,0
4,vp4/run1_2018-05-22-13-28-51.ids_1,6,23790,23880,read_write_magazine,1
4,vp4/run1_2018-05-22-13-28-51.ids_1,6,23880,23970,read_write_magazine,2
4,vp4/run1_2018-05-22-13-28-51.ids_1,6,23970,24060,read_write_magazine,3
4,vp4/run1_2018-05-22-13-28-51.ids_1,6,24060,24150,read_write_magazine,4
4,vp4/run1_2018-05-22-13-28-51.ids_1,6,24150,24240,read_write_magazine,5
4,vp4/run1_2018-05-22-13-28-51.ids_1,6,24240,24330,read_write_magazine,6
4,vp4/run1_2018-05-22-13-28-51.ids_1,6,24330,24420,read_write_magazine,7
4,vp4/run1_2018-05-22-13-28-51.ids_1,6,24420,24510,read_write_magazine,8
4,vp4/run1_2018-05-22-13-28-51.ids_1,6,24510,24600,read_write_magazine,9
4,vp4/run1_2018-05-22-13-28-51.ids_1,6,24600,24690,read_write_magazine,10
4,vp4/run1_2018-05-22-13-28-51.ids_1,6,24690,24780,read_write_magazine,11
4,vp4/run1_2018-05-22-13-28-51.ids_1,6,24780,24870,read_write_magazine,12
4,vp4/run1_2018-05-22-13-28-51.ids_1,6,24870,24960,read_write_magazine,13
4,vp4/run1_2018-05-22-13-28-51.ids_1,6,24960,25050,read_write_magazine,14
4,vp4/run1_2018-05-22-13-28-51.ids_1,6,25050,25140,read_write_magazine,15
4,vp4/run1_2018-05-22-13-28-51.ids_1,6,25140,25230,read_write_magazine,16
4,vp4/run1_2018-05-22-13-28-51.ids_1,6,25230,25320,read_write_magazine,17
4,vp4/run1_2018-05-22-13-28-51.ids_1,6,25320,25410,read_write_magazine,18
4,vp4/run1_2018-05-22-13-28-51.ids_1,6,25410,25500,read_write_magazine,19
4,vp4/run1_2018-05-22-13-28-51.ids_1,6,25500,25590,read_write_magazine,20
4,vp4/run1_2018-05-22-13-28-51.ids_1,6,25590,25680,read_write_magazine,21
4,vp4/run1_2018-05-22-13-28-51.ids_1,6,25680,25770,read_write_magazine,22
4,vp4/run1_2018-05-22-13-28-51.ids_1,6,25770,25860,read_write_magazine,23
4,vp4/run1_2018-05-22-13-28-51.ids_1,6,25860,25950,read_write_magazine,24
4,vp4/run1_2018-05-22-13-28-51.ids_1,6,25950,26040,read_write_magazine,25
4,vp4/run1_2018-05-22-13-28-51.ids_1,6,26040,26130,read_write_magazine,26
4,vp4/run1_2018-05-22-13-28-51.ids_1,6,26130,26220,read_write_magazine,27
4,vp4/run1_2018-05-22-13-28-51.ids_1,6,26220,26310,read_write_magazine,28
4,vp4/run1_2018-05-22-13-28-51.ids_1,6,26310,26400,read_write_magazine,29
4,vp4/run1_2018-05-22-13-28-51.ids_1,6,26400,26490,read_write_magazine,30
4,vp4/run1_2018-05-22-13-28-51.ids_1,6,26490,26580,read_write_magazine,31
4,vp4/run1_2018-05-22-13-28-51.ids_1,6,26580,26670,read_write_magazine,32
4,vp4/run1_2018-05-22-13-28-51.ids_1,6,26670,26760,read_write_magazine,33
4,vp4/run1_2018-05-22-13-28-51.ids_1,6,26760,26850,read_write_magazine,34
4,vp4/run1_2018-05-22-13-28-51.ids_1,6,26850,26940,read_write_magazine,35
4,vp4/run1_2018-05-22-13-28-51.ids_1,6,26940,27030,read_write_magazine,36
4,vp4/run1_2018-05-22-13-28-51.ids_1,6,27030,27120,read_write_magazine,37
4,vp4/run1_2018-05-22-13-28-51.ids_1,6,27120,27210,read_write_magazine,38
4,vp4/run1_2018-05-22-13-28-51.ids_1,6,27210,27300,read_write_magazine,39
4,vp4/run1_2018-05-22-13-28-51.ids_1,6,27300,27390,read_write_magazine,40
4,vp4/run1_2018-05-22-13-28-51.ids_1,6,27390,27480,read_write_magazine,41
4,vp4/run1_2018-05-22-13-28-51.ids_1,6,27480,27570,read_write_magazine,42
4,vp4/run1_2018-05-22-13-28-51.ids_1,6,27570,27660,read_write_magazine,43
4,vp4/run1_2018-05-22-13-28-51.ids_1,6,27660,27750,read_write_magazine,44
4,vp4/run1_2018-05-22-13-28-51.ids_1,6,27750,27840,read_write_magazine,45
4,vp4/run1_2018-05-22-13-28-51.ids_1,6,27840,27930,read_write_magazine,46
4,vp4/run1_2018-05-22-13-28-51.ids_1,6,27930,28020,read_write_magazine,47
4,vp4/run1_2018-05-22-13-28-51.ids_1,6,28020,28110,read_write_magazine,48
4,vp4/run1_2018-05-22-13-28-51.ids_1,6,28110,28200,read_write_magazine,49
4,vp4/run1_2018-05-22-13-28-51.ids_1,6,28200,28290,read_write_magazine,50
4,vp4/run1_2018-05-22-13-28-51.ids_1,6,28290,28380,read_write_magazine,51
4,vp4/run1_2018-05-22-13-28-51.ids_1,6,28380,28470,read_write_magazine,52
4,vp4/run1_2018-05-22-13-28-51.ids_1,6,28470,28560,read_write_magazine,53
4,vp4/run1_2018-05-22-13-28-51.ids_1,6,28560,28650,read_write_magazine,54
4,vp4/run1_2018-05-22-13-28-51.ids_1,6,28650,28740,read_write_magazine,55
4,vp4/run1_2018-05-22-13-28-51.ids_1,6,28740,28830,read_write_magazine,56
4,vp4/run1_2018-05-22-13-28-51.ids_1,6,28830,28920,read_write_magazine,57
4,vp4/run1_2018-05-22-13-28-51.ids_1,6,28920,29010,read_write_magazine,58
4,vp4/run1_2018-05-22-13-28-51.ids_1,6,29010,29100,read_write_magazine,59
4,vp4/run1_2018-05-22-13-28-51.ids_1,6,29100,29190,read_write_magazine,60
4,vp4/run1_2018-05-22-13-28-51.ids_1,6,29190,29280,read_write_magazine,61
4,vp4/run1_2018-05-22-13-28-51.ids_1,6,29280,29370,read_write_magazine,62
4,vp4/run1_2018-05-22-13-28-51.ids_1,6,29370,29460,read_write_magazine,63
4,vp4/run1_2018-05-22-13-28-51.ids_1,6,29460,29550,read_write_magazine,64
4,vp4/run1_2018-05-22-13-28-51.ids_1,6,29550,29640,read_write_magazine,65
4,vp4/run1_2018-05-22-13-28-51.ids_1,6,29640,29730,read_write_magazine,66
4,vp4/run1_2018-05-22-13-28-51.ids_1,6,29730,29820,read_write_magazine,67
4,vp4/run1_2018-05-22-13-28-51.ids_1,6,29820,29910,read_write_magazine,68
4,vp4/run1_2018-05-22-13-28-51.ids_1,6,29910,30000,read_write_magazine,69
4,vp4/run1_2018-05-22-13-28-51.ids_1,6,30000,30090,read_write_magazine,70
4,vp4/run1_2018-05-22-13-28-51.ids_1,6,30090,30180,read_write_magazine,71
4,vp4/run1_2018-05-22-13-28-51.ids_1,6,30180,30270,read_write_magazine,72
4,vp4/run1_2018-05-22-13-28-51.ids_1,6,30270,30360,read_write_magazine,73
4,vp4/run1_2018-05-22-13-28-51.ids_1,6,30360,30450,read_write_magazine,74
4,vp4/run1_2018-05-22-13-28-51.ids_1,6,30450,30540,read_write_magazine,75
4,vp4/run1_2018-05-22-13-28-51.ids_1,6,30540,30630,read_write_magazine,76
4,vp4/run1_2018-05-22-13-28-51.ids_1,6,30630,30720,read_write_magazine,77
4,vp4/run1_2018-05-22-13-28-51.ids_1,6,30720,30810,read_write_magazine,78
4,vp4/run1_2018-05-22-13-28-51.ids_1,6,30810,30900,read_write_magazine,79
4,vp4/run1_2018-05-22-13-28-51.ids_1,6,30900,30990,read_write_magazine,80
4,vp4/run1_2018-05-22-13-28-51.ids_1,6,30990,31080,read_write_magazine,81
4,vp4/run1_2018-05-22-13-28-51.ids_1,6,31080,31170,read_write_magazine,82
4,vp4/run1_2018-05-22-13-28-51.ids_1,6,31170,31260,read_write_magazine,83
4,vp4/run1_2018-05-22-13-28-51.ids_1,6,31260,31350,read_write_magazine,84
4,vp4/run1_2018-05-22-13-28-51.ids_1,6,31350,31440,read_write_magazine,85
4,vp4/run1_2018-05-22-13-28-51.ids_1,6,31440,31530,read_write_magazine,86
4,vp4/run1_2018-05-22-13-28-51.ids_1,6,31530,31620,read_write_magazine,87
4,vp4/run1_2018-05-22-13-28-51.ids_1,6,31620,31710,read_write_magazine,88
4,vp4/run1_2018-05-22-13-28-51.ids_1,6,31710,31800,read_write_magazine,89
4,vp4/run1_2018-05-22-13-28-51.ids_1,6,31800,31890,read_write_magazine,90
4,vp4/run1_2018-05-22-13-28-51.ids_1,6,31890,31980,read_write_magazine,91
4,vp4/run1_2018-05-22-13-28-51.ids_1,6,31980,32070,read_write_magazine,92
4,vp4/run1_2018-05-22-13-28-51.ids_1,6,32070,32160,read_write_magazine,93
4,vp4/run1_2018-05-22-13-28-51.ids_1,6,32160,32250,read_write_magazine,94
4,vp4/run1_2018-05-22-13-28-51.ids_1,6,32250,32340,read_write_magazine,95
4,vp4/run1_2018-05-22-13-28-51.ids_1,6,32340,32430,read_write_magazine,96
4,vp4/run1_2018-05-22-13-28-51.ids_1,6,32430,32520,read_write_magazine,97
4,vp4/run1_2018-05-22-13-28-51.ids_1,6,32520,32610,read_write_magazine,98
4,vp4/run1_2018-05-22-13-28-51.ids_1,6,32610,32700,read_write_magazine,99
4,vp4/run1_2018-05-22-13-28-51.ids_1,6,32700,32790,read_write_magazine,100
4,vp4/run1_2018-05-22-13-28-51.ids_1,6,32790,32880,read_write_magazine,101
4,vp4/run1_2018-05-22-13-28-51.ids_1,6,32880,32970,read_write_magazine,102
4,vp4/run1_2018-05-22-13-28-51.ids_1,6,32970,33060,read_write_magazine,103
4,vp4/run1_2018-05-22-13-28-51.ids_1,6,33060,33150,read_write_magazine,104
4,vp4/run1_2018-05-22-13-28-51.ids_1,7,36300,36390,work,0
4,vp4/run1_2018-05-22-13-28-51.ids_1,7,36390,36480,work,1
4,vp4/run1_2018-05-22-13-28-51.ids_1,7,36480,36570,work,2
4,vp4/run1_2018-05-22-13-28-51.ids_1,7,36570,36660,work,3
4,vp4/run1_2018-05-22-13-28-51.ids_1,7,36660,36750,work,4
4,vp4/run1_2018-05-22-13-28-51.ids_1,7,36750,36840,work,5
4,vp4/run1_2018-05-22-13-28-51.ids_1,7,36840,36930,work,6
4,vp4/run1_2018-05-22-13-28-51.ids_1,7,36930,37020,work,7
4,vp4/run1_2018-05-22-13-28-51.ids_1,7,37020,37110,work,8
4,vp4/run1_2018-05-22-13-28-51.ids_1,7,37110,37200,work,9
4,vp4/run1_2018-05-22-13-28-51.ids_1,7,37200,37290,work,10
4,vp4/run1_2018-05-22-13-28-51.ids_1,7,37290,37380,work,11
4,vp4/run1_2018-05-22-13-28-51.ids_1,7,37380,37470,work,12
4,vp4/run1_2018-05-22-13-28-51.ids_1,7,37470,37560,work,13
4,vp4/run1_2018-05-22-13-28-51.ids_1,7,37560,37650,work,14
4,vp4/run1_2018-05-22-13-28-51.ids_1,7,37650,37740,work,15
4,vp4/run1_2018-05-22-13-28-51.ids_1,7,37740,37830,work,16
4,vp4/run1_2018-05-22-13-28-51.ids_1,7,37830,37920,work,17
4,vp4/run1_2018-05-22-13-28-51.ids_1,7,37920,38010,work,18
4,vp4/run1_2018-05-22-13-28-51.ids_1,7,38010,38100,work,19
4,vp4/run1_2018-05-22-13-28-51.ids_1,7,38100,38190,work,20
4,vp4/run1_2018-05-22-13-28-51.ids_1,7,38190,38280,work,21
4,vp4/run1_2018-05-22-13-28-51.ids_1,7,38280,38370,work,22
4,vp4/run1_2018-05-22-13-28-51.ids_1,7,38370,38460,work,23
4,vp4/run1_2018-05-22-13-28-51.ids_1,7,38460,38550,work,24
4,vp4/run1_2018-05-22-13-28-51.ids_1,7,38550,38640,work,25
4,vp4/run1_2018-05-22-13-28-51.ids_1,7,38640,38730,work,26
4,vp4/run1_2018-05-22-13-28-51.ids_1,7,38730,38820,work,27
4,vp4/run1_2018-05-22-13-28-51.ids_1,7,38820,38910,work,28
4,vp4/run1_2018-05-22-13-28-51.ids_1,7,38910,39000,work,29
4,vp4/run1_2018-05-22-13-28-51.ids_1,7,39000,39090,work,30
4,vp4/run1_2018-05-22-13-28-51.ids_1,7,39090,39180,work,31
4,vp4/run1_2018-05-22-13-28-51.ids_1,7,39180,39270,work,32
4,vp4/run1_2018-05-22-13-28-51.ids_1,7,39270,39360,work,33
4,vp4/run1_2018-05-22-13-28-51.ids_1,7,39360,39450,work,34
4,vp4/run1_2018-05-22-13-28-51.ids_1,7,39450,39540,work,35
4,vp4/run1_2018-05-22-13-28-51.ids_1,7,39540,39630,work,36
4,vp4/run1_2018-05-22-13-28-51.ids_1,7,39630,39720,work,37
4,vp4/run1_2018-05-22-13-28-51.ids_1,7,39720,39810,work,38
4,vp4/run1_2018-05-22-13-28-51.ids_1,7,39810,39900,work,39
4,vp4/run1_2018-05-22-13-28-51.ids_1,7,39900,39990,work,40
4,vp4/run1_2018-05-22-13-28-51.ids_1,7,39990,40080,work,41
4,vp4/run1_2018-05-22-13-28-51.ids_1,7,40080,40170,work,42
4,vp4/run1_2018-05-22-13-28-51.ids_1,7,40170,40260,work,43
4,vp4/run1_2018-05-22-13-28-51.ids_1,7,40260,40350,work,44
4,vp4/run1_2018-05-22-13-28-51.ids_1,7,40350,40440,work,45
4,vp4/run1_2018-05-22-13-28-51.ids_1,7,40440,40530,work,46
4,vp4/run1_2018-05-22-13-28-51.ids_1,7,40530,40620,work,47
4,vp4/run1_2018-05-22-13-28-51.ids_1,7,40620,40710,work,48
4,vp4/run1_2018-05-22-13-28-51.ids_1,7,40710,40800,work,49
4,vp4/run1_2018-05-22-13-28-51.ids_1,7,40800,40890,work,50
4,vp4/run1_2018-05-22-13-28-51.ids_1,7,40890,40980,work,51
4,vp4/run1_2018-05-22-13-28-51.ids_1,7,40980,41070,work,52
4,vp4/run1_2018-05-22-13-28-51.ids_1,7,41070,41160,work,53
4,vp4/run1_2018-05-22-13-28-51.ids_1,7,41160,41250,work,54
4,vp4/run1_2018-05-22-13-28-51.ids_1,7,41250,41340,work,55
4,vp4/run1_2018-05-22-13-28-51.ids_1,7,41340,41430,work,56
4,vp4/run1_2018-05-22-13-28-51.ids_1,7,41430,41520,work,57
4,vp4/run1_2018-05-22-13-28-51.ids_1,7,41520,41610,work,58
4,vp4/run1_2018-05-22-13-28-51.ids_1,7,41610,41700,work,59
4,vp4/run1_2018-05-22-13-28-51.ids_1,7,41700,41790,work,60
4,vp4/run1_2018-05-22-13-28-51.ids_1,7,41790,41880,work,61
4,vp4/run1_2018-05-22-13-28-51.ids_1,7,41880,41970,work,62
4,vp4/run1_2018-05-22-13-28-51.ids_1,7,41970,42060,work,63
4,vp4/run1_2018-05-22-13-28-51.ids_1,7,42060,42150,work,64
4,vp4/run1_2018-05-22-13-28-51.ids_1,7,42150,42240,work,65
4,vp4/run1_2018-05-22-13-28-51.ids_1,7,42240,42330,work,66
4,vp4/run1_2018-05-22-13-28-51.ids_1,7,42330,42420,work,67
4,vp4/run1_2018-05-22-13-28-51.ids_1,7,42420,42510,work,68
4,vp4/run1_2018-05-22-13-28-51.ids_1,7,42510,42600,work,69
4,vp4/run1_2018-05-22-13-28-51.ids_1,7,42600,42690,work,70
4,vp4/run1_2018-05-22-13-28-51.ids_1,7,42690,42780,work,71
4,vp4/run1_2018-05-22-13-28-51.ids_1,7,42780,42870,work,72
4,vp4/run1_2018-05-22-13-28-51.ids_1,7,42870,42960,work,73
4,vp4/run1_2018-05-22-13-28-51.ids_1,7,42960,43050,work,74
4,vp4/run1_2018-05-22-13-28-51.ids_1,7,43050,43140,work,75
4,vp4/run1_2018-05-22-13-28-51.ids_1,7,43140,43230,work,76
4,vp4/run1_2018-05-22-13-28-51.ids_1,7,43230,43320,work,77
4,vp4/run1_2018-05-22-13-28-51.ids_1,7,43320,43410,work,78
4,vp4/run1_2018-05-22-13-28-51.ids_1,7,43410,43500,work,79
4,vp4/run1_2018-05-22-13-28-51.ids_1,7,43500,43590,work,80
4,vp4/run1_2018-05-22-13-28-51.ids_1,7,43590,43680,work,81
4,vp4/run1_2018-05-22-13-28-51.ids_1,7,43680,43770,work,82
4,vp4/run1_2018-05-22-13-28-51.ids_1,7,43770,43860,work,83
4,vp4/run1_2018-05-22-13-28-51.ids_1,7,43860,43950,work,84
4,vp4/run1_2018-05-22-13-28-51.ids_1,7,43950,44010,work,85
4,vp4/run1_2018-05-22-13-28-51.ids_1,8,44490,44580,eat_drink,0
4,vp4/run1_2018-05-22-13-28-51.ids_1,8,44580,44670,eat_drink,1
4,vp4/run1_2018-05-22-13-28-51.ids_1,8,44670,44760,eat_drink,2
4,vp4/run1_2018-05-22-13-28-51.ids_1,8,44760,44850,eat_drink,3
4,vp4/run1_2018-05-22-13-28-51.ids_1,8,44850,44940,eat_drink,4
4,vp4/run1_2018-05-22-13-28-51.ids_1,8,44940,45030,eat_drink,5
4,vp4/run1_2018-05-22-13-28-51.ids_1,8,45030,45120,eat_drink,6
4,vp4/run1_2018-05-22-13-28-51.ids_1,8,45120,45210,eat_drink,7
4,vp4/run1_2018-05-22-13-28-51.ids_1,8,45210,45300,eat_drink,8
4,vp4/run1_2018-05-22-13-28-51.ids_1,8,45300,45390,eat_drink,9
4,vp4/run1_2018-05-22-13-28-51.ids_1,8,45390,45480,eat_drink,10
4,vp4/run1_2018-05-22-13-28-51.ids_1,8,45480,45570,eat_drink,11
4,vp4/run1_2018-05-22-13-28-51.ids_1,8,45570,45660,eat_drink,12
4,vp4/run1_2018-05-22-13-28-51.ids_1,8,45660,45750,eat_drink,13
4,vp4/run1_2018-05-22-13-28-51.ids_1,8,45750,45840,eat_drink,14
4,vp4/run1_2018-05-22-13-28-51.ids_1,8,45840,45930,eat_drink,15
4,vp4/run1_2018-05-22-13-28-51.ids_1,8,45930,46020,eat_drink,16
4,vp4/run1_2018-05-22-13-28-51.ids_1,8,46020,46110,eat_drink,17
4,vp4/run1_2018-05-22-13-28-51.ids_1,8,46110,46200,eat_drink,18
4,vp4/run1_2018-05-22-13-28-51.ids_1,8,46200,46290,eat_drink,19
4,vp4/run1_2018-05-22-13-28-51.ids_1,8,46290,46380,eat_drink,20
4,vp4/run1_2018-05-22-13-28-51.ids_1,8,46380,46470,eat_drink,21
4,vp4/run1_2018-05-22-13-28-51.ids_1,8,46470,46560,eat_drink,22
4,vp4/run1_2018-05-22-13-28-51.ids_1,8,46560,46650,eat_drink,23
4,vp4/run1_2018-05-22-13-28-51.ids_1,8,46650,46740,eat_drink,24
4,vp4/run1_2018-05-22-13-28-51.ids_1,8,46740,46830,eat_drink,25
4,vp4/run1_2018-05-22-13-28-51.ids_1,8,46830,46920,eat_drink,26
4,vp4/run1_2018-05-22-13-28-51.ids_1,8,46920,47010,eat_drink,27
4,vp4/run1_2018-05-22-13-28-51.ids_1,8,47010,47100,eat_drink,28
4,vp4/run1_2018-05-22-13-28-51.ids_1,8,47100,47130,eat_drink,29
4,vp4/run1_2018-05-22-13-28-51.ids_1,9,55110,55200,take_off_jacket,0
4,vp4/run1_2018-05-22-13-28-51.ids_1,9,55200,55290,take_off_jacket,1
4,vp4/run1_2018-05-22-13-28-51.ids_1,9,55290,55380,take_off_jacket,2
4,vp4/run1_2018-05-22-13-28-51.ids_1,9,55380,55470,take_off_jacket,3
4,vp4/run1_2018-05-22-13-28-51.ids_1,9,55470,55560,take_off_jacket,4
4,vp4/run1_2018-05-22-13-28-51.ids_1,9,55560,55650,take_off_jacket,5
4,vp4/run1_2018-05-22-13-28-51.ids_1,9,55650,55740,take_off_jacket,6
4,vp4/run1_2018-05-22-13-28-51.ids_1,9,55740,55830,take_off_jacket,7
4,vp4/run1_2018-05-22-13-28-51.ids_1,9,55830,55920,take_off_jacket,8
4,vp4/run1_2018-05-22-13-28-51.ids_1,9,55920,56010,take_off_jacket,9
4,vp4/run1_2018-05-22-13-28-51.ids_1,9,56010,56040,take_off_jacket,10
4,vp4/run1_2018-05-22-13-28-51.ids_1,10,57600,57690,read_write_newspaper,0
4,vp4/run1_2018-05-22-13-28-51.ids_1,10,57690,57780,read_write_newspaper,1
4,vp4/run1_2018-05-22-13-28-51.ids_1,10,57780,57870,read_write_newspaper,2
4,vp4/run1_2018-05-22-13-28-51.ids_1,10,57870,57960,read_write_newspaper,3
4,vp4/run1_2018-05-22-13-28-51.ids_1,10,57960,58050,read_write_newspaper,4
4,vp4/run1_2018-05-22-13-28-51.ids_1,10,58050,58140,read_write_newspaper,5
4,vp4/run1_2018-05-22-13-28-51.ids_1,10,58140,58230,read_write_newspaper,6
4,vp4/run1_2018-05-22-13-28-51.ids_1,10,58230,58320,read_write_newspaper,7
4,vp4/run1_2018-05-22-13-28-51.ids_1,10,58320,58410,read_write_newspaper,8
4,vp4/run1_2018-05-22-13-28-51.ids_1,10,58410,58500,read_write_newspaper,9
4,vp4/run1_2018-05-22-13-28-51.ids_1,10,58500,58590,read_write_newspaper,10
4,vp4/run1_2018-05-22-13-28-51.ids_1,10,58590,58680,read_write_newspaper,11
4,vp4/run1_2018-05-22-13-28-51.ids_1,10,58680,58770,read_write_newspaper,12
4,vp4/run1_2018-05-22-13-28-51.ids_1,10,58770,58860,read_write_newspaper,13
4,vp4/run1_2018-05-22-13-28-51.ids_1,10,58860,58950,read_write_newspaper,14
4,vp4/run1_2018-05-22-13-28-51.ids_1,10,58950,59040,read_write_newspaper,15
4,vp4/run1_2018-05-22-13-28-51.ids_1,10,59040,59130,read_write_newspaper,16
4,vp4/run1_2018-05-22-13-28-51.ids_1,10,59130,59220,read_write_newspaper,17
4,vp4/run1_2018-05-22-13-28-51.ids_1,10,59220,59310,read_write_newspaper,18
4,vp4/run1_2018-05-22-13-28-51.ids_1,10,59310,59400,read_write_newspaper,19
4,vp4/run1_2018-05-22-13-28-51.ids_1,10,59400,59490,read_write_newspaper,20
4,vp4/run1_2018-05-22-13-28-51.ids_1,10,59490,59580,read_write_newspaper,21
4,vp4/run1_2018-05-22-13-28-51.ids_1,10,59580,59670,read_write_newspaper,22
4,vp4/run1_2018-05-22-13-28-51.ids_1,10,59670,59760,read_write_newspaper,23
4,vp4/run1_2018-05-22-13-28-51.ids_1,10,59760,59850,read_write_newspaper,24
4,vp4/run1_2018-05-22-13-28-51.ids_1,10,59850,59940,read_write_newspaper,25
4,vp4/run1_2018-05-22-13-28-51.ids_1,10,59940,60030,read_write_newspaper,26
4,vp4/run1_2018-05-22-13-28-51.ids_1,10,60030,60120,read_write_newspaper,27
4,vp4/run1_2018-05-22-13-28-51.ids_1,10,60120,60210,read_write_newspaper,28
4,vp4/run1_2018-05-22-13-28-51.ids_1,10,60210,60300,read_write_newspaper,29
4,vp4/run1_2018-05-22-13-28-51.ids_1,10,60300,60390,read_write_newspaper,30
4,vp4/run1_2018-05-22-13-28-51.ids_1,10,60390,60480,read_write_newspaper,31
4,vp4/run1_2018-05-22-13-28-51.ids_1,10,60480,60570,read_write_newspaper,32
4,vp4/run1_2018-05-22-13-28-51.ids_1,10,60570,60660,read_write_newspaper,33
4,vp4/run1_2018-05-22-13-28-51.ids_1,10,60660,60750,read_write_newspaper,34
4,vp4/run1_2018-05-22-13-28-51.ids_1,10,60750,60840,read_write_newspaper,35
4,vp4/run1_2018-05-22-13-28-51.ids_1,10,60840,60930,read_write_newspaper,36
4,vp4/run1_2018-05-22-13-28-51.ids_1,10,60930,61020,read_write_newspaper,37
4,vp4/run1_2018-05-22-13-28-51.ids_1,10,61020,61110,read_write_newspaper,38
4,vp4/run1_2018-05-22-13-28-51.ids_1,10,61110,61200,read_write_newspaper,39
4,vp4/run1_2018-05-22-13-28-51.ids_1,10,61200,61290,read_write_newspaper,40
4,vp4/run1_2018-05-22-13-28-51.ids_1,10,61290,61380,read_write_newspaper,41
4,vp4/run1_2018-05-22-13-28-51.ids_1,10,61380,61470,read_write_newspaper,42
4,vp4/run1_2018-05-22-13-28-51.ids_1,10,61470,61560,read_write_newspaper,43
4,vp4/run1_2018-05-22-13-28-51.ids_1,10,61560,61650,read_write_newspaper,44
4,vp4/run1_2018-05-22-13-28-51.ids_1,10,61650,61740,read_write_newspaper,45
4,vp4/run1_2018-05-22-13-28-51.ids_1,10,61740,61830,read_write_newspaper,46
4,vp4/run1_2018-05-22-13-28-51.ids_1,10,61830,61920,read_write_newspaper,47
4,vp4/run1_2018-05-22-13-28-51.ids_1,10,61920,62010,read_write_newspaper,48
4,vp4/run1_2018-05-22-13-28-51.ids_1,10,62010,62100,read_write_newspaper,49
4,vp4/run1_2018-05-22-13-28-51.ids_1,10,62100,62190,read_write_newspaper,50
4,vp4/run1_2018-05-22-13-28-51.ids_1,10,62190,62280,read_write_newspaper,51
4,vp4/run1_2018-05-22-13-28-51.ids_1,10,62280,62370,read_write_newspaper,52
4,vp4/run1_2018-05-22-13-28-51.ids_1,10,62370,62460,read_write_newspaper,53
4,vp4/run1_2018-05-22-13-28-51.ids_1,10,62460,62550,read_write_newspaper,54
4,vp4/run1_2018-05-22-13-28-51.ids_1,10,62550,62640,read_write_newspaper,55
4,vp4/run1_2018-05-22-13-28-51.ids_1,10,62640,62730,read_write_newspaper,56
4,vp4/run1_2018-05-22-13-28-51.ids_1,10,62730,62820,read_write_newspaper,57
4,vp4/run1_2018-05-22-13-28-51.ids_1,10,62820,62910,read_write_newspaper,58
4,vp4/run1_2018-05-22-13-28-51.ids_1,10,62910,63000,read_write_newspaper,59
4,vp4/run1_2018-05-22-13-28-51.ids_1,10,63000,63030,read_write_newspaper,60
4,vp4/run1_2018-05-22-13-28-51.ids_1,11,65010,65100,final_task,0
4,vp4/run1_2018-05-22-13-28-51.ids_1,11,65100,65190,final_task,1
4,vp4/run1_2018-05-22-13-28-51.ids_1,11,65190,65280,final_task,2
4,vp4/run1_2018-05-22-13-28-51.ids_1,11,65280,65370,final_task,3
4,vp4/run1_2018-05-22-13-28-51.ids_1,11,65370,65460,final_task,4
4,vp4/run1_2018-05-22-13-28-51.ids_1,11,65460,65550,final_task,5
4,vp4/run1_2018-05-22-13-28-51.ids_1,11,65550,65640,final_task,6
4,vp4/run1_2018-05-22-13-28-51.ids_1,11,65640,65730,final_task,7
4,vp4/run1_2018-05-22-13-28-51.ids_1,11,65730,65820,final_task,8
4,vp4/run1_2018-05-22-13-28-51.ids_1,11,65820,65910,final_task,9
4,vp4/run1_2018-05-22-13-28-51.ids_1,11,65910,66000,final_task,10
4,vp4/run1_2018-05-22-13-28-51.ids_1,11,66000,66060,final_task,11
4,vp4/run2_2018-05-22-14-25-04.ids_1,0,0,90,fasten_seat_belt,0
4,vp4/run2_2018-05-22-14-25-04.ids_1,0,90,180,fasten_seat_belt,1
4,vp4/run2_2018-05-22-14-25-04.ids_1,0,180,270,fasten_seat_belt,2
4,vp4/run2_2018-05-22-14-25-04.ids_1,0,270,360,fasten_seat_belt,3
4,vp4/run2_2018-05-22-14-25-04.ids_1,0,360,450,fasten_seat_belt,4
4,vp4/run2_2018-05-22-14-25-04.ids_1,0,450,540,fasten_seat_belt,5
4,vp4/run2_2018-05-22-14-25-04.ids_1,0,540,630,fasten_seat_belt,6
4,vp4/run2_2018-05-22-14-25-04.ids_1,0,630,720,fasten_seat_belt,7
4,vp4/run2_2018-05-22-14-25-04.ids_1,0,720,810,fasten_seat_belt,8
4,vp4/run2_2018-05-22-14-25-04.ids_1,0,810,900,fasten_seat_belt,9
4,vp4/run2_2018-05-22-14-25-04.ids_1,0,900,990,fasten_seat_belt,10
4,vp4/run2_2018-05-22-14-25-04.ids_1,0,990,1080,fasten_seat_belt,11
4,vp4/run2_2018-05-22-14-25-04.ids_1,0,1080,1170,fasten_seat_belt,12
4,vp4/run2_2018-05-22-14-25-04.ids_1,0,1170,1260,fasten_seat_belt,13
4,vp4/run2_2018-05-22-14-25-04.ids_1,0,1260,1350,fasten_seat_belt,14
4,vp4/run2_2018-05-22-14-25-04.ids_1,0,1350,1440,fasten_seat_belt,15
4,vp4/run2_2018-05-22-14-25-04.ids_1,0,1440,1530,fasten_seat_belt,16
4,vp4/run2_2018-05-22-14-25-04.ids_1,0,1530,1620,fasten_seat_belt,17
4,vp4/run2_2018-05-22-14-25-04.ids_1,0,1620,1710,fasten_seat_belt,18
4,vp4/run2_2018-05-22-14-25-04.ids_1,0,1710,1800,fasten_seat_belt,19
4,vp4/run2_2018-05-22-14-25-04.ids_1,0,1800,1890,fasten_seat_belt,20
4,vp4/run2_2018-05-22-14-25-04.ids_1,0,1890,1929,fasten_seat_belt,21
4,vp4/run2_2018-05-22-14-25-04.ids_1,1,10020,10110,hand_over,0
4,vp4/run2_2018-05-22-14-25-04.ids_1,1,10110,10200,hand_over,1
4,vp4/run2_2018-05-22-14-25-04.ids_1,1,10200,10290,hand_over,2
4,vp4/run2_2018-05-22-14-25-04.ids_1,1,10290,10380,hand_over,3
4,vp4/run2_2018-05-22-14-25-04.ids_1,2,11100,11190,eat_drink,0
4,vp4/run2_2018-05-22-14-25-04.ids_1,2,11190,11280,eat_drink,1
4,vp4/run2_2018-05-22-14-25-04.ids_1,2,11280,11370,eat_drink,2
4,vp4/run2_2018-05-22-14-25-04.ids_1,2,11370,11460,eat_drink,3
4,vp4/run2_2018-05-22-14-25-04.ids_1,2,11460,11550,eat_drink,4
4,vp4/run2_2018-05-22-14-25-04.ids_1,2,11550,11640,eat_drink,5
4,vp4/run2_2018-05-22-14-25-04.ids_1,2,11640,11730,eat_drink,6
4,vp4/run2_2018-05-22-14-25-04.ids_1,2,11730,11820,eat_drink,7
4,vp4/run2_2018-05-22-14-25-04.ids_1,2,11820,11910,eat_drink,8
4,vp4/run2_2018-05-22-14-25-04.ids_1,2,11910,12000,eat_drink,9
4,vp4/run2_2018-05-22-14-25-04.ids_1,2,12000,12090,eat_drink,10
4,vp4/run2_2018-05-22-14-25-04.ids_1,2,12090,12180,eat_drink,11
4,vp4/run2_2018-05-22-14-25-04.ids_1,2,12180,12270,eat_drink,12
4,vp4/run2_2018-05-22-14-25-04.ids_1,2,12270,12360,eat_drink,13
4,vp4/run2_2018-05-22-14-25-04.ids_1,2,12360,12450,eat_drink,14
4,vp4/run2_2018-05-22-14-25-04.ids_1,2,12450,12540,eat_drink,15
4,vp4/run2_2018-05-22-14-25-04.ids_1,2,12540,12630,eat_drink,16
4,vp4/run2_2018-05-22-14-25-04.ids_1,2,12630,12720,eat_drink,17
4,vp4/run2_2018-05-22-14-25-04.ids_1,2,12720,12810,eat_drink,18
4,vp4/run2_2018-05-22-14-25-04.ids_1,2,12810,12900,eat_drink,19
4,vp4/run2_2018-05-22-14-25-04.ids_1,2,12900,12990,eat_drink,20
4,vp4/run2_2018-05-22-14-25-04.ids_1,2,12990,13080,eat_drink,21
4,vp4/run2_2018-05-22-14-25-04.ids_1,2,13080,13170,eat_drink,22
4,vp4/run2_2018-05-22-14-25-04.ids_1,2,13170,13260,eat_drink,23
4,vp4/run2_2018-05-22-14-25-04.ids_1,2,13260,13350,eat_drink,24
4,vp4/run2_2018-05-22-14-25-04.ids_1,2,13350,13440,eat_drink,25
4,vp4/run2_2018-05-22-14-25-04.ids_1,2,13440,13530,eat_drink,26
4,vp4/run2_2018-05-22-14-25-04.ids_1,2,13530,13620,eat_drink,27
4,vp4/run2_2018-05-22-14-25-04.ids_1,2,13620,13710,eat_drink,28
4,vp4/run2_2018-05-22-14-25-04.ids_1,2,13710,13800,eat_drink,29
4,vp4/run2_2018-05-22-14-25-04.ids_1,2,13800,13890,eat_drink,30
4,vp4/run2_2018-05-22-14-25-04.ids_1,2,13890,13980,eat_drink,31
4,vp4/run2_2018-05-22-14-25-04.ids_1,2,13980,14070,eat_drink,32
4,vp4/run2_2018-05-22-14-25-04.ids_1,2,14070,14160,eat_drink,33
4,vp4/run2_2018-05-22-14-25-04.ids_1,2,14160,14250,eat_drink,34
4,vp4/run2_2018-05-22-14-25-04.ids_1,2,14250,14340,eat_drink,35
4,vp4/run2_2018-05-22-14-25-04.ids_1,2,14340,14430,eat_drink,36
4,vp4/run2_2018-05-22-14-25-04.ids_1,2,14430,14520,eat_drink,37
4,vp4/run2_2018-05-22-14-25-04.ids_1,2,14520,14610,eat_drink,38
4,vp4/run2_2018-05-22-14-25-04.ids_1,2,14610,14700,eat_drink,39
4,vp4/run2_2018-05-22-14-25-04.ids_1,2,14700,14790,eat_drink,40
4,vp4/run2_2018-05-22-14-25-04.ids_1,2,14790,14880,eat_drink,41
4,vp4/run2_2018-05-22-14-25-04.ids_1,2,14880,14970,eat_drink,42
4,vp4/run2_2018-05-22-14-25-04.ids_1,2,14970,15060,eat_drink,43
4,vp4/run2_2018-05-22-14-25-04.ids_1,2,15060,15150,eat_drink,44
4,vp4/run2_2018-05-22-14-25-04.ids_1,2,15150,15240,eat_drink,45
4,vp4/run2_2018-05-22-14-25-04.ids_1,2,15240,15330,eat_drink,46
4,vp4/run2_2018-05-22-14-25-04.ids_1,2,15330,15420,eat_drink,47
4,vp4/run2_2018-05-22-14-25-04.ids_1,2,15420,15510,eat_drink,48
4,vp4/run2_2018-05-22-14-25-04.ids_1,2,15510,15600,eat_drink,49
4,vp4/run2_2018-05-22-14-25-04.ids_1,2,15600,15690,eat_drink,50
4,vp4/run2_2018-05-22-14-25-04.ids_1,2,15690,15780,eat_drink,51
4,vp4/run2_2018-05-22-14-25-04.ids_1,2,15780,15870,eat_drink,52
4,vp4/run2_2018-05-22-14-25-04.ids_1,2,15870,15960,eat_drink,53
4,vp4/run2_2018-05-22-14-25-04.ids_1,2,15960,16050,eat_drink,54
4,vp4/run2_2018-05-22-14-25-04.ids_1,2,16050,16140,eat_drink,55
4,vp4/run2_2018-05-22-14-25-04.ids_1,2,16140,16230,eat_drink,56
4,vp4/run2_2018-05-22-14-25-04.ids_1,2,16230,16320,eat_drink,57
4,vp4/run2_2018-05-22-14-25-04.ids_1,2,16320,16410,eat_drink,58
4,vp4/run2_2018-05-22-14-25-04.ids_1,2,16410,16500,eat_drink,59
4,vp4/run2_2018-05-22-14-25-04.ids_1,2,16500,16590,eat_drink,60
4,vp4/run2_2018-05-22-14-25-04.ids_1,2,16590,16680,eat_drink,61
4,vp4/run2_2018-05-22-14-25-04.ids_1,2,16680,16770,eat_drink,62
4,vp4/run2_2018-05-22-14-25-04.ids_1,2,16770,16860,eat_drink,63
4,vp4/run2_2018-05-22-14-25-04.ids_1,2,16860,16950,eat_drink,64
4,vp4/run2_2018-05-22-14-25-04.ids_1,2,16950,17040,eat_drink,65
4,vp4/run2_2018-05-22-14-25-04.ids_1,2,17040,17130,eat_drink,66
4,vp4/run2_2018-05-22-14-25-04.ids_1,2,17130,17220,eat_drink,67
4,vp4/run2_2018-05-22-14-25-04.ids_1,2,17220,17310,eat_drink,68
4,vp4/run2_2018-05-22-14-25-04.ids_1,2,17310,17400,eat_drink,69
4,vp4/run2_2018-05-22-14-25-04.ids_1,2,17400,17490,eat_drink,70
4,vp4/run2_2018-05-22-14-25-04.ids_1,2,17490,17580,eat_drink,71
4,vp4/run2_2018-05-22-14-25-04.ids_1,2,17580,17670,eat_drink,72
4,vp4/run2_2018-05-22-14-25-04.ids_1,2,17670,17760,eat_drink,73
4,vp4/run2_2018-05-22-14-25-04.ids_1,2,17760,17850,eat_drink,74
4,vp4/run2_2018-05-22-14-25-04.ids_1,2,17850,17940,eat_drink,75
4,vp4/run2_2018-05-22-14-25-04.ids_1,2,17940,18030,eat_drink,76
4,vp4/run2_2018-05-22-14-25-04.ids_1,2,18030,18120,eat_drink,77
4,vp4/run2_2018-05-22-14-25-04.ids_1,3,21240,21330,put_on_sunglasses,0
4,vp4/run2_2018-05-22-14-25-04.ids_1,3,21330,21420,put_on_sunglasses,1
4,vp4/run2_2018-05-22-14-25-04.ids_1,3,21420,21510,put_on_sunglasses,2
4,vp4/run2_2018-05-22-14-25-04.ids_1,3,21510,21540,put_on_sunglasses,3
4,vp4/run2_2018-05-22-14-25-04.ids_1,4,22170,22260,read_write_magazine,0
4,vp4/run2_2018-05-22-14-25-04.ids_1,4,22260,22350,read_write_magazine,1
4,vp4/run2_2018-05-22-14-25-04.ids_1,4,22350,22440,read_write_magazine,2
4,vp4/run2_2018-05-22-14-25-04.ids_1,4,22440,22530,read_write_magazine,3
4,vp4/run2_2018-05-22-14-25-04.ids_1,4,22530,22620,read_write_magazine,4
4,vp4/run2_2018-05-22-14-25-04.ids_1,4,22620,22710,read_write_magazine,5
4,vp4/run2_2018-05-22-14-25-04.ids_1,4,22710,22800,read_write_magazine,6
4,vp4/run2_2018-05-22-14-25-04.ids_1,4,22800,22890,read_write_magazine,7
4,vp4/run2_2018-05-22-14-25-04.ids_1,4,22890,22980,read_write_magazine,8
4,vp4/run2_2018-05-22-14-25-04.ids_1,4,22980,23070,read_write_magazine,9
4,vp4/run2_2018-05-22-14-25-04.ids_1,4,23070,23160,read_write_magazine,10
4,vp4/run2_2018-05-22-14-25-04.ids_1,4,23160,23250,read_write_magazine,11
4,vp4/run2_2018-05-22-14-25-04.ids_1,4,23250,23340,read_write_magazine,12
4,vp4/run2_2018-05-22-14-25-04.ids_1,4,23340,23430,read_write_magazine,13
4,vp4/run2_2018-05-22-14-25-04.ids_1,4,23430,23520,read_write_magazine,14
4,vp4/run2_2018-05-22-14-25-04.ids_1,4,23520,23610,read_write_magazine,15
4,vp4/run2_2018-05-22-14-25-04.ids_1,4,23610,23700,read_write_magazine,16
4,vp4/run2_2018-05-22-14-25-04.ids_1,4,23700,23790,read_write_magazine,17
4,vp4/run2_2018-05-22-14-25-04.ids_1,4,23790,23880,read_write_magazine,18
4,vp4/run2_2018-05-22-14-25-04.ids_1,4,23880,23970,read_write_magazine,19
4,vp4/run2_2018-05-22-14-25-04.ids_1,4,23970,24060,read_write_magazine,20
4,vp4/run2_2018-05-22-14-25-04.ids_1,4,24060,24120,read_write_magazine,21
4,vp4/run2_2018-05-22-14-25-04.ids_1,5,24870,24960,put_on_jacket,0
4,vp4/run2_2018-05-22-14-25-04.ids_1,5,24960,25050,put_on_jacket,1
4,vp4/run2_2018-05-22-14-25-04.ids_1,5,25050,25140,put_on_jacket,2
4,vp4/run2_2018-05-22-14-25-04.ids_1,5,25140,25230,put_on_jacket,3
4,vp4/run2_2018-05-22-14-25-04.ids_1,5,25230,25320,put_on_jacket,4
4,vp4/run2_2018-05-22-14-25-04.ids_1,5,25320,25410,put_on_jacket,5
4,vp4/run2_2018-05-22-14-25-04.ids_1,5,25410,25500,put_on_jacket,6
4,vp4/run2_2018-05-22-14-25-04.ids_1,5,25500,25590,put_on_jacket,7
4,vp4/run2_2018-05-22-14-25-04.ids_1,5,25590,25680,put_on_jacket,8
4,vp4/run2_2018-05-22-14-25-04.ids_1,5,25680,25770,put_on_jacket,9
4,vp4/run2_2018-05-22-14-25-04.ids_1,5,25770,25860,put_on_jacket,10
4,vp4/run2_2018-05-22-14-25-04.ids_1,5,25860,25950,put_on_jacket,11
4,vp4/run2_2018-05-22-14-25-04.ids_1,5,25950,26040,put_on_jacket,12
4,vp4/run2_2018-05-22-14-25-04.ids_1,5,26040,26130,put_on_jacket,13
4,vp4/run2_2018-05-22-14-25-04.ids_1,5,26130,26220,put_on_jacket,14
4,vp4/run2_2018-05-22-14-25-04.ids_1,5,26220,26310,put_on_jacket,15
4,vp4/run2_2018-05-22-14-25-04.ids_1,5,26310,26400,put_on_jacket,16
4,vp4/run2_2018-05-22-14-25-04.ids_1,5,26400,26430,put_on_jacket,17
4,vp4/run2_2018-05-22-14-25-04.ids_1,6,26820,26910,work,0
4,vp4/run2_2018-05-22-14-25-04.ids_1,6,26910,27000,work,1
4,vp4/run2_2018-05-22-14-25-04.ids_1,6,27000,27090,work,2
4,vp4/run2_2018-05-22-14-25-04.ids_1,6,27090,27180,work,3
4,vp4/run2_2018-05-22-14-25-04.ids_1,6,27180,27270,work,4
4,vp4/run2_2018-05-22-14-25-04.ids_1,6,27270,27360,work,5
4,vp4/run2_2018-05-22-14-25-04.ids_1,6,27360,27450,work,6
4,vp4/run2_2018-05-22-14-25-04.ids_1,6,27450,27540,work,7
4,vp4/run2_2018-05-22-14-25-04.ids_1,6,27540,27630,work,8
4,vp4/run2_2018-05-22-14-25-04.ids_1,6,27630,27720,work,9
4,vp4/run2_2018-05-22-14-25-04.ids_1,6,27720,27810,work,10
4,vp4/run2_2018-05-22-14-25-04.ids_1,6,27810,27900,work,11
4,vp4/run2_2018-05-22-14-25-04.ids_1,6,27900,27990,work,12
4,vp4/run2_2018-05-22-14-25-04.ids_1,6,27990,28080,work,13
4,vp4/run2_2018-05-22-14-25-04.ids_1,6,28080,28170,work,14
4,vp4/run2_2018-05-22-14-25-04.ids_1,6,28170,28260,work,15
4,vp4/run2_2018-05-22-14-25-04.ids_1,6,28260,28350,work,16
4,vp4/run2_2018-05-22-14-25-04.ids_1,6,28350,28440,work,17
4,vp4/run2_2018-05-22-14-25-04.ids_1,6,28440,28530,work,18
4,vp4/run2_2018-05-22-14-25-04.ids_1,6,28530,28620,work,19
4,vp4/run2_2018-05-22-14-25-04.ids_1,6,28620,28710,work,20
4,vp4/run2_2018-05-22-14-25-04.ids_1,6,28710,28800,work,21
4,vp4/run2_2018-05-22-14-25-04.ids_1,6,28800,28890,work,22
4,vp4/run2_2018-05-22-14-25-04.ids_1,6,28890,28980,work,23
4,vp4/run2_2018-05-22-14-25-04.ids_1,6,28980,29070,work,24
4,vp4/run2_2018-05-22-14-25-04.ids_1,6,29070,29160,work,25
4,vp4/run2_2018-05-22-14-25-04.ids_1,6,29160,29250,work,26
4,vp4/run2_2018-05-22-14-25-04.ids_1,6,29250,29340,work,27
4,vp4/run2_2018-05-22-14-25-04.ids_1,6,29340,29430,work,28
4,vp4/run2_2018-05-22-14-25-04.ids_1,6,29430,29520,work,29
4,vp4/run2_2018-05-22-14-25-04.ids_1,6,29520,29610,work,30
4,vp4/run2_2018-05-22-14-25-04.ids_1,6,29610,29700,work,31
4,vp4/run2_2018-05-22-14-25-04.ids_1,6,29700,29790,work,32
4,vp4/run2_2018-05-22-14-25-04.ids_1,6,29790,29880,work,33
4,vp4/run2_2018-05-22-14-25-04.ids_1,6,29880,29970,work,34
4,vp4/run2_2018-05-22-14-25-04.ids_1,6,29970,30060,work,35
4,vp4/run2_2018-05-22-14-25-04.ids_1,6,30060,30150,work,36
4,vp4/run2_2018-05-22-14-25-04.ids_1,6,30150,30240,work,37
4,vp4/run2_2018-05-22-14-25-04.ids_1,6,30240,30330,work,38
4,vp4/run2_2018-05-22-14-25-04.ids_1,6,30330,30420,work,39
4,vp4/run2_2018-05-22-14-25-04.ids_1,6,30420,30510,work,40
4,vp4/run2_2018-05-22-14-25-04.ids_1,6,30510,30600,work,41
4,vp4/run2_2018-05-22-14-25-04.ids_1,6,30600,30690,work,42
4,vp4/run2_2018-05-22-14-25-04.ids_1,6,30690,30780,work,43
4,vp4/run2_2018-05-22-14-25-04.ids_1,6,30780,30870,work,44
4,vp4/run2_2018-05-22-14-25-04.ids_1,6,30870,30960,work,45
4,vp4/run2_2018-05-22-14-25-04.ids_1,6,30960,31050,work,46
4,vp4/run2_2018-05-22-14-25-04.ids_1,6,31050,31140,work,47
4,vp4/run2_2018-05-22-14-25-04.ids_1,6,31140,31230,work,48
4,vp4/run2_2018-05-22-14-25-04.ids_1,6,31230,31320,work,49
4,vp4/run2_2018-05-22-14-25-04.ids_1,6,31320,31410,work,50
4,vp4/run2_2018-05-22-14-25-04.ids_1,7,31890,31980,take_off_sunglasses,0
4,vp4/run2_2018-05-22-14-25-04.ids_1,7,31980,32070,take_off_sunglasses,1
4,vp4/run2_2018-05-22-14-25-04.ids_1,7,32070,32100,take_off_sunglasses,2
4,vp4/run2_2018-05-22-14-25-04.ids_1,8,33390,33480,read_write_newspaper,0
4,vp4/run2_2018-05-22-14-25-04.ids_1,8,33480,33570,read_write_newspaper,1
4,vp4/run2_2018-05-22-14-25-04.ids_1,8,33570,33660,read_write_newspaper,2
4,vp4/run2_2018-05-22-14-25-04.ids_1,8,33660,33750,read_write_newspaper,3
4,vp4/run2_2018-05-22-14-25-04.ids_1,8,33750,33840,read_write_newspaper,4
4,vp4/run2_2018-05-22-14-25-04.ids_1,8,33840,33930,read_write_newspaper,5
4,vp4/run2_2018-05-22-14-25-04.ids_1,8,33930,34020,read_write_newspaper,6
4,vp4/run2_2018-05-22-14-25-04.ids_1,8,34020,34110,read_write_newspaper,7
4,vp4/run2_2018-05-22-14-25-04.ids_1,8,34110,34200,read_write_newspaper,8
4,vp4/run2_2018-05-22-14-25-04.ids_1,8,34200,34290,read_write_newspaper,9
4,vp4/run2_2018-05-22-14-25-04.ids_1,8,34290,34380,read_write_newspaper,10
4,vp4/run2_2018-05-22-14-25-04.ids_1,8,34380,34470,read_write_newspaper,11
4,vp4/run2_2018-05-22-14-25-04.ids_1,8,34470,34560,read_write_newspaper,12
4,vp4/run2_2018-05-22-14-25-04.ids_1,8,34560,34650,read_write_newspaper,13
4,vp4/run2_2018-05-22-14-25-04.ids_1,8,34650,34740,read_write_newspaper,14
4,vp4/run2_2018-05-22-14-25-04.ids_1,8,34740,34830,read_write_newspaper,15
4,vp4/run2_2018-05-22-14-25-04.ids_1,8,34830,34920,read_write_newspaper,16
4,vp4/run2_2018-05-22-14-25-04.ids_1,8,34920,35010,read_write_newspaper,17
4,vp4/run2_2018-05-22-14-25-04.ids_1,8,35010,35100,read_write_newspaper,18
4,vp4/run2_2018-05-22-14-25-04.ids_1,8,35100,35190,read_write_newspaper,19
4,vp4/run2_2018-05-22-14-25-04.ids_1,8,35190,35280,read_write_newspaper,20
4,vp4/run2_2018-05-22-14-25-04.ids_1,8,35280,35370,read_write_newspaper,21
4,vp4/run2_2018-05-22-14-25-04.ids_1,8,35370,35460,read_write_newspaper,22
4,vp4/run2_2018-05-22-14-25-04.ids_1,8,35460,35550,read_write_newspaper,23
4,vp4/run2_2018-05-22-14-25-04.ids_1,8,35550,35640,read_write_newspaper,24
4,vp4/run2_2018-05-22-14-25-04.ids_1,8,35640,35730,read_write_newspaper,25
4,vp4/run2_2018-05-22-14-25-04.ids_1,8,35730,35820,read_write_newspaper,26
4,vp4/run2_2018-05-22-14-25-04.ids_1,8,35820,35910,read_write_newspaper,27
4,vp4/run2_2018-05-22-14-25-04.ids_1,8,35910,36000,read_write_newspaper,28
4,vp4/run2_2018-05-22-14-25-04.ids_1,8,36000,36090,read_write_newspaper,29
4,vp4/run2_2018-05-22-14-25-04.ids_1,8,36090,36180,read_write_newspaper,30
4,vp4/run2_2018-05-22-14-25-04.ids_1,8,36180,36270,read_write_newspaper,31
4,vp4/run2_2018-05-22-14-25-04.ids_1,8,36270,36360,read_write_newspaper,32
4,vp4/run2_2018-05-22-14-25-04.ids_1,8,36360,36450,read_write_newspaper,33
4,vp4/run2_2018-05-22-14-25-04.ids_1,8,36450,36480,read_write_newspaper,34
4,vp4/run2_2018-05-22-14-25-04.ids_1,9,47550,47640,eat_drink,0
4,vp4/run2_2018-05-22-14-25-04.ids_1,9,47640,47730,eat_drink,1
4,vp4/run2_2018-05-22-14-25-04.ids_1,9,47730,47820,eat_drink,2
4,vp4/run2_2018-05-22-14-25-04.ids_1,9,47820,47910,eat_drink,3
4,vp4/run2_2018-05-22-14-25-04.ids_1,9,47910,48000,eat_drink,4
4,vp4/run2_2018-05-22-14-25-04.ids_1,9,48000,48090,eat_drink,5
4,vp4/run2_2018-05-22-14-25-04.ids_1,9,48090,48180,eat_drink,6
4,vp4/run2_2018-05-22-14-25-04.ids_1,9,48180,48270,eat_drink,7
4,vp4/run2_2018-05-22-14-25-04.ids_1,9,48270,48360,eat_drink,8
4,vp4/run2_2018-05-22-14-25-04.ids_1,9,48360,48450,eat_drink,9
4,vp4/run2_2018-05-22-14-25-04.ids_1,9,48450,48540,eat_drink,10
4,vp4/run2_2018-05-22-14-25-04.ids_1,9,48540,48630,eat_drink,11
4,vp4/run2_2018-05-22-14-25-04.ids_1,9,48630,48720,eat_drink,12
4,vp4/run2_2018-05-22-14-25-04.ids_1,9,48720,48810,eat_drink,13
4,vp4/run2_2018-05-22-14-25-04.ids_1,9,48810,48900,eat_drink,14
4,vp4/run2_2018-05-22-14-25-04.ids_1,9,48900,48990,eat_drink,15
4,vp4/run2_2018-05-22-14-25-04.ids_1,9,48990,49080,eat_drink,16
4,vp4/run2_2018-05-22-14-25-04.ids_1,9,49080,49170,eat_drink,17
4,vp4/run2_2018-05-22-14-25-04.ids_1,9,49170,49260,eat_drink,18
4,vp4/run2_2018-05-22-14-25-04.ids_1,9,49260,49350,eat_drink,19
4,vp4/run2_2018-05-22-14-25-04.ids_1,9,49350,49440,eat_drink,20
4,vp4/run2_2018-05-22-14-25-04.ids_1,9,49440,49470,eat_drink,21
4,vp4/run2_2018-05-22-14-25-04.ids_1,10,50400,50490,take_off_jacket,0
4,vp4/run2_2018-05-22-14-25-04.ids_1,10,50490,50580,take_off_jacket,1
4,vp4/run2_2018-05-22-14-25-04.ids_1,10,50580,50670,take_off_jacket,2
4,vp4/run2_2018-05-22-14-25-04.ids_1,10,50670,50760,take_off_jacket,3
4,vp4/run2_2018-05-22-14-25-04.ids_1,10,50760,50850,take_off_jacket,4
4,vp4/run2_2018-05-22-14-25-04.ids_1,10,50850,50880,take_off_jacket,5
4,vp4/run2_2018-05-22-14-25-04.ids_1,11,53070,53160,final_task,0
4,vp4/run2_2018-05-22-14-25-04.ids_1,11,53160,53250,final_task,1
4,vp4/run2_2018-05-22-14-25-04.ids_1,11,53250,53340,final_task,2
4,vp4/run2_2018-05-22-14-25-04.ids_1,11,53340,53430,final_task,3
4,vp4/run2_2018-05-22-14-25-04.ids_1,11,53430,53520,final_task,4
4,vp4/run2_2018-05-22-14-25-04.ids_1,11,53520,53610,final_task,5
4,vp4/run2_2018-05-22-14-25-04.ids_1,11,53610,53700,final_task,6
4,vp4/run2_2018-05-22-14-25-04.ids_1,11,53700,53790,final_task,7
4,vp4/run2_2018-05-22-14-25-04.ids_1,11,53790,53880,final_task,8
4,vp4/run2_2018-05-22-14-25-04.ids_1,11,53880,53970,final_task,9
4,vp4/run2_2018-05-22-14-25-04.ids_1,11,53970,54060,final_task,10
4,vp4/run2_2018-05-22-14-25-04.ids_1,11,54060,54150,final_task,11
6,vp6/run1_2018-05-23-10-21-45.ids_1,0,120,210,fasten_seat_belt,0
6,vp6/run1_2018-05-23-10-21-45.ids_1,0,210,300,fasten_seat_belt,1
6,vp6/run1_2018-05-23-10-21-45.ids_1,0,300,390,fasten_seat_belt,2
6,vp6/run1_2018-05-23-10-21-45.ids_1,0,390,480,fasten_seat_belt,3
6,vp6/run1_2018-05-23-10-21-45.ids_1,0,480,559,fasten_seat_belt,4
6,vp6/run1_2018-05-23-10-21-45.ids_1,1,8458,8548,hand_over,0
6,vp6/run1_2018-05-23-10-21-45.ids_1,1,8548,8638,hand_over,1
6,vp6/run1_2018-05-23-10-21-45.ids_1,1,8638,8728,hand_over,2
6,vp6/run1_2018-05-23-10-21-45.ids_1,1,8728,8818,hand_over,3
6,vp6/run1_2018-05-23-10-21-45.ids_1,1,8818,8908,hand_over,4
6,vp6/run1_2018-05-23-10-21-45.ids_1,1,8908,8942,hand_over,5
6,vp6/run1_2018-05-23-10-21-45.ids_1,2,9373,9463,put_on_jacket,0
6,vp6/run1_2018-05-23-10-21-45.ids_1,2,9463,9553,put_on_jacket,1
6,vp6/run1_2018-05-23-10-21-45.ids_1,2,9553,9643,put_on_jacket,2
6,vp6/run1_2018-05-23-10-21-45.ids_1,2,9643,9733,put_on_jacket,3
6,vp6/run1_2018-05-23-10-21-45.ids_1,2,9733,9823,put_on_jacket,4
6,vp6/run1_2018-05-23-10-21-45.ids_1,2,9823,9913,put_on_jacket,5
6,vp6/run1_2018-05-23-10-21-45.ids_1,2,9913,10003,put_on_jacket,6
6,vp6/run1_2018-05-23-10-21-45.ids_1,2,10003,10093,put_on_jacket,7
6,vp6/run1_2018-05-23-10-21-45.ids_1,2,10093,10183,put_on_jacket,8
6,vp6/run1_2018-05-23-10-21-45.ids_1,2,10183,10273,put_on_jacket,9
6,vp6/run1_2018-05-23-10-21-45.ids_1,2,10273,10363,put_on_jacket,10
6,vp6/run1_2018-05-23-10-21-45.ids_1,2,10363,10387,put_on_jacket,11
6,vp6/run1_2018-05-23-10-21-45.ids_1,3,12686,12776,read_write_newspaper,0
6,vp6/run1_2018-05-23-10-21-45.ids_1,3,12776,12866,read_write_newspaper,1
6,vp6/run1_2018-05-23-10-21-45.ids_1,3,12866,12956,read_write_newspaper,2
6,vp6/run1_2018-05-23-10-21-45.ids_1,3,12956,13046,read_write_newspaper,3
6,vp6/run1_2018-05-23-10-21-45.ids_1,3,13046,13136,read_write_newspaper,4
6,vp6/run1_2018-05-23-10-21-45.ids_1,3,13136,13226,read_write_newspaper,5
6,vp6/run1_2018-05-23-10-21-45.ids_1,3,13226,13316,read_write_newspaper,6
6,vp6/run1_2018-05-23-10-21-45.ids_1,3,13316,13406,read_write_newspaper,7
6,vp6/run1_2018-05-23-10-21-45.ids_1,3,13406,13496,read_write_newspaper,8
6,vp6/run1_2018-05-23-10-21-45.ids_1,3,13496,13586,read_write_newspaper,9
6,vp6/run1_2018-05-23-10-21-45.ids_1,3,13586,13676,read_write_newspaper,10
6,vp6/run1_2018-05-23-10-21-45.ids_1,3,13676,13766,read_write_newspaper,11
6,vp6/run1_2018-05-23-10-21-45.ids_1,3,13766,13856,read_write_newspaper,12
6,vp6/run1_2018-05-23-10-21-45.ids_1,3,13856,13946,read_write_newspaper,13
6,vp6/run1_2018-05-23-10-21-45.ids_1,3,13946,14036,read_write_newspaper,14
6,vp6/run1_2018-05-23-10-21-45.ids_1,3,14036,14126,read_write_newspaper,15
6,vp6/run1_2018-05-23-10-21-45.ids_1,3,14126,14216,read_write_newspaper,16
6,vp6/run1_2018-05-23-10-21-45.ids_1,3,14216,14306,read_write_newspaper,17
6,vp6/run1_2018-05-23-10-21-45.ids_1,3,14306,14396,read_write_newspaper,18
6,vp6/run1_2018-05-23-10-21-45.ids_1,3,14396,14486,read_write_newspaper,19
6,vp6/run1_2018-05-23-10-21-45.ids_1,3,14486,14576,read_write_newspaper,20
6,vp6/run1_2018-05-23-10-21-45.ids_1,3,14576,14666,read_write_newspaper,21
6,vp6/run1_2018-05-23-10-21-45.ids_1,3,14666,14756,read_write_newspaper,22
6,vp6/run1_2018-05-23-10-21-45.ids_1,3,14756,14846,read_write_newspaper,23
6,vp6/run1_2018-05-23-10-21-45.ids_1,3,14846,14936,read_write_newspaper,24
6,vp6/run1_2018-05-23-10-21-45.ids_1,3,14936,15026,read_write_newspaper,25
6,vp6/run1_2018-05-23-10-21-45.ids_1,3,15026,15116,read_write_newspaper,26
6,vp6/run1_2018-05-23-10-21-45.ids_1,3,15116,15206,read_write_newspaper,27
6,vp6/run1_2018-05-23-10-21-45.ids_1,3,15206,15296,read_write_newspaper,28
6,vp6/run1_2018-05-23-10-21-45.ids_1,3,15296,15386,read_write_newspaper,29
6,vp6/run1_2018-05-23-10-21-45.ids_1,3,15386,15476,read_write_newspaper,30
6,vp6/run1_2018-05-23-10-21-45.ids_1,3,15476,15566,read_write_newspaper,31
6,vp6/run1_2018-05-23-10-21-45.ids_1,3,15566,15656,read_write_newspaper,32
6,vp6/run1_2018-05-23-10-21-45.ids_1,3,15656,15746,read_write_newspaper,33
6,vp6/run1_2018-05-23-10-21-45.ids_1,3,15746,15836,read_write_newspaper,34
6,vp6/run1_2018-05-23-10-21-45.ids_1,3,15836,15926,read_write_newspaper,35
6,vp6/run1_2018-05-23-10-21-45.ids_1,3,15926,16016,read_write_newspaper,36
6,vp6/run1_2018-05-23-10-21-45.ids_1,3,16016,16106,read_write_newspaper,37
6,vp6/run1_2018-05-23-10-21-45.ids_1,3,16106,16196,read_write_newspaper,38
6,vp6/run1_2018-05-23-10-21-45.ids_1,3,16196,16286,read_write_newspaper,39
6,vp6/run1_2018-05-23-10-21-45.ids_1,3,16286,16376,read_write_newspaper,40
6,vp6/run1_2018-05-23-10-21-45.ids_1,3,16376,16466,read_write_newspaper,41
6,vp6/run1_2018-05-23-10-21-45.ids_1,3,16466,16556,read_write_newspaper,42
6,vp6/run1_2018-05-23-10-21-45.ids_1,3,16556,16646,read_write_newspaper,43
6,vp6/run1_2018-05-23-10-21-45.ids_1,3,16646,16736,read_write_newspaper,44
6,vp6/run1_2018-05-23-10-21-45.ids_1,3,16736,16826,read_write_newspaper,45
6,vp6/run1_2018-05-23-10-21-45.ids_1,3,16826,16916,read_write_newspaper,46
6,vp6/run1_2018-05-23-10-21-45.ids_1,3,16916,16933,read_write_newspaper,47
6,vp6/run1_2018-05-23-10-21-45.ids_1,4,21830,21920,hand_over,0
6,vp6/run1_2018-05-23-10-21-45.ids_1,4,21920,22010,hand_over,1
6,vp6/run1_2018-05-23-10-21-45.ids_1,4,22010,22100,hand_over,2
6,vp6/run1_2018-05-23-10-21-45.ids_1,4,22100,22190,hand_over,3
6,vp6/run1_2018-05-23-10-21-45.ids_1,4,22190,22206,hand_over,4
6,vp6/run1_2018-05-23-10-21-45.ids_1,5,22215,22305,work,0
6,vp6/run1_2018-05-23-10-21-45.ids_1,5,22305,22395,work,1
6,vp6/run1_2018-05-23-10-21-45.ids_1,5,22395,22485,work,2
6,vp6/run1_2018-05-23-10-21-45.ids_1,5,22485,22575,work,3
6,vp6/run1_2018-05-23-10-21-45.ids_1,5,22575,22665,work,4
6,vp6/run1_2018-05-23-10-21-45.ids_1,5,22665,22755,work,5
6,vp6/run1_2018-05-23-10-21-45.ids_1,5,22755,22845,work,6
6,vp6/run1_2018-05-23-10-21-45.ids_1,5,22845,22935,work,7
6,vp6/run1_2018-05-23-10-21-45.ids_1,5,22935,23025,work,8
6,vp6/run1_2018-05-23-10-21-45.ids_1,5,23025,23115,work,9
6,vp6/run1_2018-05-23-10-21-45.ids_1,5,23115,23205,work,10
6,vp6/run1_2018-05-23-10-21-45.ids_1,5,23205,23295,work,11
6,vp6/run1_2018-05-23-10-21-45.ids_1,5,23295,23385,work,12
6,vp6/run1_2018-05-23-10-21-45.ids_1,5,23385,23475,work,13
6,vp6/run1_2018-05-23-10-21-45.ids_1,5,23475,23565,work,14
6,vp6/run1_2018-05-23-10-21-45.ids_1,5,23565,23655,work,15
6,vp6/run1_2018-05-23-10-21-45.ids_1,5,23655,23745,work,16
6,vp6/run1_2018-05-23-10-21-45.ids_1,5,23745,23835,work,17
6,vp6/run1_2018-05-23-10-21-45.ids_1,5,23835,23925,work,18
6,vp6/run1_2018-05-23-10-21-45.ids_1,5,23925,24015,work,19
6,vp6/run1_2018-05-23-10-21-45.ids_1,5,24015,24105,work,20
6,vp6/run1_2018-05-23-10-21-45.ids_1,5,24105,24195,work,21
6,vp6/run1_2018-05-23-10-21-45.ids_1,5,24195,24285,work,22
6,vp6/run1_2018-05-23-10-21-45.ids_1,5,24285,24375,work,23
6,vp6/run1_2018-05-23-10-21-45.ids_1,5,24375,24465,work,24
6,vp6/run1_2018-05-23-10-21-45.ids_1,5,24465,24555,work,25
6,vp6/run1_2018-05-23-10-21-45.ids_1,5,24555,24645,work,26
6,vp6/run1_2018-05-23-10-21-45.ids_1,5,24645,24735,work,27
6,vp6/run1_2018-05-23-10-21-45.ids_1,5,24735,24825,work,28
6,vp6/run1_2018-05-23-10-21-45.ids_1,5,24825,24915,work,29
6,vp6/run1_2018-05-23-10-21-45.ids_1,5,24915,25005,work,30
6,vp6/run1_2018-05-23-10-21-45.ids_1,5,25005,25095,work,31
6,vp6/run1_2018-05-23-10-21-45.ids_1,5,25095,25185,work,32
6,vp6/run1_2018-05-23-10-21-45.ids_1,5,25185,25275,work,33
6,vp6/run1_2018-05-23-10-21-45.ids_1,5,25275,25365,work,34
6,vp6/run1_2018-05-23-10-21-45.ids_1,5,25365,25455,work,35
6,vp6/run1_2018-05-23-10-21-45.ids_1,5,25455,25545,work,36
6,vp6/run1_2018-05-23-10-21-45.ids_1,5,25545,25635,work,37
6,vp6/run1_2018-05-23-10-21-45.ids_1,5,25635,25725,work,38
6,vp6/run1_2018-05-23-10-21-45.ids_1,5,25725,25815,work,39
6,vp6/run1_2018-05-23-10-21-45.ids_1,5,25815,25905,work,40
6,vp6/run1_2018-05-23-10-21-45.ids_1,5,25905,25995,work,41
6,vp6/run1_2018-05-23-10-21-45.ids_1,5,25995,26085,work,42
6,vp6/run1_2018-05-23-10-21-45.ids_1,5,26085,26175,work,43
6,vp6/run1_2018-05-23-10-21-45.ids_1,5,26175,26265,work,44
6,vp6/run1_2018-05-23-10-21-45.ids_1,5,26265,26355,work,45
6,vp6/run1_2018-05-23-10-21-45.ids_1,5,26355,26445,work,46
6,vp6/run1_2018-05-23-10-21-45.ids_1,5,26445,26535,work,47
6,vp6/run1_2018-05-23-10-21-45.ids_1,5,26535,26625,work,48
6,vp6/run1_2018-05-23-10-21-45.ids_1,5,26625,26672,work,49
6,vp6/run1_2018-05-23-10-21-45.ids_1,6,27300,27390,read_write_magazine,0
6,vp6/run1_2018-05-23-10-21-45.ids_1,6,27390,27480,read_write_magazine,1
6,vp6/run1_2018-05-23-10-21-45.ids_1,6,27480,27570,read_write_magazine,2
6,vp6/run1_2018-05-23-10-21-45.ids_1,6,27570,27660,read_write_magazine,3
6,vp6/run1_2018-05-23-10-21-45.ids_1,6,27660,27750,read_write_magazine,4
6,vp6/run1_2018-05-23-10-21-45.ids_1,6,27750,27840,read_write_magazine,5
6,vp6/run1_2018-05-23-10-21-45.ids_1,6,27840,27930,read_write_magazine,6
6,vp6/run1_2018-05-23-10-21-45.ids_1,6,27930,28020,read_write_magazine,7
6,vp6/run1_2018-05-23-10-21-45.ids_1,6,28020,28110,read_write_magazine,8
6,vp6/run1_2018-05-23-10-21-45.ids_1,6,28110,28200,read_write_magazine,9
6,vp6/run1_2018-05-23-10-21-45.ids_1,6,28200,28290,read_write_magazine,10
6,vp6/run1_2018-05-23-10-21-45.ids_1,6,28290,28380,read_write_magazine,11
6,vp6/run1_2018-05-23-10-21-45.ids_1,6,28380,28470,read_write_magazine,12
6,vp6/run1_2018-05-23-10-21-45.ids_1,6,28470,28560,read_write_magazine,13
6,vp6/run1_2018-05-23-10-21-45.ids_1,6,28560,28650,read_write_magazine,14
6,vp6/run1_2018-05-23-10-21-45.ids_1,6,28650,28740,read_write_magazine,15
6,vp6/run1_2018-05-23-10-21-45.ids_1,6,28740,28830,read_write_magazine,16
6,vp6/run1_2018-05-23-10-21-45.ids_1,6,28830,28920,read_write_magazine,17
6,vp6/run1_2018-05-23-10-21-45.ids_1,6,28920,29010,read_write_magazine,18
6,vp6/run1_2018-05-23-10-21-45.ids_1,6,29010,29100,read_write_magazine,19
6,vp6/run1_2018-05-23-10-21-45.ids_1,6,29100,29190,read_write_magazine,20
6,vp6/run1_2018-05-23-10-21-45.ids_1,6,29190,29280,read_write_magazine,21
6,vp6/run1_2018-05-23-10-21-45.ids_1,6,29280,29370,read_write_magazine,22
6,vp6/run1_2018-05-23-10-21-45.ids_1,6,29370,29460,read_write_magazine,23
6,vp6/run1_2018-05-23-10-21-45.ids_1,6,29460,29550,read_write_magazine,24
6,vp6/run1_2018-05-23-10-21-45.ids_1,6,29550,29640,read_write_magazine,25
6,vp6/run1_2018-05-23-10-21-45.ids_1,6,29640,29730,read_write_magazine,26
6,vp6/run1_2018-05-23-10-21-45.ids_1,6,29730,29820,read_write_magazine,27
6,vp6/run1_2018-05-23-10-21-45.ids_1,6,29820,29910,read_write_magazine,28
6,vp6/run1_2018-05-23-10-21-45.ids_1,6,29910,30000,read_write_magazine,29
6,vp6/run1_2018-05-23-10-21-45.ids_1,6,30000,30090,read_write_magazine,30
6,vp6/run1_2018-05-23-10-21-45.ids_1,6,30090,30180,read_write_magazine,31
6,vp6/run1_2018-05-23-10-21-45.ids_1,6,30180,30270,read_write_magazine,32
6,vp6/run1_2018-05-23-10-21-45.ids_1,6,30270,30360,read_write_magazine,33
6,vp6/run1_2018-05-23-10-21-45.ids_1,6,30360,30409,read_write_magazine,34
6,vp6/run1_2018-05-23-10-21-45.ids_1,7,31957,32047,put_on_sunglasses,0
6,vp6/run1_2018-05-23-10-21-45.ids_1,7,32047,32137,put_on_sunglasses,1
6,vp6/run1_2018-05-23-10-21-45.ids_1,7,32137,32227,put_on_sunglasses,2
6,vp6/run1_2018-05-23-10-21-45.ids_1,7,32227,32317,put_on_sunglasses,3
6,vp6/run1_2018-05-23-10-21-45.ids_1,7,32317,32337,put_on_sunglasses,4
6,vp6/run1_2018-05-23-10-21-45.ids_1,8,37351,37441,take_off_sunglasses,0
6,vp6/run1_2018-05-23-10-21-45.ids_1,8,37441,37531,take_off_sunglasses,1
6,vp6/run1_2018-05-23-10-21-45.ids_1,8,37531,37551,take_off_sunglasses,2
6,vp6/run1_2018-05-23-10-21-45.ids_1,9,37551,37618,hand_over,0
6,vp6/run1_2018-05-23-10-21-45.ids_1,10,39151,39241,eat_drink,0
6,vp6/run1_2018-05-23-10-21-45.ids_1,10,39241,39331,eat_drink,1
6,vp6/run1_2018-05-23-10-21-45.ids_1,10,39331,39421,eat_drink,2
6,vp6/run1_2018-05-23-10-21-45.ids_1,10,39421,39511,eat_drink,3
6,vp6/run1_2018-05-23-10-21-45.ids_1,10,39511,39601,eat_drink,4
6,vp6/run1_2018-05-23-10-21-45.ids_1,10,39601,39691,eat_drink,5
6,vp6/run1_2018-05-23-10-21-45.ids_1,10,39691,39781,eat_drink,6
6,vp6/run1_2018-05-23-10-21-45.ids_1,10,39781,39871,eat_drink,7
6,vp6/run1_2018-05-23-10-21-45.ids_1,10,39871,39961,eat_drink,8
6,vp6/run1_2018-05-23-10-21-45.ids_1,10,39961,40051,eat_drink,9
6,vp6/run1_2018-05-23-10-21-45.ids_1,10,40051,40141,eat_drink,10
6,vp6/run1_2018-05-23-10-21-45.ids_1,10,40141,40231,eat_drink,11
6,vp6/run1_2018-05-23-10-21-45.ids_1,10,40231,40321,eat_drink,12
6,vp6/run1_2018-05-23-10-21-45.ids_1,10,40321,40411,eat_drink,13
6,vp6/run1_2018-05-23-10-21-45.ids_1,10,40411,40501,eat_drink,14
6,vp6/run1_2018-05-23-10-21-45.ids_1,10,40501,40591,eat_drink,15
6,vp6/run1_2018-05-23-10-21-45.ids_1,10,40591,40681,eat_drink,16
6,vp6/run1_2018-05-23-10-21-45.ids_1,10,40681,40771,eat_drink,17
6,vp6/run1_2018-05-23-10-21-45.ids_1,10,40771,40861,eat_drink,18
6,vp6/run1_2018-05-23-10-21-45.ids_1,10,40861,40951,eat_drink,19
6,vp6/run1_2018-05-23-10-21-45.ids_1,10,40951,41041,eat_drink,20
6,vp6/run1_2018-05-23-10-21-45.ids_1,10,41041,41131,eat_drink,21
6,vp6/run1_2018-05-23-10-21-45.ids_1,10,41131,41221,eat_drink,22
6,vp6/run1_2018-05-23-10-21-45.ids_1,10,41221,41300,eat_drink,23
6,vp6/run1_2018-05-23-10-21-45.ids_1,11,41818,41908,eat_drink,0
6,vp6/run1_2018-05-23-10-21-45.ids_1,11,41908,41998,eat_drink,1
6,vp6/run1_2018-05-23-10-21-45.ids_1,11,41998,42088,eat_drink,2
6,vp6/run1_2018-05-23-10-21-45.ids_1,11,42088,42178,eat_drink,3
6,vp6/run1_2018-05-23-10-21-45.ids_1,11,42178,42268,eat_drink,4
6,vp6/run1_2018-05-23-10-21-45.ids_1,11,42268,42358,eat_drink,5
6,vp6/run1_2018-05-23-10-21-45.ids_1,11,42358,42448,eat_drink,6
6,vp6/run1_2018-05-23-10-21-45.ids_1,11,42448,42458,eat_drink,7
6,vp6/run1_2018-05-23-10-21-45.ids_1,12,45417,45507,hand_over,0
6,vp6/run1_2018-05-23-10-21-45.ids_1,12,45507,45597,hand_over,1
6,vp6/run1_2018-05-23-10-21-45.ids_1,12,45597,45687,hand_over,2
6,vp6/run1_2018-05-23-10-21-45.ids_1,12,45687,45777,hand_over,3
6,vp6/run1_2018-05-23-10-21-45.ids_1,13,47734,47824,put_on_sunglasses,0
6,vp6/run1_2018-05-23-10-21-45.ids_1,13,47824,47914,put_on_sunglasses,1
6,vp6/run1_2018-05-23-10-21-45.ids_1,13,47914,48004,put_on_sunglasses,2
6,vp6/run1_2018-05-23-10-21-45.ids_1,13,48004,48017,put_on_sunglasses,3
6,vp6/run1_2018-05-23-10-21-45.ids_1,14,48484,48574,hand_over,0
6,vp6/run1_2018-05-23-10-21-45.ids_1,14,48574,48627,hand_over,1
6,vp6/run1_2018-05-23-10-21-45.ids_1,15,50284,50374,take_off_jacket,0
6,vp6/run1_2018-05-23-10-21-45.ids_1,15,50374,50464,take_off_jacket,1
6,vp6/run1_2018-05-23-10-21-45.ids_1,15,50464,50554,take_off_jacket,2
6,vp6/run1_2018-05-23-10-21-45.ids_1,15,50554,50644,take_off_jacket,3
6,vp6/run1_2018-05-23-10-21-45.ids_1,15,50644,50734,take_off_jacket,4
6,vp6/run1_2018-05-23-10-21-45.ids_1,15,50734,50754,take_off_jacket,5
6,vp6/run1_2018-05-23-10-21-45.ids_1,16,52180,52270,final_task,0
6,vp6/run1_2018-05-23-10-21-45.ids_1,16,52270,52360,final_task,1
6,vp6/run1_2018-05-23-10-21-45.ids_1,16,52360,52450,final_task,2
6,vp6/run1_2018-05-23-10-21-45.ids_1,16,52450,52540,final_task,3
6,vp6/run1_2018-05-23-10-21-45.ids_1,16,52540,52630,final_task,4
6,vp6/run1_2018-05-23-10-21-45.ids_1,16,52630,52720,final_task,5
6,vp6/run1_2018-05-23-10-21-45.ids_1,16,52720,52810,final_task,6
6,vp6/run1_2018-05-23-10-21-45.ids_1,16,52810,52900,final_task,7
6,vp6/run1_2018-05-23-10-21-45.ids_1,16,52900,52990,final_task,8
6,vp6/run1_2018-05-23-10-21-45.ids_1,16,52990,53080,final_task,9
6,vp6/run1_2018-05-23-10-21-45.ids_1,16,53080,53170,final_task,10
6,vp6/run1_2018-05-23-10-21-45.ids_1,16,53170,53260,final_task,11
6,vp6/run1_2018-05-23-10-21-45.ids_1,16,53260,53350,final_task,12
6,vp6/run1_2018-05-23-10-21-45.ids_1,16,53350,53440,final_task,13
6,vp6/run1_2018-05-23-10-21-45.ids_1,16,53440,53506,final_task,14
6,vp6/run2_2018-05-23-11-05-00.ids_1,0,0,90,fasten_seat_belt,0
6,vp6/run2_2018-05-23-11-05-00.ids_1,0,90,180,fasten_seat_belt,1
6,vp6/run2_2018-05-23-11-05-00.ids_1,0,180,270,fasten_seat_belt,2
6,vp6/run2_2018-05-23-11-05-00.ids_1,0,270,360,fasten_seat_belt,3
6,vp6/run2_2018-05-23-11-05-00.ids_1,0,360,450,fasten_seat_belt,4
6,vp6/run2_2018-05-23-11-05-00.ids_1,0,450,540,fasten_seat_belt,5
6,vp6/run2_2018-05-23-11-05-00.ids_1,0,540,630,fasten_seat_belt,6
6,vp6/run2_2018-05-23-11-05-00.ids_1,0,630,720,fasten_seat_belt,7
6,vp6/run2_2018-05-23-11-05-00.ids_1,0,720,810,fasten_seat_belt,8
6,vp6/run2_2018-05-23-11-05-00.ids_1,0,810,900,fasten_seat_belt,9
6,vp6/run2_2018-05-23-11-05-00.ids_1,0,900,990,fasten_seat_belt,10
6,vp6/run2_2018-05-23-11-05-00.ids_1,0,990,1080,fasten_seat_belt,11
6,vp6/run2_2018-05-23-11-05-00.ids_1,0,1080,1170,fasten_seat_belt,12
6,vp6/run2_2018-05-23-11-05-00.ids_1,0,1170,1239,fasten_seat_belt,13
6,vp6/run2_2018-05-23-11-05-00.ids_1,1,6660,6750,hand_over,0
6,vp6/run2_2018-05-23-11-05-00.ids_1,1,6750,6840,hand_over,1
6,vp6/run2_2018-05-23-11-05-00.ids_1,1,6840,6909,hand_over,2
6,vp6/run2_2018-05-23-11-05-00.ids_1,2,7710,7800,read_write_magazine,0
6,vp6/run2_2018-05-23-11-05-00.ids_1,2,7800,7890,read_write_magazine,1
6,vp6/run2_2018-05-23-11-05-00.ids_1,2,7890,7980,read_write_magazine,2
6,vp6/run2_2018-05-23-11-05-00.ids_1,2,7980,8070,read_write_magazine,3
6,vp6/run2_2018-05-23-11-05-00.ids_1,2,8070,8160,read_write_magazine,4
6,vp6/run2_2018-05-23-11-05-00.ids_1,2,8160,8250,read_write_magazine,5
6,vp6/run2_2018-05-23-11-05-00.ids_1,2,8250,8340,read_write_magazine,6
6,vp6/run2_2018-05-23-11-05-00.ids_1,2,8340,8430,read_write_magazine,7
6,vp6/run2_2018-05-23-11-05-00.ids_1,2,8430,8520,read_write_magazine,8
6,vp6/run2_2018-05-23-11-05-00.ids_1,2,8520,8610,read_write_magazine,9
6,vp6/run2_2018-05-23-11-05-00.ids_1,2,8610,8700,read_write_magazine,10
6,vp6/run2_2018-05-23-11-05-00.ids_1,2,8700,8790,read_write_magazine,11
6,vp6/run2_2018-05-23-11-05-00.ids_1,2,8790,8880,read_write_magazine,12
6,vp6/run2_2018-05-23-11-05-00.ids_1,2,8880,8970,read_write_magazine,13
6,vp6/run2_2018-05-23-11-05-00.ids_1,2,8970,9060,read_write_magazine,14
6,vp6/run2_2018-05-23-11-05-00.ids_1,2,9060,9150,read_write_magazine,15
6,vp6/run2_2018-05-23-11-05-00.ids_1,2,9150,9240,read_write_magazine,16
6,vp6/run2_2018-05-23-11-05-00.ids_1,2,9240,9330,read_write_magazine,17
6,vp6/run2_2018-05-23-11-05-00.ids_1,2,9330,9420,read_write_magazine,18
6,vp6/run2_2018-05-23-11-05-00.ids_1,2,9420,9510,read_write_magazine,19
6,vp6/run2_2018-05-23-11-05-00.ids_1,2,9510,9600,read_write_magazine,20
6,vp6/run2_2018-05-23-11-05-00.ids_1,2,9600,9690,read_write_magazine,21
6,vp6/run2_2018-05-23-11-05-00.ids_1,2,9690,9780,read_write_magazine,22
6,vp6/run2_2018-05-23-11-05-00.ids_1,2,9780,9870,read_write_magazine,23
6,vp6/run2_2018-05-23-11-05-00.ids_1,2,9870,9960,read_write_magazine,24
6,vp6/run2_2018-05-23-11-05-00.ids_1,2,9960,10050,read_write_magazine,25
6,vp6/run2_2018-05-23-11-05-00.ids_1,2,10050,10140,read_write_magazine,26
6,vp6/run2_2018-05-23-11-05-00.ids_1,2,10140,10230,read_write_magazine,27
6,vp6/run2_2018-05-23-11-05-00.ids_1,2,10230,10320,read_write_magazine,28
6,vp6/run2_2018-05-23-11-05-00.ids_1,2,10320,10410,read_write_magazine,29
6,vp6/run2_2018-05-23-11-05-00.ids_1,2,10410,10419,read_write_magazine,30
6,vp6/run2_2018-05-23-11-05-00.ids_1,3,10830,10920,put_on_jacket,0
6,vp6/run2_2018-05-23-11-05-00.ids_1,3,10920,11010,put_on_jacket,1
6,vp6/run2_2018-05-23-11-05-00.ids_1,3,11010,11100,put_on_jacket,2
6,vp6/run2_2018-05-23-11-05-00.ids_1,3,11100,11190,put_on_jacket,3
6,vp6/run2_2018-05-23-11-05-00.ids_1,3,11190,11280,put_on_jacket,4
6,vp6/run2_2018-05-23-11-05-00.ids_1,3,11280,11370,put_on_jacket,5
6,vp6/run2_2018-05-23-11-05-00.ids_1,3,11370,11460,put_on_jacket,6
6,vp6/run2_2018-05-23-11-05-00.ids_1,3,11460,11550,put_on_jacket,7
6,vp6/run2_2018-05-23-11-05-00.ids_1,3,11550,11640,put_on_jacket,8
6,vp6/run2_2018-05-23-11-05-00.ids_1,3,11640,11730,put_on_jacket,9
6,vp6/run2_2018-05-23-11-05-00.ids_1,3,11730,11820,put_on_jacket,10
6,vp6/run2_2018-05-23-11-05-00.ids_1,3,11820,11910,put_on_jacket,11
6,vp6/run2_2018-05-23-11-05-00.ids_1,3,11910,12000,put_on_jacket,12
6,vp6/run2_2018-05-23-11-05-00.ids_1,3,12000,12090,put_on_jacket,13
6,vp6/run2_2018-05-23-11-05-00.ids_1,3,12090,12180,put_on_jacket,14
6,vp6/run2_2018-05-23-11-05-00.ids_1,3,12180,12219,put_on_jacket,15
6,vp6/run2_2018-05-23-11-05-00.ids_1,4,12960,13050,put_on_sunglasses,0
6,vp6/run2_2018-05-23-11-05-00.ids_1,4,13050,13140,put_on_sunglasses,1
6,vp6/run2_2018-05-23-11-05-00.ids_1,4,13140,13230,put_on_sunglasses,2
6,vp6/run2_2018-05-23-11-05-00.ids_1,4,13230,13320,put_on_sunglasses,3
6,vp6/run2_2018-05-23-11-05-00.ids_1,4,13320,13410,put_on_sunglasses,4
6,vp6/run2_2018-05-23-11-05-00.ids_1,4,13410,13500,put_on_sunglasses,5
6,vp6/run2_2018-05-23-11-05-00.ids_1,4,13500,13569,put_on_sunglasses,6
6,vp6/run2_2018-05-23-11-05-00.ids_1,5,14280,14370,eat_drink,0
6,vp6/run2_2018-05-23-11-05-00.ids_1,5,14370,14460,eat_drink,1
6,vp6/run2_2018-05-23-11-05-00.ids_1,5,14460,14550,eat_drink,2
6,vp6/run2_2018-05-23-11-05-00.ids_1,5,14550,14640,eat_drink,3
6,vp6/run2_2018-05-23-11-05-00.ids_1,5,14640,14730,eat_drink,4
6,vp6/run2_2018-05-23-11-05-00.ids_1,5,14730,14820,eat_drink,5
6,vp6/run2_2018-05-23-11-05-00.ids_1,5,14820,14910,eat_drink,6
6,vp6/run2_2018-05-23-11-05-00.ids_1,5,14910,15000,eat_drink,7
6,vp6/run2_2018-05-23-11-05-00.ids_1,5,15000,15090,eat_drink,8
6,vp6/run2_2018-05-23-11-05-00.ids_1,5,15090,15180,eat_drink,9
6,vp6/run2_2018-05-23-11-05-00.ids_1,5,15180,15270,eat_drink,10
6,vp6/run2_2018-05-23-11-05-00.ids_1,5,15270,15360,eat_drink,11
6,vp6/run2_2018-05-23-11-05-00.ids_1,5,15360,15450,eat_drink,12
6,vp6/run2_2018-05-23-11-05-00.ids_1,5,15450,15540,eat_drink,13
6,vp6/run2_2018-05-23-11-05-00.ids_1,5,15540,15630,eat_drink,14
6,vp6/run2_2018-05-23-11-05-00.ids_1,5,15630,15720,eat_drink,15
6,vp6/run2_2018-05-23-11-05-00.ids_1,5,15720,15810,eat_drink,16
6,vp6/run2_2018-05-23-11-05-00.ids_1,5,15810,15900,eat_drink,17
6,vp6/run2_2018-05-23-11-05-00.ids_1,5,15900,15990,eat_drink,18
6,vp6/run2_2018-05-23-11-05-00.ids_1,5,15990,16080,eat_drink,19
6,vp6/run2_2018-05-23-11-05-00.ids_1,5,16080,16170,eat_drink,20
6,vp6/run2_2018-05-23-11-05-00.ids_1,5,16170,16260,eat_drink,21
6,vp6/run2_2018-05-23-11-05-00.ids_1,5,16260,16350,eat_drink,22
6,vp6/run2_2018-05-23-11-05-00.ids_1,5,16350,16440,eat_drink,23
6,vp6/run2_2018-05-23-11-05-00.ids_1,5,16440,16530,eat_drink,24
6,vp6/run2_2018-05-23-11-05-00.ids_1,5,16530,16620,eat_drink,25
6,vp6/run2_2018-05-23-11-05-00.ids_1,5,16620,16710,eat_drink,26
6,vp6/run2_2018-05-23-11-05-00.ids_1,5,16710,16800,eat_drink,27
6,vp6/run2_2018-05-23-11-05-00.ids_1,5,16800,16890,eat_drink,28
6,vp6/run2_2018-05-23-11-05-00.ids_1,5,16890,16980,eat_drink,29
6,vp6/run2_2018-05-23-11-05-00.ids_1,5,16980,17070,eat_drink,30
6,vp6/run2_2018-05-23-11-05-00.ids_1,5,17070,17160,eat_drink,31
6,vp6/run2_2018-05-23-11-05-00.ids_1,5,17160,17250,eat_drink,32
6,vp6/run2_2018-05-23-11-05-00.ids_1,5,17250,17340,eat_drink,33
6,vp6/run2_2018-05-23-11-05-00.ids_1,5,17340,17430,eat_drink,34
6,vp6/run2_2018-05-23-11-05-00.ids_1,5,17430,17520,eat_drink,35
6,vp6/run2_2018-05-23-11-05-00.ids_1,5,17520,17610,eat_drink,36
6,vp6/run2_2018-05-23-11-05-00.ids_1,5,17610,17700,eat_drink,37
6,vp6/run2_2018-05-23-11-05-00.ids_1,5,17700,17790,eat_drink,38
6,vp6/run2_2018-05-23-11-05-00.ids_1,5,17790,17880,eat_drink,39
6,vp6/run2_2018-05-23-11-05-00.ids_1,5,17880,17889,eat_drink,40
6,vp6/run2_2018-05-23-11-05-00.ids_1,6,18120,18210,watch_video,0
6,vp6/run2_2018-05-23-11-05-00.ids_1,6,18210,18300,watch_video,1
6,vp6/run2_2018-05-23-11-05-00.ids_1,6,18300,18390,watch_video,2
6,vp6/run2_2018-05-23-11-05-00.ids_1,6,18390,18480,watch_video,3
6,vp6/run2_2018-05-23-11-05-00.ids_1,6,18480,18570,watch_video,4
6,vp6/run2_2018-05-23-11-05-00.ids_1,6,18570,18660,watch_video,5
6,vp6/run2_2018-05-23-11-05-00.ids_1,6,18660,18750,watch_video,6
6,vp6/run2_2018-05-23-11-05-00.ids_1,6,18750,18840,watch_video,7
6,vp6/run2_2018-05-23-11-05-00.ids_1,6,18840,18930,watch_video,8
6,vp6/run2_2018-05-23-11-05-00.ids_1,6,18930,19020,watch_video,9
6,vp6/run2_2018-05-23-11-05-00.ids_1,6,19020,19110,watch_video,10
6,vp6/run2_2018-05-23-11-05-00.ids_1,6,19110,19200,watch_video,11
6,vp6/run2_2018-05-23-11-05-00.ids_1,6,19200,19290,watch_video,12
6,vp6/run2_2018-05-23-11-05-00.ids_1,6,19290,19380,watch_video,13
6,vp6/run2_2018-05-23-11-05-00.ids_1,6,19380,19470,watch_video,14
6,vp6/run2_2018-05-23-11-05-00.ids_1,6,19470,19560,watch_video,15
6,vp6/run2_2018-05-23-11-05-00.ids_1,6,19560,19650,watch_video,16
6,vp6/run2_2018-05-23-11-05-00.ids_1,6,19650,19740,watch_video,17
6,vp6/run2_2018-05-23-11-05-00.ids_1,6,19740,19830,watch_video,18
6,vp6/run2_2018-05-23-11-05-00.ids_1,6,19830,19920,watch_video,19
6,vp6/run2_2018-05-23-11-05-00.ids_1,6,19920,20010,watch_video,20
6,vp6/run2_2018-05-23-11-05-00.ids_1,6,20010,20100,watch_video,21
6,vp6/run2_2018-05-23-11-05-00.ids_1,6,20100,20190,watch_video,22
6,vp6/run2_2018-05-23-11-05-00.ids_1,6,20190,20280,watch_video,23
6,vp6/run2_2018-05-23-11-05-00.ids_1,6,20280,20370,watch_video,24
6,vp6/run2_2018-05-23-11-05-00.ids_1,6,20370,20460,watch_video,25
6,vp6/run2_2018-05-23-11-05-00.ids_1,6,20460,20550,watch_video,26
6,vp6/run2_2018-05-23-11-05-00.ids_1,6,20550,20640,watch_video,27
6,vp6/run2_2018-05-23-11-05-00.ids_1,6,20640,20730,watch_video,28
6,vp6/run2_2018-05-23-11-05-00.ids_1,6,20730,20820,watch_video,29
6,vp6/run2_2018-05-23-11-05-00.ids_1,6,20820,20910,watch_video,30
6,vp6/run2_2018-05-23-11-05-00.ids_1,6,20910,21000,watch_video,31
6,vp6/run2_2018-05-23-11-05-00.ids_1,6,21000,21090,watch_video,32
6,vp6/run2_2018-05-23-11-05-00.ids_1,6,21090,21180,watch_video,33
6,vp6/run2_2018-05-23-11-05-00.ids_1,6,21180,21270,watch_video,34
6,vp6/run2_2018-05-23-11-05-00.ids_1,6,21270,21360,watch_video,35
6,vp6/run2_2018-05-23-11-05-00.ids_1,6,21360,21450,watch_video,36
6,vp6/run2_2018-05-23-11-05-00.ids_1,6,21450,21540,watch_video,37
6,vp6/run2_2018-05-23-11-05-00.ids_1,6,21540,21630,watch_video,38
6,vp6/run2_2018-05-23-11-05-00.ids_1,6,21630,21720,watch_video,39
6,vp6/run2_2018-05-23-11-05-00.ids_1,6,21720,21810,watch_video,40
6,vp6/run2_2018-05-23-11-05-00.ids_1,6,21810,21900,watch_video,41
6,vp6/run2_2018-05-23-11-05-00.ids_1,6,21900,21990,watch_video,42
6,vp6/run2_2018-05-23-11-05-00.ids_1,6,21990,22080,watch_video,43
6,vp6/run2_2018-05-23-11-05-00.ids_1,6,22080,22170,watch_video,44
6,vp6/run2_2018-05-23-11-05-00.ids_1,6,22170,22260,watch_video,45
6,vp6/run2_2018-05-23-11-05-00.ids_1,6,22260,22350,watch_video,46
6,vp6/run2_2018-05-23-11-05-00.ids_1,6,22350,22440,watch_video,47
6,vp6/run2_2018-05-23-11-05-00.ids_1,6,22440,22530,watch_video,48
6,vp6/run2_2018-05-23-11-05-00.ids_1,6,22530,22620,watch_video,49
6,vp6/run2_2018-05-23-11-05-00.ids_1,6,22620,22710,watch_video,50
6,vp6/run2_2018-05-23-11-05-00.ids_1,6,22710,22800,watch_video,51
6,vp6/run2_2018-05-23-11-05-00.ids_1,6,22800,22890,watch_video,52
6,vp6/run2_2018-05-23-11-05-00.ids_1,6,22890,22980,watch_video,53
6,vp6/run2_2018-05-23-11-05-00.ids_1,6,22980,23070,watch_video,54
6,vp6/run2_2018-05-23-11-05-00.ids_1,6,23070,23160,watch_video,55
6,vp6/run2_2018-05-23-11-05-00.ids_1,6,23160,23250,watch_video,56
6,vp6/run2_2018-05-23-11-05-00.ids_1,6,23250,23340,watch_video,57
6,vp6/run2_2018-05-23-11-05-00.ids_1,6,23340,23430,watch_video,58
6,vp6/run2_2018-05-23-11-05-00.ids_1,6,23430,23520,watch_video,59
6,vp6/run2_2018-05-23-11-05-00.ids_1,6,23520,23610,watch_video,60
6,vp6/run2_2018-05-23-11-05-00.ids_1,6,23610,23700,watch_video,61
6,vp6/run2_2018-05-23-11-05-00.ids_1,6,23700,23790,watch_video,62
6,vp6/run2_2018-05-23-11-05-00.ids_1,6,23790,23880,watch_video,63
6,vp6/run2_2018-05-23-11-05-00.ids_1,6,23880,23970,watch_video,64
6,vp6/run2_2018-05-23-11-05-00.ids_1,6,23970,24060,watch_video,65
6,vp6/run2_2018-05-23-11-05-00.ids_1,6,24060,24150,watch_video,66
6,vp6/run2_2018-05-23-11-05-00.ids_1,6,24150,24240,watch_video,67
6,vp6/run2_2018-05-23-11-05-00.ids_1,6,24240,24330,watch_video,68
6,vp6/run2_2018-05-23-11-05-00.ids_1,6,24330,24420,watch_video,69
6,vp6/run2_2018-05-23-11-05-00.ids_1,6,24420,24510,watch_video,70
6,vp6/run2_2018-05-23-11-05-00.ids_1,6,24510,24600,watch_video,71
6,vp6/run2_2018-05-23-11-05-00.ids_1,6,24600,24690,watch_video,72
6,vp6/run2_2018-05-23-11-05-00.ids_1,6,24690,24780,watch_video,73
6,vp6/run2_2018-05-23-11-05-00.ids_1,6,24780,24870,watch_video,74
6,vp6/run2_2018-05-23-11-05-00.ids_1,6,24870,24960,watch_video,75
6,vp6/run2_2018-05-23-11-05-00.ids_1,6,24960,25050,watch_video,76
6,vp6/run2_2018-05-23-11-05-00.ids_1,6,25050,25140,watch_video,77
6,vp6/run2_2018-05-23-11-05-00.ids_1,6,25140,25230,watch_video,78
6,vp6/run2_2018-05-23-11-05-00.ids_1,6,25230,25320,watch_video,79
6,vp6/run2_2018-05-23-11-05-00.ids_1,6,25320,25410,watch_video,80
6,vp6/run2_2018-05-23-11-05-00.ids_1,6,25410,25500,watch_video,81
6,vp6/run2_2018-05-23-11-05-00.ids_1,6,25500,25590,watch_video,82
6,vp6/run2_2018-05-23-11-05-00.ids_1,6,25590,25680,watch_video,83
6,vp6/run2_2018-05-23-11-05-00.ids_1,6,25680,25770,watch_video,84
6,vp6/run2_2018-05-23-11-05-00.ids_1,6,25770,25860,watch_video,85
6,vp6/run2_2018-05-23-11-05-00.ids_1,6,25860,25950,watch_video,86
6,vp6/run2_2018-05-23-11-05-00.ids_1,6,25950,26040,watch_video,87
6,vp6/run2_2018-05-23-11-05-00.ids_1,6,26040,26130,watch_video,88
6,vp6/run2_2018-05-23-11-05-00.ids_1,6,26130,26220,watch_video,89
6,vp6/run2_2018-05-23-11-05-00.ids_1,6,26220,26310,watch_video,90
6,vp6/run2_2018-05-23-11-05-00.ids_1,6,26310,26400,watch_video,91
6,vp6/run2_2018-05-23-11-05-00.ids_1,6,26400,26490,watch_video,92
6,vp6/run2_2018-05-23-11-05-00.ids_1,6,26490,26580,watch_video,93
6,vp6/run2_2018-05-23-11-05-00.ids_1,6,26580,26670,watch_video,94
6,vp6/run2_2018-05-23-11-05-00.ids_1,6,26670,26760,watch_video,95
6,vp6/run2_2018-05-23-11-05-00.ids_1,6,26760,26829,watch_video,96
6,vp6/run2_2018-05-23-11-05-00.ids_1,7,29880,29970,work,0
6,vp6/run2_2018-05-23-11-05-00.ids_1,7,29970,30060,work,1
6,vp6/run2_2018-05-23-11-05-00.ids_1,7,30060,30150,work,2
6,vp6/run2_2018-05-23-11-05-00.ids_1,7,30150,30240,work,3
6,vp6/run2_2018-05-23-11-05-00.ids_1,7,30240,30330,work,4
6,vp6/run2_2018-05-23-11-05-00.ids_1,7,30330,30420,work,5
6,vp6/run2_2018-05-23-11-05-00.ids_1,7,30420,30510,work,6
6,vp6/run2_2018-05-23-11-05-00.ids_1,7,30510,30600,work,7
6,vp6/run2_2018-05-23-11-05-00.ids_1,7,30600,30690,work,8
6,vp6/run2_2018-05-23-11-05-00.ids_1,7,30690,30780,work,9
6,vp6/run2_2018-05-23-11-05-00.ids_1,7,30780,30870,work,10
6,vp6/run2_2018-05-23-11-05-00.ids_1,7,30870,30960,work,11
6,vp6/run2_2018-05-23-11-05-00.ids_1,7,30960,31050,work,12
6,vp6/run2_2018-05-23-11-05-00.ids_1,7,31050,31140,work,13
6,vp6/run2_2018-05-23-11-05-00.ids_1,7,31140,31230,work,14
6,vp6/run2_2018-05-23-11-05-00.ids_1,7,31230,31320,work,15
6,vp6/run2_2018-05-23-11-05-00.ids_1,7,31320,31410,work,16
6,vp6/run2_2018-05-23-11-05-00.ids_1,7,31410,31500,work,17
6,vp6/run2_2018-05-23-11-05-00.ids_1,7,31500,31590,work,18
6,vp6/run2_2018-05-23-11-05-00.ids_1,7,31590,31680,work,19
6,vp6/run2_2018-05-23-11-05-00.ids_1,7,31680,31770,work,20
6,vp6/run2_2018-05-23-11-05-00.ids_1,7,31770,31860,work,21
6,vp6/run2_2018-05-23-11-05-00.ids_1,7,31860,31950,work,22
6,vp6/run2_2018-05-23-11-05-00.ids_1,7,31950,32040,work,23
6,vp6/run2_2018-05-23-11-05-00.ids_1,7,32040,32130,work,24
6,vp6/run2_2018-05-23-11-05-00.ids_1,7,32130,32220,work,25
6,vp6/run2_2018-05-23-11-05-00.ids_1,7,32220,32310,work,26
6,vp6/run2_2018-05-23-11-05-00.ids_1,7,32310,32400,work,27
6,vp6/run2_2018-05-23-11-05-00.ids_1,7,32400,32490,work,28
6,vp6/run2_2018-05-23-11-05-00.ids_1,7,32490,32580,work,29
6,vp6/run2_2018-05-23-11-05-00.ids_1,7,32580,32670,work,30
6,vp6/run2_2018-05-23-11-05-00.ids_1,7,32670,32760,work,31
6,vp6/run2_2018-05-23-11-05-00.ids_1,7,32760,32850,work,32
6,vp6/run2_2018-05-23-11-05-00.ids_1,7,32850,32940,work,33
6,vp6/run2_2018-05-23-11-05-00.ids_1,7,32940,33030,work,34
6,vp6/run2_2018-05-23-11-05-00.ids_1,7,33030,33120,work,35
6,vp6/run2_2018-05-23-11-05-00.ids_1,7,33120,33210,work,36
6,vp6/run2_2018-05-23-11-05-00.ids_1,7,33210,33300,work,37
6,vp6/run2_2018-05-23-11-05-00.ids_1,7,33300,33390,work,38
6,vp6/run2_2018-05-23-11-05-00.ids_1,7,33390,33480,work,39
6,vp6/run2_2018-05-23-11-05-00.ids_1,7,33480,33570,work,40
6,vp6/run2_2018-05-23-11-05-00.ids_1,7,33570,33660,work,41
6,vp6/run2_2018-05-23-11-05-00.ids_1,7,33660,33750,work,42
6,vp6/run2_2018-05-23-11-05-00.ids_1,7,33750,33840,work,43
6,vp6/run2_2018-05-23-11-05-00.ids_1,7,33840,33930,work,44
6,vp6/run2_2018-05-23-11-05-00.ids_1,7,33930,34020,work,45
6,vp6/run2_2018-05-23-11-05-00.ids_1,7,34020,34110,work,46
6,vp6/run2_2018-05-23-11-05-00.ids_1,7,34110,34200,work,47
6,vp6/run2_2018-05-23-11-05-00.ids_1,7,34200,34290,work,48
6,vp6/run2_2018-05-23-11-05-00.ids_1,7,34290,34380,work,49
6,vp6/run2_2018-05-23-11-05-00.ids_1,7,34380,34470,work,50
6,vp6/run2_2018-05-23-11-05-00.ids_1,7,34470,34509,work,51
6,vp6/run2_2018-05-23-11-05-00.ids_1,8,35340,35430,take_off_sunglasses,0
6,vp6/run2_2018-05-23-11-05-00.ids_1,8,35430,35520,take_off_sunglasses,1
6,vp6/run2_2018-05-23-11-05-00.ids_1,8,35520,35610,take_off_sunglasses,2
6,vp6/run2_2018-05-23-11-05-00.ids_1,8,35610,35679,take_off_sunglasses,3
6,vp6/run2_2018-05-23-11-05-00.ids_1,9,36150,36240,read_write_newspaper,0
6,vp6/run2_2018-05-23-11-05-00.ids_1,9,36240,36330,read_write_newspaper,1
6,vp6/run2_2018-05-23-11-05-00.ids_1,9,36330,36420,read_write_newspaper,2
6,vp6/run2_2018-05-23-11-05-00.ids_1,9,36420,36510,read_write_newspaper,3
6,vp6/run2_2018-05-23-11-05-00.ids_1,9,36510,36600,read_write_newspaper,4
6,vp6/run2_2018-05-23-11-05-00.ids_1,9,36600,36690,read_write_newspaper,5
6,vp6/run2_2018-05-23-11-05-00.ids_1,9,36690,36780,read_write_newspaper,6
6,vp6/run2_2018-05-23-11-05-00.ids_1,9,36780,36870,read_write_newspaper,7
6,vp6/run2_2018-05-23-11-05-00.ids_1,9,36870,36960,read_write_newspaper,8
6,vp6/run2_2018-05-23-11-05-00.ids_1,9,36960,37050,read_write_newspaper,9
6,vp6/run2_2018-05-23-11-05-00.ids_1,9,37050,37140,read_write_newspaper,10
6,vp6/run2_2018-05-23-11-05-00.ids_1,9,37140,37230,read_write_newspaper,11
6,vp6/run2_2018-05-23-11-05-00.ids_1,9,37230,37320,read_write_newspaper,12
6,vp6/run2_2018-05-23-11-05-00.ids_1,9,37320,37410,read_write_newspaper,13
6,vp6/run2_2018-05-23-11-05-00.ids_1,9,37410,37500,read_write_newspaper,14
6,vp6/run2_2018-05-23-11-05-00.ids_1,9,37500,37590,read_write_newspaper,15
6,vp6/run2_2018-05-23-11-05-00.ids_1,9,37590,37680,read_write_newspaper,16
6,vp6/run2_2018-05-23-11-05-00.ids_1,9,37680,37770,read_write_newspaper,17
6,vp6/run2_2018-05-23-11-05-00.ids_1,9,37770,37860,read_write_newspaper,18
6,vp6/run2_2018-05-23-11-05-00.ids_1,9,37860,37950,read_write_newspaper,19
6,vp6/run2_2018-05-23-11-05-00.ids_1,9,37950,38040,read_write_newspaper,20
6,vp6/run2_2018-05-23-11-05-00.ids_1,9,38040,38130,read_write_newspaper,21
6,vp6/run2_2018-05-23-11-05-00.ids_1,9,38130,38220,read_write_newspaper,22
6,vp6/run2_2018-05-23-11-05-00.ids_1,9,38220,38229,read_write_newspaper,23
6,vp6/run2_2018-05-23-11-05-00.ids_1,10,38670,38760,take_off_jacket,0
6,vp6/run2_2018-05-23-11-05-00.ids_1,10,38760,38850,take_off_jacket,1
6,vp6/run2_2018-05-23-11-05-00.ids_1,10,38850,38940,take_off_jacket,2
6,vp6/run2_2018-05-23-11-05-00.ids_1,10,38940,39030,take_off_jacket,3
6,vp6/run2_2018-05-23-11-05-00.ids_1,10,39030,39120,take_off_jacket,4
6,vp6/run2_2018-05-23-11-05-00.ids_1,10,39120,39210,take_off_jacket,5
6,vp6/run2_2018-05-23-11-05-00.ids_1,10,39210,39300,take_off_jacket,6
6,vp6/run2_2018-05-23-11-05-00.ids_1,10,39300,39390,take_off_jacket,7
6,vp6/run2_2018-05-23-11-05-00.ids_1,10,39390,39480,take_off_jacket,8
6,vp6/run2_2018-05-23-11-05-00.ids_1,10,39480,39519,take_off_jacket,9
6,vp6/run2_2018-05-23-11-05-00.ids_1,11,40320,40410,final_task,0
6,vp6/run2_2018-05-23-11-05-00.ids_1,11,40410,40500,final_task,1
6,vp6/run2_2018-05-23-11-05-00.ids_1,11,40500,40590,final_task,2
6,vp6/run2_2018-05-23-11-05-00.ids_1,11,40590,40680,final_task,3
6,vp6/run2_2018-05-23-11-05-00.ids_1,11,40680,40770,final_task,4
6,vp6/run2_2018-05-23-11-05-00.ids_1,11,40770,40860,final_task,5
6,vp6/run2_2018-05-23-11-05-00.ids_1,11,40860,40950,final_task,6
6,vp6/run2_2018-05-23-11-05-00.ids_1,11,40950,41040,final_task,7
6,vp6/run2_2018-05-23-11-05-00.ids_1,11,41040,41130,final_task,8
6,vp6/run2_2018-05-23-11-05-00.ids_1,11,41130,41220,final_task,9
6,vp6/run2_2018-05-23-11-05-00.ids_1,11,41220,41310,final_task,10
6,vp6/run2_2018-05-23-11-05-00.ids_1,11,41310,41400,final_task,11
6,vp6/run2_2018-05-23-11-05-00.ids_1,11,41400,41490,final_task,12
6,vp6/run2_2018-05-23-11-05-00.ids_1,11,41490,41580,final_task,13
6,vp6/run2_2018-05-23-11-05-00.ids_1,11,41580,41670,final_task,14
6,vp6/run2_2018-05-23-11-05-00.ids_1,11,41670,41760,final_task,15
6,vp6/run2_2018-05-23-11-05-00.ids_1,11,41760,41769,final_task,16
7,vp7/run1_2018-05-23-13-16-52.ids_1,0,0,90,fasten_seat_belt,0
7,vp7/run1_2018-05-23-13-16-52.ids_1,0,90,180,fasten_seat_belt,1
7,vp7/run1_2018-05-23-13-16-52.ids_1,0,180,270,fasten_seat_belt,2
7,vp7/run1_2018-05-23-13-16-52.ids_1,0,270,360,fasten_seat_belt,3
7,vp7/run1_2018-05-23-13-16-52.ids_1,0,360,450,fasten_seat_belt,4
7,vp7/run1_2018-05-23-13-16-52.ids_1,0,450,540,fasten_seat_belt,5
7,vp7/run1_2018-05-23-13-16-52.ids_1,0,540,630,fasten_seat_belt,6
7,vp7/run1_2018-05-23-13-16-52.ids_1,0,630,720,fasten_seat_belt,7
7,vp7/run1_2018-05-23-13-16-52.ids_1,0,720,810,fasten_seat_belt,8
7,vp7/run1_2018-05-23-13-16-52.ids_1,0,810,900,fasten_seat_belt,9
7,vp7/run1_2018-05-23-13-16-52.ids_1,0,900,990,fasten_seat_belt,10
7,vp7/run1_2018-05-23-13-16-52.ids_1,0,990,1080,fasten_seat_belt,11
7,vp7/run1_2018-05-23-13-16-52.ids_1,0,1080,1170,fasten_seat_belt,12
7,vp7/run1_2018-05-23-13-16-52.ids_1,0,1170,1260,fasten_seat_belt,13
7,vp7/run1_2018-05-23-13-16-52.ids_1,0,1260,1350,fasten_seat_belt,14
7,vp7/run1_2018-05-23-13-16-52.ids_1,0,1350,1440,fasten_seat_belt,15
7,vp7/run1_2018-05-23-13-16-52.ids_1,0,1440,1470,fasten_seat_belt,16
7,vp7/run1_2018-05-23-13-16-52.ids_1,1,6810,6900,hand_over,0
7,vp7/run1_2018-05-23-13-16-52.ids_1,1,6900,6990,hand_over,1
7,vp7/run1_2018-05-23-13-16-52.ids_1,1,6990,7080,hand_over,2
7,vp7/run1_2018-05-23-13-16-52.ids_1,1,7080,7170,hand_over,3
7,vp7/run1_2018-05-23-13-16-52.ids_1,1,7170,7260,hand_over,4
7,vp7/run1_2018-05-23-13-16-52.ids_1,1,7260,7350,hand_over,5
7,vp7/run1_2018-05-23-13-16-52.ids_1,1,7350,7440,hand_over,6
7,vp7/run1_2018-05-23-13-16-52.ids_1,1,7440,7530,hand_over,7
7,vp7/run1_2018-05-23-13-16-52.ids_1,1,7530,7620,hand_over,8
7,vp7/run1_2018-05-23-13-16-52.ids_1,1,7620,7710,hand_over,9
7,vp7/run1_2018-05-23-13-16-52.ids_1,1,7710,7800,hand_over,10
7,vp7/run1_2018-05-23-13-16-52.ids_1,1,7800,7890,hand_over,11
7,vp7/run1_2018-05-23-13-16-52.ids_1,1,7890,7980,hand_over,12
7,vp7/run1_2018-05-23-13-16-52.ids_1,1,7980,8070,hand_over,13
7,vp7/run1_2018-05-23-13-16-52.ids_1,1,8070,8100,hand_over,14
7,vp7/run1_2018-05-23-13-16-52.ids_1,2,8520,8610,eat_drink,0
7,vp7/run1_2018-05-23-13-16-52.ids_1,2,8610,8700,eat_drink,1
7,vp7/run1_2018-05-23-13-16-52.ids_1,2,8700,8790,eat_drink,2
7,vp7/run1_2018-05-23-13-16-52.ids_1,2,8790,8880,eat_drink,3
7,vp7/run1_2018-05-23-13-16-52.ids_1,2,8880,8970,eat_drink,4
7,vp7/run1_2018-05-23-13-16-52.ids_1,2,8970,9060,eat_drink,5
7,vp7/run1_2018-05-23-13-16-52.ids_1,2,9060,9150,eat_drink,6
7,vp7/run1_2018-05-23-13-16-52.ids_1,2,9150,9240,eat_drink,7
7,vp7/run1_2018-05-23-13-16-52.ids_1,2,9240,9330,eat_drink,8
7,vp7/run1_2018-05-23-13-16-52.ids_1,2,9330,9420,eat_drink,9
7,vp7/run1_2018-05-23-13-16-52.ids_1,2,9420,9510,eat_drink,10
7,vp7/run1_2018-05-23-13-16-52.ids_1,2,9510,9600,eat_drink,11
7,vp7/run1_2018-05-23-13-16-52.ids_1,2,9600,9690,eat_drink,12
7,vp7/run1_2018-05-23-13-16-52.ids_1,2,9690,9780,eat_drink,13
7,vp7/run1_2018-05-23-13-16-52.ids_1,2,9780,9870,eat_drink,14
7,vp7/run1_2018-05-23-13-16-52.ids_1,2,9870,9960,eat_drink,15
7,vp7/run1_2018-05-23-13-16-52.ids_1,2,9960,10050,eat_drink,16
7,vp7/run1_2018-05-23-13-16-52.ids_1,2,10050,10140,eat_drink,17
7,vp7/run1_2018-05-23-13-16-52.ids_1,2,10140,10230,eat_drink,18
7,vp7/run1_2018-05-23-13-16-52.ids_1,2,10230,10320,eat_drink,19
7,vp7/run1_2018-05-23-13-16-52.ids_1,2,10320,10410,eat_drink,20
7,vp7/run1_2018-05-23-13-16-52.ids_1,2,10410,10500,eat_drink,21
7,vp7/run1_2018-05-23-13-16-52.ids_1,2,10500,10560,eat_drink,22
7,vp7/run1_2018-05-23-13-16-52.ids_1,3,10800,10890,read_write_magazine,0
7,vp7/run1_2018-05-23-13-16-52.ids_1,3,10890,10980,read_write_magazine,1
7,vp7/run1_2018-05-23-13-16-52.ids_1,3,10980,11070,read_write_magazine,2
7,vp7/run1_2018-05-23-13-16-52.ids_1,3,11070,11160,read_write_magazine,3
7,vp7/run1_2018-05-23-13-16-52.ids_1,3,11160,11250,read_write_magazine,4
7,vp7/run1_2018-05-23-13-16-52.ids_1,3,11250,11340,read_write_magazine,5
7,vp7/run1_2018-05-23-13-16-52.ids_1,3,11340,11430,read_write_magazine,6
7,vp7/run1_2018-05-23-13-16-52.ids_1,3,11430,11520,read_write_magazine,7
7,vp7/run1_2018-05-23-13-16-52.ids_1,3,11520,11610,read_write_magazine,8
7,vp7/run1_2018-05-23-13-16-52.ids_1,3,11610,11700,read_write_magazine,9
7,vp7/run1_2018-05-23-13-16-52.ids_1,3,11700,11790,read_write_magazine,10
7,vp7/run1_2018-05-23-13-16-52.ids_1,3,11790,11880,read_write_magazine,11
7,vp7/run1_2018-05-23-13-16-52.ids_1,3,11880,11970,read_write_magazine,12
7,vp7/run1_2018-05-23-13-16-52.ids_1,3,11970,12060,read_write_magazine,13
7,vp7/run1_2018-05-23-13-16-52.ids_1,3,12060,12150,read_write_magazine,14
7,vp7/run1_2018-05-23-13-16-52.ids_1,3,12150,12240,read_write_magazine,15
7,vp7/run1_2018-05-23-13-16-52.ids_1,3,12240,12330,read_write_magazine,16
7,vp7/run1_2018-05-23-13-16-52.ids_1,4,12450,12540,put_on_sunglasses,0
7,vp7/run1_2018-05-23-13-16-52.ids_1,4,12540,12630,put_on_sunglasses,1
7,vp7/run1_2018-05-23-13-16-52.ids_1,4,12630,12720,put_on_sunglasses,2
7,vp7/run1_2018-05-23-13-16-52.ids_1,4,12720,12810,put_on_sunglasses,3
7,vp7/run1_2018-05-23-13-16-52.ids_1,4,12810,12900,put_on_sunglasses,4
7,vp7/run1_2018-05-23-13-16-52.ids_1,4,12900,12990,put_on_sunglasses,5
7,vp7/run1_2018-05-23-13-16-52.ids_1,4,12990,13050,put_on_sunglasses,6
7,vp7/run1_2018-05-23-13-16-52.ids_1,5,15060,15150,read_write_newspaper,0
7,vp7/run1_2018-05-23-13-16-52.ids_1,5,15150,15240,read_write_newspaper,1
7,vp7/run1_2018-05-23-13-16-52.ids_1,5,15240,15330,read_write_newspaper,2
7,vp7/run1_2018-05-23-13-16-52.ids_1,5,15330,15420,read_write_newspaper,3
7,vp7/run1_2018-05-23-13-16-52.ids_1,5,15420,15510,read_write_newspaper,4
7,vp7/run1_2018-05-23-13-16-52.ids_1,5,15510,15600,read_write_newspaper,5
7,vp7/run1_2018-05-23-13-16-52.ids_1,5,15600,15690,read_write_newspaper,6
7,vp7/run1_2018-05-23-13-16-52.ids_1,5,15690,15780,read_write_newspaper,7
7,vp7/run1_2018-05-23-13-16-52.ids_1,5,15780,15870,read_write_newspaper,8
7,vp7/run1_2018-05-23-13-16-52.ids_1,5,15870,15960,read_write_newspaper,9
7,vp7/run1_2018-05-23-13-16-52.ids_1,5,15960,16050,read_write_newspaper,10
7,vp7/run1_2018-05-23-13-16-52.ids_1,5,16050,16140,read_write_newspaper,11
7,vp7/run1_2018-05-23-13-16-52.ids_1,5,16140,16230,read_write_newspaper,12
7,vp7/run1_2018-05-23-13-16-52.ids_1,5,16230,16320,read_write_newspaper,13
7,vp7/run1_2018-05-23-13-16-52.ids_1,5,16320,16410,read_write_newspaper,14
7,vp7/run1_2018-05-23-13-16-52.ids_1,5,16410,16500,read_write_newspaper,15
7,vp7/run1_2018-05-23-13-16-52.ids_1,5,16500,16590,read_write_newspaper,16
7,vp7/run1_2018-05-23-13-16-52.ids_1,5,16590,16680,read_write_newspaper,17
7,vp7/run1_2018-05-23-13-16-52.ids_1,5,16680,16770,read_write_newspaper,18
7,vp7/run1_2018-05-23-13-16-52.ids_1,5,16770,16860,read_write_newspaper,19
7,vp7/run1_2018-05-23-13-16-52.ids_1,5,16860,16950,read_write_newspaper,20
7,vp7/run1_2018-05-23-13-16-52.ids_1,5,16950,17040,read_write_newspaper,21
7,vp7/run1_2018-05-23-13-16-52.ids_1,5,17040,17130,read_write_newspaper,22
7,vp7/run1_2018-05-23-13-16-52.ids_1,5,17130,17220,read_write_newspaper,23
7,vp7/run1_2018-05-23-13-16-52.ids_1,5,17220,17310,read_write_newspaper,24
7,vp7/run1_2018-05-23-13-16-52.ids_1,5,17310,17400,read_write_newspaper,25
7,vp7/run1_2018-05-23-13-16-52.ids_1,5,17400,17490,read_write_newspaper,26
7,vp7/run1_2018-05-23-13-16-52.ids_1,5,17490,17580,read_write_newspaper,27
7,vp7/run1_2018-05-23-13-16-52.ids_1,5,17580,17670,read_write_newspaper,28
7,vp7/run1_2018-05-23-13-16-52.ids_1,5,17670,17760,read_write_newspaper,29
7,vp7/run1_2018-05-23-13-16-52.ids_1,5,17760,17850,read_write_newspaper,30
7,vp7/run1_2018-05-23-13-16-52.ids_1,5,17850,17940,read_write_newspaper,31
7,vp7/run1_2018-05-23-13-16-52.ids_1,5,17940,18030,read_write_newspaper,32
7,vp7/run1_2018-05-23-13-16-52.ids_1,5,18030,18120,read_write_newspaper,33
7,vp7/run1_2018-05-23-13-16-52.ids_1,5,18120,18210,read_write_newspaper,34
7,vp7/run1_2018-05-23-13-16-52.ids_1,5,18210,18300,read_write_newspaper,35
7,vp7/run1_2018-05-23-13-16-52.ids_1,5,18300,18390,read_write_newspaper,36
7,vp7/run1_2018-05-23-13-16-52.ids_1,5,18390,18480,read_write_newspaper,37
7,vp7/run1_2018-05-23-13-16-52.ids_1,5,18480,18570,read_write_newspaper,38
7,vp7/run1_2018-05-23-13-16-52.ids_1,5,18570,18660,read_write_newspaper,39
7,vp7/run1_2018-05-23-13-16-52.ids_1,5,18660,18750,read_write_newspaper,40
7,vp7/run1_2018-05-23-13-16-52.ids_1,5,18750,18840,read_write_newspaper,41
7,vp7/run1_2018-05-23-13-16-52.ids_1,5,18840,18930,read_write_newspaper,42
7,vp7/run1_2018-05-23-13-16-52.ids_1,5,18930,19020,read_write_newspaper,43
7,vp7/run1_2018-05-23-13-16-52.ids_1,5,19020,19110,read_write_newspaper,44
7,vp7/run1_2018-05-23-13-16-52.ids_1,5,19110,19170,read_write_newspaper,45
7,vp7/run1_2018-05-23-13-16-52.ids_1,6,19230,19320,eat_drink,0
7,vp7/run1_2018-05-23-13-16-52.ids_1,6,19320,19410,eat_drink,1
7,vp7/run1_2018-05-23-13-16-52.ids_1,6,19410,19500,eat_drink,2
7,vp7/run1_2018-05-23-13-16-52.ids_1,6,19500,19590,eat_drink,3
7,vp7/run1_2018-05-23-13-16-52.ids_1,6,19590,19680,eat_drink,4
7,vp7/run1_2018-05-23-13-16-52.ids_1,6,19680,19770,eat_drink,5
7,vp7/run1_2018-05-23-13-16-52.ids_1,6,19770,19860,eat_drink,6
7,vp7/run1_2018-05-23-13-16-52.ids_1,6,19860,19950,eat_drink,7
7,vp7/run1_2018-05-23-13-16-52.ids_1,6,19950,20040,eat_drink,8
7,vp7/run1_2018-05-23-13-16-52.ids_1,6,20040,20130,eat_drink,9
7,vp7/run1_2018-05-23-13-16-52.ids_1,6,20130,20220,eat_drink,10
7,vp7/run1_2018-05-23-13-16-52.ids_1,6,20220,20310,eat_drink,11
7,vp7/run1_2018-05-23-13-16-52.ids_1,6,20310,20400,eat_drink,12
7,vp7/run1_2018-05-23-13-16-52.ids_1,6,20400,20430,eat_drink,13
7,vp7/run1_2018-05-23-13-16-52.ids_1,7,20430,20520,work,0
7,vp7/run1_2018-05-23-13-16-52.ids_1,7,20520,20610,work,1
7,vp7/run1_2018-05-23-13-16-52.ids_1,7,20610,20700,work,2
7,vp7/run1_2018-05-23-13-16-52.ids_1,7,20700,20790,work,3
7,vp7/run1_2018-05-23-13-16-52.ids_1,7,20790,20880,work,4
7,vp7/run1_2018-05-23-13-16-52.ids_1,7,20880,20970,work,5
7,vp7/run1_2018-05-23-13-16-52.ids_1,7,20970,21060,work,6
7,vp7/run1_2018-05-23-13-16-52.ids_1,7,21060,21150,work,7
7,vp7/run1_2018-05-23-13-16-52.ids_1,7,21150,21240,work,8
7,vp7/run1_2018-05-23-13-16-52.ids_1,7,21240,21330,work,9
7,vp7/run1_2018-05-23-13-16-52.ids_1,7,21330,21420,work,10
7,vp7/run1_2018-05-23-13-16-52.ids_1,7,21420,21510,work,11
7,vp7/run1_2018-05-23-13-16-52.ids_1,7,21510,21600,work,12
7,vp7/run1_2018-05-23-13-16-52.ids_1,7,21600,21690,work,13
7,vp7/run1_2018-05-23-13-16-52.ids_1,7,21690,21780,work,14
7,vp7/run1_2018-05-23-13-16-52.ids_1,7,21780,21870,work,15
7,vp7/run1_2018-05-23-13-16-52.ids_1,7,21870,21960,work,16
7,vp7/run1_2018-05-23-13-16-52.ids_1,7,21960,22050,work,17
7,vp7/run1_2018-05-23-13-16-52.ids_1,7,22050,22140,work,18
7,vp7/run1_2018-05-23-13-16-52.ids_1,7,22140,22230,work,19
7,vp7/run1_2018-05-23-13-16-52.ids_1,7,22230,22320,work,20
7,vp7/run1_2018-05-23-13-16-52.ids_1,7,22320,22410,work,21
7,vp7/run1_2018-05-23-13-16-52.ids_1,7,22410,22500,work,22
7,vp7/run1_2018-05-23-13-16-52.ids_1,7,22500,22590,work,23
7,vp7/run1_2018-05-23-13-16-52.ids_1,7,22590,22680,work,24
7,vp7/run1_2018-05-23-13-16-52.ids_1,7,22680,22770,work,25
7,vp7/run1_2018-05-23-13-16-52.ids_1,7,22770,22860,work,26
7,vp7/run1_2018-05-23-13-16-52.ids_1,7,22860,22950,work,27
7,vp7/run1_2018-05-23-13-16-52.ids_1,7,22950,23040,work,28
7,vp7/run1_2018-05-23-13-16-52.ids_1,7,23040,23130,work,29
7,vp7/run1_2018-05-23-13-16-52.ids_1,7,23130,23220,work,30
7,vp7/run1_2018-05-23-13-16-52.ids_1,7,23220,23310,work,31
7,vp7/run1_2018-05-23-13-16-52.ids_1,7,23310,23400,work,32
7,vp7/run1_2018-05-23-13-16-52.ids_1,7,23400,23490,work,33
7,vp7/run1_2018-05-23-13-16-52.ids_1,7,23490,23550,work,34
7,vp7/run1_2018-05-23-13-16-52.ids_1,8,24150,24240,eat_drink,0
7,vp7/run1_2018-05-23-13-16-52.ids_1,8,24240,24330,eat_drink,1
7,vp7/run1_2018-05-23-13-16-52.ids_1,8,24330,24420,eat_drink,2
7,vp7/run1_2018-05-23-13-16-52.ids_1,8,24420,24510,eat_drink,3
7,vp7/run1_2018-05-23-13-16-52.ids_1,8,24510,24600,eat_drink,4
7,vp7/run1_2018-05-23-13-16-52.ids_1,8,24600,24690,eat_drink,5
7,vp7/run1_2018-05-23-13-16-52.ids_1,8,24690,24780,eat_drink,6
7,vp7/run1_2018-05-23-13-16-52.ids_1,8,24780,24870,eat_drink,7
7,vp7/run1_2018-05-23-13-16-52.ids_1,8,24870,24960,eat_drink,8
7,vp7/run1_2018-05-23-13-16-52.ids_1,8,24960,25050,eat_drink,9
7,vp7/run1_2018-05-23-13-16-52.ids_1,8,25050,25140,eat_drink,10
7,vp7/run1_2018-05-23-13-16-52.ids_1,8,25140,25230,eat_drink,11
7,vp7/run1_2018-05-23-13-16-52.ids_1,8,25230,25320,eat_drink,12
7,vp7/run1_2018-05-23-13-16-52.ids_1,8,25320,25410,eat_drink,13
7,vp7/run1_2018-05-23-13-16-52.ids_1,8,25410,25500,eat_drink,14
7,vp7/run1_2018-05-23-13-16-52.ids_1,8,25500,25590,eat_drink,15
7,vp7/run1_2018-05-23-13-16-52.ids_1,8,25590,25680,eat_drink,16
7,vp7/run1_2018-05-23-13-16-52.ids_1,8,25680,25770,eat_drink,17
7,vp7/run1_2018-05-23-13-16-52.ids_1,8,25770,25860,eat_drink,18
7,vp7/run1_2018-05-23-13-16-52.ids_1,8,25860,25950,eat_drink,19
7,vp7/run1_2018-05-23-13-16-52.ids_1,8,25950,26040,eat_drink,20
7,vp7/run1_2018-05-23-13-16-52.ids_1,8,26040,26130,eat_drink,21
7,vp7/run1_2018-05-23-13-16-52.ids_1,8,26130,26220,eat_drink,22
7,vp7/run1_2018-05-23-13-16-52.ids_1,8,26220,26310,eat_drink,23
7,vp7/run1_2018-05-23-13-16-52.ids_1,8,26310,26400,eat_drink,24
7,vp7/run1_2018-05-23-13-16-52.ids_1,8,26400,26490,eat_drink,25
7,vp7/run1_2018-05-23-13-16-52.ids_1,8,26490,26580,eat_drink,26
7,vp7/run1_2018-05-23-13-16-52.ids_1,8,26580,26670,eat_drink,27
7,vp7/run1_2018-05-23-13-16-52.ids_1,8,26670,26760,eat_drink,28
7,vp7/run1_2018-05-23-13-16-52.ids_1,8,26760,26850,eat_drink,29
7,vp7/run1_2018-05-23-13-16-52.ids_1,8,26850,26940,eat_drink,30
7,vp7/run1_2018-05-23-13-16-52.ids_1,8,26940,27030,eat_drink,31
7,vp7/run1_2018-05-23-13-16-52.ids_1,8,27030,27120,eat_drink,32
7,vp7/run1_2018-05-23-13-16-52.ids_1,8,27120,27210,eat_drink,33
7,vp7/run1_2018-05-23-13-16-52.ids_1,8,27210,27300,eat_drink,34
7,vp7/run1_2018-05-23-13-16-52.ids_1,8,27300,27390,eat_drink,35
7,vp7/run1_2018-05-23-13-16-52.ids_1,8,27390,27480,eat_drink,36
7,vp7/run1_2018-05-23-13-16-52.ids_1,8,27480,27570,eat_drink,37
7,vp7/run1_2018-05-23-13-16-52.ids_1,8,27570,27660,eat_drink,38
7,vp7/run1_2018-05-23-13-16-52.ids_1,8,27660,27750,eat_drink,39
7,vp7/run1_2018-05-23-13-16-52.ids_1,8,27750,27780,eat_drink,40
7,vp7/run1_2018-05-23-13-16-52.ids_1,9,29280,29370,hand_over,0
7,vp7/run1_2018-05-23-13-16-52.ids_1,9,29370,29460,hand_over,1
7,vp7/run1_2018-05-23-13-16-52.ids_1,9,29460,29550,hand_over,2
7,vp7/run1_2018-05-23-13-16-52.ids_1,10,30900,30990,put_on_jacket,0
7,vp7/run1_2018-05-23-13-16-52.ids_1,10,30990,31080,put_on_jacket,1
7,vp7/run1_2018-05-23-13-16-52.ids_1,10,31080,31170,put_on_jacket,2
7,vp7/run1_2018-05-23-13-16-52.ids_1,10,31170,31260,put_on_jacket,3
7,vp7/run1_2018-05-23-13-16-52.ids_1,10,31260,31350,put_on_jacket,4
7,vp7/run1_2018-05-23-13-16-52.ids_1,10,31350,31440,put_on_jacket,5
7,vp7/run1_2018-05-23-13-16-52.ids_1,10,31440,31530,put_on_jacket,6
7,vp7/run1_2018-05-23-13-16-52.ids_1,10,31530,31620,put_on_jacket,7
7,vp7/run1_2018-05-23-13-16-52.ids_1,10,31620,31710,put_on_jacket,8
7,vp7/run1_2018-05-23-13-16-52.ids_1,10,31710,31800,put_on_jacket,9
7,vp7/run1_2018-05-23-13-16-52.ids_1,10,31800,31890,put_on_jacket,10
7,vp7/run1_2018-05-23-13-16-52.ids_1,10,31890,31980,put_on_jacket,11
7,vp7/run1_2018-05-23-13-16-52.ids_1,10,31980,32040,put_on_jacket,12
7,vp7/run1_2018-05-23-13-16-52.ids_1,11,34950,35040,take_off_jacket,0
7,vp7/run1_2018-05-23-13-16-52.ids_1,11,35040,35130,take_off_jacket,1
7,vp7/run1_2018-05-23-13-16-52.ids_1,11,35130,35220,take_off_jacket,2
7,vp7/run1_2018-05-23-13-16-52.ids_1,11,35220,35310,take_off_jacket,3
7,vp7/run1_2018-05-23-13-16-52.ids_1,11,35310,35400,take_off_jacket,4
7,vp7/run1_2018-05-23-13-16-52.ids_1,11,35400,35490,take_off_jacket,5
7,vp7/run1_2018-05-23-13-16-52.ids_1,11,35490,35580,take_off_jacket,6
7,vp7/run1_2018-05-23-13-16-52.ids_1,11,35580,35670,take_off_jacket,7
7,vp7/run1_2018-05-23-13-16-52.ids_1,11,35670,35760,take_off_jacket,8
7,vp7/run1_2018-05-23-13-16-52.ids_1,11,35760,35850,take_off_jacket,9
7,vp7/run1_2018-05-23-13-16-52.ids_1,11,35850,35940,take_off_jacket,10
7,vp7/run1_2018-05-23-13-16-52.ids_1,11,35940,36030,take_off_jacket,11
7,vp7/run1_2018-05-23-13-16-52.ids_1,11,36030,36120,take_off_jacket,12
7,vp7/run1_2018-05-23-13-16-52.ids_1,11,36120,36210,take_off_jacket,13
7,vp7/run1_2018-05-23-13-16-52.ids_1,11,36210,36300,take_off_jacket,14
7,vp7/run1_2018-05-23-13-16-52.ids_1,11,36300,36390,take_off_jacket,15
7,vp7/run1_2018-05-23-13-16-52.ids_1,11,36390,36480,take_off_jacket,16
7,vp7/run1_2018-05-23-13-16-52.ids_1,11,36480,36570,take_off_jacket,17
7,vp7/run1_2018-05-23-13-16-52.ids_1,11,36570,36660,take_off_jacket,18
7,vp7/run1_2018-05-23-13-16-52.ids_1,11,36660,36750,take_off_jacket,19
7,vp7/run1_2018-05-23-13-16-52.ids_1,11,36750,36840,take_off_jacket,20
7,vp7/run1_2018-05-23-13-16-52.ids_1,11,36840,36930,take_off_jacket,21
7,vp7/run1_2018-05-23-13-16-52.ids_1,11,36930,37020,take_off_jacket,22
7,vp7/run1_2018-05-23-13-16-52.ids_1,11,37020,37110,take_off_jacket,23
7,vp7/run1_2018-05-23-13-16-52.ids_1,11,37110,37200,take_off_jacket,24
7,vp7/run1_2018-05-23-13-16-52.ids_1,11,37200,37290,take_off_jacket,25
7,vp7/run1_2018-05-23-13-16-52.ids_1,11,37290,37380,take_off_jacket,26
7,vp7/run1_2018-05-23-13-16-52.ids_1,11,37380,37410,take_off_jacket,27
7,vp7/run1_2018-05-23-13-16-52.ids_1,12,38820,38910,final_task,0
7,vp7/run1_2018-05-23-13-16-52.ids_1,12,38910,39000,final_task,1
7,vp7/run1_2018-05-23-13-16-52.ids_1,12,39000,39090,final_task,2
7,vp7/run1_2018-05-23-13-16-52.ids_1,12,39090,39180,final_task,3
7,vp7/run1_2018-05-23-13-16-52.ids_1,12,39180,39270,final_task,4
7,vp7/run1_2018-05-23-13-16-52.ids_1,12,39270,39360,final_task,5
7,vp7/run1_2018-05-23-13-16-52.ids_1,12,39360,39450,final_task,6
7,vp7/run1_2018-05-23-13-16-52.ids_1,12,39450,39540,final_task,7
7,vp7/run1_2018-05-23-13-16-52.ids_1,12,39540,39630,final_task,8
7,vp7/run1_2018-05-23-13-16-52.ids_1,12,39630,39720,final_task,9
7,vp7/run1_2018-05-23-13-16-52.ids_1,12,39720,39810,final_task,10
7,vp7/run1_2018-05-23-13-16-52.ids_1,12,39810,39900,final_task,11
7,vp7/run1_2018-05-23-13-16-52.ids_1,12,39900,39990,final_task,12
7,vp7/run2b_2018-05-23-13-54-07.ids_1,0,0,90,fasten_seat_belt,0
7,vp7/run2b_2018-05-23-13-54-07.ids_1,0,90,180,fasten_seat_belt,1
7,vp7/run2b_2018-05-23-13-54-07.ids_1,0,180,270,fasten_seat_belt,2
7,vp7/run2b_2018-05-23-13-54-07.ids_1,0,270,360,fasten_seat_belt,3
7,vp7/run2b_2018-05-23-13-54-07.ids_1,0,360,450,fasten_seat_belt,4
7,vp7/run2b_2018-05-23-13-54-07.ids_1,0,450,540,fasten_seat_belt,5
7,vp7/run2b_2018-05-23-13-54-07.ids_1,0,540,630,fasten_seat_belt,6
7,vp7/run2b_2018-05-23-13-54-07.ids_1,0,630,720,fasten_seat_belt,7
7,vp7/run2b_2018-05-23-13-54-07.ids_1,0,720,810,fasten_seat_belt,8
7,vp7/run2b_2018-05-23-13-54-07.ids_1,0,810,900,fasten_seat_belt,9
7,vp7/run2b_2018-05-23-13-54-07.ids_1,0,900,990,fasten_seat_belt,10
7,vp7/run2b_2018-05-23-13-54-07.ids_1,0,990,1080,fasten_seat_belt,11
7,vp7/run2b_2018-05-23-13-54-07.ids_1,0,1080,1170,fasten_seat_belt,12
7,vp7/run2b_2018-05-23-13-54-07.ids_1,1,6150,6240,hand_over,0
7,vp7/run2b_2018-05-23-13-54-07.ids_1,1,6240,6330,hand_over,1
7,vp7/run2b_2018-05-23-13-54-07.ids_1,2,6480,6570,put_on_sunglasses,0
7,vp7/run2b_2018-05-23-13-54-07.ids_1,2,6570,6660,put_on_sunglasses,1
7,vp7/run2b_2018-05-23-13-54-07.ids_1,2,6660,6720,put_on_sunglasses,2
7,vp7/run2b_2018-05-23-13-54-07.ids_1,3,7710,7800,read_write_newspaper,0
7,vp7/run2b_2018-05-23-13-54-07.ids_1,3,7800,7890,read_write_newspaper,1
7,vp7/run2b_2018-05-23-13-54-07.ids_1,3,7890,7980,read_write_newspaper,2
7,vp7/run2b_2018-05-23-13-54-07.ids_1,3,7980,8070,read_write_newspaper,3
7,vp7/run2b_2018-05-23-13-54-07.ids_1,3,8070,8160,read_write_newspaper,4
7,vp7/run2b_2018-05-23-13-54-07.ids_1,3,8160,8250,read_write_newspaper,5
7,vp7/run2b_2018-05-23-13-54-07.ids_1,3,8250,8340,read_write_newspaper,6
7,vp7/run2b_2018-05-23-13-54-07.ids_1,3,8340,8430,read_write_newspaper,7
7,vp7/run2b_2018-05-23-13-54-07.ids_1,3,8430,8520,read_write_newspaper,8
7,vp7/run2b_2018-05-23-13-54-07.ids_1,3,8520,8610,read_write_newspaper,9
7,vp7/run2b_2018-05-23-13-54-07.ids_1,3,8610,8700,read_write_newspaper,10
7,vp7/run2b_2018-05-23-13-54-07.ids_1,3,8700,8790,read_write_newspaper,11
7,vp7/run2b_2018-05-23-13-54-07.ids_1,3,8790,8880,read_write_newspaper,12
7,vp7/run2b_2018-05-23-13-54-07.ids_1,3,8880,8970,read_write_newspaper,13
7,vp7/run2b_2018-05-23-13-54-07.ids_1,3,8970,9060,read_write_newspaper,14
7,vp7/run2b_2018-05-23-13-54-07.ids_1,3,9060,9150,read_write_newspaper,15
7,vp7/run2b_2018-05-23-13-54-07.ids_1,3,9150,9180,read_write_newspaper,16
7,vp7/run2b_2018-05-23-13-54-07.ids_1,4,10320,10410,read_write_magazine,0
7,vp7/run2b_2018-05-23-13-54-07.ids_1,4,10410,10500,read_write_magazine,1
7,vp7/run2b_2018-05-23-13-54-07.ids_1,4,10500,10590,read_write_magazine,2
7,vp7/run2b_2018-05-23-13-54-07.ids_1,4,10590,10680,read_write_magazine,3
7,vp7/run2b_2018-05-23-13-54-07.ids_1,4,10680,10770,read_write_magazine,4
7,vp7/run2b_2018-05-23-13-54-07.ids_1,4,10770,10860,read_write_magazine,5
7,vp7/run2b_2018-05-23-13-54-07.ids_1,4,10860,10950,read_write_magazine,6
7,vp7/run2b_2018-05-23-13-54-07.ids_1,4,10950,11040,read_write_magazine,7
7,vp7/run2b_2018-05-23-13-54-07.ids_1,4,11040,11130,read_write_magazine,8
7,vp7/run2b_2018-05-23-13-54-07.ids_1,4,11130,11220,read_write_magazine,9
7,vp7/run2b_2018-05-23-13-54-07.ids_1,4,11220,11310,read_write_magazine,10
7,vp7/run2b_2018-05-23-13-54-07.ids_1,4,11310,11400,read_write_magazine,11
7,vp7/run2b_2018-05-23-13-54-07.ids_1,4,11400,11490,read_write_magazine,12
7,vp7/run2b_2018-05-23-13-54-07.ids_1,4,11490,11580,read_write_magazine,13
7,vp7/run2b_2018-05-23-13-54-07.ids_1,4,11580,11670,read_write_magazine,14
7,vp7/run2b_2018-05-23-13-54-07.ids_1,4,11670,11760,read_write_magazine,15
7,vp7/run2b_2018-05-23-13-54-07.ids_1,4,11760,11850,read_write_magazine,16
7,vp7/run2b_2018-05-23-13-54-07.ids_1,4,11850,11940,read_write_magazine,17
7,vp7/run2b_2018-05-23-13-54-07.ids_1,4,11940,12030,read_write_magazine,18
7,vp7/run2b_2018-05-23-13-54-07.ids_1,4,12030,12120,read_write_magazine,19
7,vp7/run2b_2018-05-23-13-54-07.ids_1,4,12120,12210,read_write_magazine,20
7,vp7/run2b_2018-05-23-13-54-07.ids_1,4,12210,12300,read_write_magazine,21
7,vp7/run2b_2018-05-23-13-54-07.ids_1,4,12300,12390,read_write_magazine,22
7,vp7/run2b_2018-05-23-13-54-07.ids_1,4,12390,12480,read_write_magazine,23
7,vp7/run2b_2018-05-23-13-54-07.ids_1,4,12480,12570,read_write_magazine,24
7,vp7/run2b_2018-05-23-13-54-07.ids_1,4,12570,12660,read_write_magazine,25
7,vp7/run2b_2018-05-23-13-54-07.ids_1,4,12660,12720,read_write_magazine,26
7,vp7/run2b_2018-05-23-13-54-07.ids_1,5,13140,13230,take_off_sunglasses,0
7,vp7/run2b_2018-05-23-13-54-07.ids_1,5,13230,13320,take_off_sunglasses,1
7,vp7/run2b_2018-05-23-13-54-07.ids_1,5,13320,13410,take_off_sunglasses,2
7,vp7/run2b_2018-05-23-13-54-07.ids_1,5,13410,13440,take_off_sunglasses,3
7,vp7/run2b_2018-05-23-13-54-07.ids_1,6,18450,18540,put_on_jacket,0
7,vp7/run2b_2018-05-23-13-54-07.ids_1,6,18540,18630,put_on_jacket,1
7,vp7/run2b_2018-05-23-13-54-07.ids_1,6,18630,18720,put_on_jacket,2
7,vp7/run2b_2018-05-23-13-54-07.ids_1,6,18720,18810,put_on_jacket,3
7,vp7/run2b_2018-05-23-13-54-07.ids_1,6,18810,18900,put_on_jacket,4
7,vp7/run2b_2018-05-23-13-54-07.ids_1,6,18900,18990,put_on_jacket,5
7,vp7/run2b_2018-05-23-13-54-07.ids_1,6,18990,19080,put_on_jacket,6
7,vp7/run2b_2018-05-23-13-54-07.ids_1,6,19080,19170,put_on_jacket,7
7,vp7/run2b_2018-05-23-13-54-07.ids_1,6,19170,19230,put_on_jacket,8
7,vp7/run2b_2018-05-23-13-54-07.ids_1,7,19650,19740,work,0
7,vp7/run2b_2018-05-23-13-54-07.ids_1,7,19740,19830,work,1
7,vp7/run2b_2018-05-23-13-54-07.ids_1,7,19830,19920,work,2
7,vp7/run2b_2018-05-23-13-54-07.ids_1,7,19920,20010,work,3
7,vp7/run2b_2018-05-23-13-54-07.ids_1,7,20010,20100,work,4
7,vp7/run2b_2018-05-23-13-54-07.ids_1,7,20100,20190,work,5
7,vp7/run2b_2018-05-23-13-54-07.ids_1,7,20190,20280,work,6
7,vp7/run2b_2018-05-23-13-54-07.ids_1,7,20280,20370,work,7
7,vp7/run2b_2018-05-23-13-54-07.ids_1,7,20370,20460,work,8
7,vp7/run2b_2018-05-23-13-54-07.ids_1,7,20460,20550,work,9
7,vp7/run2b_2018-05-23-13-54-07.ids_1,7,20550,20640,work,10
7,vp7/run2b_2018-05-23-13-54-07.ids_1,7,20640,20730,work,11
7,vp7/run2b_2018-05-23-13-54-07.ids_1,7,20730,20820,work,12
7,vp7/run2b_2018-05-23-13-54-07.ids_1,7,20820,20910,work,13
7,vp7/run2b_2018-05-23-13-54-07.ids_1,7,20910,21000,work,14
7,vp7/run2b_2018-05-23-13-54-07.ids_1,7,21000,21090,work,15
7,vp7/run2b_2018-05-23-13-54-07.ids_1,7,21090,21180,work,16
7,vp7/run2b_2018-05-23-13-54-07.ids_1,7,21180,21270,work,17
7,vp7/run2b_2018-05-23-13-54-07.ids_1,7,21270,21360,work,18
7,vp7/run2b_2018-05-23-13-54-07.ids_1,7,21360,21450,work,19
7,vp7/run2b_2018-05-23-13-54-07.ids_1,7,21450,21540,work,20
7,vp7/run2b_2018-05-23-13-54-07.ids_1,7,21540,21630,work,21
7,vp7/run2b_2018-05-23-13-54-07.ids_1,7,21630,21720,work,22
7,vp7/run2b_2018-05-23-13-54-07.ids_1,7,21720,21810,work,23
7,vp7/run2b_2018-05-23-13-54-07.ids_1,7,21810,21900,work,24
7,vp7/run2b_2018-05-23-13-54-07.ids_1,7,21900,21990,work,25
7,vp7/run2b_2018-05-23-13-54-07.ids_1,7,21990,22080,work,26
7,vp7/run2b_2018-05-23-13-54-07.ids_1,7,22080,22170,work,27
7,vp7/run2b_2018-05-23-13-54-07.ids_1,7,22170,22230,work,28
7,vp7/run2b_2018-05-23-13-54-07.ids_1,8,24750,24840,take_off_jacket,0
7,vp7/run2b_2018-05-23-13-54-07.ids_1,8,24840,24930,take_off_jacket,1
7,vp7/run2b_2018-05-23-13-54-07.ids_1,8,24930,25020,take_off_jacket,2
7,vp7/run2b_2018-05-23-13-54-07.ids_1,8,25020,25110,take_off_jacket,3
7,vp7/run2b_2018-05-23-13-54-07.ids_1,8,25110,25200,take_off_jacket,4
7,vp7/run2b_2018-05-23-13-54-07.ids_1,8,25200,25260,take_off_jacket,5
7,vp7/run2b_2018-05-23-13-54-07.ids_1,9,25740,25830,final_task,0
7,vp7/run2b_2018-05-23-13-54-07.ids_1,9,25830,25920,final_task,1
7,vp7/run2b_2018-05-23-13-54-07.ids_1,9,25920,26010,final_task,2
7,vp7/run2b_2018-05-23-13-54-07.ids_1,9,26010,26100,final_task,3
7,vp7/run2b_2018-05-23-13-54-07.ids_1,9,26100,26190,final_task,4
7,vp7/run2b_2018-05-23-13-54-07.ids_1,9,26190,26280,final_task,5
7,vp7/run2b_2018-05-23-13-54-07.ids_1,9,26280,26370,final_task,6
7,vp7/run2b_2018-05-23-13-54-07.ids_1,9,26370,26460,final_task,7
7,vp7/run2b_2018-05-23-13-54-07.ids_1,9,26460,26550,final_task,8
7,vp7/run2b_2018-05-23-13-54-07.ids_1,9,26550,26640,final_task,9
7,vp7/run2b_2018-05-23-13-54-07.ids_1,9,26640,26730,final_task,10
8,vp8/run1d_2018-05-23-14-54-38.ids_1,0,0,90,fasten_seat_belt,0
8,vp8/run1d_2018-05-23-14-54-38.ids_1,0,90,180,fasten_seat_belt,1
8,vp8/run1d_2018-05-23-14-54-38.ids_1,0,180,270,fasten_seat_belt,2
8,vp8/run1d_2018-05-23-14-54-38.ids_1,0,270,360,fasten_seat_belt,3
8,vp8/run1d_2018-05-23-14-54-38.ids_1,0,360,450,fasten_seat_belt,4
8,vp8/run1d_2018-05-23-14-54-38.ids_1,0,450,540,fasten_seat_belt,5
8,vp8/run1d_2018-05-23-14-54-38.ids_1,0,540,630,fasten_seat_belt,6
8,vp8/run1d_2018-05-23-14-54-38.ids_1,0,630,720,fasten_seat_belt,7
8,vp8/run1d_2018-05-23-14-54-38.ids_1,0,720,810,fasten_seat_belt,8
8,vp8/run1d_2018-05-23-14-54-38.ids_1,0,810,900,fasten_seat_belt,9
8,vp8/run1d_2018-05-23-14-54-38.ids_1,0,900,968,fasten_seat_belt,10
8,vp8/run1d_2018-05-23-14-54-38.ids_1,1,6360,6450,hand_over,0
8,vp8/run1d_2018-05-23-14-54-38.ids_1,1,6450,6540,hand_over,1
8,vp8/run1d_2018-05-23-14-54-38.ids_1,1,6540,6630,hand_over,2
8,vp8/run1d_2018-05-23-14-54-38.ids_1,1,6630,6639,hand_over,3
8,vp8/run1d_2018-05-23-14-54-38.ids_1,2,6840,6930,read_write_newspaper,0
8,vp8/run1d_2018-05-23-14-54-38.ids_1,2,6930,7020,read_write_newspaper,1
8,vp8/run1d_2018-05-23-14-54-38.ids_1,2,7020,7110,read_write_newspaper,2
8,vp8/run1d_2018-05-23-14-54-38.ids_1,2,7110,7200,read_write_newspaper,3
8,vp8/run1d_2018-05-23-14-54-38.ids_1,2,7200,7290,read_write_newspaper,4
8,vp8/run1d_2018-05-23-14-54-38.ids_1,2,7290,7380,read_write_newspaper,5
8,vp8/run1d_2018-05-23-14-54-38.ids_1,2,7380,7470,read_write_newspaper,6
8,vp8/run1d_2018-05-23-14-54-38.ids_1,2,7470,7560,read_write_newspaper,7
8,vp8/run1d_2018-05-23-14-54-38.ids_1,2,7560,7650,read_write_newspaper,8
8,vp8/run1d_2018-05-23-14-54-38.ids_1,2,7650,7740,read_write_newspaper,9
8,vp8/run1d_2018-05-23-14-54-38.ids_1,2,7740,7830,read_write_newspaper,10
8,vp8/run1d_2018-05-23-14-54-38.ids_1,2,7830,7920,read_write_newspaper,11
8,vp8/run1d_2018-05-23-14-54-38.ids_1,2,7920,8010,read_write_newspaper,12
8,vp8/run1d_2018-05-23-14-54-38.ids_1,2,8010,8100,read_write_newspaper,13
8,vp8/run1d_2018-05-23-14-54-38.ids_1,2,8100,8190,read_write_newspaper,14
8,vp8/run1d_2018-05-23-14-54-38.ids_1,2,8190,8280,read_write_newspaper,15
8,vp8/run1d_2018-05-23-14-54-38.ids_1,2,8280,8370,read_write_newspaper,16
8,vp8/run1d_2018-05-23-14-54-38.ids_1,2,8370,8460,read_write_newspaper,17
8,vp8/run1d_2018-05-23-14-54-38.ids_1,2,8460,8550,read_write_newspaper,18
8,vp8/run1d_2018-05-23-14-54-38.ids_1,2,8550,8640,read_write_newspaper,19
8,vp8/run1d_2018-05-23-14-54-38.ids_1,2,8640,8730,read_write_newspaper,20
8,vp8/run1d_2018-05-23-14-54-38.ids_1,2,8730,8820,read_write_newspaper,21
8,vp8/run1d_2018-05-23-14-54-38.ids_1,2,8820,8910,read_write_newspaper,22
8,vp8/run1d_2018-05-23-14-54-38.ids_1,2,8910,9000,read_write_newspaper,23
8,vp8/run1d_2018-05-23-14-54-38.ids_1,2,9000,9090,read_write_newspaper,24
8,vp8/run1d_2018-05-23-14-54-38.ids_1,2,9090,9180,read_write_newspaper,25
8,vp8/run1d_2018-05-23-14-54-38.ids_1,2,9180,9270,read_write_newspaper,26
8,vp8/run1d_2018-05-23-14-54-38.ids_1,2,9270,9360,read_write_newspaper,27
8,vp8/run1d_2018-05-23-14-54-38.ids_1,2,9360,9450,read_write_newspaper,28
8,vp8/run1d_2018-05-23-14-54-38.ids_1,2,9450,9540,read_write_newspaper,29
8,vp8/run1d_2018-05-23-14-54-38.ids_1,2,9540,9630,read_write_newspaper,30
8,vp8/run1d_2018-05-23-14-54-38.ids_1,2,9630,9699,read_write_newspaper,31
8,vp8/run1d_2018-05-23-14-54-38.ids_1,3,10380,10470,work,0
8,vp8/run1d_2018-05-23-14-54-38.ids_1,3,10470,10560,work,1
8,vp8/run1d_2018-05-23-14-54-38.ids_1,3,10560,10650,work,2
8,vp8/run1d_2018-05-23-14-54-38.ids_1,3,10650,10740,work,3
8,vp8/run1d_2018-05-23-14-54-38.ids_1,3,10740,10830,work,4
8,vp8/run1d_2018-05-23-14-54-38.ids_1,3,10830,10920,work,5
8,vp8/run1d_2018-05-23-14-54-38.ids_1,3,10920,11010,work,6
8,vp8/run1d_2018-05-23-14-54-38.ids_1,3,11010,11100,work,7
8,vp8/run1d_2018-05-23-14-54-38.ids_1,3,11100,11190,work,8
8,vp8/run1d_2018-05-23-14-54-38.ids_1,3,11190,11280,work,9
8,vp8/run1d_2018-05-23-14-54-38.ids_1,3,11280,11370,work,10
8,vp8/run1d_2018-05-23-14-54-38.ids_1,3,11370,11460,work,11
8,vp8/run1d_2018-05-23-14-54-38.ids_1,3,11460,11550,work,12
8,vp8/run1d_2018-05-23-14-54-38.ids_1,3,11550,11640,work,13
8,vp8/run1d_2018-05-23-14-54-38.ids_1,3,11640,11730,work,14
8,vp8/run1d_2018-05-23-14-54-38.ids_1,3,11730,11820,work,15
8,vp8/run1d_2018-05-23-14-54-38.ids_1,3,11820,11910,work,16
8,vp8/run1d_2018-05-23-14-54-38.ids_1,3,11910,12000,work,17
8,vp8/run1d_2018-05-23-14-54-38.ids_1,3,12000,12090,work,18
8,vp8/run1d_2018-05-23-14-54-38.ids_1,3,12090,12180,work,19
8,vp8/run1d_2018-05-23-14-54-38.ids_1,3,12180,12270,work,20
8,vp8/run1d_2018-05-23-14-54-38.ids_1,3,12270,12360,work,21
8,vp8/run1d_2018-05-23-14-54-38.ids_1,3,12360,12450,work,22
8,vp8/run1d_2018-05-23-14-54-38.ids_1,3,12450,12540,work,23
8,vp8/run1d_2018-05-23-14-54-38.ids_1,3,12540,12630,work,24
8,vp8/run1d_2018-05-23-14-54-38.ids_1,3,12630,12720,work,25
8,vp8/run1d_2018-05-23-14-54-38.ids_1,3,12720,12810,work,26
8,vp8/run1d_2018-05-23-14-54-38.ids_1,3,12810,12900,work,27
8,vp8/run1d_2018-05-23-14-54-38.ids_1,3,12900,12990,work,28
8,vp8/run1d_2018-05-23-14-54-38.ids_1,3,12990,13080,work,29
8,vp8/run1d_2018-05-23-14-54-38.ids_1,3,13080,13170,work,30
8,vp8/run1d_2018-05-23-14-54-38.ids_1,3,13170,13260,work,31
8,vp8/run1d_2018-05-23-14-54-38.ids_1,3,13260,13350,work,32
8,vp8/run1d_2018-05-23-14-54-38.ids_1,3,13350,13440,work,33
8,vp8/run1d_2018-05-23-14-54-38.ids_1,3,13440,13530,work,34
8,vp8/run1d_2018-05-23-14-54-38.ids_1,3,13530,13620,work,35
8,vp8/run1d_2018-05-23-14-54-38.ids_1,3,13620,13710,work,36
8,vp8/run1d_2018-05-23-14-54-38.ids_1,3,13710,13800,work,37
8,vp8/run1d_2018-05-23-14-54-38.ids_1,3,13800,13890,work,38
8,vp8/run1d_2018-05-23-14-54-38.ids_1,3,13890,13980,work,39
8,vp8/run1d_2018-05-23-14-54-38.ids_1,3,13980,14070,work,40
8,vp8/run1d_2018-05-23-14-54-38.ids_1,3,14070,14160,work,41
8,vp8/run1d_2018-05-23-14-54-38.ids_1,3,14160,14250,work,42
8,vp8/run1d_2018-05-23-14-54-38.ids_1,3,14250,14340,work,43
8,vp8/run1d_2018-05-23-14-54-38.ids_1,3,14340,14430,work,44
8,vp8/run1d_2018-05-23-14-54-38.ids_1,3,14430,14520,work,45
8,vp8/run1d_2018-05-23-14-54-38.ids_1,3,14520,14610,work,46
8,vp8/run1d_2018-05-23-14-54-38.ids_1,3,14610,14700,work,47
8,vp8/run1d_2018-05-23-14-54-38.ids_1,3,14700,14790,work,48
8,vp8/run1d_2018-05-23-14-54-38.ids_1,3,14790,14880,work,49
8,vp8/run1d_2018-05-23-14-54-38.ids_1,3,14880,14970,work,50
8,vp8/run1d_2018-05-23-14-54-38.ids_1,3,14970,15060,work,51
8,vp8/run1d_2018-05-23-14-54-38.ids_1,3,15060,15150,work,52
8,vp8/run1d_2018-05-23-14-54-38.ids_1,3,15150,15240,work,53
8,vp8/run1d_2018-05-23-14-54-38.ids_1,3,15240,15330,work,54
8,vp8/run1d_2018-05-23-14-54-38.ids_1,3,15330,15420,work,55
8,vp8/run1d_2018-05-23-14-54-38.ids_1,3,15420,15510,work,56
8,vp8/run1d_2018-05-23-14-54-38.ids_1,3,15510,15600,work,57
8,vp8/run1d_2018-05-23-14-54-38.ids_1,3,15600,15690,work,58
8,vp8/run1d_2018-05-23-14-54-38.ids_1,3,15690,15780,work,59
8,vp8/run1d_2018-05-23-14-54-38.ids_1,3,15780,15870,work,60
8,vp8/run1d_2018-05-23-14-54-38.ids_1,3,15870,15960,work,61
8,vp8/run1d_2018-05-23-14-54-38.ids_1,3,15960,16050,work,62
8,vp8/run1d_2018-05-23-14-54-38.ids_1,3,16050,16140,work,63
8,vp8/run1d_2018-05-23-14-54-38.ids_1,3,16140,16230,work,64
8,vp8/run1d_2018-05-23-14-54-38.ids_1,3,16230,16320,work,65
8,vp8/run1d_2018-05-23-14-54-38.ids_1,3,16320,16410,work,66
8,vp8/run1d_2018-05-23-14-54-38.ids_1,3,16410,16500,work,67
8,vp8/run1d_2018-05-23-14-54-38.ids_1,3,16500,16590,work,68
8,vp8/run1d_2018-05-23-14-54-38.ids_1,3,16590,16680,work,69
8,vp8/run1d_2018-05-23-14-54-38.ids_1,3,16680,16770,work,70
8,vp8/run1d_2018-05-23-14-54-38.ids_1,3,16770,16860,work,71
8,vp8/run1d_2018-05-23-14-54-38.ids_1,3,16860,16950,work,72
8,vp8/run1d_2018-05-23-14-54-38.ids_1,3,16950,17040,work,73
8,vp8/run1d_2018-05-23-14-54-38.ids_1,3,17040,17130,work,74
8,vp8/run1d_2018-05-23-14-54-38.ids_1,3,17130,17220,work,75
8,vp8/run1d_2018-05-23-14-54-38.ids_1,3,17220,17229,work,76
8,vp8/run1d_2018-05-23-14-54-38.ids_1,4,20250,20340,put_on_sunglasses,0
8,vp8/run1d_2018-05-23-14-54-38.ids_1,4,20340,20430,put_on_sunglasses,1
8,vp8/run1d_2018-05-23-14-54-38.ids_1,4,20430,20520,put_on_sunglasses,2
8,vp8/run1d_2018-05-23-14-54-38.ids_1,4,20520,20610,put_on_sunglasses,3
8,vp8/run1d_2018-05-23-14-54-38.ids_1,4,20610,20700,put_on_sunglasses,4
8,vp8/run1d_2018-05-23-14-54-38.ids_1,4,20700,20790,put_on_sunglasses,5
8,vp8/run1d_2018-05-23-14-54-38.ids_1,4,20790,20880,put_on_sunglasses,6
8,vp8/run1d_2018-05-23-14-54-38.ids_1,4,20880,20970,put_on_sunglasses,7
8,vp8/run1d_2018-05-23-14-54-38.ids_1,4,20970,21060,put_on_sunglasses,8
8,vp8/run1d_2018-05-23-14-54-38.ids_1,4,21060,21150,put_on_sunglasses,9
8,vp8/run1d_2018-05-23-14-54-38.ids_1,4,21150,21159,put_on_sunglasses,10
8,vp8/run1d_2018-05-23-14-54-38.ids_1,5,21510,21600,read_write_magazine,0
8,vp8/run1d_2018-05-23-14-54-38.ids_1,5,21600,21690,read_write_magazine,1
8,vp8/run1d_2018-05-23-14-54-38.ids_1,5,21690,21780,read_write_magazine,2
8,vp8/run1d_2018-05-23-14-54-38.ids_1,5,21780,21870,read_write_magazine,3
8,vp8/run1d_2018-05-23-14-54-38.ids_1,5,21870,21960,read_write_magazine,4
8,vp8/run1d_2018-05-23-14-54-38.ids_1,5,21960,22050,read_write_magazine,5
8,vp8/run1d_2018-05-23-14-54-38.ids_1,5,22050,22140,read_write_magazine,6
8,vp8/run1d_2018-05-23-14-54-38.ids_1,5,22140,22230,read_write_magazine,7
8,vp8/run1d_2018-05-23-14-54-38.ids_1,5,22230,22320,read_write_magazine,8
8,vp8/run1d_2018-05-23-14-54-38.ids_1,5,22320,22410,read_write_magazine,9
8,vp8/run1d_2018-05-23-14-54-38.ids_1,5,22410,22500,read_write_magazine,10
8,vp8/run1d_2018-05-23-14-54-38.ids_1,5,22500,22590,read_write_magazine,11
8,vp8/run1d_2018-05-23-14-54-38.ids_1,5,22590,22680,read_write_magazine,12
8,vp8/run1d_2018-05-23-14-54-38.ids_1,5,22680,22770,read_write_magazine,13
8,vp8/run1d_2018-05-23-14-54-38.ids_1,5,22770,22860,read_write_magazine,14
8,vp8/run1d_2018-05-23-14-54-38.ids_1,5,22860,22950,read_write_magazine,15
8,vp8/run1d_2018-05-23-14-54-38.ids_1,5,22950,23040,read_write_magazine,16
8,vp8/run1d_2018-05-23-14-54-38.ids_1,5,23040,23130,read_write_magazine,17
8,vp8/run1d_2018-05-23-14-54-38.ids_1,5,23130,23220,read_write_magazine,18
8,vp8/run1d_2018-05-23-14-54-38.ids_1,5,23220,23310,read_write_magazine,19
8,vp8/run1d_2018-05-23-14-54-38.ids_1,5,23310,23400,read_write_magazine,20
8,vp8/run1d_2018-05-23-14-54-38.ids_1,5,23400,23490,read_write_magazine,21
8,vp8/run1d_2018-05-23-14-54-38.ids_1,5,23490,23580,read_write_magazine,22
8,vp8/run1d_2018-05-23-14-54-38.ids_1,5,23580,23670,read_write_magazine,23
8,vp8/run1d_2018-05-23-14-54-38.ids_1,5,23670,23760,read_write_magazine,24
8,vp8/run1d_2018-05-23-14-54-38.ids_1,5,23760,23850,read_write_magazine,25
8,vp8/run1d_2018-05-23-14-54-38.ids_1,5,23850,23940,read_write_magazine,26
8,vp8/run1d_2018-05-23-14-54-38.ids_1,5,23940,24030,read_write_magazine,27
8,vp8/run1d_2018-05-23-14-54-38.ids_1,5,24030,24120,read_write_magazine,28
8,vp8/run1d_2018-05-23-14-54-38.ids_1,5,24120,24210,read_write_magazine,29
8,vp8/run1d_2018-05-23-14-54-38.ids_1,5,24210,24300,read_write_magazine,30
8,vp8/run1d_2018-05-23-14-54-38.ids_1,5,24300,24390,read_write_magazine,31
8,vp8/run1d_2018-05-23-14-54-38.ids_1,5,24390,24480,read_write_magazine,32
8,vp8/run1d_2018-05-23-14-54-38.ids_1,5,24480,24570,read_write_magazine,33
8,vp8/run1d_2018-05-23-14-54-38.ids_1,5,24570,24660,read_write_magazine,34
8,vp8/run1d_2018-05-23-14-54-38.ids_1,5,24660,24750,read_write_magazine,35
8,vp8/run1d_2018-05-23-14-54-38.ids_1,5,24750,24840,read_write_magazine,36
8,vp8/run1d_2018-05-23-14-54-38.ids_1,5,24840,24930,read_write_magazine,37
8,vp8/run1d_2018-05-23-14-54-38.ids_1,5,24930,25020,read_write_magazine,38
8,vp8/run1d_2018-05-23-14-54-38.ids_1,5,25020,25110,read_write_magazine,39
8,vp8/run1d_2018-05-23-14-54-38.ids_1,5,25110,25200,read_write_magazine,40
8,vp8/run1d_2018-05-23-14-54-38.ids_1,5,25200,25290,read_write_magazine,41
8,vp8/run1d_2018-05-23-14-54-38.ids_1,5,25290,25359,read_write_magazine,42
8,vp8/run1d_2018-05-23-14-54-38.ids_1,6,25560,25650,put_on_jacket,0
8,vp8/run1d_2018-05-23-14-54-38.ids_1,6,25650,25740,put_on_jacket,1
8,vp8/run1d_2018-05-23-14-54-38.ids_1,6,25740,25830,put_on_jacket,2
8,vp8/run1d_2018-05-23-14-54-38.ids_1,6,25830,25920,put_on_jacket,3
8,vp8/run1d_2018-05-23-14-54-38.ids_1,6,25920,26010,put_on_jacket,4
8,vp8/run1d_2018-05-23-14-54-38.ids_1,6,26010,26100,put_on_jacket,5
8,vp8/run1d_2018-05-23-14-54-38.ids_1,6,26100,26190,put_on_jacket,6
8,vp8/run1d_2018-05-23-14-54-38.ids_1,6,26190,26280,put_on_jacket,7
8,vp8/run1d_2018-05-23-14-54-38.ids_1,6,26280,26370,put_on_jacket,8
8,vp8/run1d_2018-05-23-14-54-38.ids_1,6,26370,26460,put_on_jacket,9
8,vp8/run1d_2018-05-23-14-54-38.ids_1,6,26460,26550,put_on_jacket,10
8,vp8/run1d_2018-05-23-14-54-38.ids_1,6,26550,26640,put_on_jacket,11
8,vp8/run1d_2018-05-23-14-54-38.ids_1,6,26640,26730,put_on_jacket,12
8,vp8/run1d_2018-05-23-14-54-38.ids_1,6,26730,26820,put_on_jacket,13
8,vp8/run1d_2018-05-23-14-54-38.ids_1,6,26820,26910,put_on_jacket,14
8,vp8/run1d_2018-05-23-14-54-38.ids_1,6,26910,27000,put_on_jacket,15
8,vp8/run1d_2018-05-23-14-54-38.ids_1,6,27000,27090,put_on_jacket,16
8,vp8/run1d_2018-05-23-14-54-38.ids_1,6,27090,27180,put_on_jacket,17
8,vp8/run1d_2018-05-23-14-54-38.ids_1,6,27180,27270,put_on_jacket,18
8,vp8/run1d_2018-05-23-14-54-38.ids_1,6,27270,27360,put_on_jacket,19
8,vp8/run1d_2018-05-23-14-54-38.ids_1,6,27360,27450,put_on_jacket,20
8,vp8/run1d_2018-05-23-14-54-38.ids_1,6,27450,27540,put_on_jacket,21
8,vp8/run1d_2018-05-23-14-54-38.ids_1,6,27540,27630,put_on_jacket,22
8,vp8/run1d_2018-05-23-14-54-38.ids_1,6,27630,27720,put_on_jacket,23
8,vp8/run1d_2018-05-23-14-54-38.ids_1,6,27720,27810,put_on_jacket,24
8,vp8/run1d_2018-05-23-14-54-38.ids_1,6,27810,27900,put_on_jacket,25
8,vp8/run1d_2018-05-23-14-54-38.ids_1,6,27900,27990,put_on_jacket,26
8,vp8/run1d_2018-05-23-14-54-38.ids_1,6,27990,27999,put_on_jacket,27
8,vp8/run1d_2018-05-23-14-54-38.ids_1,7,28500,28590,eat_drink,0
8,vp8/run1d_2018-05-23-14-54-38.ids_1,7,28590,28680,eat_drink,1
8,vp8/run1d_2018-05-23-14-54-38.ids_1,7,28680,28770,eat_drink,2
8,vp8/run1d_2018-05-23-14-54-38.ids_1,7,28770,28860,eat_drink,3
8,vp8/run1d_2018-05-23-14-54-38.ids_1,7,28860,28950,eat_drink,4
8,vp8/run1d_2018-05-23-14-54-38.ids_1,7,28950,29040,eat_drink,5
8,vp8/run1d_2018-05-23-14-54-38.ids_1,7,29040,29130,eat_drink,6
8,vp8/run1d_2018-05-23-14-54-38.ids_1,7,29130,29220,eat_drink,7
8,vp8/run1d_2018-05-23-14-54-38.ids_1,7,29220,29310,eat_drink,8
8,vp8/run1d_2018-05-23-14-54-38.ids_1,7,29310,29400,eat_drink,9
8,vp8/run1d_2018-05-23-14-54-38.ids_1,7,29400,29490,eat_drink,10
8,vp8/run1d_2018-05-23-14-54-38.ids_1,7,29490,29580,eat_drink,11
8,vp8/run1d_2018-05-23-14-54-38.ids_1,7,29580,29670,eat_drink,12
8,vp8/run1d_2018-05-23-14-54-38.ids_1,7,29670,29760,eat_drink,13
8,vp8/run1d_2018-05-23-14-54-38.ids_1,7,29760,29850,eat_drink,14
8,vp8/run1d_2018-05-23-14-54-38.ids_1,7,29850,29940,eat_drink,15
8,vp8/run1d_2018-05-23-14-54-38.ids_1,7,29940,30030,eat_drink,16
8,vp8/run1d_2018-05-23-14-54-38.ids_1,7,30030,30120,eat_drink,17
8,vp8/run1d_2018-05-23-14-54-38.ids_1,7,30120,30210,eat_drink,18
8,vp8/run1d_2018-05-23-14-54-38.ids_1,7,30210,30300,eat_drink,19
8,vp8/run1d_2018-05-23-14-54-38.ids_1,7,30300,30390,eat_drink,20
8,vp8/run1d_2018-05-23-14-54-38.ids_1,7,30390,30480,eat_drink,21
8,vp8/run1d_2018-05-23-14-54-38.ids_1,7,30480,30570,eat_drink,22
8,vp8/run1d_2018-05-23-14-54-38.ids_1,7,30570,30660,eat_drink,23
8,vp8/run1d_2018-05-23-14-54-38.ids_1,7,30660,30750,eat_drink,24
8,vp8/run1d_2018-05-23-14-54-38.ids_1,7,30750,30840,eat_drink,25
8,vp8/run1d_2018-05-23-14-54-38.ids_1,7,30840,30930,eat_drink,26
8,vp8/run1d_2018-05-23-14-54-38.ids_1,7,30930,31020,eat_drink,27
8,vp8/run1d_2018-05-23-14-54-38.ids_1,7,31020,31110,eat_drink,28
8,vp8/run1d_2018-05-23-14-54-38.ids_1,7,31110,31200,eat_drink,29
8,vp8/run1d_2018-05-23-14-54-38.ids_1,7,31200,31290,eat_drink,30
8,vp8/run1d_2018-05-23-14-54-38.ids_1,7,31290,31380,eat_drink,31
8,vp8/run1d_2018-05-23-14-54-38.ids_1,7,31380,31470,eat_drink,32
8,vp8/run1d_2018-05-23-14-54-38.ids_1,7,31470,31560,eat_drink,33
8,vp8/run1d_2018-05-23-14-54-38.ids_1,7,31560,31650,eat_drink,34
8,vp8/run1d_2018-05-23-14-54-38.ids_1,7,31650,31740,eat_drink,35
8,vp8/run1d_2018-05-23-14-54-38.ids_1,7,31740,31830,eat_drink,36
8,vp8/run1d_2018-05-23-14-54-38.ids_1,7,31830,31920,eat_drink,37
8,vp8/run1d_2018-05-23-14-54-38.ids_1,7,31920,32010,eat_drink,38
8,vp8/run1d_2018-05-23-14-54-38.ids_1,7,32010,32100,eat_drink,39
8,vp8/run1d_2018-05-23-14-54-38.ids_1,7,32100,32190,eat_drink,40
8,vp8/run1d_2018-05-23-14-54-38.ids_1,7,32190,32280,eat_drink,41
8,vp8/run1d_2018-05-23-14-54-38.ids_1,7,32280,32370,eat_drink,42
8,vp8/run1d_2018-05-23-14-54-38.ids_1,7,32370,32460,eat_drink,43
8,vp8/run1d_2018-05-23-14-54-38.ids_1,7,32460,32550,eat_drink,44
8,vp8/run1d_2018-05-23-14-54-38.ids_1,7,32550,32640,eat_drink,45
8,vp8/run1d_2018-05-23-14-54-38.ids_1,7,32640,32730,eat_drink,46
8,vp8/run1d_2018-05-23-14-54-38.ids_1,7,32730,32820,eat_drink,47
8,vp8/run1d_2018-05-23-14-54-38.ids_1,7,32820,32910,eat_drink,48
8,vp8/run1d_2018-05-23-14-54-38.ids_1,7,32910,33000,eat_drink,49
8,vp8/run1d_2018-05-23-14-54-38.ids_1,7,33000,33090,eat_drink,50
8,vp8/run1d_2018-05-23-14-54-38.ids_1,7,33090,33180,eat_drink,51
8,vp8/run1d_2018-05-23-14-54-38.ids_1,7,33180,33270,eat_drink,52
8,vp8/run1d_2018-05-23-14-54-38.ids_1,7,33270,33360,eat_drink,53
8,vp8/run1d_2018-05-23-14-54-38.ids_1,7,33360,33369,eat_drink,54
8,vp8/run1d_2018-05-23-14-54-38.ids_1,8,34320,34410,take_off_jacket,0
8,vp8/run1d_2018-05-23-14-54-38.ids_1,8,34410,34500,take_off_jacket,1
8,vp8/run1d_2018-05-23-14-54-38.ids_1,8,34500,34590,take_off_jacket,2
8,vp8/run1d_2018-05-23-14-54-38.ids_1,8,34590,34680,take_off_jacket,3
8,vp8/run1d_2018-05-23-14-54-38.ids_1,8,34680,34770,take_off_jacket,4
8,vp8/run1d_2018-05-23-14-54-38.ids_1,8,34770,34860,take_off_jacket,5
8,vp8/run1d_2018-05-23-14-54-38.ids_1,8,34860,34950,take_off_jacket,6
8,vp8/run1d_2018-05-23-14-54-38.ids_1,8,34950,35040,take_off_jacket,7
8,vp8/run1d_2018-05-23-14-54-38.ids_1,8,35040,35130,take_off_jacket,8
8,vp8/run1d_2018-05-23-14-54-38.ids_1,8,35130,35220,take_off_jacket,9
8,vp8/run1d_2018-05-23-14-54-38.ids_1,8,35220,35310,take_off_jacket,10
8,vp8/run1d_2018-05-23-14-54-38.ids_1,8,35310,35400,take_off_jacket,11
8,vp8/run1d_2018-05-23-14-54-38.ids_1,8,35400,35439,take_off_jacket,12
8,vp8/run1d_2018-05-23-14-54-38.ids_1,9,36420,36510,watch_video,0
8,vp8/run1d_2018-05-23-14-54-38.ids_1,9,36510,36600,watch_video,1
8,vp8/run1d_2018-05-23-14-54-38.ids_1,9,36600,36690,watch_video,2
8,vp8/run1d_2018-05-23-14-54-38.ids_1,9,36690,36780,watch_video,3
8,vp8/run1d_2018-05-23-14-54-38.ids_1,9,36780,36870,watch_video,4
8,vp8/run1d_2018-05-23-14-54-38.ids_1,9,36870,36960,watch_video,5
8,vp8/run1d_2018-05-23-14-54-38.ids_1,9,36960,37050,watch_video,6
8,vp8/run1d_2018-05-23-14-54-38.ids_1,9,37050,37140,watch_video,7
8,vp8/run1d_2018-05-23-14-54-38.ids_1,9,37140,37230,watch_video,8
8,vp8/run1d_2018-05-23-14-54-38.ids_1,9,37230,37320,watch_video,9
8,vp8/run1d_2018-05-23-14-54-38.ids_1,9,37320,37410,watch_video,10
8,vp8/run1d_2018-05-23-14-54-38.ids_1,9,37410,37500,watch_video,11
8,vp8/run1d_2018-05-23-14-54-38.ids_1,9,37500,37590,watch_video,12
8,vp8/run1d_2018-05-23-14-54-38.ids_1,9,37590,37680,watch_video,13
8,vp8/run1d_2018-05-23-14-54-38.ids_1,9,37680,37770,watch_video,14
8,vp8/run1d_2018-05-23-14-54-38.ids_1,9,37770,37860,watch_video,15
8,vp8/run1d_2018-05-23-14-54-38.ids_1,9,37860,37950,watch_video,16
8,vp8/run1d_2018-05-23-14-54-38.ids_1,9,37950,38040,watch_video,17
8,vp8/run1d_2018-05-23-14-54-38.ids_1,9,38040,38130,watch_video,18
8,vp8/run1d_2018-05-23-14-54-38.ids_1,9,38130,38220,watch_video,19
8,vp8/run1d_2018-05-23-14-54-38.ids_1,9,38220,38310,watch_video,20
8,vp8/run1d_2018-05-23-14-54-38.ids_1,9,38310,38400,watch_video,21
8,vp8/run1d_2018-05-23-14-54-38.ids_1,9,38400,38490,watch_video,22
8,vp8/run1d_2018-05-23-14-54-38.ids_1,9,38490,38580,watch_video,23
8,vp8/run1d_2018-05-23-14-54-38.ids_1,9,38580,38670,watch_video,24
8,vp8/run1d_2018-05-23-14-54-38.ids_1,9,38670,38760,watch_video,25
8,vp8/run1d_2018-05-23-14-54-38.ids_1,9,38760,38850,watch_video,26
8,vp8/run1d_2018-05-23-14-54-38.ids_1,9,38850,38940,watch_video,27
8,vp8/run1d_2018-05-23-14-54-38.ids_1,9,38940,39030,watch_video,28
8,vp8/run1d_2018-05-23-14-54-38.ids_1,9,39030,39120,watch_video,29
8,vp8/run1d_2018-05-23-14-54-38.ids_1,9,39120,39210,watch_video,30
8,vp8/run1d_2018-05-23-14-54-38.ids_1,9,39210,39300,watch_video,31
8,vp8/run1d_2018-05-23-14-54-38.ids_1,9,39300,39390,watch_video,32
8,vp8/run1d_2018-05-23-14-54-38.ids_1,9,39390,39480,watch_video,33
8,vp8/run1d_2018-05-23-14-54-38.ids_1,9,39480,39570,watch_video,34
8,vp8/run1d_2018-05-23-14-54-38.ids_1,9,39570,39660,watch_video,35
8,vp8/run1d_2018-05-23-14-54-38.ids_1,9,39660,39750,watch_video,36
8,vp8/run1d_2018-05-23-14-54-38.ids_1,9,39750,39840,watch_video,37
8,vp8/run1d_2018-05-23-14-54-38.ids_1,9,39840,39930,watch_video,38
8,vp8/run1d_2018-05-23-14-54-38.ids_1,9,39930,40020,watch_video,39
8,vp8/run1d_2018-05-23-14-54-38.ids_1,9,40020,40110,watch_video,40
8,vp8/run1d_2018-05-23-14-54-38.ids_1,9,40110,40200,watch_video,41
8,vp8/run1d_2018-05-23-14-54-38.ids_1,9,40200,40290,watch_video,42
8,vp8/run1d_2018-05-23-14-54-38.ids_1,9,40290,40380,watch_video,43
8,vp8/run1d_2018-05-23-14-54-38.ids_1,9,40380,40470,watch_video,44
8,vp8/run1d_2018-05-23-14-54-38.ids_1,9,40470,40560,watch_video,45
8,vp8/run1d_2018-05-23-14-54-38.ids_1,9,40560,40650,watch_video,46
8,vp8/run1d_2018-05-23-14-54-38.ids_1,9,40650,40740,watch_video,47
8,vp8/run1d_2018-05-23-14-54-38.ids_1,9,40740,40830,watch_video,48
8,vp8/run1d_2018-05-23-14-54-38.ids_1,9,40830,40920,watch_video,49
8,vp8/run1d_2018-05-23-14-54-38.ids_1,9,40920,41010,watch_video,50
8,vp8/run1d_2018-05-23-14-54-38.ids_1,9,41010,41100,watch_video,51
8,vp8/run1d_2018-05-23-14-54-38.ids_1,9,41100,41190,watch_video,52
8,vp8/run1d_2018-05-23-14-54-38.ids_1,9,41190,41280,watch_video,53
8,vp8/run1d_2018-05-23-14-54-38.ids_1,9,41280,41370,watch_video,54
8,vp8/run1d_2018-05-23-14-54-38.ids_1,9,41370,41460,watch_video,55
8,vp8/run1d_2018-05-23-14-54-38.ids_1,9,41460,41550,watch_video,56
8,vp8/run1d_2018-05-23-14-54-38.ids_1,9,41550,41640,watch_video,57
8,vp8/run1d_2018-05-23-14-54-38.ids_1,9,41640,41730,watch_video,58
8,vp8/run1d_2018-05-23-14-54-38.ids_1,9,41730,41820,watch_video,59
8,vp8/run1d_2018-05-23-14-54-38.ids_1,9,41820,41910,watch_video,60
8,vp8/run1d_2018-05-23-14-54-38.ids_1,9,41910,42000,watch_video,61
8,vp8/run1d_2018-05-23-14-54-38.ids_1,9,42000,42090,watch_video,62
8,vp8/run1d_2018-05-23-14-54-38.ids_1,9,42090,42180,watch_video,63
8,vp8/run1d_2018-05-23-14-54-38.ids_1,9,42180,42270,watch_video,64
8,vp8/run1d_2018-05-23-14-54-38.ids_1,9,42270,42360,watch_video,65
8,vp8/run1d_2018-05-23-14-54-38.ids_1,9,42360,42429,watch_video,66
8,vp8/run1d_2018-05-23-14-54-38.ids_1,10,43590,43680,take_off_sunglasses,0
8,vp8/run1d_2018-05-23-14-54-38.ids_1,10,43680,43770,take_off_sunglasses,1
8,vp8/run1d_2018-05-23-14-54-38.ids_1,10,43770,43860,take_off_sunglasses,2
8,vp8/run1d_2018-05-23-14-54-38.ids_1,10,43860,43950,take_off_sunglasses,3
8,vp8/run1d_2018-05-23-14-54-38.ids_1,10,43950,44040,take_off_sunglasses,4
8,vp8/run1d_2018-05-23-14-54-38.ids_1,10,44040,44049,take_off_sunglasses,5
8,vp8/run1d_2018-05-23-14-54-38.ids_1,11,44370,44460,final_task,0
8,vp8/run1d_2018-05-23-14-54-38.ids_1,11,44460,44550,final_task,1
8,vp8/run1d_2018-05-23-14-54-38.ids_1,11,44550,44640,final_task,2
8,vp8/run1d_2018-05-23-14-54-38.ids_1,11,44640,44730,final_task,3
8,vp8/run1d_2018-05-23-14-54-38.ids_1,11,44730,44820,final_task,4
8,vp8/run1d_2018-05-23-14-54-38.ids_1,11,44820,44910,final_task,5
8,vp8/run1d_2018-05-23-14-54-38.ids_1,11,44910,45000,final_task,6
8,vp8/run1d_2018-05-23-14-54-38.ids_1,11,45000,45090,final_task,7
8,vp8/run1d_2018-05-23-14-54-38.ids_1,11,45090,45180,final_task,8
8,vp8/run1d_2018-05-23-14-54-38.ids_1,11,45180,45270,final_task,9
8,vp8/run1d_2018-05-23-14-54-38.ids_1,11,45270,45360,final_task,10
8,vp8/run1d_2018-05-23-14-54-38.ids_1,11,45360,45450,final_task,11
8,vp8/run1d_2018-05-23-14-54-38.ids_1,11,45450,45540,final_task,12
8,vp8/run1d_2018-05-23-14-54-38.ids_1,11,45540,45630,final_task,13
8,vp8/run1d_2018-05-23-14-54-38.ids_1,11,45630,45690,final_task,14
8,vp8/run2_2018-05-23-15-30-27.ids_1,0,0,90,fasten_seat_belt,0
8,vp8/run2_2018-05-23-15-30-27.ids_1,0,90,180,fasten_seat_belt,1
8,vp8/run2_2018-05-23-15-30-27.ids_1,0,180,270,fasten_seat_belt,2
8,vp8/run2_2018-05-23-15-30-27.ids_1,0,270,360,fasten_seat_belt,3
8,vp8/run2_2018-05-23-15-30-27.ids_1,0,360,450,fasten_seat_belt,4
8,vp8/run2_2018-05-23-15-30-27.ids_1,0,450,540,fasten_seat_belt,5
8,vp8/run2_2018-05-23-15-30-27.ids_1,0,540,549,fasten_seat_belt,6
8,vp8/run2_2018-05-23-15-30-27.ids_1,1,5940,6030,hand_over,0
8,vp8/run2_2018-05-23-15-30-27.ids_1,1,6030,6099,hand_over,1
8,vp8/run2_2018-05-23-15-30-27.ids_1,2,7020,7110,eat_drink,0
8,vp8/run2_2018-05-23-15-30-27.ids_1,2,7110,7200,eat_drink,1
8,vp8/run2_2018-05-23-15-30-27.ids_1,2,7200,7290,eat_drink,2
8,vp8/run2_2018-05-23-15-30-27.ids_1,2,7290,7380,eat_drink,3
8,vp8/run2_2018-05-23-15-30-27.ids_1,2,7380,7470,eat_drink,4
8,vp8/run2_2018-05-23-15-30-27.ids_1,2,7470,7560,eat_drink,5
8,vp8/run2_2018-05-23-15-30-27.ids_1,2,7560,7650,eat_drink,6
8,vp8/run2_2018-05-23-15-30-27.ids_1,2,7650,7740,eat_drink,7
8,vp8/run2_2018-05-23-15-30-27.ids_1,2,7740,7830,eat_drink,8
8,vp8/run2_2018-05-23-15-30-27.ids_1,2,7830,7920,eat_drink,9
8,vp8/run2_2018-05-23-15-30-27.ids_1,2,7920,8010,eat_drink,10
8,vp8/run2_2018-05-23-15-30-27.ids_1,2,8010,8100,eat_drink,11
8,vp8/run2_2018-05-23-15-30-27.ids_1,2,8100,8190,eat_drink,12
8,vp8/run2_2018-05-23-15-30-27.ids_1,2,8190,8280,eat_drink,13
8,vp8/run2_2018-05-23-15-30-27.ids_1,2,8280,8370,eat_drink,14
8,vp8/run2_2018-05-23-15-30-27.ids_1,2,8370,8460,eat_drink,15
8,vp8/run2_2018-05-23-15-30-27.ids_1,2,8460,8550,eat_drink,16
8,vp8/run2_2018-05-23-15-30-27.ids_1,2,8550,8640,eat_drink,17
8,vp8/run2_2018-05-23-15-30-27.ids_1,2,8640,8730,eat_drink,18
8,vp8/run2_2018-05-23-15-30-27.ids_1,2,8730,8820,eat_drink,19
8,vp8/run2_2018-05-23-15-30-27.ids_1,2,8820,8910,eat_drink,20
8,vp8/run2_2018-05-23-15-30-27.ids_1,2,8910,9000,eat_drink,21
8,vp8/run2_2018-05-23-15-30-27.ids_1,2,9000,9090,eat_drink,22
8,vp8/run2_2018-05-23-15-30-27.ids_1,2,9090,9180,eat_drink,23
8,vp8/run2_2018-05-23-15-30-27.ids_1,2,9180,9270,eat_drink,24
8,vp8/run2_2018-05-23-15-30-27.ids_1,2,9270,9360,eat_drink,25
8,vp8/run2_2018-05-23-15-30-27.ids_1,2,9360,9450,eat_drink,26
8,vp8/run2_2018-05-23-15-30-27.ids_1,2,9450,9540,eat_drink,27
8,vp8/run2_2018-05-23-15-30-27.ids_1,2,9540,9630,eat_drink,28
8,vp8/run2_2018-05-23-15-30-27.ids_1,2,9630,9720,eat_drink,29
8,vp8/run2_2018-05-23-15-30-27.ids_1,2,9720,9810,eat_drink,30
8,vp8/run2_2018-05-23-15-30-27.ids_1,2,9810,9900,eat_drink,31
8,vp8/run2_2018-05-23-15-30-27.ids_1,2,9900,9990,eat_drink,32
8,vp8/run2_2018-05-23-15-30-27.ids_1,2,9990,10080,eat_drink,33
8,vp8/run2_2018-05-23-15-30-27.ids_1,2,10080,10170,eat_drink,34
8,vp8/run2_2018-05-23-15-30-27.ids_1,2,10170,10260,eat_drink,35
8,vp8/run2_2018-05-23-15-30-27.ids_1,2,10260,10350,eat_drink,36
8,vp8/run2_2018-05-23-15-30-27.ids_1,2,10350,10358,eat_drink,37
8,vp8/run2_2018-05-23-15-30-27.ids_1,3,13380,13470,read_write_newspaper,0
8,vp8/run2_2018-05-23-15-30-27.ids_1,3,13470,13560,read_write_newspaper,1
8,vp8/run2_2018-05-23-15-30-27.ids_1,3,13560,13650,read_write_newspaper,2
8,vp8/run2_2018-05-23-15-30-27.ids_1,3,13650,13740,read_write_newspaper,3
8,vp8/run2_2018-05-23-15-30-27.ids_1,3,13740,13830,read_write_newspaper,4
8,vp8/run2_2018-05-23-15-30-27.ids_1,3,13830,13920,read_write_newspaper,5
8,vp8/run2_2018-05-23-15-30-27.ids_1,3,13920,14010,read_write_newspaper,6
8,vp8/run2_2018-05-23-15-30-27.ids_1,3,14010,14100,read_write_newspaper,7
8,vp8/run2_2018-05-23-15-30-27.ids_1,3,14100,14190,read_write_newspaper,8
8,vp8/run2_2018-05-23-15-30-27.ids_1,3,14190,14280,read_write_newspaper,9
8,vp8/run2_2018-05-23-15-30-27.ids_1,3,14280,14370,read_write_newspaper,10
8,vp8/run2_2018-05-23-15-30-27.ids_1,3,14370,14460,read_write_newspaper,11
8,vp8/run2_2018-05-23-15-30-27.ids_1,3,14460,14550,read_write_newspaper,12
8,vp8/run2_2018-05-23-15-30-27.ids_1,3,14550,14640,read_write_newspaper,13
8,vp8/run2_2018-05-23-15-30-27.ids_1,3,14640,14730,read_write_newspaper,14
8,vp8/run2_2018-05-23-15-30-27.ids_1,3,14730,14820,read_write_newspaper,15
8,vp8/run2_2018-05-23-15-30-27.ids_1,3,14820,14910,read_write_newspaper,16
8,vp8/run2_2018-05-23-15-30-27.ids_1,3,14910,15000,read_write_newspaper,17
8,vp8/run2_2018-05-23-15-30-27.ids_1,3,15000,15090,read_write_newspaper,18
8,vp8/run2_2018-05-23-15-30-27.ids_1,3,15090,15180,read_write_newspaper,19
8,vp8/run2_2018-05-23-15-30-27.ids_1,3,15180,15270,read_write_newspaper,20
8,vp8/run2_2018-05-23-15-30-27.ids_1,3,15270,15360,read_write_newspaper,21
8,vp8/run2_2018-05-23-15-30-27.ids_1,3,15360,15450,read_write_newspaper,22
8,vp8/run2_2018-05-23-15-30-27.ids_1,3,15450,15540,read_write_newspaper,23
8,vp8/run2_2018-05-23-15-30-27.ids_1,3,15540,15630,read_write_newspaper,24
8,vp8/run2_2018-05-23-15-30-27.ids_1,3,15630,15720,read_write_newspaper,25
8,vp8/run2_2018-05-23-15-30-27.ids_1,3,15720,15810,read_write_newspaper,26
8,vp8/run2_2018-05-23-15-30-27.ids_1,3,15810,15900,read_write_newspaper,27
8,vp8/run2_2018-05-23-15-30-27.ids_1,3,15900,15990,read_write_newspaper,28
8,vp8/run2_2018-05-23-15-30-27.ids_1,3,15990,16080,read_write_newspaper,29
8,vp8/run2_2018-05-23-15-30-27.ids_1,3,16080,16170,read_write_newspaper,30
8,vp8/run2_2018-05-23-15-30-27.ids_1,3,16170,16238,read_write_newspaper,31
8,vp8/run2_2018-05-23-15-30-27.ids_1,4,16620,16710,read_write_magazine,0
8,vp8/run2_2018-05-23-15-30-27.ids_1,4,16710,16800,read_write_magazine,1
8,vp8/run2_2018-05-23-15-30-27.ids_1,4,16800,16890,read_write_magazine,2
8,vp8/run2_2018-05-23-15-30-27.ids_1,4,16890,16980,read_write_magazine,3
8,vp8/run2_2018-05-23-15-30-27.ids_1,4,16980,17070,read_write_magazine,4
8,vp8/run2_2018-05-23-15-30-27.ids_1,4,17070,17160,read_write_magazine,5
8,vp8/run2_2018-05-23-15-30-27.ids_1,4,17160,17250,read_write_magazine,6
8,vp8/run2_2018-05-23-15-30-27.ids_1,4,17250,17340,read_write_magazine,7
8,vp8/run2_2018-05-23-15-30-27.ids_1,4,17340,17430,read_write_magazine,8
8,vp8/run2_2018-05-23-15-30-27.ids_1,4,17430,17520,read_write_magazine,9
8,vp8/run2_2018-05-23-15-30-27.ids_1,4,17520,17610,read_write_magazine,10
8,vp8/run2_2018-05-23-15-30-27.ids_1,4,17610,17700,read_write_magazine,11
8,vp8/run2_2018-05-23-15-30-27.ids_1,4,17700,17790,read_write_magazine,12
8,vp8/run2_2018-05-23-15-30-27.ids_1,4,17790,17880,read_write_magazine,13
8,vp8/run2_2018-05-23-15-30-27.ids_1,4,17880,17970,read_write_magazine,14
8,vp8/run2_2018-05-23-15-30-27.ids_1,4,17970,18060,read_write_magazine,15
8,vp8/run2_2018-05-23-15-30-27.ids_1,4,18060,18150,read_write_magazine,16
8,vp8/run2_2018-05-23-15-30-27.ids_1,4,18150,18240,read_write_magazine,17
8,vp8/run2_2018-05-23-15-30-27.ids_1,4,18240,18330,read_write_magazine,18
8,vp8/run2_2018-05-23-15-30-27.ids_1,4,18330,18420,read_write_magazine,19
8,vp8/run2_2018-05-23-15-30-27.ids_1,4,18420,18510,read_write_magazine,20
8,vp8/run2_2018-05-23-15-30-27.ids_1,4,18510,18600,read_write_magazine,21
8,vp8/run2_2018-05-23-15-30-27.ids_1,4,18600,18690,read_write_magazine,22
8,vp8/run2_2018-05-23-15-30-27.ids_1,4,18690,18780,read_write_magazine,23
8,vp8/run2_2018-05-23-15-30-27.ids_1,4,18780,18870,read_write_magazine,24
8,vp8/run2_2018-05-23-15-30-27.ids_1,4,18870,18960,read_write_magazine,25
8,vp8/run2_2018-05-23-15-30-27.ids_1,4,18960,19050,read_write_magazine,26
8,vp8/run2_2018-05-23-15-30-27.ids_1,4,19050,19140,read_write_magazine,27
8,vp8/run2_2018-05-23-15-30-27.ids_1,4,19140,19230,read_write_magazine,28
8,vp8/run2_2018-05-23-15-30-27.ids_1,4,19230,19298,read_write_magazine,29
8,vp8/run2_2018-05-23-15-30-27.ids_1,5,19980,20070,watch_video,0
8,vp8/run2_2018-05-23-15-30-27.ids_1,5,20070,20160,watch_video,1
8,vp8/run2_2018-05-23-15-30-27.ids_1,5,20160,20250,watch_video,2
8,vp8/run2_2018-05-23-15-30-27.ids_1,5,20250,20340,watch_video,3
8,vp8/run2_2018-05-23-15-30-27.ids_1,5,20340,20430,watch_video,4
8,vp8/run2_2018-05-23-15-30-27.ids_1,5,20430,20520,watch_video,5
8,vp8/run2_2018-05-23-15-30-27.ids_1,5,20520,20610,watch_video,6
8,vp8/run2_2018-05-23-15-30-27.ids_1,5,20610,20700,watch_video,7
8,vp8/run2_2018-05-23-15-30-27.ids_1,5,20700,20790,watch_video,8
8,vp8/run2_2018-05-23-15-30-27.ids_1,5,20790,20880,watch_video,9
8,vp8/run2_2018-05-23-15-30-27.ids_1,5,20880,20970,watch_video,10
8,vp8/run2_2018-05-23-15-30-27.ids_1,5,20970,21060,watch_video,11
8,vp8/run2_2018-05-23-15-30-27.ids_1,5,21060,21150,watch_video,12
8,vp8/run2_2018-05-23-15-30-27.ids_1,5,21150,21240,watch_video,13
8,vp8/run2_2018-05-23-15-30-27.ids_1,5,21240,21330,watch_video,14
8,vp8/run2_2018-05-23-15-30-27.ids_1,5,21330,21420,watch_video,15
8,vp8/run2_2018-05-23-15-30-27.ids_1,5,21420,21510,watch_video,16
8,vp8/run2_2018-05-23-15-30-27.ids_1,5,21510,21600,watch_video,17
8,vp8/run2_2018-05-23-15-30-27.ids_1,5,21600,21690,watch_video,18
8,vp8/run2_2018-05-23-15-30-27.ids_1,5,21690,21780,watch_video,19
8,vp8/run2_2018-05-23-15-30-27.ids_1,5,21780,21870,watch_video,20
8,vp8/run2_2018-05-23-15-30-27.ids_1,5,21870,21960,watch_video,21
8,vp8/run2_2018-05-23-15-30-27.ids_1,5,21960,22050,watch_video,22
8,vp8/run2_2018-05-23-15-30-27.ids_1,5,22050,22140,watch_video,23
8,vp8/run2_2018-05-23-15-30-27.ids_1,5,22140,22230,watch_video,24
8,vp8/run2_2018-05-23-15-30-27.ids_1,5,22230,22320,watch_video,25
8,vp8/run2_2018-05-23-15-30-27.ids_1,5,22320,22410,watch_video,26
8,vp8/run2_2018-05-23-15-30-27.ids_1,5,22410,22500,watch_video,27
8,vp8/run2_2018-05-23-15-30-27.ids_1,5,22500,22590,watch_video,28
8,vp8/run2_2018-05-23-15-30-27.ids_1,5,22590,22680,watch_video,29
8,vp8/run2_2018-05-23-15-30-27.ids_1,5,22680,22770,watch_video,30
8,vp8/run2_2018-05-23-15-30-27.ids_1,5,22770,22860,watch_video,31
8,vp8/run2_2018-05-23-15-30-27.ids_1,5,22860,22950,watch_video,32
8,vp8/run2_2018-05-23-15-30-27.ids_1,5,22950,23040,watch_video,33
8,vp8/run2_2018-05-23-15-30-27.ids_1,5,23040,23130,watch_video,34
8,vp8/run2_2018-05-23-15-30-27.ids_1,5,23130,23220,watch_video,35
8,vp8/run2_2018-05-23-15-30-27.ids_1,5,23220,23310,watch_video,36
8,vp8/run2_2018-05-23-15-30-27.ids_1,5,23310,23400,watch_video,37
8,vp8/run2_2018-05-23-15-30-27.ids_1,5,23400,23490,watch_video,38
8,vp8/run2_2018-05-23-15-30-27.ids_1,5,23490,23580,watch_video,39
8,vp8/run2_2018-05-23-15-30-27.ids_1,5,23580,23670,watch_video,40
8,vp8/run2_2018-05-23-15-30-27.ids_1,5,23670,23760,watch_video,41
8,vp8/run2_2018-05-23-15-30-27.ids_1,5,23760,23850,watch_video,42
8,vp8/run2_2018-05-23-15-30-27.ids_1,5,23850,23940,watch_video,43
8,vp8/run2_2018-05-23-15-30-27.ids_1,5,23940,24030,watch_video,44
8,vp8/run2_2018-05-23-15-30-27.ids_1,5,24030,24120,watch_video,45
8,vp8/run2_2018-05-23-15-30-27.ids_1,5,24120,24210,watch_video,46
8,vp8/run2_2018-05-23-15-30-27.ids_1,5,24210,24300,watch_video,47
8,vp8/run2_2018-05-23-15-30-27.ids_1,5,24300,24390,watch_video,48
8,vp8/run2_2018-05-23-15-30-27.ids_1,5,24390,24480,watch_video,49
8,vp8/run2_2018-05-23-15-30-27.ids_1,5,24480,24570,watch_video,50
8,vp8/run2_2018-05-23-15-30-27.ids_1,5,24570,24660,watch_video,51
8,vp8/run2_2018-05-23-15-30-27.ids_1,5,24660,24750,watch_video,52
8,vp8/run2_2018-05-23-15-30-27.ids_1,5,24750,24840,watch_video,53
8,vp8/run2_2018-05-23-15-30-27.ids_1,5,24840,24930,watch_video,54
8,vp8/run2_2018-05-23-15-30-27.ids_1,5,24930,25020,watch_video,55
8,vp8/run2_2018-05-23-15-30-27.ids_1,5,25020,25110,watch_video,56
8,vp8/run2_2018-05-23-15-30-27.ids_1,5,25110,25200,watch_video,57
8,vp8/run2_2018-05-23-15-30-27.ids_1,5,25200,25290,watch_video,58
8,vp8/run2_2018-05-23-15-30-27.ids_1,5,25290,25380,watch_video,59
8,vp8/run2_2018-05-23-15-30-27.ids_1,5,25380,25470,watch_video,60
8,vp8/run2_2018-05-23-15-30-27.ids_1,5,25470,25560,watch_video,61
8,vp8/run2_2018-05-23-15-30-27.ids_1,5,25560,25650,watch_video,62
8,vp8/run2_2018-05-23-15-30-27.ids_1,5,25650,25740,watch_video,63
8,vp8/run2_2018-05-23-15-30-27.ids_1,5,25740,25830,watch_video,64
8,vp8/run2_2018-05-23-15-30-27.ids_1,5,25830,25920,watch_video,65
8,vp8/run2_2018-05-23-15-30-27.ids_1,5,25920,26010,watch_video,66
8,vp8/run2_2018-05-23-15-30-27.ids_1,5,26010,26100,watch_video,67
8,vp8/run2_2018-05-23-15-30-27.ids_1,5,26100,26190,watch_video,68
8,vp8/run2_2018-05-23-15-30-27.ids_1,5,26190,26280,watch_video,69
8,vp8/run2_2018-05-23-15-30-27.ids_1,5,26280,26370,watch_video,70
8,vp8/run2_2018-05-23-15-30-27.ids_1,5,26370,26460,watch_video,71
8,vp8/run2_2018-05-23-15-30-27.ids_1,5,26460,26550,watch_video,72
8,vp8/run2_2018-05-23-15-30-27.ids_1,5,26550,26640,watch_video,73
8,vp8/run2_2018-05-23-15-30-27.ids_1,5,26640,26730,watch_video,74
8,vp8/run2_2018-05-23-15-30-27.ids_1,5,26730,26820,watch_video,75
8,vp8/run2_2018-05-23-15-30-27.ids_1,5,26820,26910,watch_video,76
8,vp8/run2_2018-05-23-15-30-27.ids_1,5,26910,26948,watch_video,77
8,vp8/run2_2018-05-23-15-30-27.ids_1,6,27540,27630,put_on_sunglasses,0
8,vp8/run2_2018-05-23-15-30-27.ids_1,6,27630,27720,put_on_sunglasses,1
8,vp8/run2_2018-05-23-15-30-27.ids_1,6,27720,27810,put_on_sunglasses,2
8,vp8/run2_2018-05-23-15-30-27.ids_1,6,27810,27900,put_on_sunglasses,3
8,vp8/run2_2018-05-23-15-30-27.ids_1,6,27900,27990,put_on_sunglasses,4
8,vp8/run2_2018-05-23-15-30-27.ids_1,6,27990,28080,put_on_sunglasses,5
8,vp8/run2_2018-05-23-15-30-27.ids_1,6,28080,28170,put_on_sunglasses,6
8,vp8/run2_2018-05-23-15-30-27.ids_1,6,28170,28260,put_on_sunglasses,7
8,vp8/run2_2018-05-23-15-30-27.ids_1,6,28260,28350,put_on_sunglasses,8
8,vp8/run2_2018-05-23-15-30-27.ids_1,6,28350,28440,put_on_sunglasses,9
8,vp8/run2_2018-05-23-15-30-27.ids_1,6,28440,28530,put_on_sunglasses,10
8,vp8/run2_2018-05-23-15-30-27.ids_1,6,28530,28620,put_on_sunglasses,11
8,vp8/run2_2018-05-23-15-30-27.ids_1,6,28620,28628,put_on_sunglasses,12
8,vp8/run2_2018-05-23-15-30-27.ids_1,7,29310,29400,put_on_jacket,0
8,vp8/run2_2018-05-23-15-30-27.ids_1,7,29400,29490,put_on_jacket,1
8,vp8/run2_2018-05-23-15-30-27.ids_1,7,29490,29580,put_on_jacket,2
8,vp8/run2_2018-05-23-15-30-27.ids_1,7,29580,29670,put_on_jacket,3
8,vp8/run2_2018-05-23-15-30-27.ids_1,7,29670,29760,put_on_jacket,4
8,vp8/run2_2018-05-23-15-30-27.ids_1,7,29760,29850,put_on_jacket,5
8,vp8/run2_2018-05-23-15-30-27.ids_1,7,29850,29940,put_on_jacket,6
8,vp8/run2_2018-05-23-15-30-27.ids_1,7,29940,30030,put_on_jacket,7
8,vp8/run2_2018-05-23-15-30-27.ids_1,7,30030,30098,put_on_jacket,8
8,vp8/run2_2018-05-23-15-30-27.ids_1,8,30900,30990,take_off_jacket,0
8,vp8/run2_2018-05-23-15-30-27.ids_1,8,30990,31080,take_off_jacket,1
8,vp8/run2_2018-05-23-15-30-27.ids_1,8,31080,31170,take_off_jacket,2
8,vp8/run2_2018-05-23-15-30-27.ids_1,8,31170,31260,take_off_jacket,3
8,vp8/run2_2018-05-23-15-30-27.ids_1,8,31260,31350,take_off_jacket,4
8,vp8/run2_2018-05-23-15-30-27.ids_1,8,31350,31440,take_off_jacket,5
8,vp8/run2_2018-05-23-15-30-27.ids_1,8,31440,31530,take_off_jacket,6
8,vp8/run2_2018-05-23-15-30-27.ids_1,8,31530,31620,take_off_jacket,7
8,vp8/run2_2018-05-23-15-30-27.ids_1,8,31620,31710,take_off_jacket,8
8,vp8/run2_2018-05-23-15-30-27.ids_1,8,31710,31800,take_off_jacket,9
8,vp8/run2_2018-05-23-15-30-27.ids_1,8,31800,31809,take_off_jacket,10
8,vp8/run2_2018-05-23-15-30-27.ids_1,9,32100,32190,work,0
8,vp8/run2_2018-05-23-15-30-27.ids_1,9,32190,32280,work,1
8,vp8/run2_2018-05-23-15-30-27.ids_1,9,32280,32370,work,2
8,vp8/run2_2018-05-23-15-30-27.ids_1,9,32370,32460,work,3
8,vp8/run2_2018-05-23-15-30-27.ids_1,9,32460,32550,work,4
8,vp8/run2_2018-05-23-15-30-27.ids_1,9,32550,32640,work,5
8,vp8/run2_2018-05-23-15-30-27.ids_1,9,32640,32730,work,6
8,vp8/run2_2018-05-23-15-30-27.ids_1,9,32730,32820,work,7
8,vp8/run2_2018-05-23-15-30-27.ids_1,9,32820,32910,work,8
8,vp8/run2_2018-05-23-15-30-27.ids_1,9,32910,33000,work,9
8,vp8/run2_2018-05-23-15-30-27.ids_1,9,33000,33090,work,10
8,vp8/run2_2018-05-23-15-30-27.ids_1,9,33090,33180,work,11
8,vp8/run2_2018-05-23-15-30-27.ids_1,9,33180,33270,work,12
8,vp8/run2_2018-05-23-15-30-27.ids_1,9,33270,33360,work,13
8,vp8/run2_2018-05-23-15-30-27.ids_1,9,33360,33450,work,14
8,vp8/run2_2018-05-23-15-30-27.ids_1,9,33450,33540,work,15
8,vp8/run2_2018-05-23-15-30-27.ids_1,9,33540,33630,work,16
8,vp8/run2_2018-05-23-15-30-27.ids_1,9,33630,33720,work,17
8,vp8/run2_2018-05-23-15-30-27.ids_1,9,33720,33810,work,18
8,vp8/run2_2018-05-23-15-30-27.ids_1,9,33810,33900,work,19
8,vp8/run2_2018-05-23-15-30-27.ids_1,9,33900,33990,work,20
8,vp8/run2_2018-05-23-15-30-27.ids_1,9,33990,34080,work,21
8,vp8/run2_2018-05-23-15-30-27.ids_1,9,34080,34170,work,22
8,vp8/run2_2018-05-23-15-30-27.ids_1,9,34170,34260,work,23
8,vp8/run2_2018-05-23-15-30-27.ids_1,9,34260,34350,work,24
8,vp8/run2_2018-05-23-15-30-27.ids_1,9,34350,34440,work,25
8,vp8/run2_2018-05-23-15-30-27.ids_1,9,34440,34530,work,26
8,vp8/run2_2018-05-23-15-30-27.ids_1,9,34530,34620,work,27
8,vp8/run2_2018-05-23-15-30-27.ids_1,9,34620,34710,work,28
8,vp8/run2_2018-05-23-15-30-27.ids_1,9,34710,34800,work,29
8,vp8/run2_2018-05-23-15-30-27.ids_1,9,34800,34890,work,30
8,vp8/run2_2018-05-23-15-30-27.ids_1,9,34890,34980,work,31
8,vp8/run2_2018-05-23-15-30-27.ids_1,9,34980,35070,work,32
8,vp8/run2_2018-05-23-15-30-27.ids_1,9,35070,35160,work,33
8,vp8/run2_2018-05-23-15-30-27.ids_1,9,35160,35250,work,34
8,vp8/run2_2018-05-23-15-30-27.ids_1,9,35250,35340,work,35
8,vp8/run2_2018-05-23-15-30-27.ids_1,9,35340,35430,work,36
8,vp8/run2_2018-05-23-15-30-27.ids_1,9,35430,35520,work,37
8,vp8/run2_2018-05-23-15-30-27.ids_1,9,35520,35610,work,38
8,vp8/run2_2018-05-23-15-30-27.ids_1,9,35610,35700,work,39
8,vp8/run2_2018-05-23-15-30-27.ids_1,9,35700,35790,work,40
8,vp8/run2_2018-05-23-15-30-27.ids_1,9,35790,35880,work,41
8,vp8/run2_2018-05-23-15-30-27.ids_1,9,35880,35970,work,42
8,vp8/run2_2018-05-23-15-30-27.ids_1,9,35970,36060,work,43
8,vp8/run2_2018-05-23-15-30-27.ids_1,9,36060,36150,work,44
8,vp8/run2_2018-05-23-15-30-27.ids_1,9,36150,36240,work,45
8,vp8/run2_2018-05-23-15-30-27.ids_1,9,36240,36330,work,46
8,vp8/run2_2018-05-23-15-30-27.ids_1,9,36330,36420,work,47
8,vp8/run2_2018-05-23-15-30-27.ids_1,9,36420,36510,work,48
8,vp8/run2_2018-05-23-15-30-27.ids_1,9,36510,36600,work,49
8,vp8/run2_2018-05-23-15-30-27.ids_1,9,36600,36690,work,50
8,vp8/run2_2018-05-23-15-30-27.ids_1,9,36690,36780,work,51
8,vp8/run2_2018-05-23-15-30-27.ids_1,9,36780,36870,work,52
8,vp8/run2_2018-05-23-15-30-27.ids_1,9,36870,36960,work,53
8,vp8/run2_2018-05-23-15-30-27.ids_1,9,36960,37050,work,54
8,vp8/run2_2018-05-23-15-30-27.ids_1,9,37050,37140,work,55
8,vp8/run2_2018-05-23-15-30-27.ids_1,9,37140,37230,work,56
8,vp8/run2_2018-05-23-15-30-27.ids_1,9,37230,37269,work,57
8,vp8/run2_2018-05-23-15-30-27.ids_1,10,37830,37920,take_off_sunglasses,0
8,vp8/run2_2018-05-23-15-30-27.ids_1,10,37920,38010,take_off_sunglasses,1
8,vp8/run2_2018-05-23-15-30-27.ids_1,10,38010,38100,take_off_sunglasses,2
8,vp8/run2_2018-05-23-15-30-27.ids_1,10,38100,38190,take_off_sunglasses,3
8,vp8/run2_2018-05-23-15-30-27.ids_1,10,38190,38199,take_off_sunglasses,4
8,vp8/run2_2018-05-23-15-30-27.ids_1,11,38670,38760,final_task,0
8,vp8/run2_2018-05-23-15-30-27.ids_1,11,38760,38850,final_task,1
8,vp8/run2_2018-05-23-15-30-27.ids_1,11,38850,38940,final_task,2
8,vp8/run2_2018-05-23-15-30-27.ids_1,11,38940,39030,final_task,3
8,vp8/run2_2018-05-23-15-30-27.ids_1,11,39030,39120,final_task,4
8,vp8/run2_2018-05-23-15-30-27.ids_1,11,39120,39210,final_task,5
8,vp8/run2_2018-05-23-15-30-27.ids_1,11,39210,39300,final_task,6
8,vp8/run2_2018-05-23-15-30-27.ids_1,11,39300,39390,final_task,7
8,vp8/run2_2018-05-23-15-30-27.ids_1,11,39390,39480,final_task,8
8,vp8/run2_2018-05-23-15-30-27.ids_1,11,39480,39570,final_task,9
9,vp9/run1b_2018-05-23-16-19-17.ids_1,0,0,90,fasten_seat_belt,0
9,vp9/run1b_2018-05-23-16-19-17.ids_1,0,90,180,fasten_seat_belt,1
9,vp9/run1b_2018-05-23-16-19-17.ids_1,0,180,270,fasten_seat_belt,2
9,vp9/run1b_2018-05-23-16-19-17.ids_1,0,270,360,fasten_seat_belt,3
9,vp9/run1b_2018-05-23-16-19-17.ids_1,0,360,450,fasten_seat_belt,4
9,vp9/run1b_2018-05-23-16-19-17.ids_1,0,450,540,fasten_seat_belt,5
9,vp9/run1b_2018-05-23-16-19-17.ids_1,0,540,630,fasten_seat_belt,6
9,vp9/run1b_2018-05-23-16-19-17.ids_1,0,630,720,fasten_seat_belt,7
9,vp9/run1b_2018-05-23-16-19-17.ids_1,0,720,810,fasten_seat_belt,8
9,vp9/run1b_2018-05-23-16-19-17.ids_1,0,810,900,fasten_seat_belt,9
9,vp9/run1b_2018-05-23-16-19-17.ids_1,0,900,990,fasten_seat_belt,10
9,vp9/run1b_2018-05-23-16-19-17.ids_1,0,990,1080,fasten_seat_belt,11
9,vp9/run1b_2018-05-23-16-19-17.ids_1,0,1080,1170,fasten_seat_belt,12
9,vp9/run1b_2018-05-23-16-19-17.ids_1,0,1170,1260,fasten_seat_belt,13
9,vp9/run1b_2018-05-23-16-19-17.ids_1,0,1260,1350,fasten_seat_belt,14
9,vp9/run1b_2018-05-23-16-19-17.ids_1,0,1350,1359,fasten_seat_belt,15
9,vp9/run1b_2018-05-23-16-19-17.ids_1,1,6750,6840,hand_over,0
9,vp9/run1b_2018-05-23-16-19-17.ids_1,1,6840,6930,hand_over,1
9,vp9/run1b_2018-05-23-16-19-17.ids_1,1,6930,7020,hand_over,2
9,vp9/run1b_2018-05-23-16-19-17.ids_1,1,7020,7110,hand_over,3
9,vp9/run1b_2018-05-23-16-19-17.ids_1,1,7110,7200,hand_over,4
9,vp9/run1b_2018-05-23-16-19-17.ids_1,1,7200,7290,hand_over,5
9,vp9/run1b_2018-05-23-16-19-17.ids_1,1,7290,7299,hand_over,6
9,vp9/run1b_2018-05-23-16-19-17.ids_1,2,8250,8340,watch_video,0
9,vp9/run1b_2018-05-23-16-19-17.ids_1,2,8340,8430,watch_video,1
9,vp9/run1b_2018-05-23-16-19-17.ids_1,2,8430,8520,watch_video,2
9,vp9/run1b_2018-05-23-16-19-17.ids_1,2,8520,8610,watch_video,3
9,vp9/run1b_2018-05-23-16-19-17.ids_1,2,8610,8700,watch_video,4
9,vp9/run1b_2018-05-23-16-19-17.ids_1,2,8700,8790,watch_video,5
9,vp9/run1b_2018-05-23-16-19-17.ids_1,2,8790,8880,watch_video,6
9,vp9/run1b_2018-05-23-16-19-17.ids_1,2,8880,8970,watch_video,7
9,vp9/run1b_2018-05-23-16-19-17.ids_1,2,8970,9060,watch_video,8
9,vp9/run1b_2018-05-23-16-19-17.ids_1,2,9060,9150,watch_video,9
9,vp9/run1b_2018-05-23-16-19-17.ids_1,2,9150,9240,watch_video,10
9,vp9/run1b_2018-05-23-16-19-17.ids_1,2,9240,9330,watch_video,11
9,vp9/run1b_2018-05-23-16-19-17.ids_1,2,9330,9420,watch_video,12
9,vp9/run1b_2018-05-23-16-19-17.ids_1,2,9420,9510,watch_video,13
9,vp9/run1b_2018-05-23-16-19-17.ids_1,2,9510,9600,watch_video,14
9,vp9/run1b_2018-05-23-16-19-17.ids_1,2,9600,9690,watch_video,15
9,vp9/run1b_2018-05-23-16-19-17.ids_1,2,9690,9780,watch_video,16
9,vp9/run1b_2018-05-23-16-19-17.ids_1,2,9780,9870,watch_video,17
9,vp9/run1b_2018-05-23-16-19-17.ids_1,2,9870,9960,watch_video,18
9,vp9/run1b_2018-05-23-16-19-17.ids_1,2,9960,10050,watch_video,19
9,vp9/run1b_2018-05-23-16-19-17.ids_1,2,10050,10140,watch_video,20
9,vp9/run1b_2018-05-23-16-19-17.ids_1,2,10140,10230,watch_video,21
9,vp9/run1b_2018-05-23-16-19-17.ids_1,2,10230,10320,watch_video,22
9,vp9/run1b_2018-05-23-16-19-17.ids_1,2,10320,10410,watch_video,23
9,vp9/run1b_2018-05-23-16-19-17.ids_1,2,10410,10500,watch_video,24
9,vp9/run1b_2018-05-23-16-19-17.ids_1,2,10500,10590,watch_video,25
9,vp9/run1b_2018-05-23-16-19-17.ids_1,2,10590,10680,watch_video,26
9,vp9/run1b_2018-05-23-16-19-17.ids_1,2,10680,10770,watch_video,27
9,vp9/run1b_2018-05-23-16-19-17.ids_1,2,10770,10860,watch_video,28
9,vp9/run1b_2018-05-23-16-19-17.ids_1,2,10860,10950,watch_video,29
9,vp9/run1b_2018-05-23-16-19-17.ids_1,2,10950,11040,watch_video,30
9,vp9/run1b_2018-05-23-16-19-17.ids_1,2,11040,11130,watch_video,31
9,vp9/run1b_2018-05-23-16-19-17.ids_1,2,11130,11220,watch_video,32
9,vp9/run1b_2018-05-23-16-19-17.ids_1,2,11220,11310,watch_video,33
9,vp9/run1b_2018-05-23-16-19-17.ids_1,2,11310,11400,watch_video,34
9,vp9/run1b_2018-05-23-16-19-17.ids_1,2,11400,11490,watch_video,35
9,vp9/run1b_2018-05-23-16-19-17.ids_1,2,11490,11580,watch_video,36
9,vp9/run1b_2018-05-23-16-19-17.ids_1,2,11580,11670,watch_video,37
9,vp9/run1b_2018-05-23-16-19-17.ids_1,2,11670,11760,watch_video,38
9,vp9/run1b_2018-05-23-16-19-17.ids_1,2,11760,11850,watch_video,39
9,vp9/run1b_2018-05-23-16-19-17.ids_1,2,11850,11940,watch_video,40
9,vp9/run1b_2018-05-23-16-19-17.ids_1,2,11940,12030,watch_video,41
9,vp9/run1b_2018-05-23-16-19-17.ids_1,2,12030,12120,watch_video,42
9,vp9/run1b_2018-05-23-16-19-17.ids_1,2,12120,12210,watch_video,43
9,vp9/run1b_2018-05-23-16-19-17.ids_1,2,12210,12300,watch_video,44
9,vp9/run1b_2018-05-23-16-19-17.ids_1,2,12300,12390,watch_video,45
9,vp9/run1b_2018-05-23-16-19-17.ids_1,2,12390,12480,watch_video,46
9,vp9/run1b_2018-05-23-16-19-17.ids_1,2,12480,12570,watch_video,47
9,vp9/run1b_2018-05-23-16-19-17.ids_1,2,12570,12660,watch_video,48
9,vp9/run1b_2018-05-23-16-19-17.ids_1,2,12660,12750,watch_video,49
9,vp9/run1b_2018-05-23-16-19-17.ids_1,2,12750,12840,watch_video,50
9,vp9/run1b_2018-05-23-16-19-17.ids_1,2,12840,12930,watch_video,51
9,vp9/run1b_2018-05-23-16-19-17.ids_1,2,12930,13020,watch_video,52
9,vp9/run1b_2018-05-23-16-19-17.ids_1,2,13020,13110,watch_video,53
9,vp9/run1b_2018-05-23-16-19-17.ids_1,2,13110,13200,watch_video,54
9,vp9/run1b_2018-05-23-16-19-17.ids_1,2,13200,13290,watch_video,55
9,vp9/run1b_2018-05-23-16-19-17.ids_1,2,13290,13380,watch_video,56
9,vp9/run1b_2018-05-23-16-19-17.ids_1,2,13380,13470,watch_video,57
9,vp9/run1b_2018-05-23-16-19-17.ids_1,2,13470,13560,watch_video,58
9,vp9/run1b_2018-05-23-16-19-17.ids_1,2,13560,13650,watch_video,59
9,vp9/run1b_2018-05-23-16-19-17.ids_1,2,13650,13740,watch_video,60
9,vp9/run1b_2018-05-23-16-19-17.ids_1,2,13740,13748,watch_video,61
9,vp9/run1b_2018-05-23-16-19-17.ids_1,3,13950,14040,read_write_newspaper,0
9,vp9/run1b_2018-05-23-16-19-17.ids_1,3,14040,14130,read_write_newspaper,1
9,vp9/run1b_2018-05-23-16-19-17.ids_1,3,14130,14220,read_write_newspaper,2
9,vp9/run1b_2018-05-23-16-19-17.ids_1,3,14220,14310,read_write_newspaper,3
9,vp9/run1b_2018-05-23-16-19-17.ids_1,3,14310,14400,read_write_newspaper,4
9,vp9/run1b_2018-05-23-16-19-17.ids_1,3,14400,14490,read_write_newspaper,5
9,vp9/run1b_2018-05-23-16-19-17.ids_1,3,14490,14580,read_write_newspaper,6
9,vp9/run1b_2018-05-23-16-19-17.ids_1,3,14580,14670,read_write_newspaper,7
9,vp9/run1b_2018-05-23-16-19-17.ids_1,3,14670,14760,read_write_newspaper,8
9,vp9/run1b_2018-05-23-16-19-17.ids_1,3,14760,14850,read_write_newspaper,9
9,vp9/run1b_2018-05-23-16-19-17.ids_1,3,14850,14940,read_write_newspaper,10
9,vp9/run1b_2018-05-23-16-19-17.ids_1,3,14940,15030,read_write_newspaper,11
9,vp9/run1b_2018-05-23-16-19-17.ids_1,3,15030,15120,read_write_newspaper,12
9,vp9/run1b_2018-05-23-16-19-17.ids_1,3,15120,15210,read_write_newspaper,13
9,vp9/run1b_2018-05-23-16-19-17.ids_1,3,15210,15300,read_write_newspaper,14
9,vp9/run1b_2018-05-23-16-19-17.ids_1,3,15300,15390,read_write_newspaper,15
9,vp9/run1b_2018-05-23-16-19-17.ids_1,3,15390,15480,read_write_newspaper,16
9,vp9/run1b_2018-05-23-16-19-17.ids_1,3,15480,15570,read_write_newspaper,17
9,vp9/run1b_2018-05-23-16-19-17.ids_1,3,15570,15660,read_write_newspaper,18
9,vp9/run1b_2018-05-23-16-19-17.ids_1,3,15660,15750,read_write_newspaper,19
9,vp9/run1b_2018-05-23-16-19-17.ids_1,3,15750,15840,read_write_newspaper,20
9,vp9/run1b_2018-05-23-16-19-17.ids_1,3,15840,15930,read_write_newspaper,21
9,vp9/run1b_2018-05-23-16-19-17.ids_1,3,15930,16020,read_write_newspaper,22
9,vp9/run1b_2018-05-23-16-19-17.ids_1,3,16020,16110,read_write_newspaper,23
9,vp9/run1b_2018-05-23-16-19-17.ids_1,3,16110,16200,read_write_newspaper,24
9,vp9/run1b_2018-05-23-16-19-17.ids_1,3,16200,16290,read_write_newspaper,25
9,vp9/run1b_2018-05-23-16-19-17.ids_1,3,16290,16380,read_write_newspaper,26
9,vp9/run1b_2018-05-23-16-19-17.ids_1,3,16380,16470,read_write_newspaper,27
9,vp9/run1b_2018-05-23-16-19-17.ids_1,3,16470,16478,read_write_newspaper,28
9,vp9/run1b_2018-05-23-16-19-17.ids_1,4,17340,17430,put_on_sunglasses,0
9,vp9/run1b_2018-05-23-16-19-17.ids_1,4,17430,17520,put_on_sunglasses,1
9,vp9/run1b_2018-05-23-16-19-17.ids_1,4,17520,17610,put_on_sunglasses,2
9,vp9/run1b_2018-05-23-16-19-17.ids_1,4,17610,17700,put_on_sunglasses,3
9,vp9/run1b_2018-05-23-16-19-17.ids_1,4,17700,17790,put_on_sunglasses,4
9,vp9/run1b_2018-05-23-16-19-17.ids_1,4,17790,17880,put_on_sunglasses,5
9,vp9/run1b_2018-05-23-16-19-17.ids_1,4,17880,17970,put_on_sunglasses,6
9,vp9/run1b_2018-05-23-16-19-17.ids_1,4,17970,18060,put_on_sunglasses,7
9,vp9/run1b_2018-05-23-16-19-17.ids_1,4,18060,18150,put_on_sunglasses,8
9,vp9/run1b_2018-05-23-16-19-17.ids_1,4,18150,18240,put_on_sunglasses,9
9,vp9/run1b_2018-05-23-16-19-17.ids_1,4,18240,18330,put_on_sunglasses,10
9,vp9/run1b_2018-05-23-16-19-17.ids_1,4,18330,18420,put_on_sunglasses,11
9,vp9/run1b_2018-05-23-16-19-17.ids_1,4,18420,18458,put_on_sunglasses,12
9,vp9/run1b_2018-05-23-16-19-17.ids_1,5,18660,18750,take_off_sunglasses,0
9,vp9/run1b_2018-05-23-16-19-17.ids_1,5,18750,18840,take_off_sunglasses,1
9,vp9/run1b_2018-05-23-16-19-17.ids_1,5,18840,18930,take_off_sunglasses,2
9,vp9/run1b_2018-05-23-16-19-17.ids_1,5,18930,18968,take_off_sunglasses,3
9,vp9/run1b_2018-05-23-16-19-17.ids_1,6,19320,19410,read_write_magazine,0
9,vp9/run1b_2018-05-23-16-19-17.ids_1,6,19410,19500,read_write_magazine,1
9,vp9/run1b_2018-05-23-16-19-17.ids_1,6,19500,19590,read_write_magazine,2
9,vp9/run1b_2018-05-23-16-19-17.ids_1,6,19590,19680,read_write_magazine,3
9,vp9/run1b_2018-05-23-16-19-17.ids_1,6,19680,19770,read_write_magazine,4
9,vp9/run1b_2018-05-23-16-19-17.ids_1,6,19770,19860,read_write_magazine,5
9,vp9/run1b_2018-05-23-16-19-17.ids_1,6,19860,19950,read_write_magazine,6
9,vp9/run1b_2018-05-23-16-19-17.ids_1,6,19950,20040,read_write_magazine,7
9,vp9/run1b_2018-05-23-16-19-17.ids_1,6,20040,20130,read_write_magazine,8
9,vp9/run1b_2018-05-23-16-19-17.ids_1,6,20130,20220,read_write_magazine,9
9,vp9/run1b_2018-05-23-16-19-17.ids_1,6,20220,20310,read_write_magazine,10
9,vp9/run1b_2018-05-23-16-19-17.ids_1,6,20310,20400,read_write_magazine,11
9,vp9/run1b_2018-05-23-16-19-17.ids_1,6,20400,20490,read_write_magazine,12
9,vp9/run1b_2018-05-23-16-19-17.ids_1,6,20490,20580,read_write_magazine,13
9,vp9/run1b_2018-05-23-16-19-17.ids_1,6,20580,20670,read_write_magazine,14
9,vp9/run1b_2018-05-23-16-19-17.ids_1,6,20670,20760,read_write_magazine,15
9,vp9/run1b_2018-05-23-16-19-17.ids_1,6,20760,20850,read_write_magazine,16
9,vp9/run1b_2018-05-23-16-19-17.ids_1,6,20850,20940,read_write_magazine,17
9,vp9/run1b_2018-05-23-16-19-17.ids_1,6,20940,21030,read_write_magazine,18
9,vp9/run1b_2018-05-23-16-19-17.ids_1,6,21030,21120,read_write_magazine,19
9,vp9/run1b_2018-05-23-16-19-17.ids_1,6,21120,21210,read_write_magazine,20
9,vp9/run1b_2018-05-23-16-19-17.ids_1,6,21210,21300,read_write_magazine,21
9,vp9/run1b_2018-05-23-16-19-17.ids_1,6,21300,21390,read_write_magazine,22
9,vp9/run1b_2018-05-23-16-19-17.ids_1,6,21390,21480,read_write_magazine,23
9,vp9/run1b_2018-05-23-16-19-17.ids_1,6,21480,21570,read_write_magazine,24
9,vp9/run1b_2018-05-23-16-19-17.ids_1,6,21570,21660,read_write_magazine,25
9,vp9/run1b_2018-05-23-16-19-17.ids_1,6,21660,21668,read_write_magazine,26
9,vp9/run1b_2018-05-23-16-19-17.ids_1,7,22410,22500,eat_drink,0
9,vp9/run1b_2018-05-23-16-19-17.ids_1,7,22500,22590,eat_drink,1
9,vp9/run1b_2018-05-23-16-19-17.ids_1,7,22590,22680,eat_drink,2
9,vp9/run1b_2018-05-23-16-19-17.ids_1,7,22680,22770,eat_drink,3
9,vp9/run1b_2018-05-23-16-19-17.ids_1,7,22770,22860,eat_drink,4
9,vp9/run1b_2018-05-23-16-19-17.ids_1,7,22860,22950,eat_drink,5
9,vp9/run1b_2018-05-23-16-19-17.ids_1,7,22950,23040,eat_drink,6
9,vp9/run1b_2018-05-23-16-19-17.ids_1,7,23040,23130,eat_drink,7
9,vp9/run1b_2018-05-23-16-19-17.ids_1,7,23130,23220,eat_drink,8
9,vp9/run1b_2018-05-23-16-19-17.ids_1,7,23220,23310,eat_drink,9
9,vp9/run1b_2018-05-23-16-19-17.ids_1,7,23310,23400,eat_drink,10
9,vp9/run1b_2018-05-23-16-19-17.ids_1,7,23400,23490,eat_drink,11
9,vp9/run1b_2018-05-23-16-19-17.ids_1,7,23490,23580,eat_drink,12
9,vp9/run1b_2018-05-23-16-19-17.ids_1,7,23580,23670,eat_drink,13
9,vp9/run1b_2018-05-23-16-19-17.ids_1,7,23670,23708,eat_drink,14
9,vp9/run1b_2018-05-23-16-19-17.ids_1,8,24480,24570,work,0
9,vp9/run1b_2018-05-23-16-19-17.ids_1,8,24570,24660,work,1
9,vp9/run1b_2018-05-23-16-19-17.ids_1,8,24660,24750,work,2
9,vp9/run1b_2018-05-23-16-19-17.ids_1,8,24750,24840,work,3
9,vp9/run1b_2018-05-23-16-19-17.ids_1,8,24840,24930,work,4
9,vp9/run1b_2018-05-23-16-19-17.ids_1,8,24930,25020,work,5
9,vp9/run1b_2018-05-23-16-19-17.ids_1,8,25020,25110,work,6
9,vp9/run1b_2018-05-23-16-19-17.ids_1,8,25110,25200,work,7
9,vp9/run1b_2018-05-23-16-19-17.ids_1,8,25200,25290,work,8
9,vp9/run1b_2018-05-23-16-19-17.ids_1,8,25290,25380,work,9
9,vp9/run1b_2018-05-23-16-19-17.ids_1,8,25380,25470,work,10
9,vp9/run1b_2018-05-23-16-19-17.ids_1,8,25470,25560,work,11
9,vp9/run1b_2018-05-23-16-19-17.ids_1,8,25560,25650,work,12
9,vp9/run1b_2018-05-23-16-19-17.ids_1,8,25650,25740,work,13
9,vp9/run1b_2018-05-23-16-19-17.ids_1,8,25740,25830,work,14
9,vp9/run1b_2018-05-23-16-19-17.ids_1,8,25830,25920,work,15
9,vp9/run1b_2018-05-23-16-19-17.ids_1,8,25920,26010,work,16
9,vp9/run1b_2018-05-23-16-19-17.ids_1,8,26010,26100,work,17
9,vp9/run1b_2018-05-23-16-19-17.ids_1,8,26100,26190,work,18
9,vp9/run1b_2018-05-23-16-19-17.ids_1,8,26190,26280,work,19
9,vp9/run1b_2018-05-23-16-19-17.ids_1,8,26280,26370,work,20
9,vp9/run1b_2018-05-23-16-19-17.ids_1,8,26370,26460,work,21
9,vp9/run1b_2018-05-23-16-19-17.ids_1,8,26460,26550,work,22
9,vp9/run1b_2018-05-23-16-19-17.ids_1,8,26550,26640,work,23
9,vp9/run1b_2018-05-23-16-19-17.ids_1,8,26640,26730,work,24
9,vp9/run1b_2018-05-23-16-19-17.ids_1,8,26730,26820,work,25
9,vp9/run1b_2018-05-23-16-19-17.ids_1,8,26820,26910,work,26
9,vp9/run1b_2018-05-23-16-19-17.ids_1,8,26910,27000,work,27
9,vp9/run1b_2018-05-23-16-19-17.ids_1,8,27000,27090,work,28
9,vp9/run1b_2018-05-23-16-19-17.ids_1,8,27090,27180,work,29
9,vp9/run1b_2018-05-23-16-19-17.ids_1,8,27180,27270,work,30
9,vp9/run1b_2018-05-23-16-19-17.ids_1,8,27270,27360,work,31
9,vp9/run1b_2018-05-23-16-19-17.ids_1,8,27360,27450,work,32
9,vp9/run1b_2018-05-23-16-19-17.ids_1,8,27450,27540,work,33
9,vp9/run1b_2018-05-23-16-19-17.ids_1,8,27540,27630,work,34
9,vp9/run1b_2018-05-23-16-19-17.ids_1,8,27630,27720,work,35
9,vp9/run1b_2018-05-23-16-19-17.ids_1,8,27720,27810,work,36
9,vp9/run1b_2018-05-23-16-19-17.ids_1,8,27810,27900,work,37
9,vp9/run1b_2018-05-23-16-19-17.ids_1,8,27900,27990,work,38
9,vp9/run1b_2018-05-23-16-19-17.ids_1,8,27990,28080,work,39
9,vp9/run1b_2018-05-23-16-19-17.ids_1,8,28080,28170,work,40
9,vp9/run1b_2018-05-23-16-19-17.ids_1,8,28170,28260,work,41
9,vp9/run1b_2018-05-23-16-19-17.ids_1,8,28260,28350,work,42
9,vp9/run1b_2018-05-23-16-19-17.ids_1,8,28350,28440,work,43
9,vp9/run1b_2018-05-23-16-19-17.ids_1,8,28440,28530,work,44
9,vp9/run1b_2018-05-23-16-19-17.ids_1,8,28530,28620,work,45
9,vp9/run1b_2018-05-23-16-19-17.ids_1,8,28620,28710,work,46
9,vp9/run1b_2018-05-23-16-19-17.ids_1,8,28710,28800,work,47
9,vp9/run1b_2018-05-23-16-19-17.ids_1,8,28800,28808,work,48
9,vp9/run1b_2018-05-23-16-19-17.ids_1,9,29010,29100,put_on_jacket,0
9,vp9/run1b_2018-05-23-16-19-17.ids_1,9,29100,29190,put_on_jacket,1
9,vp9/run1b_2018-05-23-16-19-17.ids_1,9,29190,29280,put_on_jacket,2
9,vp9/run1b_2018-05-23-16-19-17.ids_1,9,29280,29370,put_on_jacket,3
9,vp9/run1b_2018-05-23-16-19-17.ids_1,9,29370,29460,put_on_jacket,4
9,vp9/run1b_2018-05-23-16-19-17.ids_1,9,29460,29550,put_on_jacket,5
9,vp9/run1b_2018-05-23-16-19-17.ids_1,9,29550,29640,put_on_jacket,6
9,vp9/run1b_2018-05-23-16-19-17.ids_1,9,29640,29730,put_on_jacket,7
9,vp9/run1b_2018-05-23-16-19-17.ids_1,9,29730,29820,put_on_jacket,8
9,vp9/run1b_2018-05-23-16-19-17.ids_1,9,29820,29910,put_on_jacket,9
9,vp9/run1b_2018-05-23-16-19-17.ids_1,9,29910,30000,put_on_jacket,10
9,vp9/run1b_2018-05-23-16-19-17.ids_1,9,30000,30090,put_on_jacket,11
9,vp9/run1b_2018-05-23-16-19-17.ids_1,9,30090,30158,put_on_jacket,12
10,vp10/run1_2018-05-24-13-14-41.ids_1,0,0,90,fasten_seat_belt,0
10,vp10/run1_2018-05-24-13-14-41.ids_1,0,90,180,fasten_seat_belt,1
10,vp10/run1_2018-05-24-13-14-41.ids_1,0,180,270,fasten_seat_belt,2
10,vp10/run1_2018-05-24-13-14-41.ids_1,0,270,360,fasten_seat_belt,3
10,vp10/run1_2018-05-24-13-14-41.ids_1,0,360,450,fasten_seat_belt,4
10,vp10/run1_2018-05-24-13-14-41.ids_1,0,450,540,fasten_seat_belt,5
10,vp10/run1_2018-05-24-13-14-41.ids_1,0,540,630,fasten_seat_belt,6
10,vp10/run1_2018-05-24-13-14-41.ids_1,0,630,720,fasten_seat_belt,7
10,vp10/run1_2018-05-24-13-14-41.ids_1,0,720,810,fasten_seat_belt,8
10,vp10/run1_2018-05-24-13-14-41.ids_1,0,810,900,fasten_seat_belt,9
10,vp10/run1_2018-05-24-13-14-41.ids_1,0,900,990,fasten_seat_belt,10
10,vp10/run1_2018-05-24-13-14-41.ids_1,0,990,1080,fasten_seat_belt,11
10,vp10/run1_2018-05-24-13-14-41.ids_1,0,1080,1170,fasten_seat_belt,12
10,vp10/run1_2018-05-24-13-14-41.ids_1,0,1170,1260,fasten_seat_belt,13
10,vp10/run1_2018-05-24-13-14-41.ids_1,0,1260,1350,fasten_seat_belt,14
10,vp10/run1_2018-05-24-13-14-41.ids_1,0,1350,1440,fasten_seat_belt,15
10,vp10/run1_2018-05-24-13-14-41.ids_1,0,1440,1530,fasten_seat_belt,16
10,vp10/run1_2018-05-24-13-14-41.ids_1,0,1530,1620,fasten_seat_belt,17
10,vp10/run1_2018-05-24-13-14-41.ids_1,0,1620,1710,fasten_seat_belt,18
10,vp10/run1_2018-05-24-13-14-41.ids_1,0,1710,1800,fasten_seat_belt,19
10,vp10/run1_2018-05-24-13-14-41.ids_1,0,1800,1890,fasten_seat_belt,20
10,vp10/run1_2018-05-24-13-14-41.ids_1,0,1890,1980,fasten_seat_belt,21
10,vp10/run1_2018-05-24-13-14-41.ids_1,0,1980,2070,fasten_seat_belt,22
10,vp10/run1_2018-05-24-13-14-41.ids_1,0,2070,2160,fasten_seat_belt,23
10,vp10/run1_2018-05-24-13-14-41.ids_1,0,2160,2250,fasten_seat_belt,24
10,vp10/run1_2018-05-24-13-14-41.ids_1,0,2250,2340,fasten_seat_belt,25
10,vp10/run1_2018-05-24-13-14-41.ids_1,0,2340,2430,fasten_seat_belt,26
10,vp10/run1_2018-05-24-13-14-41.ids_1,0,2430,2499,fasten_seat_belt,27
10,vp10/run1_2018-05-24-13-14-41.ids_1,1,7890,7980,hand_over,0
10,vp10/run1_2018-05-24-13-14-41.ids_1,1,7980,8070,hand_over,1
10,vp10/run1_2018-05-24-13-14-41.ids_1,1,8070,8160,hand_over,2
10,vp10/run1_2018-05-24-13-14-41.ids_1,1,8160,8250,hand_over,3
10,vp10/run1_2018-05-24-13-14-41.ids_1,1,8250,8259,hand_over,4
10,vp10/run1_2018-05-24-13-14-41.ids_1,2,8730,8820,eat_drink,0
10,vp10/run1_2018-05-24-13-14-41.ids_1,2,8820,8910,eat_drink,1
10,vp10/run1_2018-05-24-13-14-41.ids_1,2,8910,9000,eat_drink,2
10,vp10/run1_2018-05-24-13-14-41.ids_1,2,9000,9090,eat_drink,3
10,vp10/run1_2018-05-24-13-14-41.ids_1,2,9090,9180,eat_drink,4
10,vp10/run1_2018-05-24-13-14-41.ids_1,2,9180,9270,eat_drink,5
10,vp10/run1_2018-05-24-13-14-41.ids_1,2,9270,9360,eat_drink,6
10,vp10/run1_2018-05-24-13-14-41.ids_1,2,9360,9450,eat_drink,7
10,vp10/run1_2018-05-24-13-14-41.ids_1,2,9450,9540,eat_drink,8
10,vp10/run1_2018-05-24-13-14-41.ids_1,2,9540,9630,eat_drink,9
10,vp10/run1_2018-05-24-13-14-41.ids_1,2,9630,9720,eat_drink,10
10,vp10/run1_2018-05-24-13-14-41.ids_1,2,9720,9810,eat_drink,11
10,vp10/run1_2018-05-24-13-14-41.ids_1,2,9810,9900,eat_drink,12
10,vp10/run1_2018-05-24-13-14-41.ids_1,2,9900,9990,eat_drink,13
10,vp10/run1_2018-05-24-13-14-41.ids_1,2,9990,10080,eat_drink,14
10,vp10/run1_2018-05-24-13-14-41.ids_1,2,10080,10170,eat_drink,15
10,vp10/run1_2018-05-24-13-14-41.ids_1,2,10170,10260,eat_drink,16
10,vp10/run1_2018-05-24-13-14-41.ids_1,2,10260,10350,eat_drink,17
10,vp10/run1_2018-05-24-13-14-41.ids_1,2,10350,10440,eat_drink,18
10,vp10/run1_2018-05-24-13-14-41.ids_1,2,10440,10530,eat_drink,19
10,vp10/run1_2018-05-24-13-14-41.ids_1,2,10530,10620,eat_drink,20
10,vp10/run1_2018-05-24-13-14-41.ids_1,2,10620,10710,eat_drink,21
10,vp10/run1_2018-05-24-13-14-41.ids_1,2,10710,10800,eat_drink,22
10,vp10/run1_2018-05-24-13-14-41.ids_1,2,10800,10809,eat_drink,23
10,vp10/run1_2018-05-24-13-14-41.ids_1,3,11010,11100,put_on_sunglasses,0
10,vp10/run1_2018-05-24-13-14-41.ids_1,3,11100,11190,put_on_sunglasses,1
10,vp10/run1_2018-05-24-13-14-41.ids_1,3,11190,11280,put_on_sunglasses,2
10,vp10/run1_2018-05-24-13-14-41.ids_1,3,11280,11370,put_on_sunglasses,3
10,vp10/run1_2018-05-24-13-14-41.ids_1,3,11370,11460,put_on_sunglasses,4
10,vp10/run1_2018-05-24-13-14-41.ids_1,3,11460,11550,put_on_sunglasses,5
10,vp10/run1_2018-05-24-13-14-41.ids_1,3,11550,11559,put_on_sunglasses,6
10,vp10/run1_2018-05-24-13-14-41.ids_1,4,12210,12300,read_write_magazine,0
10,vp10/run1_2018-05-24-13-14-41.ids_1,4,12300,12390,read_write_magazine,1
10,vp10/run1_2018-05-24-13-14-41.ids_1,4,12390,12480,read_write_magazine,2
10,vp10/run1_2018-05-24-13-14-41.ids_1,4,12480,12570,read_write_magazine,3
10,vp10/run1_2018-05-24-13-14-41.ids_1,4,12570,12660,read_write_magazine,4
10,vp10/run1_2018-05-24-13-14-41.ids_1,4,12660,12750,read_write_magazine,5
10,vp10/run1_2018-05-24-13-14-41.ids_1,4,12750,12840,read_write_magazine,6
10,vp10/run1_2018-05-24-13-14-41.ids_1,4,12840,12930,read_write_magazine,7
10,vp10/run1_2018-05-24-13-14-41.ids_1,4,12930,13020,read_write_magazine,8
10,vp10/run1_2018-05-24-13-14-41.ids_1,4,13020,13110,read_write_magazine,9
10,vp10/run1_2018-05-24-13-14-41.ids_1,4,13110,13200,read_write_magazine,10
10,vp10/run1_2018-05-24-13-14-41.ids_1,4,13200,13290,read_write_magazine,11
10,vp10/run1_2018-05-24-13-14-41.ids_1,4,13290,13380,read_write_magazine,12
10,vp10/run1_2018-05-24-13-14-41.ids_1,4,13380,13470,read_write_magazine,13
10,vp10/run1_2018-05-24-13-14-41.ids_1,4,13470,13560,read_write_magazine,14
10,vp10/run1_2018-05-24-13-14-41.ids_1,4,13560,13650,read_write_magazine,15
10,vp10/run1_2018-05-24-13-14-41.ids_1,4,13650,13740,read_write_magazine,16
10,vp10/run1_2018-05-24-13-14-41.ids_1,4,13740,13830,read_write_magazine,17
10,vp10/run1_2018-05-24-13-14-41.ids_1,4,13830,13920,read_write_magazine,18
10,vp10/run1_2018-05-24-13-14-41.ids_1,4,13920,14010,read_write_magazine,19
10,vp10/run1_2018-05-24-13-14-41.ids_1,4,14010,14100,read_write_magazine,20
10,vp10/run1_2018-05-24-13-14-41.ids_1,4,14100,14190,read_write_magazine,21
10,vp10/run1_2018-05-24-13-14-41.ids_1,4,14190,14280,read_write_magazine,22
10,vp10/run1_2018-05-24-13-14-41.ids_1,4,14280,14370,read_write_magazine,23
10,vp10/run1_2018-05-24-13-14-41.ids_1,4,14370,14460,read_write_magazine,24
10,vp10/run1_2018-05-24-13-14-41.ids_1,4,14460,14550,read_write_magazine,25
10,vp10/run1_2018-05-24-13-14-41.ids_1,4,14550,14640,read_write_magazine,26
10,vp10/run1_2018-05-24-13-14-41.ids_1,4,14640,14730,read_write_magazine,27
10,vp10/run1_2018-05-24-13-14-41.ids_1,4,14730,14820,read_write_magazine,28
10,vp10/run1_2018-05-24-13-14-41.ids_1,4,14820,14910,read_write_magazine,29
10,vp10/run1_2018-05-24-13-14-41.ids_1,4,14910,15000,read_write_magazine,30
10,vp10/run1_2018-05-24-13-14-41.ids_1,4,15000,15090,read_write_magazine,31
10,vp10/run1_2018-05-24-13-14-41.ids_1,4,15090,15129,read_write_magazine,32
10,vp10/run1_2018-05-24-13-14-41.ids_1,5,15750,15840,take_off_sunglasses,0
10,vp10/run1_2018-05-24-13-14-41.ids_1,5,15840,15930,take_off_sunglasses,1
10,vp10/run1_2018-05-24-13-14-41.ids_1,5,15930,16020,take_off_sunglasses,2
10,vp10/run1_2018-05-24-13-14-41.ids_1,5,16020,16110,take_off_sunglasses,3
10,vp10/run1_2018-05-24-13-14-41.ids_1,5,16110,16200,take_off_sunglasses,4
10,vp10/run1_2018-05-24-13-14-41.ids_1,5,16200,16290,take_off_sunglasses,5
10,vp10/run1_2018-05-24-13-14-41.ids_1,5,16290,16380,take_off_sunglasses,6
10,vp10/run1_2018-05-24-13-14-41.ids_1,5,16380,16470,take_off_sunglasses,7
10,vp10/run1_2018-05-24-13-14-41.ids_1,5,16470,16560,take_off_sunglasses,8
10,vp10/run1_2018-05-24-13-14-41.ids_1,5,16560,16650,take_off_sunglasses,9
10,vp10/run1_2018-05-24-13-14-41.ids_1,5,16650,16740,take_off_sunglasses,10
10,vp10/run1_2018-05-24-13-14-41.ids_1,5,16740,16830,take_off_sunglasses,11
10,vp10/run1_2018-05-24-13-14-41.ids_1,5,16830,16920,take_off_sunglasses,12
10,vp10/run1_2018-05-24-13-14-41.ids_1,5,16920,17010,take_off_sunglasses,13
10,vp10/run1_2018-05-24-13-14-41.ids_1,5,17010,17100,take_off_sunglasses,14
10,vp10/run1_2018-05-24-13-14-41.ids_1,5,17100,17190,take_off_sunglasses,15
10,vp10/run1_2018-05-24-13-14-41.ids_1,5,17190,17280,take_off_sunglasses,16
10,vp10/run1_2018-05-24-13-14-41.ids_1,5,17280,17370,take_off_sunglasses,17
10,vp10/run1_2018-05-24-13-14-41.ids_1,5,17370,17460,take_off_sunglasses,18
10,vp10/run1_2018-05-24-13-14-41.ids_1,5,17460,17550,take_off_sunglasses,19
10,vp10/run1_2018-05-24-13-14-41.ids_1,5,17550,17589,take_off_sunglasses,20
10,vp10/run1_2018-05-24-13-14-41.ids_1,6,18540,18630,put_on_jacket,0
10,vp10/run1_2018-05-24-13-14-41.ids_1,6,18630,18720,put_on_jacket,1
10,vp10/run1_2018-05-24-13-14-41.ids_1,6,18720,18810,put_on_jacket,2
10,vp10/run1_2018-05-24-13-14-41.ids_1,6,18810,18900,put_on_jacket,3
10,vp10/run1_2018-05-24-13-14-41.ids_1,6,18900,18990,put_on_jacket,4
10,vp10/run1_2018-05-24-13-14-41.ids_1,6,18990,19080,put_on_jacket,5
10,vp10/run1_2018-05-24-13-14-41.ids_1,6,19080,19170,put_on_jacket,6
10,vp10/run1_2018-05-24-13-14-41.ids_1,6,19170,19260,put_on_jacket,7
10,vp10/run1_2018-05-24-13-14-41.ids_1,6,19260,19350,put_on_jacket,8
10,vp10/run1_2018-05-24-13-14-41.ids_1,6,19350,19440,put_on_jacket,9
10,vp10/run1_2018-05-24-13-14-41.ids_1,6,19440,19479,put_on_jacket,10
10,vp10/run1_2018-05-24-13-14-41.ids_1,7,22500,22590,work,0
10,vp10/run1_2018-05-24-13-14-41.ids_1,7,22590,22680,work,1
10,vp10/run1_2018-05-24-13-14-41.ids_1,7,22680,22770,work,2
10,vp10/run1_2018-05-24-13-14-41.ids_1,7,22770,22860,work,3
10,vp10/run1_2018-05-24-13-14-41.ids_1,7,22860,22950,work,4
10,vp10/run1_2018-05-24-13-14-41.ids_1,7,22950,23040,work,5
10,vp10/run1_2018-05-24-13-14-41.ids_1,7,23040,23130,work,6
10,vp10/run1_2018-05-24-13-14-41.ids_1,7,23130,23220,work,7
10,vp10/run1_2018-05-24-13-14-41.ids_1,7,23220,23310,work,8
10,vp10/run1_2018-05-24-13-14-41.ids_1,7,23310,23400,work,9
10,vp10/run1_2018-05-24-13-14-41.ids_1,7,23400,23490,work,10
10,vp10/run1_2018-05-24-13-14-41.ids_1,7,23490,23580,work,11
10,vp10/run1_2018-05-24-13-14-41.ids_1,7,23580,23670,work,12
10,vp10/run1_2018-05-24-13-14-41.ids_1,7,23670,23760,work,13
10,vp10/run1_2018-05-24-13-14-41.ids_1,7,23760,23850,work,14
10,vp10/run1_2018-05-24-13-14-41.ids_1,7,23850,23940,work,15
10,vp10/run1_2018-05-24-13-14-41.ids_1,7,23940,24030,work,16
10,vp10/run1_2018-05-24-13-14-41.ids_1,7,24030,24120,work,17
10,vp10/run1_2018-05-24-13-14-41.ids_1,7,24120,24210,work,18
10,vp10/run1_2018-05-24-13-14-41.ids_1,7,24210,24300,work,19
10,vp10/run1_2018-05-24-13-14-41.ids_1,7,24300,24390,work,20
10,vp10/run1_2018-05-24-13-14-41.ids_1,7,24390,24480,work,21
10,vp10/run1_2018-05-24-13-14-41.ids_1,7,24480,24570,work,22
10,vp10/run1_2018-05-24-13-14-41.ids_1,7,24570,24660,work,23
10,vp10/run1_2018-05-24-13-14-41.ids_1,7,24660,24750,work,24
10,vp10/run1_2018-05-24-13-14-41.ids_1,7,24750,24840,work,25
10,vp10/run1_2018-05-24-13-14-41.ids_1,7,24840,24930,work,26
10,vp10/run1_2018-05-24-13-14-41.ids_1,7,24930,25020,work,27
10,vp10/run1_2018-05-24-13-14-41.ids_1,7,25020,25110,work,28
10,vp10/run1_2018-05-24-13-14-41.ids_1,7,25110,25200,work,29
10,vp10/run1_2018-05-24-13-14-41.ids_1,7,25200,25290,work,30
10,vp10/run1_2018-05-24-13-14-41.ids_1,7,25290,25380,work,31
10,vp10/run1_2018-05-24-13-14-41.ids_1,7,25380,25470,work,32
10,vp10/run1_2018-05-24-13-14-41.ids_1,7,25470,25560,work,33
10,vp10/run1_2018-05-24-13-14-41.ids_1,7,25560,25650,work,34
10,vp10/run1_2018-05-24-13-14-41.ids_1,7,25650,25740,work,35
10,vp10/run1_2018-05-24-13-14-41.ids_1,7,25740,25830,work,36
10,vp10/run1_2018-05-24-13-14-41.ids_1,7,25830,25920,work,37
10,vp10/run1_2018-05-24-13-14-41.ids_1,7,25920,26010,work,38
10,vp10/run1_2018-05-24-13-14-41.ids_1,7,26010,26100,work,39
10,vp10/run1_2018-05-24-13-14-41.ids_1,7,26100,26190,work,40
10,vp10/run1_2018-05-24-13-14-41.ids_1,7,26190,26280,work,41
10,vp10/run1_2018-05-24-13-14-41.ids_1,7,26280,26370,work,42
10,vp10/run1_2018-05-24-13-14-41.ids_1,7,26370,26379,work,43
10,vp10/run1_2018-05-24-13-14-41.ids_1,8,26580,26670,take_off_jacket,0
10,vp10/run1_2018-05-24-13-14-41.ids_1,8,26670,26760,take_off_jacket,1
10,vp10/run1_2018-05-24-13-14-41.ids_1,8,26760,26850,take_off_jacket,2
10,vp10/run1_2018-05-24-13-14-41.ids_1,8,26850,26940,take_off_jacket,3
10,vp10/run1_2018-05-24-13-14-41.ids_1,8,26940,27030,take_off_jacket,4
10,vp10/run1_2018-05-24-13-14-41.ids_1,8,27030,27120,take_off_jacket,5
10,vp10/run1_2018-05-24-13-14-41.ids_1,8,27120,27210,take_off_jacket,6
10,vp10/run1_2018-05-24-13-14-41.ids_1,8,27210,27300,take_off_jacket,7
10,vp10/run1_2018-05-24-13-14-41.ids_1,8,27300,27390,take_off_jacket,8
10,vp10/run1_2018-05-24-13-14-41.ids_1,8,27390,27480,take_off_jacket,9
10,vp10/run1_2018-05-24-13-14-41.ids_1,8,27480,27570,take_off_jacket,10
10,vp10/run1_2018-05-24-13-14-41.ids_1,8,27570,27579,take_off_jacket,11
10,vp10/run1_2018-05-24-13-14-41.ids_1,9,28260,28350,watch_video,0
10,vp10/run1_2018-05-24-13-14-41.ids_1,9,28350,28440,watch_video,1
10,vp10/run1_2018-05-24-13-14-41.ids_1,9,28440,28530,watch_video,2
10,vp10/run1_2018-05-24-13-14-41.ids_1,9,28530,28620,watch_video,3
10,vp10/run1_2018-05-24-13-14-41.ids_1,9,28620,28710,watch_video,4
10,vp10/run1_2018-05-24-13-14-41.ids_1,9,28710,28800,watch_video,5
10,vp10/run1_2018-05-24-13-14-41.ids_1,9,28800,28890,watch_video,6
10,vp10/run1_2018-05-24-13-14-41.ids_1,9,28890,28980,watch_video,7
10,vp10/run1_2018-05-24-13-14-41.ids_1,9,28980,29070,watch_video,8
10,vp10/run1_2018-05-24-13-14-41.ids_1,9,29070,29160,watch_video,9
10,vp10/run1_2018-05-24-13-14-41.ids_1,9,29160,29250,watch_video,10
10,vp10/run1_2018-05-24-13-14-41.ids_1,9,29250,29340,watch_video,11
10,vp10/run1_2018-05-24-13-14-41.ids_1,9,29340,29430,watch_video,12
10,vp10/run1_2018-05-24-13-14-41.ids_1,9,29430,29520,watch_video,13
10,vp10/run1_2018-05-24-13-14-41.ids_1,9,29520,29610,watch_video,14
10,vp10/run1_2018-05-24-13-14-41.ids_1,9,29610,29700,watch_video,15
10,vp10/run1_2018-05-24-13-14-41.ids_1,9,29700,29790,watch_video,16
10,vp10/run1_2018-05-24-13-14-41.ids_1,9,29790,29880,watch_video,17
10,vp10/run1_2018-05-24-13-14-41.ids_1,9,29880,29970,watch_video,18
10,vp10/run1_2018-05-24-13-14-41.ids_1,9,29970,30060,watch_video,19
10,vp10/run1_2018-05-24-13-14-41.ids_1,9,30060,30150,watch_video,20
10,vp10/run1_2018-05-24-13-14-41.ids_1,9,30150,30240,watch_video,21
10,vp10/run1_2018-05-24-13-14-41.ids_1,9,30240,30330,watch_video,22
10,vp10/run1_2018-05-24-13-14-41.ids_1,9,30330,30420,watch_video,23
10,vp10/run1_2018-05-24-13-14-41.ids_1,9,30420,30510,watch_video,24
10,vp10/run1_2018-05-24-13-14-41.ids_1,9,30510,30600,watch_video,25
10,vp10/run1_2018-05-24-13-14-41.ids_1,9,30600,30690,watch_video,26
10,vp10/run1_2018-05-24-13-14-41.ids_1,9,30690,30780,watch_video,27
10,vp10/run1_2018-05-24-13-14-41.ids_1,9,30780,30870,watch_video,28
10,vp10/run1_2018-05-24-13-14-41.ids_1,9,30870,30960,watch_video,29
10,vp10/run1_2018-05-24-13-14-41.ids_1,9,30960,31050,watch_video,30
10,vp10/run1_2018-05-24-13-14-41.ids_1,9,31050,31140,watch_video,31
10,vp10/run1_2018-05-24-13-14-41.ids_1,9,31140,31230,watch_video,32
10,vp10/run1_2018-05-24-13-14-41.ids_1,9,31230,31320,watch_video,33
10,vp10/run1_2018-05-24-13-14-41.ids_1,9,31320,31410,watch_video,34
10,vp10/run1_2018-05-24-13-14-41.ids_1,9,31410,31500,watch_video,35
10,vp10/run1_2018-05-24-13-14-41.ids_1,9,31500,31590,watch_video,36
10,vp10/run1_2018-05-24-13-14-41.ids_1,9,31590,31680,watch_video,37
10,vp10/run1_2018-05-24-13-14-41.ids_1,9,31680,31770,watch_video,38
10,vp10/run1_2018-05-24-13-14-41.ids_1,9,31770,31860,watch_video,39
10,vp10/run1_2018-05-24-13-14-41.ids_1,9,31860,31950,watch_video,40
10,vp10/run1_2018-05-24-13-14-41.ids_1,9,31950,32040,watch_video,41
10,vp10/run1_2018-05-24-13-14-41.ids_1,9,32040,32130,watch_video,42
10,vp10/run1_2018-05-24-13-14-41.ids_1,9,32130,32220,watch_video,43
10,vp10/run1_2018-05-24-13-14-41.ids_1,9,32220,32310,watch_video,44
10,vp10/run1_2018-05-24-13-14-41.ids_1,9,32310,32400,watch_video,45
10,vp10/run1_2018-05-24-13-14-41.ids_1,9,32400,32490,watch_video,46
10,vp10/run1_2018-05-24-13-14-41.ids_1,9,32490,32580,watch_video,47
10,vp10/run1_2018-05-24-13-14-41.ids_1,9,32580,32670,watch_video,48
10,vp10/run1_2018-05-24-13-14-41.ids_1,9,32670,32760,watch_video,49
10,vp10/run1_2018-05-24-13-14-41.ids_1,9,32760,32850,watch_video,50
10,vp10/run1_2018-05-24-13-14-41.ids_1,9,32850,32940,watch_video,51
10,vp10/run1_2018-05-24-13-14-41.ids_1,9,32940,33030,watch_video,52
10,vp10/run1_2018-05-24-13-14-41.ids_1,9,33030,33120,watch_video,53
10,vp10/run1_2018-05-24-13-14-41.ids_1,9,33120,33210,watch_video,54
10,vp10/run1_2018-05-24-13-14-41.ids_1,9,33210,33300,watch_video,55
10,vp10/run1_2018-05-24-13-14-41.ids_1,9,33300,33390,watch_video,56
10,vp10/run1_2018-05-24-13-14-41.ids_1,9,33390,33480,watch_video,57
10,vp10/run1_2018-05-24-13-14-41.ids_1,9,33480,33570,watch_video,58
10,vp10/run1_2018-05-24-13-14-41.ids_1,9,33570,33660,watch_video,59
10,vp10/run1_2018-05-24-13-14-41.ids_1,9,33660,33750,watch_video,60
10,vp10/run1_2018-05-24-13-14-41.ids_1,9,33750,33840,watch_video,61
10,vp10/run1_2018-05-24-13-14-41.ids_1,9,33840,33930,watch_video,62
10,vp10/run1_2018-05-24-13-14-41.ids_1,9,33930,34020,watch_video,63
10,vp10/run1_2018-05-24-13-14-41.ids_1,9,34020,34110,watch_video,64
10,vp10/run1_2018-05-24-13-14-41.ids_1,9,34110,34200,watch_video,65
10,vp10/run1_2018-05-24-13-14-41.ids_1,9,34200,34290,watch_video,66
10,vp10/run1_2018-05-24-13-14-41.ids_1,9,34290,34380,watch_video,67
10,vp10/run1_2018-05-24-13-14-41.ids_1,9,34380,34470,watch_video,68
10,vp10/run1_2018-05-24-13-14-41.ids_1,9,34470,34560,watch_video,69
10,vp10/run1_2018-05-24-13-14-41.ids_1,9,34560,34650,watch_video,70
10,vp10/run1_2018-05-24-13-14-41.ids_1,9,34650,34740,watch_video,71
10,vp10/run1_2018-05-24-13-14-41.ids_1,9,34740,34830,watch_video,72
10,vp10/run1_2018-05-24-13-14-41.ids_1,9,34830,34920,watch_video,73
10,vp10/run1_2018-05-24-13-14-41.ids_1,9,34920,35010,watch_video,74
10,vp10/run1_2018-05-24-13-14-41.ids_1,9,35010,35100,watch_video,75
10,vp10/run1_2018-05-24-13-14-41.ids_1,9,35100,35190,watch_video,76
10,vp10/run1_2018-05-24-13-14-41.ids_1,9,35190,35280,watch_video,77
10,vp10/run1_2018-05-24-13-14-41.ids_1,9,35280,35370,watch_video,78
10,vp10/run1_2018-05-24-13-14-41.ids_1,9,35370,35460,watch_video,79
10,vp10/run1_2018-05-24-13-14-41.ids_1,9,35460,35550,watch_video,80
10,vp10/run1_2018-05-24-13-14-41.ids_1,9,35550,35640,watch_video,81
10,vp10/run1_2018-05-24-13-14-41.ids_1,9,35640,35730,watch_video,82
10,vp10/run1_2018-05-24-13-14-41.ids_1,9,35730,35820,watch_video,83
10,vp10/run1_2018-05-24-13-14-41.ids_1,9,35820,35910,watch_video,84
10,vp10/run1_2018-05-24-13-14-41.ids_1,9,35910,36000,watch_video,85
10,vp10/run1_2018-05-24-13-14-41.ids_1,9,36000,36090,watch_video,86
10,vp10/run1_2018-05-24-13-14-41.ids_1,9,36090,36180,watch_video,87
10,vp10/run1_2018-05-24-13-14-41.ids_1,9,36180,36270,watch_video,88
10,vp10/run1_2018-05-24-13-14-41.ids_1,9,36270,36360,watch_video,89
10,vp10/run1_2018-05-24-13-14-41.ids_1,9,36360,36450,watch_video,90
10,vp10/run1_2018-05-24-13-14-41.ids_1,9,36450,36489,watch_video,91
10,vp10/run1_2018-05-24-13-14-41.ids_1,10,36840,36930,read_write_newspaper,0
10,vp10/run1_2018-05-24-13-14-41.ids_1,10,36930,37020,read_write_newspaper,1
10,vp10/run1_2018-05-24-13-14-41.ids_1,10,37020,37110,read_write_newspaper,2
10,vp10/run1_2018-05-24-13-14-41.ids_1,10,37110,37200,read_write_newspaper,3
10,vp10/run1_2018-05-24-13-14-41.ids_1,10,37200,37290,read_write_newspaper,4
10,vp10/run1_2018-05-24-13-14-41.ids_1,10,37290,37380,read_write_newspaper,5
10,vp10/run1_2018-05-24-13-14-41.ids_1,10,37380,37470,read_write_newspaper,6
10,vp10/run1_2018-05-24-13-14-41.ids_1,10,37470,37560,read_write_newspaper,7
10,vp10/run1_2018-05-24-13-14-41.ids_1,10,37560,37650,read_write_newspaper,8
10,vp10/run1_2018-05-24-13-14-41.ids_1,10,37650,37740,read_write_newspaper,9
10,vp10/run1_2018-05-24-13-14-41.ids_1,10,37740,37830,read_write_newspaper,10
10,vp10/run1_2018-05-24-13-14-41.ids_1,10,37830,37920,read_write_newspaper,11
10,vp10/run1_2018-05-24-13-14-41.ids_1,10,37920,38010,read_write_newspaper,12
10,vp10/run1_2018-05-24-13-14-41.ids_1,10,38010,38100,read_write_newspaper,13
10,vp10/run1_2018-05-24-13-14-41.ids_1,10,38100,38190,read_write_newspaper,14
10,vp10/run1_2018-05-24-13-14-41.ids_1,10,38190,38280,read_write_newspaper,15
10,vp10/run1_2018-05-24-13-14-41.ids_1,10,38280,38370,read_write_newspaper,16
10,vp10/run1_2018-05-24-13-14-41.ids_1,10,38370,38460,read_write_newspaper,17
10,vp10/run1_2018-05-24-13-14-41.ids_1,10,38460,38550,read_write_newspaper,18
10,vp10/run1_2018-05-24-13-14-41.ids_1,10,38550,38640,read_write_newspaper,19
10,vp10/run1_2018-05-24-13-14-41.ids_1,10,38640,38730,read_write_newspaper,20
10,vp10/run1_2018-05-24-13-14-41.ids_1,10,38730,38820,read_write_newspaper,21
10,vp10/run1_2018-05-24-13-14-41.ids_1,10,38820,38910,read_write_newspaper,22
10,vp10/run1_2018-05-24-13-14-41.ids_1,10,38910,39000,read_write_newspaper,23
10,vp10/run1_2018-05-24-13-14-41.ids_1,10,39000,39090,read_write_newspaper,24
10,vp10/run1_2018-05-24-13-14-41.ids_1,10,39090,39180,read_write_newspaper,25
10,vp10/run1_2018-05-24-13-14-41.ids_1,10,39180,39270,read_write_newspaper,26
10,vp10/run1_2018-05-24-13-14-41.ids_1,10,39270,39360,read_write_newspaper,27
10,vp10/run1_2018-05-24-13-14-41.ids_1,10,39360,39450,read_write_newspaper,28
10,vp10/run1_2018-05-24-13-14-41.ids_1,10,39450,39519,read_write_newspaper,29
10,vp10/run1_2018-05-24-13-14-41.ids_1,11,40470,40560,final_task,0
10,vp10/run1_2018-05-24-13-14-41.ids_1,11,40560,40650,final_task,1
10,vp10/run1_2018-05-24-13-14-41.ids_1,11,40650,40740,final_task,2
10,vp10/run1_2018-05-24-13-14-41.ids_1,11,40740,40830,final_task,3
10,vp10/run1_2018-05-24-13-14-41.ids_1,11,40830,40920,final_task,4
10,vp10/run1_2018-05-24-13-14-41.ids_1,11,40920,41010,final_task,5
10,vp10/run1_2018-05-24-13-14-41.ids_1,11,41010,41100,final_task,6
10,vp10/run1_2018-05-24-13-14-41.ids_1,11,41100,41190,final_task,7
10,vp10/run1_2018-05-24-13-14-41.ids_1,11,41190,41280,final_task,8
10,vp10/run1_2018-05-24-13-14-41.ids_1,11,41280,41370,final_task,9
10,vp10/run1_2018-05-24-13-14-41.ids_1,11,41370,41460,final_task,10
10,vp10/run1_2018-05-24-13-14-41.ids_1,11,41460,41550,final_task,11
10,vp10/run1_2018-05-24-13-14-41.ids_1,11,41550,41640,final_task,12
10,vp10/run1_2018-05-24-13-14-41.ids_1,11,41640,41730,final_task,13
10,vp10/run1_2018-05-24-13-14-41.ids_1,11,41730,41820,final_task,14
10,vp10/run1_2018-05-24-13-14-41.ids_1,11,41820,41910,final_task,15
10,vp10/run1_2018-05-24-13-14-41.ids_1,11,41910,42000,final_task,16
10,vp10/run1_2018-05-24-13-14-41.ids_1,11,42000,42030,final_task,17
10,vp10/run2_2018-05-24-14-08-46.ids_1,0,0,90,fasten_seat_belt,0
10,vp10/run2_2018-05-24-14-08-46.ids_1,0,90,180,fasten_seat_belt,1
10,vp10/run2_2018-05-24-14-08-46.ids_1,0,180,270,fasten_seat_belt,2
10,vp10/run2_2018-05-24-14-08-46.ids_1,0,270,360,fasten_seat_belt,3
10,vp10/run2_2018-05-24-14-08-46.ids_1,0,360,450,fasten_seat_belt,4
10,vp10/run2_2018-05-24-14-08-46.ids_1,0,450,540,fasten_seat_belt,5
10,vp10/run2_2018-05-24-14-08-46.ids_1,0,540,630,fasten_seat_belt,6
10,vp10/run2_2018-05-24-14-08-46.ids_1,0,630,720,fasten_seat_belt,7
10,vp10/run2_2018-05-24-14-08-46.ids_1,0,720,789,fasten_seat_belt,8
10,vp10/run2_2018-05-24-14-08-46.ids_1,1,6210,6300,hand_over,0
10,vp10/run2_2018-05-24-14-08-46.ids_1,1,6300,6390,hand_over,1
10,vp10/run2_2018-05-24-14-08-46.ids_1,1,6390,6480,hand_over,2
10,vp10/run2_2018-05-24-14-08-46.ids_1,1,6480,6519,hand_over,3
10,vp10/run2_2018-05-24-14-08-46.ids_1,2,9570,9660,watch_video,0
10,vp10/run2_2018-05-24-14-08-46.ids_1,2,9660,9750,watch_video,1
10,vp10/run2_2018-05-24-14-08-46.ids_1,2,9750,9840,watch_video,2
10,vp10/run2_2018-05-24-14-08-46.ids_1,2,9840,9930,watch_video,3
10,vp10/run2_2018-05-24-14-08-46.ids_1,2,9930,10020,watch_video,4
10,vp10/run2_2018-05-24-14-08-46.ids_1,2,10020,10110,watch_video,5
10,vp10/run2_2018-05-24-14-08-46.ids_1,2,10110,10200,watch_video,6
10,vp10/run2_2018-05-24-14-08-46.ids_1,2,10200,10290,watch_video,7
10,vp10/run2_2018-05-24-14-08-46.ids_1,2,10290,10380,watch_video,8
10,vp10/run2_2018-05-24-14-08-46.ids_1,2,10380,10470,watch_video,9
10,vp10/run2_2018-05-24-14-08-46.ids_1,2,10470,10560,watch_video,10
10,vp10/run2_2018-05-24-14-08-46.ids_1,2,10560,10650,watch_video,11
10,vp10/run2_2018-05-24-14-08-46.ids_1,2,10650,10740,watch_video,12
10,vp10/run2_2018-05-24-14-08-46.ids_1,2,10740,10830,watch_video,13
10,vp10/run2_2018-05-24-14-08-46.ids_1,2,10830,10920,watch_video,14
10,vp10/run2_2018-05-24-14-08-46.ids_1,2,10920,11010,watch_video,15
10,vp10/run2_2018-05-24-14-08-46.ids_1,2,11010,11100,watch_video,16
10,vp10/run2_2018-05-24-14-08-46.ids_1,2,11100,11190,watch_video,17
10,vp10/run2_2018-05-24-14-08-46.ids_1,2,11190,11280,watch_video,18
10,vp10/run2_2018-05-24-14-08-46.ids_1,2,11280,11370,watch_video,19
10,vp10/run2_2018-05-24-14-08-46.ids_1,2,11370,11460,watch_video,20
10,vp10/run2_2018-05-24-14-08-46.ids_1,2,11460,11550,watch_video,21
10,vp10/run2_2018-05-24-14-08-46.ids_1,2,11550,11640,watch_video,22
10,vp10/run2_2018-05-24-14-08-46.ids_1,2,11640,11730,watch_video,23
10,vp10/run2_2018-05-24-14-08-46.ids_1,2,11730,11820,watch_video,24
10,vp10/run2_2018-05-24-14-08-46.ids_1,2,11820,11910,watch_video,25
10,vp10/run2_2018-05-24-14-08-46.ids_1,2,11910,12000,watch_video,26
10,vp10/run2_2018-05-24-14-08-46.ids_1,2,12000,12090,watch_video,27
10,vp10/run2_2018-05-24-14-08-46.ids_1,2,12090,12180,watch_video,28
10,vp10/run2_2018-05-24-14-08-46.ids_1,2,12180,12270,watch_video,29
10,vp10/run2_2018-05-24-14-08-46.ids_1,2,12270,12360,watch_video,30
10,vp10/run2_2018-05-24-14-08-46.ids_1,2,12360,12450,watch_video,31
10,vp10/run2_2018-05-24-14-08-46.ids_1,2,12450,12540,watch_video,32
10,vp10/run2_2018-05-24-14-08-46.ids_1,2,12540,12630,watch_video,33
10,vp10/run2_2018-05-24-14-08-46.ids_1,2,12630,12720,watch_video,34
10,vp10/run2_2018-05-24-14-08-46.ids_1,2,12720,12810,watch_video,35
10,vp10/run2_2018-05-24-14-08-46.ids_1,2,12810,12900,watch_video,36
10,vp10/run2_2018-05-24-14-08-46.ids_1,2,12900,12990,watch_video,37
10,vp10/run2_2018-05-24-14-08-46.ids_1,2,12990,13080,watch_video,38
10,vp10/run2_2018-05-24-14-08-46.ids_1,2,13080,13170,watch_video,39
10,vp10/run2_2018-05-24-14-08-46.ids_1,2,13170,13260,watch_video,40
10,vp10/run2_2018-05-24-14-08-46.ids_1,2,13260,13350,watch_video,41
10,vp10/run2_2018-05-24-14-08-46.ids_1,2,13350,13440,watch_video,42
10,vp10/run2_2018-05-24-14-08-46.ids_1,2,13440,13530,watch_video,43
10,vp10/run2_2018-05-24-14-08-46.ids_1,2,13530,13620,watch_video,44
10,vp10/run2_2018-05-24-14-08-46.ids_1,2,13620,13710,watch_video,45
10,vp10/run2_2018-05-24-14-08-46.ids_1,2,13710,13800,watch_video,46
10,vp10/run2_2018-05-24-14-08-46.ids_1,2,13800,13890,watch_video,47
10,vp10/run2_2018-05-24-14-08-46.ids_1,2,13890,13980,watch_video,48
10,vp10/run2_2018-05-24-14-08-46.ids_1,2,13980,14070,watch_video,49
10,vp10/run2_2018-05-24-14-08-46.ids_1,2,14070,14160,watch_video,50
10,vp10/run2_2018-05-24-14-08-46.ids_1,2,14160,14250,watch_video,51
10,vp10/run2_2018-05-24-14-08-46.ids_1,2,14250,14340,watch_video,52
10,vp10/run2_2018-05-24-14-08-46.ids_1,2,14340,14430,watch_video,53
10,vp10/run2_2018-05-24-14-08-46.ids_1,2,14430,14520,watch_video,54
10,vp10/run2_2018-05-24-14-08-46.ids_1,2,14520,14610,watch_video,55
10,vp10/run2_2018-05-24-14-08-46.ids_1,2,14610,14700,watch_video,56
10,vp10/run2_2018-05-24-14-08-46.ids_1,2,14700,14790,watch_video,57
10,vp10/run2_2018-05-24-14-08-46.ids_1,2,14790,14880,watch_video,58
10,vp10/run2_2018-05-24-14-08-46.ids_1,2,14880,14970,watch_video,59
10,vp10/run2_2018-05-24-14-08-46.ids_1,2,14970,15060,watch_video,60
10,vp10/run2_2018-05-24-14-08-46.ids_1,2,15060,15150,watch_video,61
10,vp10/run2_2018-05-24-14-08-46.ids_1,2,15150,15240,watch_video,62
10,vp10/run2_2018-05-24-14-08-46.ids_1,2,15240,15330,watch_video,63
10,vp10/run2_2018-05-24-14-08-46.ids_1,2,15330,15420,watch_video,64
10,vp10/run2_2018-05-24-14-08-46.ids_1,2,15420,15510,watch_video,65
10,vp10/run2_2018-05-24-14-08-46.ids_1,2,15510,15600,watch_video,66
10,vp10/run2_2018-05-24-14-08-46.ids_1,2,15600,15690,watch_video,67
10,vp10/run2_2018-05-24-14-08-46.ids_1,2,15690,15780,watch_video,68
10,vp10/run2_2018-05-24-14-08-46.ids_1,2,15780,15870,watch_video,69
10,vp10/run2_2018-05-24-14-08-46.ids_1,2,15870,15960,watch_video,70
10,vp10/run2_2018-05-24-14-08-46.ids_1,2,15960,16050,watch_video,71
10,vp10/run2_2018-05-24-14-08-46.ids_1,2,16050,16140,watch_video,72
10,vp10/run2_2018-05-24-14-08-46.ids_1,2,16140,16230,watch_video,73
10,vp10/run2_2018-05-24-14-08-46.ids_1,2,16230,16320,watch_video,74
10,vp10/run2_2018-05-24-14-08-46.ids_1,2,16320,16410,watch_video,75
10,vp10/run2_2018-05-24-14-08-46.ids_1,2,16410,16500,watch_video,76
10,vp10/run2_2018-05-24-14-08-46.ids_1,2,16500,16590,watch_video,77
10,vp10/run2_2018-05-24-14-08-46.ids_1,2,16590,16680,watch_video,78
10,vp10/run2_2018-05-24-14-08-46.ids_1,2,16680,16770,watch_video,79
10,vp10/run2_2018-05-24-14-08-46.ids_1,2,16770,16860,watch_video,80
10,vp10/run2_2018-05-24-14-08-46.ids_1,2,16860,16950,watch_video,81
10,vp10/run2_2018-05-24-14-08-46.ids_1,2,16950,17040,watch_video,82
10,vp10/run2_2018-05-24-14-08-46.ids_1,2,17040,17130,watch_video,83
10,vp10/run2_2018-05-24-14-08-46.ids_1,2,17130,17220,watch_video,84
10,vp10/run2_2018-05-24-14-08-46.ids_1,2,17220,17310,watch_video,85
10,vp10/run2_2018-05-24-14-08-46.ids_1,2,17310,17400,watch_video,86
10,vp10/run2_2018-05-24-14-08-46.ids_1,2,17400,17490,watch_video,87
10,vp10/run2_2018-05-24-14-08-46.ids_1,2,17490,17580,watch_video,88
10,vp10/run2_2018-05-24-14-08-46.ids_1,2,17580,17670,watch_video,89
10,vp10/run2_2018-05-24-14-08-46.ids_1,2,17670,17760,watch_video,90
10,vp10/run2_2018-05-24-14-08-46.ids_1,2,17760,17850,watch_video,91
10,vp10/run2_2018-05-24-14-08-46.ids_1,2,17850,17940,watch_video,92
10,vp10/run2_2018-05-24-14-08-46.ids_1,2,17940,18030,watch_video,93
10,vp10/run2_2018-05-24-14-08-46.ids_1,2,18030,18120,watch_video,94
10,vp10/run2_2018-05-24-14-08-46.ids_1,2,18120,18210,watch_video,95
10,vp10/run2_2018-05-24-14-08-46.ids_1,2,18210,18300,watch_video,96
10,vp10/run2_2018-05-24-14-08-46.ids_1,2,18300,18390,watch_video,97
10,vp10/run2_2018-05-24-14-08-46.ids_1,2,18390,18480,watch_video,98
10,vp10/run2_2018-05-24-14-08-46.ids_1,2,18480,18570,watch_video,99
10,vp10/run2_2018-05-24-14-08-46.ids_1,2,18570,18660,watch_video,100
10,vp10/run2_2018-05-24-14-08-46.ids_1,2,18660,18750,watch_video,101
10,vp10/run2_2018-05-24-14-08-46.ids_1,2,18750,18840,watch_video,102
10,vp10/run2_2018-05-24-14-08-46.ids_1,2,18840,18930,watch_video,103
10,vp10/run2_2018-05-24-14-08-46.ids_1,2,18930,19020,watch_video,104
10,vp10/run2_2018-05-24-14-08-46.ids_1,2,19020,19110,watch_video,105
10,vp10/run2_2018-05-24-14-08-46.ids_1,2,19110,19200,watch_video,106
10,vp10/run2_2018-05-24-14-08-46.ids_1,2,19200,19290,watch_video,107
10,vp10/run2_2018-05-24-14-08-46.ids_1,2,19290,19380,watch_video,108
10,vp10/run2_2018-05-24-14-08-46.ids_1,2,19380,19470,watch_video,109
10,vp10/run2_2018-05-24-14-08-46.ids_1,2,19470,19560,watch_video,110
10,vp10/run2_2018-05-24-14-08-46.ids_1,2,19560,19650,watch_video,111
10,vp10/run2_2018-05-24-14-08-46.ids_1,2,19650,19740,watch_video,112
10,vp10/run2_2018-05-24-14-08-46.ids_1,2,19740,19830,watch_video,113
10,vp10/run2_2018-05-24-14-08-46.ids_1,2,19830,19920,watch_video,114
10,vp10/run2_2018-05-24-14-08-46.ids_1,2,19920,20010,watch_video,115
10,vp10/run2_2018-05-24-14-08-46.ids_1,2,20010,20100,watch_video,116
10,vp10/run2_2018-05-24-14-08-46.ids_1,2,20100,20190,watch_video,117
10,vp10/run2_2018-05-24-14-08-46.ids_1,2,20190,20280,watch_video,118
10,vp10/run2_2018-05-24-14-08-46.ids_1,2,20280,20370,watch_video,119
10,vp10/run2_2018-05-24-14-08-46.ids_1,2,20370,20460,watch_video,120
10,vp10/run2_2018-05-24-14-08-46.ids_1,2,20460,20550,watch_video,121
10,vp10/run2_2018-05-24-14-08-46.ids_1,2,20550,20640,watch_video,122
10,vp10/run2_2018-05-24-14-08-46.ids_1,2,20640,20708,watch_video,123
10,vp10/run2_2018-05-24-14-08-46.ids_1,3,21660,21750,put_on_sunglasses,0
10,vp10/run2_2018-05-24-14-08-46.ids_1,3,21750,21840,put_on_sunglasses,1
10,vp10/run2_2018-05-24-14-08-46.ids_1,3,21840,21930,put_on_sunglasses,2
10,vp10/run2_2018-05-24-14-08-46.ids_1,3,21930,22020,put_on_sunglasses,3
10,vp10/run2_2018-05-24-14-08-46.ids_1,3,22020,22110,put_on_sunglasses,4
10,vp10/run2_2018-05-24-14-08-46.ids_1,3,22110,22200,put_on_sunglasses,5
10,vp10/run2_2018-05-24-14-08-46.ids_1,3,22200,22290,put_on_sunglasses,6
10,vp10/run2_2018-05-24-14-08-46.ids_1,3,22290,22380,put_on_sunglasses,7
10,vp10/run2_2018-05-24-14-08-46.ids_1,3,22380,22470,put_on_sunglasses,8
10,vp10/run2_2018-05-24-14-08-46.ids_1,3,22470,22560,put_on_sunglasses,9
10,vp10/run2_2018-05-24-14-08-46.ids_1,3,22560,22598,put_on_sunglasses,10
10,vp10/run2_2018-05-24-14-08-46.ids_1,4,23370,23460,put_on_jacket,0
10,vp10/run2_2018-05-24-14-08-46.ids_1,4,23460,23550,put_on_jacket,1
10,vp10/run2_2018-05-24-14-08-46.ids_1,4,23550,23640,put_on_jacket,2
10,vp10/run2_2018-05-24-14-08-46.ids_1,4,23640,23730,put_on_jacket,3
10,vp10/run2_2018-05-24-14-08-46.ids_1,4,23730,23820,put_on_jacket,4
10,vp10/run2_2018-05-24-14-08-46.ids_1,4,23820,23910,put_on_jacket,5
10,vp10/run2_2018-05-24-14-08-46.ids_1,4,23910,24000,put_on_jacket,6
10,vp10/run2_2018-05-24-14-08-46.ids_1,4,24000,24090,put_on_jacket,7
10,vp10/run2_2018-05-24-14-08-46.ids_1,4,24090,24180,put_on_jacket,8
10,vp10/run2_2018-05-24-14-08-46.ids_1,4,24180,24270,put_on_jacket,9
10,vp10/run2_2018-05-24-14-08-46.ids_1,4,24270,24360,put_on_jacket,10
10,vp10/run2_2018-05-24-14-08-46.ids_1,4,24360,24450,put_on_jacket,11
10,vp10/run2_2018-05-24-14-08-46.ids_1,4,24450,24458,put_on_jacket,12
10,vp10/run2_2018-05-24-14-08-46.ids_1,5,24930,25020,take_off_jacket,0
10,vp10/run2_2018-05-24-14-08-46.ids_1,5,25020,25110,take_off_jacket,1
10,vp10/run2_2018-05-24-14-08-46.ids_1,5,25110,25200,take_off_jacket,2
10,vp10/run2_2018-05-24-14-08-46.ids_1,5,25200,25290,take_off_jacket,3
10,vp10/run2_2018-05-24-14-08-46.ids_1,5,25290,25380,take_off_jacket,4
10,vp10/run2_2018-05-24-14-08-46.ids_1,5,25380,25470,take_off_jacket,5
10,vp10/run2_2018-05-24-14-08-46.ids_1,5,25470,25560,take_off_jacket,6
10,vp10/run2_2018-05-24-14-08-46.ids_1,5,25560,25650,take_off_jacket,7
10,vp10/run2_2018-05-24-14-08-46.ids_1,5,25650,25740,take_off_jacket,8
10,vp10/run2_2018-05-24-14-08-46.ids_1,5,25740,25830,take_off_jacket,9
10,vp10/run2_2018-05-24-14-08-46.ids_1,5,25830,25838,take_off_jacket,10
10,vp10/run2_2018-05-24-14-08-46.ids_1,6,26760,26850,read_write_magazine,0
10,vp10/run2_2018-05-24-14-08-46.ids_1,6,26850,26940,read_write_magazine,1
10,vp10/run2_2018-05-24-14-08-46.ids_1,6,26940,27030,read_write_magazine,2
10,vp10/run2_2018-05-24-14-08-46.ids_1,6,27030,27120,read_write_magazine,3
10,vp10/run2_2018-05-24-14-08-46.ids_1,6,27120,27210,read_write_magazine,4
10,vp10/run2_2018-05-24-14-08-46.ids_1,6,27210,27300,read_write_magazine,5
10,vp10/run2_2018-05-24-14-08-46.ids_1,6,27300,27390,read_write_magazine,6
10,vp10/run2_2018-05-24-14-08-46.ids_1,6,27390,27480,read_write_magazine,7
10,vp10/run2_2018-05-24-14-08-46.ids_1,6,27480,27570,read_write_magazine,8
10,vp10/run2_2018-05-24-14-08-46.ids_1,6,27570,27660,read_write_magazine,9
10,vp10/run2_2018-05-24-14-08-46.ids_1,6,27660,27750,read_write_magazine,10
10,vp10/run2_2018-05-24-14-08-46.ids_1,6,27750,27840,read_write_magazine,11
10,vp10/run2_2018-05-24-14-08-46.ids_1,6,27840,27930,read_write_magazine,12
10,vp10/run2_2018-05-24-14-08-46.ids_1,6,27930,28020,read_write_magazine,13
10,vp10/run2_2018-05-24-14-08-46.ids_1,6,28020,28110,read_write_magazine,14
10,vp10/run2_2018-05-24-14-08-46.ids_1,6,28110,28200,read_write_magazine,15
10,vp10/run2_2018-05-24-14-08-46.ids_1,6,28200,28290,read_write_magazine,16
10,vp10/run2_2018-05-24-14-08-46.ids_1,6,28290,28380,read_write_magazine,17
10,vp10/run2_2018-05-24-14-08-46.ids_1,6,28380,28470,read_write_magazine,18
10,vp10/run2_2018-05-24-14-08-46.ids_1,6,28470,28508,read_write_magazine,19
10,vp10/run2_2018-05-24-14-08-46.ids_1,7,28710,28800,take_off_sunglasses,0
10,vp10/run2_2018-05-24-14-08-46.ids_1,7,28800,28890,take_off_sunglasses,1
10,vp10/run2_2018-05-24-14-08-46.ids_1,7,28890,28928,take_off_sunglasses,2
10,vp10/run2_2018-05-24-14-08-46.ids_1,8,29400,29490,read_write_newspaper,0
10,vp10/run2_2018-05-24-14-08-46.ids_1,8,29490,29580,read_write_newspaper,1
10,vp10/run2_2018-05-24-14-08-46.ids_1,8,29580,29670,read_write_newspaper,2
10,vp10/run2_2018-05-24-14-08-46.ids_1,8,29670,29760,read_write_newspaper,3
10,vp10/run2_2018-05-24-14-08-46.ids_1,8,29760,29850,read_write_newspaper,4
10,vp10/run2_2018-05-24-14-08-46.ids_1,8,29850,29940,read_write_newspaper,5
10,vp10/run2_2018-05-24-14-08-46.ids_1,8,29940,30030,read_write_newspaper,6
10,vp10/run2_2018-05-24-14-08-46.ids_1,8,30030,30120,read_write_newspaper,7
10,vp10/run2_2018-05-24-14-08-46.ids_1,8,30120,30210,read_write_newspaper,8
10,vp10/run2_2018-05-24-14-08-46.ids_1,8,30210,30300,read_write_newspaper,9
10,vp10/run2_2018-05-24-14-08-46.ids_1,8,30300,30390,read_write_newspaper,10
10,vp10/run2_2018-05-24-14-08-46.ids_1,8,30390,30480,read_write_newspaper,11
10,vp10/run2_2018-05-24-14-08-46.ids_1,8,30480,30570,read_write_newspaper,12
10,vp10/run2_2018-05-24-14-08-46.ids_1,8,30570,30660,read_write_newspaper,13
10,vp10/run2_2018-05-24-14-08-46.ids_1,8,30660,30750,read_write_newspaper,14
10,vp10/run2_2018-05-24-14-08-46.ids_1,8,30750,30840,read_write_newspaper,15
10,vp10/run2_2018-05-24-14-08-46.ids_1,8,30840,30930,read_write_newspaper,16
10,vp10/run2_2018-05-24-14-08-46.ids_1,8,30930,31020,read_write_newspaper,17
10,vp10/run2_2018-05-24-14-08-46.ids_1,8,31020,31110,read_write_newspaper,18
10,vp10/run2_2018-05-24-14-08-46.ids_1,8,31110,31200,read_write_newspaper,19
10,vp10/run2_2018-05-24-14-08-46.ids_1,8,31200,31290,read_write_newspaper,20
10,vp10/run2_2018-05-24-14-08-46.ids_1,8,31290,31380,read_write_newspaper,21
10,vp10/run2_2018-05-24-14-08-46.ids_1,8,31380,31470,read_write_newspaper,22
10,vp10/run2_2018-05-24-14-08-46.ids_1,8,31470,31560,read_write_newspaper,23
10,vp10/run2_2018-05-24-14-08-46.ids_1,8,31560,31650,read_write_newspaper,24
10,vp10/run2_2018-05-24-14-08-46.ids_1,8,31650,31740,read_write_newspaper,25
10,vp10/run2_2018-05-24-14-08-46.ids_1,8,31740,31830,read_write_newspaper,26
10,vp10/run2_2018-05-24-14-08-46.ids_1,8,31830,31920,read_write_newspaper,27
10,vp10/run2_2018-05-24-14-08-46.ids_1,8,31920,31929,read_write_newspaper,28
10,vp10/run2_2018-05-24-14-08-46.ids_1,9,32370,32460,eat_drink,0
10,vp10/run2_2018-05-24-14-08-46.ids_1,9,32460,32550,eat_drink,1
10,vp10/run2_2018-05-24-14-08-46.ids_1,9,32550,32640,eat_drink,2
10,vp10/run2_2018-05-24-14-08-46.ids_1,9,32640,32730,eat_drink,3
10,vp10/run2_2018-05-24-14-08-46.ids_1,9,32730,32820,eat_drink,4
10,vp10/run2_2018-05-24-14-08-46.ids_1,9,32820,32910,eat_drink,5
10,vp10/run2_2018-05-24-14-08-46.ids_1,9,32910,33000,eat_drink,6
10,vp10/run2_2018-05-24-14-08-46.ids_1,9,33000,33090,eat_drink,7
10,vp10/run2_2018-05-24-14-08-46.ids_1,9,33090,33180,eat_drink,8
10,vp10/run2_2018-05-24-14-08-46.ids_1,9,33180,33270,eat_drink,9
10,vp10/run2_2018-05-24-14-08-46.ids_1,9,33270,33360,eat_drink,10
10,vp10/run2_2018-05-24-14-08-46.ids_1,9,33360,33450,eat_drink,11
10,vp10/run2_2018-05-24-14-08-46.ids_1,9,33450,33540,eat_drink,12
10,vp10/run2_2018-05-24-14-08-46.ids_1,9,33540,33630,eat_drink,13
10,vp10/run2_2018-05-24-14-08-46.ids_1,9,33630,33720,eat_drink,14
10,vp10/run2_2018-05-24-14-08-46.ids_1,9,33720,33810,eat_drink,15
10,vp10/run2_2018-05-24-14-08-46.ids_1,9,33810,33900,eat_drink,16
10,vp10/run2_2018-05-24-14-08-46.ids_1,9,33900,33990,eat_drink,17
10,vp10/run2_2018-05-24-14-08-46.ids_1,9,33990,34080,eat_drink,18
10,vp10/run2_2018-05-24-14-08-46.ids_1,9,34080,34170,eat_drink,19
10,vp10/run2_2018-05-24-14-08-46.ids_1,9,34170,34260,eat_drink,20
10,vp10/run2_2018-05-24-14-08-46.ids_1,9,34260,34350,eat_drink,21
10,vp10/run2_2018-05-24-14-08-46.ids_1,9,34350,34440,eat_drink,22
10,vp10/run2_2018-05-24-14-08-46.ids_1,9,34440,34530,eat_drink,23
10,vp10/run2_2018-05-24-14-08-46.ids_1,9,34530,34620,eat_drink,24
10,vp10/run2_2018-05-24-14-08-46.ids_1,9,34620,34710,eat_drink,25
10,vp10/run2_2018-05-24-14-08-46.ids_1,9,34710,34800,eat_drink,26
10,vp10/run2_2018-05-24-14-08-46.ids_1,9,34800,34890,eat_drink,27
10,vp10/run2_2018-05-24-14-08-46.ids_1,9,34890,34980,eat_drink,28
10,vp10/run2_2018-05-24-14-08-46.ids_1,9,34980,35070,eat_drink,29
10,vp10/run2_2018-05-24-14-08-46.ids_1,9,35070,35160,eat_drink,30
10,vp10/run2_2018-05-24-14-08-46.ids_1,9,35160,35229,eat_drink,31
10,vp10/run2_2018-05-24-14-08-46.ids_1,10,36150,36240,work,0
10,vp10/run2_2018-05-24-14-08-46.ids_1,10,36240,36330,work,1
10,vp10/run2_2018-05-24-14-08-46.ids_1,10,36330,36420,work,2
10,vp10/run2_2018-05-24-14-08-46.ids_1,10,36420,36510,work,3
10,vp10/run2_2018-05-24-14-08-46.ids_1,10,36510,36600,work,4
10,vp10/run2_2018-05-24-14-08-46.ids_1,10,36600,36690,work,5
10,vp10/run2_2018-05-24-14-08-46.ids_1,10,36690,36780,work,6
10,vp10/run2_2018-05-24-14-08-46.ids_1,10,36780,36870,work,7
10,vp10/run2_2018-05-24-14-08-46.ids_1,10,36870,36960,work,8
10,vp10/run2_2018-05-24-14-08-46.ids_1,10,36960,37050,work,9
10,vp10/run2_2018-05-24-14-08-46.ids_1,10,37050,37140,work,10
10,vp10/run2_2018-05-24-14-08-46.ids_1,10,37140,37230,work,11
10,vp10/run2_2018-05-24-14-08-46.ids_1,10,37230,37320,work,12
10,vp10/run2_2018-05-24-14-08-46.ids_1,10,37320,37410,work,13
10,vp10/run2_2018-05-24-14-08-46.ids_1,10,37410,37500,work,14
10,vp10/run2_2018-05-24-14-08-46.ids_1,10,37500,37590,work,15
10,vp10/run2_2018-05-24-14-08-46.ids_1,10,37590,37680,work,16
10,vp10/run2_2018-05-24-14-08-46.ids_1,10,37680,37770,work,17
10,vp10/run2_2018-05-24-14-08-46.ids_1,10,37770,37860,work,18
10,vp10/run2_2018-05-24-14-08-46.ids_1,10,37860,37950,work,19
10,vp10/run2_2018-05-24-14-08-46.ids_1,10,37950,38040,work,20
10,vp10/run2_2018-05-24-14-08-46.ids_1,10,38040,38130,work,21
10,vp10/run2_2018-05-24-14-08-46.ids_1,10,38130,38220,work,22
10,vp10/run2_2018-05-24-14-08-46.ids_1,10,38220,38310,work,23
10,vp10/run2_2018-05-24-14-08-46.ids_1,10,38310,38400,work,24
10,vp10/run2_2018-05-24-14-08-46.ids_1,10,38400,38490,work,25
10,vp10/run2_2018-05-24-14-08-46.ids_1,10,38490,38580,work,26
10,vp10/run2_2018-05-24-14-08-46.ids_1,10,38580,38670,work,27
10,vp10/run2_2018-05-24-14-08-46.ids_1,10,38670,38760,work,28
10,vp10/run2_2018-05-24-14-08-46.ids_1,10,38760,38850,work,29
10,vp10/run2_2018-05-24-14-08-46.ids_1,10,38850,38940,work,30
10,vp10/run2_2018-05-24-14-08-46.ids_1,10,38940,39030,work,31
10,vp10/run2_2018-05-24-14-08-46.ids_1,10,39030,39120,work,32
10,vp10/run2_2018-05-24-14-08-46.ids_1,10,39120,39210,work,33
10,vp10/run2_2018-05-24-14-08-46.ids_1,10,39210,39300,work,34
10,vp10/run2_2018-05-24-14-08-46.ids_1,10,39300,39390,work,35
10,vp10/run2_2018-05-24-14-08-46.ids_1,10,39390,39480,work,36
10,vp10/run2_2018-05-24-14-08-46.ids_1,10,39480,39570,work,37
10,vp10/run2_2018-05-24-14-08-46.ids_1,10,39570,39660,work,38
10,vp10/run2_2018-05-24-14-08-46.ids_1,10,39660,39750,work,39
10,vp10/run2_2018-05-24-14-08-46.ids_1,10,39750,39759,work,40
10,vp10/run2_2018-05-24-14-08-46.ids_1,11,39990,40080,final_task,0
10,vp10/run2_2018-05-24-14-08-46.ids_1,11,40080,40170,final_task,1
10,vp10/run2_2018-05-24-14-08-46.ids_1,11,40170,40260,final_task,2
10,vp10/run2_2018-05-24-14-08-46.ids_1,11,40260,40350,final_task,3
10,vp10/run2_2018-05-24-14-08-46.ids_1,11,40350,40440,final_task,4
10,vp10/run2_2018-05-24-14-08-46.ids_1,11,40440,40530,final_task,5
10,vp10/run2_2018-05-24-14-08-46.ids_1,11,40530,40620,final_task,6
10,vp10/run2_2018-05-24-14-08-46.ids_1,11,40620,40710,final_task,7
10,vp10/run2_2018-05-24-14-08-46.ids_1,11,40710,40800,final_task,8
10,vp10/run2_2018-05-24-14-08-46.ids_1,11,40800,40890,final_task,9
10,vp10/run2_2018-05-24-14-08-46.ids_1,11,40890,40980,final_task,10
10,vp10/run2_2018-05-24-14-08-46.ids_1,11,40980,41070,final_task,11
10,vp10/run2_2018-05-24-14-08-46.ids_1,11,41070,41160,final_task,12
10,vp10/run2_2018-05-24-14-08-46.ids_1,11,41160,41220,final_task,13
12,vp12/run1_2018-05-24-15-44-28.ids_1,0,0,90,fasten_seat_belt,0
12,vp12/run1_2018-05-24-15-44-28.ids_1,0,90,180,fasten_seat_belt,1
12,vp12/run1_2018-05-24-15-44-28.ids_1,0,180,270,fasten_seat_belt,2
12,vp12/run1_2018-05-24-15-44-28.ids_1,0,270,360,fasten_seat_belt,3
12,vp12/run1_2018-05-24-15-44-28.ids_1,0,360,450,fasten_seat_belt,4
12,vp12/run1_2018-05-24-15-44-28.ids_1,0,450,519,fasten_seat_belt,5
12,vp12/run1_2018-05-24-15-44-28.ids_1,1,5910,6000,hand_over,0
12,vp12/run1_2018-05-24-15-44-28.ids_1,1,6000,6090,hand_over,1
12,vp12/run1_2018-05-24-15-44-28.ids_1,1,6090,6180,hand_over,2
12,vp12/run1_2018-05-24-15-44-28.ids_1,1,6180,6270,hand_over,3
12,vp12/run1_2018-05-24-15-44-28.ids_1,1,6270,6279,hand_over,4
12,vp12/run1_2018-05-24-15-44-28.ids_1,2,6480,6570,put_on_jacket,0
12,vp12/run1_2018-05-24-15-44-28.ids_1,2,6570,6660,put_on_jacket,1
12,vp12/run1_2018-05-24-15-44-28.ids_1,2,6660,6750,put_on_jacket,2
12,vp12/run1_2018-05-24-15-44-28.ids_1,2,6750,6840,put_on_jacket,3
12,vp12/run1_2018-05-24-15-44-28.ids_1,2,6840,6930,put_on_jacket,4
12,vp12/run1_2018-05-24-15-44-28.ids_1,2,6930,7020,put_on_jacket,5
12,vp12/run1_2018-05-24-15-44-28.ids_1,2,7020,7110,put_on_jacket,6
12,vp12/run1_2018-05-24-15-44-28.ids_1,2,7110,7200,put_on_jacket,7
12,vp12/run1_2018-05-24-15-44-28.ids_1,2,7200,7290,put_on_jacket,8
12,vp12/run1_2018-05-24-15-44-28.ids_1,2,7290,7380,put_on_jacket,9
12,vp12/run1_2018-05-24-15-44-28.ids_1,2,7380,7470,put_on_jacket,10
12,vp12/run1_2018-05-24-15-44-28.ids_1,2,7470,7560,put_on_jacket,11
12,vp12/run1_2018-05-24-15-44-28.ids_1,2,7560,7650,put_on_jacket,12
12,vp12/run1_2018-05-24-15-44-28.ids_1,2,7650,7740,put_on_jacket,13
12,vp12/run1_2018-05-24-15-44-28.ids_1,2,7740,7830,put_on_jacket,14
12,vp12/run1_2018-05-24-15-44-28.ids_1,2,7830,7920,put_on_jacket,15
12,vp12/run1_2018-05-24-15-44-28.ids_1,2,7920,7959,put_on_jacket,16
12,vp12/run1_2018-05-24-15-44-28.ids_1,3,8160,8250,take_off_jacket,0
12,vp12/run1_2018-05-24-15-44-28.ids_1,3,8250,8340,take_off_jacket,1
12,vp12/run1_2018-05-24-15-44-28.ids_1,3,8340,8430,take_off_jacket,2
12,vp12/run1_2018-05-24-15-44-28.ids_1,3,8430,8520,take_off_jacket,3
12,vp12/run1_2018-05-24-15-44-28.ids_1,3,8520,8610,take_off_jacket,4
12,vp12/run1_2018-05-24-15-44-28.ids_1,3,8610,8700,take_off_jacket,5
12,vp12/run1_2018-05-24-15-44-28.ids_1,3,8700,8790,take_off_jacket,6
12,vp12/run1_2018-05-24-15-44-28.ids_1,3,8790,8880,take_off_jacket,7
12,vp12/run1_2018-05-24-15-44-28.ids_1,3,8880,8970,take_off_jacket,8
12,vp12/run1_2018-05-24-15-44-28.ids_1,3,8970,9060,take_off_jacket,9
12,vp12/run1_2018-05-24-15-44-28.ids_1,3,9060,9150,take_off_jacket,10
12,vp12/run1_2018-05-24-15-44-28.ids_1,3,9150,9240,take_off_jacket,11
12,vp12/run1_2018-05-24-15-44-28.ids_1,3,9240,9330,take_off_jacket,12
12,vp12/run1_2018-05-24-15-44-28.ids_1,3,9330,9369,take_off_jacket,13
12,vp12/run1_2018-05-24-15-44-28.ids_1,4,10470,10560,work,0
12,vp12/run1_2018-05-24-15-44-28.ids_1,4,10560,10650,work,1
12,vp12/run1_2018-05-24-15-44-28.ids_1,4,10650,10740,work,2
12,vp12/run1_2018-05-24-15-44-28.ids_1,4,10740,10830,work,3
12,vp12/run1_2018-05-24-15-44-28.ids_1,4,10830,10920,work,4
12,vp12/run1_2018-05-24-15-44-28.ids_1,4,10920,11010,work,5
12,vp12/run1_2018-05-24-15-44-28.ids_1,4,11010,11100,work,6
12,vp12/run1_2018-05-24-15-44-28.ids_1,4,11100,11190,work,7
12,vp12/run1_2018-05-24-15-44-28.ids_1,4,11190,11280,work,8
12,vp12/run1_2018-05-24-15-44-28.ids_1,4,11280,11370,work,9
12,vp12/run1_2018-05-24-15-44-28.ids_1,4,11370,11460,work,10
12,vp12/run1_2018-05-24-15-44-28.ids_1,4,11460,11550,work,11
12,vp12/run1_2018-05-24-15-44-28.ids_1,4,11550,11640,work,12
12,vp12/run1_2018-05-24-15-44-28.ids_1,4,11640,11730,work,13
12,vp12/run1_2018-05-24-15-44-28.ids_1,4,11730,11820,work,14
12,vp12/run1_2018-05-24-15-44-28.ids_1,4,11820,11910,work,15
12,vp12/run1_2018-05-24-15-44-28.ids_1,4,11910,12000,work,16
12,vp12/run1_2018-05-24-15-44-28.ids_1,4,12000,12090,work,17
12,vp12/run1_2018-05-24-15-44-28.ids_1,4,12090,12180,work,18
12,vp12/run1_2018-05-24-15-44-28.ids_1,4,12180,12270,work,19
12,vp12/run1_2018-05-24-15-44-28.ids_1,4,12270,12360,work,20
12,vp12/run1_2018-05-24-15-44-28.ids_1,4,12360,12450,work,21
12,vp12/run1_2018-05-24-15-44-28.ids_1,4,12450,12540,work,22
12,vp12/run1_2018-05-24-15-44-28.ids_1,4,12540,12630,work,23
12,vp12/run1_2018-05-24-15-44-28.ids_1,4,12630,12720,work,24
12,vp12/run1_2018-05-24-15-44-28.ids_1,4,12720,12810,work,25
12,vp12/run1_2018-05-24-15-44-28.ids_1,4,12810,12900,work,26
12,vp12/run1_2018-05-24-15-44-28.ids_1,4,12900,12990,work,27
12,vp12/run1_2018-05-24-15-44-28.ids_1,4,12990,13080,work,28
12,vp12/run1_2018-05-24-15-44-28.ids_1,4,13080,13170,work,29
12,vp12/run1_2018-05-24-15-44-28.ids_1,4,13170,13260,work,30
12,vp12/run1_2018-05-24-15-44-28.ids_1,4,13260,13350,work,31
12,vp12/run1_2018-05-24-15-44-28.ids_1,4,13350,13440,work,32
12,vp12/run1_2018-05-24-15-44-28.ids_1,4,13440,13530,work,33
12,vp12/run1_2018-05-24-15-44-28.ids_1,4,13530,13620,work,34
12,vp12/run1_2018-05-24-15-44-28.ids_1,4,13620,13710,work,35
12,vp12/run1_2018-05-24-15-44-28.ids_1,4,13710,13800,work,36
12,vp12/run1_2018-05-24-15-44-28.ids_1,4,13800,13890,work,37
12,vp12/run1_2018-05-24-15-44-28.ids_1,4,13890,13980,work,38
12,vp12/run1_2018-05-24-15-44-28.ids_1,4,13980,14070,work,39
12,vp12/run1_2018-05-24-15-44-28.ids_1,4,14070,14160,work,40
12,vp12/run1_2018-05-24-15-44-28.ids_1,4,14160,14250,work,41
12,vp12/run1_2018-05-24-15-44-28.ids_1,4,14250,14340,work,42
12,vp12/run1_2018-05-24-15-44-28.ids_1,4,14340,14430,work,43
12,vp12/run1_2018-05-24-15-44-28.ids_1,4,14430,14520,work,44
12,vp12/run1_2018-05-24-15-44-28.ids_1,4,14520,14610,work,45
12,vp12/run1_2018-05-24-15-44-28.ids_1,4,14610,14700,work,46
12,vp12/run1_2018-05-24-15-44-28.ids_1,4,14700,14790,work,47
12,vp12/run1_2018-05-24-15-44-28.ids_1,4,14790,14880,work,48
12,vp12/run1_2018-05-24-15-44-28.ids_1,4,14880,14970,work,49
12,vp12/run1_2018-05-24-15-44-28.ids_1,4,14970,15060,work,50
12,vp12/run1_2018-05-24-15-44-28.ids_1,4,15060,15099,work,51
12,vp12/run1_2018-05-24-15-44-28.ids_1,5,16140,16230,watch_video,0
12,vp12/run1_2018-05-24-15-44-28.ids_1,5,16230,16320,watch_video,1
12,vp12/run1_2018-05-24-15-44-28.ids_1,5,16320,16410,watch_video,2
12,vp12/run1_2018-05-24-15-44-28.ids_1,5,16410,16500,watch_video,3
12,vp12/run1_2018-05-24-15-44-28.ids_1,5,16500,16590,watch_video,4
12,vp12/run1_2018-05-24-15-44-28.ids_1,5,16590,16680,watch_video,5
12,vp12/run1_2018-05-24-15-44-28.ids_1,5,16680,16770,watch_video,6
12,vp12/run1_2018-05-24-15-44-28.ids_1,5,16770,16860,watch_video,7
12,vp12/run1_2018-05-24-15-44-28.ids_1,5,16860,16950,watch_video,8
12,vp12/run1_2018-05-24-15-44-28.ids_1,5,16950,17040,watch_video,9
12,vp12/run1_2018-05-24-15-44-28.ids_1,5,17040,17130,watch_video,10
12,vp12/run1_2018-05-24-15-44-28.ids_1,5,17130,17220,watch_video,11
12,vp12/run1_2018-05-24-15-44-28.ids_1,5,17220,17310,watch_video,12
12,vp12/run1_2018-05-24-15-44-28.ids_1,5,17310,17400,watch_video,13
12,vp12/run1_2018-05-24-15-44-28.ids_1,5,17400,17490,watch_video,14
12,vp12/run1_2018-05-24-15-44-28.ids_1,5,17490,17580,watch_video,15
12,vp12/run1_2018-05-24-15-44-28.ids_1,5,17580,17670,watch_video,16
12,vp12/run1_2018-05-24-15-44-28.ids_1,5,17670,17760,watch_video,17
12,vp12/run1_2018-05-24-15-44-28.ids_1,5,17760,17850,watch_video,18
12,vp12/run1_2018-05-24-15-44-28.ids_1,5,17850,17940,watch_video,19
12,vp12/run1_2018-05-24-15-44-28.ids_1,5,17940,18030,watch_video,20
12,vp12/run1_2018-05-24-15-44-28.ids_1,5,18030,18120,watch_video,21
12,vp12/run1_2018-05-24-15-44-28.ids_1,5,18120,18210,watch_video,22
12,vp12/run1_2018-05-24-15-44-28.ids_1,5,18210,18300,watch_video,23
12,vp12/run1_2018-05-24-15-44-28.ids_1,5,18300,18390,watch_video,24
12,vp12/run1_2018-05-24-15-44-28.ids_1,5,18390,18480,watch_video,25
12,vp12/run1_2018-05-24-15-44-28.ids_1,5,18480,18570,watch_video,26
12,vp12/run1_2018-05-24-15-44-28.ids_1,5,18570,18660,watch_video,27
12,vp12/run1_2018-05-24-15-44-28.ids_1,5,18660,18750,watch_video,28
12,vp12/run1_2018-05-24-15-44-28.ids_1,5,18750,18840,watch_video,29
12,vp12/run1_2018-05-24-15-44-28.ids_1,5,18840,18930,watch_video,30
12,vp12/run1_2018-05-24-15-44-28.ids_1,5,18930,19020,watch_video,31
12,vp12/run1_2018-05-24-15-44-28.ids_1,5,19020,19110,watch_video,32
12,vp12/run1_2018-05-24-15-44-28.ids_1,5,19110,19200,watch_video,33
12,vp12/run1_2018-05-24-15-44-28.ids_1,5,19200,19290,watch_video,34
12,vp12/run1_2018-05-24-15-44-28.ids_1,5,19290,19380,watch_video,35
12,vp12/run1_2018-05-24-15-44-28.ids_1,5,19380,19470,watch_video,36
12,vp12/run1_2018-05-24-15-44-28.ids_1,5,19470,19560,watch_video,37
12,vp12/run1_2018-05-24-15-44-28.ids_1,5,19560,19650,watch_video,38
12,vp12/run1_2018-05-24-15-44-28.ids_1,5,19650,19740,watch_video,39
12,vp12/run1_2018-05-24-15-44-28.ids_1,5,19740,19830,watch_video,40
12,vp12/run1_2018-05-24-15-44-28.ids_1,5,19830,19920,watch_video,41
12,vp12/run1_2018-05-24-15-44-28.ids_1,5,19920,20010,watch_video,42
12,vp12/run1_2018-05-24-15-44-28.ids_1,5,20010,20100,watch_video,43
12,vp12/run1_2018-05-24-15-44-28.ids_1,5,20100,20190,watch_video,44
12,vp12/run1_2018-05-24-15-44-28.ids_1,5,20190,20280,watch_video,45
12,vp12/run1_2018-05-24-15-44-28.ids_1,5,20280,20370,watch_video,46
12,vp12/run1_2018-05-24-15-44-28.ids_1,5,20370,20460,watch_video,47
12,vp12/run1_2018-05-24-15-44-28.ids_1,5,20460,20550,watch_video,48
12,vp12/run1_2018-05-24-15-44-28.ids_1,5,20550,20640,watch_video,49
12,vp12/run1_2018-05-24-15-44-28.ids_1,5,20640,20730,watch_video,50
12,vp12/run1_2018-05-24-15-44-28.ids_1,5,20730,20820,watch_video,51
12,vp12/run1_2018-05-24-15-44-28.ids_1,5,20820,20910,watch_video,52
12,vp12/run1_2018-05-24-15-44-28.ids_1,5,20910,21000,watch_video,53
12,vp12/run1_2018-05-24-15-44-28.ids_1,5,21000,21090,watch_video,54
12,vp12/run1_2018-05-24-15-44-28.ids_1,5,21090,21180,watch_video,55
12,vp12/run1_2018-05-24-15-44-28.ids_1,5,21180,21270,watch_video,56
12,vp12/run1_2018-05-24-15-44-28.ids_1,5,21270,21360,watch_video,57
12,vp12/run1_2018-05-24-15-44-28.ids_1,5,21360,21450,watch_video,58
12,vp12/run1_2018-05-24-15-44-28.ids_1,5,21450,21540,watch_video,59
12,vp12/run1_2018-05-24-15-44-28.ids_1,5,21540,21630,watch_video,60
12,vp12/run1_2018-05-24-15-44-28.ids_1,5,21630,21720,watch_video,61
12,vp12/run1_2018-05-24-15-44-28.ids_1,5,21720,21810,watch_video,62
12,vp12/run1_2018-05-24-15-44-28.ids_1,5,21810,21900,watch_video,63
12,vp12/run1_2018-05-24-15-44-28.ids_1,5,21900,21990,watch_video,64
12,vp12/run1_2018-05-24-15-44-28.ids_1,5,21990,22080,watch_video,65
12,vp12/run1_2018-05-24-15-44-28.ids_1,5,22080,22170,watch_video,66
12,vp12/run1_2018-05-24-15-44-28.ids_1,5,22170,22260,watch_video,67
12,vp12/run1_2018-05-24-15-44-28.ids_1,5,22260,22350,watch_video,68
12,vp12/run1_2018-05-24-15-44-28.ids_1,5,22350,22440,watch_video,69
12,vp12/run1_2018-05-24-15-44-28.ids_1,5,22440,22479,watch_video,70
12,vp12/run1_2018-05-24-15-44-28.ids_1,6,23070,23160,read_write_magazine,0
12,vp12/run1_2018-05-24-15-44-28.ids_1,6,23160,23250,read_write_magazine,1
12,vp12/run1_2018-05-24-15-44-28.ids_1,6,23250,23340,read_write_magazine,2
12,vp12/run1_2018-05-24-15-44-28.ids_1,6,23340,23430,read_write_magazine,3
12,vp12/run1_2018-05-24-15-44-28.ids_1,6,23430,23520,read_write_magazine,4
12,vp12/run1_2018-05-24-15-44-28.ids_1,6,23520,23610,read_write_magazine,5
12,vp12/run1_2018-05-24-15-44-28.ids_1,6,23610,23700,read_write_magazine,6
12,vp12/run1_2018-05-24-15-44-28.ids_1,6,23700,23790,read_write_magazine,7
12,vp12/run1_2018-05-24-15-44-28.ids_1,6,23790,23880,read_write_magazine,8
12,vp12/run1_2018-05-24-15-44-28.ids_1,6,23880,23970,read_write_magazine,9
12,vp12/run1_2018-05-24-15-44-28.ids_1,6,23970,24060,read_write_magazine,10
12,vp12/run1_2018-05-24-15-44-28.ids_1,6,24060,24150,read_write_magazine,11
12,vp12/run1_2018-05-24-15-44-28.ids_1,6,24150,24240,read_write_magazine,12
12,vp12/run1_2018-05-24-15-44-28.ids_1,6,24240,24330,read_write_magazine,13
12,vp12/run1_2018-05-24-15-44-28.ids_1,6,24330,24420,read_write_magazine,14
12,vp12/run1_2018-05-24-15-44-28.ids_1,6,24420,24510,read_write_magazine,15
12,vp12/run1_2018-05-24-15-44-28.ids_1,6,24510,24600,read_write_magazine,16
12,vp12/run1_2018-05-24-15-44-28.ids_1,6,24600,24690,read_write_magazine,17
12,vp12/run1_2018-05-24-15-44-28.ids_1,6,24690,24780,read_write_magazine,18
12,vp12/run1_2018-05-24-15-44-28.ids_1,6,24780,24870,read_write_magazine,19
12,vp12/run1_2018-05-24-15-44-28.ids_1,6,24870,24960,read_write_magazine,20
12,vp12/run1_2018-05-24-15-44-28.ids_1,6,24960,25050,read_write_magazine,21
12,vp12/run1_2018-05-24-15-44-28.ids_1,6,25050,25140,read_write_magazine,22
12,vp12/run1_2018-05-24-15-44-28.ids_1,6,25140,25230,read_write_magazine,23
12,vp12/run1_2018-05-24-15-44-28.ids_1,6,25230,25320,read_write_magazine,24
12,vp12/run1_2018-05-24-15-44-28.ids_1,6,25320,25410,read_write_magazine,25
12,vp12/run1_2018-05-24-15-44-28.ids_1,6,25410,25500,read_write_magazine,26
12,vp12/run1_2018-05-24-15-44-28.ids_1,6,25500,25590,read_write_magazine,27
12,vp12/run1_2018-05-24-15-44-28.ids_1,6,25590,25680,read_write_magazine,28
12,vp12/run1_2018-05-24-15-44-28.ids_1,6,25680,25770,read_write_magazine,29
12,vp12/run1_2018-05-24-15-44-28.ids_1,6,25770,25860,read_write_magazine,30
12,vp12/run1_2018-05-24-15-44-28.ids_1,6,25860,25950,read_write_magazine,31
12,vp12/run1_2018-05-24-15-44-28.ids_1,6,25950,26040,read_write_magazine,32
12,vp12/run1_2018-05-24-15-44-28.ids_1,6,26040,26130,read_write_magazine,33
12,vp12/run1_2018-05-24-15-44-28.ids_1,6,26130,26220,read_write_magazine,34
12,vp12/run1_2018-05-24-15-44-28.ids_1,6,26220,26310,read_write_magazine,35
12,vp12/run1_2018-05-24-15-44-28.ids_1,6,26310,26379,read_write_magazine,36
12,vp12/run1_2018-05-24-15-44-28.ids_1,7,26580,26670,put_on_sunglasses,0
12,vp12/run1_2018-05-24-15-44-28.ids_1,7,26670,26760,put_on_sunglasses,1
12,vp12/run1_2018-05-24-15-44-28.ids_1,7,26760,26850,put_on_sunglasses,2
12,vp12/run1_2018-05-24-15-44-28.ids_1,7,26850,26940,put_on_sunglasses,3
12,vp12/run1_2018-05-24-15-44-28.ids_1,7,26940,27009,put_on_sunglasses,4
12,vp12/run1_2018-05-24-15-44-28.ids_1,8,27990,28080,take_off_sunglasses,0
12,vp12/run1_2018-05-24-15-44-28.ids_1,8,28080,28170,take_off_sunglasses,1
12,vp12/run1_2018-05-24-15-44-28.ids_1,8,28170,28260,take_off_sunglasses,2
12,vp12/run1_2018-05-24-15-44-28.ids_1,8,28260,28269,take_off_sunglasses,3
12,vp12/run1_2018-05-24-15-44-28.ids_1,9,29100,29190,eat_drink,0
12,vp12/run1_2018-05-24-15-44-28.ids_1,9,29190,29280,eat_drink,1
12,vp12/run1_2018-05-24-15-44-28.ids_1,9,29280,29370,eat_drink,2
12,vp12/run1_2018-05-24-15-44-28.ids_1,9,29370,29460,eat_drink,3
12,vp12/run1_2018-05-24-15-44-28.ids_1,9,29460,29550,eat_drink,4
12,vp12/run1_2018-05-24-15-44-28.ids_1,9,29550,29640,eat_drink,5
12,vp12/run1_2018-05-24-15-44-28.ids_1,9,29640,29730,eat_drink,6
12,vp12/run1_2018-05-24-15-44-28.ids_1,9,29730,29820,eat_drink,7
12,vp12/run1_2018-05-24-15-44-28.ids_1,9,29820,29910,eat_drink,8
12,vp12/run1_2018-05-24-15-44-28.ids_1,9,29910,30000,eat_drink,9
12,vp12/run1_2018-05-24-15-44-28.ids_1,9,30000,30090,eat_drink,10
12,vp12/run1_2018-05-24-15-44-28.ids_1,9,30090,30180,eat_drink,11
12,vp12/run1_2018-05-24-15-44-28.ids_1,9,30180,30270,eat_drink,12
12,vp12/run1_2018-05-24-15-44-28.ids_1,9,30270,30360,eat_drink,13
12,vp12/run1_2018-05-24-15-44-28.ids_1,9,30360,30450,eat_drink,14
12,vp12/run1_2018-05-24-15-44-28.ids_1,9,30450,30540,eat_drink,15
12,vp12/run1_2018-05-24-15-44-28.ids_1,9,30540,30630,eat_drink,16
12,vp12/run1_2018-05-24-15-44-28.ids_1,9,30630,30720,eat_drink,17
12,vp12/run1_2018-05-24-15-44-28.ids_1,9,30720,30810,eat_drink,18
12,vp12/run1_2018-05-24-15-44-28.ids_1,9,30810,30900,eat_drink,19
12,vp12/run1_2018-05-24-15-44-28.ids_1,9,30900,30990,eat_drink,20
12,vp12/run1_2018-05-24-15-44-28.ids_1,9,30990,31080,eat_drink,21
12,vp12/run1_2018-05-24-15-44-28.ids_1,9,31080,31170,eat_drink,22
12,vp12/run1_2018-05-24-15-44-28.ids_1,9,31170,31260,eat_drink,23
12,vp12/run1_2018-05-24-15-44-28.ids_1,9,31260,31350,eat_drink,24
12,vp12/run1_2018-05-24-15-44-28.ids_1,9,31350,31440,eat_drink,25
12,vp12/run1_2018-05-24-15-44-28.ids_1,9,31440,31530,eat_drink,26
12,vp12/run1_2018-05-24-15-44-28.ids_1,9,31530,31620,eat_drink,27
12,vp12/run1_2018-05-24-15-44-28.ids_1,9,31620,31710,eat_drink,28
12,vp12/run1_2018-05-24-15-44-28.ids_1,9,31710,31800,eat_drink,29
12,vp12/run1_2018-05-24-15-44-28.ids_1,9,31800,31890,eat_drink,30
12,vp12/run1_2018-05-24-15-44-28.ids_1,9,31890,31980,eat_drink,31
12,vp12/run1_2018-05-24-15-44-28.ids_1,9,31980,32070,eat_drink,32
12,vp12/run1_2018-05-24-15-44-28.ids_1,9,32070,32160,eat_drink,33
12,vp12/run1_2018-05-24-15-44-28.ids_1,9,32160,32250,eat_drink,34
12,vp12/run1_2018-05-24-15-44-28.ids_1,9,32250,32259,eat_drink,35
12,vp12/run1_2018-05-24-15-44-28.ids_1,10,32460,32550,read_write_newspaper,0
12,vp12/run1_2018-05-24-15-44-28.ids_1,10,32550,32640,read_write_newspaper,1
12,vp12/run1_2018-05-24-15-44-28.ids_1,10,32640,32730,read_write_newspaper,2
12,vp12/run1_2018-05-24-15-44-28.ids_1,10,32730,32820,read_write_newspaper,3
12,vp12/run1_2018-05-24-15-44-28.ids_1,10,32820,32910,read_write_newspaper,4
12,vp12/run1_2018-05-24-15-44-28.ids_1,10,32910,33000,read_write_newspaper,5
12,vp12/run1_2018-05-24-15-44-28.ids_1,10,33000,33090,read_write_newspaper,6
12,vp12/run1_2018-05-24-15-44-28.ids_1,10,33090,33180,read_write_newspaper,7
12,vp12/run1_2018-05-24-15-44-28.ids_1,10,33180,33270,read_write_newspaper,8
12,vp12/run1_2018-05-24-15-44-28.ids_1,10,33270,33360,read_write_newspaper,9
12,vp12/run1_2018-05-24-15-44-28.ids_1,10,33360,33450,read_write_newspaper,10
12,vp12/run1_2018-05-24-15-44-28.ids_1,10,33450,33540,read_write_newspaper,11
12,vp12/run1_2018-05-24-15-44-28.ids_1,10,33540,33630,read_write_newspaper,12
12,vp12/run1_2018-05-24-15-44-28.ids_1,10,33630,33720,read_write_newspaper,13
12,vp12/run1_2018-05-24-15-44-28.ids_1,10,33720,33810,read_write_newspaper,14
12,vp12/run1_2018-05-24-15-44-28.ids_1,10,33810,33900,read_write_newspaper,15
12,vp12/run1_2018-05-24-15-44-28.ids_1,10,33900,33990,read_write_newspaper,16
12,vp12/run1_2018-05-24-15-44-28.ids_1,10,33990,34080,read_write_newspaper,17
12,vp12/run1_2018-05-24-15-44-28.ids_1,10,34080,34170,read_write_newspaper,18
12,vp12/run1_2018-05-24-15-44-28.ids_1,10,34170,34260,read_write_newspaper,19
12,vp12/run1_2018-05-24-15-44-28.ids_1,10,34260,34350,read_write_newspaper,20
12,vp12/run1_2018-05-24-15-44-28.ids_1,10,34350,34440,read_write_newspaper,21
12,vp12/run1_2018-05-24-15-44-28.ids_1,10,34440,34530,read_write_newspaper,22
12,vp12/run1_2018-05-24-15-44-28.ids_1,10,34530,34620,read_write_newspaper,23
12,vp12/run1_2018-05-24-15-44-28.ids_1,10,34620,34710,read_write_newspaper,24
12,vp12/run1_2018-05-24-15-44-28.ids_1,10,34710,34800,read_write_newspaper,25
12,vp12/run1_2018-05-24-15-44-28.ids_1,10,34800,34890,read_write_newspaper,26
12,vp12/run1_2018-05-24-15-44-28.ids_1,10,34890,34980,read_write_newspaper,27
12,vp12/run1_2018-05-24-15-44-28.ids_1,10,34980,35070,read_write_newspaper,28
12,vp12/run1_2018-05-24-15-44-28.ids_1,10,35070,35160,read_write_newspaper,29
12,vp12/run1_2018-05-24-15-44-28.ids_1,10,35160,35250,read_write_newspaper,30
12,vp12/run1_2018-05-24-15-44-28.ids_1,10,35250,35259,read_write_newspaper,31
12,vp12/run1_2018-05-24-15-44-28.ids_1,11,38280,38370,final_task,0
12,vp12/run1_2018-05-24-15-44-28.ids_1,11,38370,38460,final_task,1
12,vp12/run1_2018-05-24-15-44-28.ids_1,11,38460,38550,final_task,2
12,vp12/run1_2018-05-24-15-44-28.ids_1,11,38550,38640,final_task,3
12,vp12/run1_2018-05-24-15-44-28.ids_1,11,38640,38730,final_task,4
12,vp12/run1_2018-05-24-15-44-28.ids_1,11,38730,38820,final_task,5
12,vp12/run1_2018-05-24-15-44-28.ids_1,11,38820,38910,final_task,6
12,vp12/run1_2018-05-24-15-44-28.ids_1,11,38910,39000,final_task,7
12,vp12/run1_2018-05-24-15-44-28.ids_1,11,39000,39090,final_task,8
12,vp12/run1_2018-05-24-15-44-28.ids_1,11,39090,39180,final_task,9
12,vp12/run1_2018-05-24-15-44-28.ids_1,11,39180,39270,final_task,10
12,vp12/run1_2018-05-24-15-44-28.ids_1,11,39270,39360,final_task,11
12,vp12/run1_2018-05-24-15-44-28.ids_1,11,39360,39450,final_task,12
12,vp12/run1_2018-05-24-15-44-28.ids_1,11,39450,39540,final_task,13
12,vp12/run2_2018-05-24-16-21-35.ids_1,0,0,90,fasten_seat_belt,0
12,vp12/run2_2018-05-24-16-21-35.ids_1,0,90,180,fasten_seat_belt,1
12,vp12/run2_2018-05-24-16-21-35.ids_1,0,180,270,fasten_seat_belt,2
12,vp12/run2_2018-05-24-16-21-35.ids_1,0,270,360,fasten_seat_belt,3
12,vp12/run2_2018-05-24-16-21-35.ids_1,0,360,450,fasten_seat_belt,4
12,vp12/run2_2018-05-24-16-21-35.ids_1,0,450,540,fasten_seat_belt,5
12,vp12/run2_2018-05-24-16-21-35.ids_1,0,540,630,fasten_seat_belt,6
12,vp12/run2_2018-05-24-16-21-35.ids_1,0,630,720,fasten_seat_belt,7
12,vp12/run2_2018-05-24-16-21-35.ids_1,0,720,810,fasten_seat_belt,8
12,vp12/run2_2018-05-24-16-21-35.ids_1,0,810,900,fasten_seat_belt,9
12,vp12/run2_2018-05-24-16-21-35.ids_1,0,900,990,fasten_seat_belt,10
12,vp12/run2_2018-05-24-16-21-35.ids_1,0,990,1080,fasten_seat_belt,11
12,vp12/run2_2018-05-24-16-21-35.ids_1,0,1080,1170,fasten_seat_belt,12
12,vp12/run2_2018-05-24-16-21-35.ids_1,0,1170,1227,fasten_seat_belt,13
12,vp12/run2_2018-05-24-16-21-35.ids_1,1,6281,6371,eat_drink,0
12,vp12/run2_2018-05-24-16-21-35.ids_1,1,6371,6461,eat_drink,1
12,vp12/run2_2018-05-24-16-21-35.ids_1,1,6461,6551,eat_drink,2
12,vp12/run2_2018-05-24-16-21-35.ids_1,1,6551,6641,eat_drink,3
12,vp12/run2_2018-05-24-16-21-35.ids_1,1,6641,6731,eat_drink,4
12,vp12/run2_2018-05-24-16-21-35.ids_1,1,6731,6821,eat_drink,5
12,vp12/run2_2018-05-24-16-21-35.ids_1,1,6821,6911,eat_drink,6
12,vp12/run2_2018-05-24-16-21-35.ids_1,1,6911,7001,eat_drink,7
12,vp12/run2_2018-05-24-16-21-35.ids_1,1,7001,7091,eat_drink,8
12,vp12/run2_2018-05-24-16-21-35.ids_1,1,7091,7181,eat_drink,9
12,vp12/run2_2018-05-24-16-21-35.ids_1,1,7181,7271,eat_drink,10
12,vp12/run2_2018-05-24-16-21-35.ids_1,1,7271,7361,eat_drink,11
12,vp12/run2_2018-05-24-16-21-35.ids_1,1,7361,7451,eat_drink,12
12,vp12/run2_2018-05-24-16-21-35.ids_1,1,7451,7541,eat_drink,13
12,vp12/run2_2018-05-24-16-21-35.ids_1,1,7541,7631,eat_drink,14
12,vp12/run2_2018-05-24-16-21-35.ids_1,1,7631,7721,eat_drink,15
12,vp12/run2_2018-05-24-16-21-35.ids_1,1,7721,7811,eat_drink,16
12,vp12/run2_2018-05-24-16-21-35.ids_1,1,7811,7901,eat_drink,17
12,vp12/run2_2018-05-24-16-21-35.ids_1,1,7901,7991,eat_drink,18
12,vp12/run2_2018-05-24-16-21-35.ids_1,1,7991,8081,eat_drink,19
12,vp12/run2_2018-05-24-16-21-35.ids_1,1,8081,8171,eat_drink,20
12,vp12/run2_2018-05-24-16-21-35.ids_1,1,8171,8261,eat_drink,21
12,vp12/run2_2018-05-24-16-21-35.ids_1,1,8261,8351,eat_drink,22
12,vp12/run2_2018-05-24-16-21-35.ids_1,1,8351,8441,eat_drink,23
12,vp12/run2_2018-05-24-16-21-35.ids_1,1,8441,8531,eat_drink,24
12,vp12/run2_2018-05-24-16-21-35.ids_1,1,8531,8621,eat_drink,25
12,vp12/run2_2018-05-24-16-21-35.ids_1,1,8621,8711,eat_drink,26
12,vp12/run2_2018-05-24-16-21-35.ids_1,1,8711,8801,eat_drink,27
12,vp12/run2_2018-05-24-16-21-35.ids_1,1,8801,8891,eat_drink,28
12,vp12/run2_2018-05-24-16-21-35.ids_1,1,8891,8981,eat_drink,29
12,vp12/run2_2018-05-24-16-21-35.ids_1,1,8981,9071,eat_drink,30
12,vp12/run2_2018-05-24-16-21-35.ids_1,1,9071,9161,eat_drink,31
12,vp12/run2_2018-05-24-16-21-35.ids_1,1,9161,9251,eat_drink,32
12,vp12/run2_2018-05-24-16-21-35.ids_1,1,9251,9341,eat_drink,33
12,vp12/run2_2018-05-24-16-21-35.ids_1,1,9341,9431,eat_drink,34
12,vp12/run2_2018-05-24-16-21-35.ids_1,1,9431,9521,eat_drink,35
12,vp12/run2_2018-05-24-16-21-35.ids_1,1,9521,9611,eat_drink,36
12,vp12/run2_2018-05-24-16-21-35.ids_1,1,9611,9701,eat_drink,37
12,vp12/run2_2018-05-24-16-21-35.ids_1,1,9701,9791,eat_drink,38
12,vp12/run2_2018-05-24-16-21-35.ids_1,1,9791,9881,eat_drink,39
12,vp12/run2_2018-05-24-16-21-35.ids_1,1,9881,9971,eat_drink,40
12,vp12/run2_2018-05-24-16-21-35.ids_1,1,9971,10061,eat_drink,41
12,vp12/run2_2018-05-24-16-21-35.ids_1,1,10061,10151,eat_drink,42
12,vp12/run2_2018-05-24-16-21-35.ids_1,1,10151,10241,eat_drink,43
12,vp12/run2_2018-05-24-16-21-35.ids_1,1,10241,10331,eat_drink,44
12,vp12/run2_2018-05-24-16-21-35.ids_1,1,10331,10421,eat_drink,45
12,vp12/run2_2018-05-24-16-21-35.ids_1,1,10421,10511,eat_drink,46
12,vp12/run2_2018-05-24-16-21-35.ids_1,1,10511,10601,eat_drink,47
12,vp12/run2_2018-05-24-16-21-35.ids_1,1,10601,10691,eat_drink,48
12,vp12/run2_2018-05-24-16-21-35.ids_1,1,10691,10781,eat_drink,49
12,vp12/run2_2018-05-24-16-21-35.ids_1,1,10781,10871,eat_drink,50
12,vp12/run2_2018-05-24-16-21-35.ids_1,1,10871,10961,eat_drink,51
12,vp12/run2_2018-05-24-16-21-35.ids_1,1,10961,11051,eat_drink,52
12,vp12/run2_2018-05-24-16-21-35.ids_1,1,11051,11141,eat_drink,53
12,vp12/run2_2018-05-24-16-21-35.ids_1,1,11141,11231,eat_drink,54
12,vp12/run2_2018-05-24-16-21-35.ids_1,1,11231,11321,eat_drink,55
12,vp12/run2_2018-05-24-16-21-35.ids_1,1,11321,11411,eat_drink,56
12,vp12/run2_2018-05-24-16-21-35.ids_1,1,11411,11501,eat_drink,57
12,vp12/run2_2018-05-24-16-21-35.ids_1,1,11501,11591,eat_drink,58
12,vp12/run2_2018-05-24-16-21-35.ids_1,1,11591,11681,eat_drink,59
12,vp12/run2_2018-05-24-16-21-35.ids_1,1,11681,11771,eat_drink,60
12,vp12/run2_2018-05-24-16-21-35.ids_1,1,11771,11861,eat_drink,61
12,vp12/run2_2018-05-24-16-21-35.ids_1,1,11861,11951,eat_drink,62
12,vp12/run2_2018-05-24-16-21-35.ids_1,1,11951,12041,eat_drink,63
12,vp12/run2_2018-05-24-16-21-35.ids_1,1,12041,12131,eat_drink,64
12,vp12/run2_2018-05-24-16-21-35.ids_1,1,12131,12221,eat_drink,65
12,vp12/run2_2018-05-24-16-21-35.ids_1,1,12221,12311,eat_drink,66
12,vp12/run2_2018-05-24-16-21-35.ids_1,1,12311,12401,eat_drink,67
12,vp12/run2_2018-05-24-16-21-35.ids_1,1,12401,12491,eat_drink,68
12,vp12/run2_2018-05-24-16-21-35.ids_1,1,12491,12581,eat_drink,69
12,vp12/run2_2018-05-24-16-21-35.ids_1,1,12581,12671,eat_drink,70
12,vp12/run2_2018-05-24-16-21-35.ids_1,1,12671,12761,eat_drink,71
12,vp12/run2_2018-05-24-16-21-35.ids_1,1,12761,12851,eat_drink,72
12,vp12/run2_2018-05-24-16-21-35.ids_1,1,12851,12941,eat_drink,73
12,vp12/run2_2018-05-24-16-21-35.ids_1,1,12941,13031,eat_drink,74
12,vp12/run2_2018-05-24-16-21-35.ids_1,1,13031,13121,eat_drink,75
12,vp12/run2_2018-05-24-16-21-35.ids_1,1,13121,13211,eat_drink,76
12,vp12/run2_2018-05-24-16-21-35.ids_1,1,13211,13301,eat_drink,77
12,vp12/run2_2018-05-24-16-21-35.ids_1,1,13301,13331,eat_drink,78
12,vp12/run2_2018-05-24-16-21-35.ids_1,2,13433,13523,read_write_newspaper,0
12,vp12/run2_2018-05-24-16-21-35.ids_1,2,13523,13613,read_write_newspaper,1
12,vp12/run2_2018-05-24-16-21-35.ids_1,2,13613,13703,read_write_newspaper,2
12,vp12/run2_2018-05-24-16-21-35.ids_1,2,13703,13793,read_write_newspaper,3
12,vp12/run2_2018-05-24-16-21-35.ids_1,2,13793,13883,read_write_newspaper,4
12,vp12/run2_2018-05-24-16-21-35.ids_1,2,13883,13973,read_write_newspaper,5
12,vp12/run2_2018-05-24-16-21-35.ids_1,2,13973,14063,read_write_newspaper,6
12,vp12/run2_2018-05-24-16-21-35.ids_1,2,14063,14153,read_write_newspaper,7
12,vp12/run2_2018-05-24-16-21-35.ids_1,2,14153,14243,read_write_newspaper,8
12,vp12/run2_2018-05-24-16-21-35.ids_1,2,14243,14333,read_write_newspaper,9
12,vp12/run2_2018-05-24-16-21-35.ids_1,2,14333,14423,read_write_newspaper,10
12,vp12/run2_2018-05-24-16-21-35.ids_1,2,14423,14513,read_write_newspaper,11
12,vp12/run2_2018-05-24-16-21-35.ids_1,2,14513,14603,read_write_newspaper,12
12,vp12/run2_2018-05-24-16-21-35.ids_1,2,14603,14693,read_write_newspaper,13
12,vp12/run2_2018-05-24-16-21-35.ids_1,2,14693,14783,read_write_newspaper,14
12,vp12/run2_2018-05-24-16-21-35.ids_1,2,14783,14873,read_write_newspaper,15
12,vp12/run2_2018-05-24-16-21-35.ids_1,2,14873,14963,read_write_newspaper,16
12,vp12/run2_2018-05-24-16-21-35.ids_1,2,14963,15053,read_write_newspaper,17
12,vp12/run2_2018-05-24-16-21-35.ids_1,2,15053,15143,read_write_newspaper,18
12,vp12/run2_2018-05-24-16-21-35.ids_1,2,15143,15233,read_write_newspaper,19
12,vp12/run2_2018-05-24-16-21-35.ids_1,2,15233,15323,read_write_newspaper,20
12,vp12/run2_2018-05-24-16-21-35.ids_1,2,15323,15413,read_write_newspaper,21
12,vp12/run2_2018-05-24-16-21-35.ids_1,2,15413,15503,read_write_newspaper,22
12,vp12/run2_2018-05-24-16-21-35.ids_1,2,15503,15593,read_write_newspaper,23
12,vp12/run2_2018-05-24-16-21-35.ids_1,2,15593,15683,read_write_newspaper,24
12,vp12/run2_2018-05-24-16-21-35.ids_1,2,15683,15773,read_write_newspaper,25
12,vp12/run2_2018-05-24-16-21-35.ids_1,2,15773,15863,read_write_newspaper,26
12,vp12/run2_2018-05-24-16-21-35.ids_1,2,15863,15953,read_write_newspaper,27
12,vp12/run2_2018-05-24-16-21-35.ids_1,2,15953,16043,read_write_newspaper,28
12,vp12/run2_2018-05-24-16-21-35.ids_1,2,16043,16133,read_write_newspaper,29
12,vp12/run2_2018-05-24-16-21-35.ids_1,2,16133,16223,read_write_newspaper,30
12,vp12/run2_2018-05-24-16-21-35.ids_1,2,16223,16313,read_write_newspaper,31
12,vp12/run2_2018-05-24-16-21-35.ids_1,2,16313,16403,read_write_newspaper,32
12,vp12/run2_2018-05-24-16-21-35.ids_1,2,16403,16493,read_write_newspaper,33
12,vp12/run2_2018-05-24-16-21-35.ids_1,2,16493,16583,read_write_newspaper,34
12,vp12/run2_2018-05-24-16-21-35.ids_1,2,16583,16673,read_write_newspaper,35
12,vp12/run2_2018-05-24-16-21-35.ids_1,2,16673,16759,read_write_newspaper,36
12,vp12/run2_2018-05-24-16-21-35.ids_1,3,16956,17046,take_off_sunglasses,0
12,vp12/run2_2018-05-24-16-21-35.ids_1,3,17046,17136,take_off_sunglasses,1
12,vp12/run2_2018-05-24-16-21-35.ids_1,3,17136,17226,take_off_sunglasses,2
12,vp12/run2_2018-05-24-16-21-35.ids_1,3,17226,17316,take_off_sunglasses,3
12,vp12/run2_2018-05-24-16-21-35.ids_1,3,17316,17406,take_off_sunglasses,4
12,vp12/run2_2018-05-24-16-21-35.ids_1,3,17406,17496,take_off_sunglasses,5
12,vp12/run2_2018-05-24-16-21-35.ids_1,3,17496,17542,take_off_sunglasses,6
12,vp12/run2_2018-05-24-16-21-35.ids_1,4,18291,18381,put_on_jacket,0
12,vp12/run2_2018-05-24-16-21-35.ids_1,4,18381,18471,put_on_jacket,1
12,vp12/run2_2018-05-24-16-21-35.ids_1,4,18471,18561,put_on_jacket,2
12,vp12/run2_2018-05-24-16-21-35.ids_1,4,18561,18651,put_on_jacket,3
12,vp12/run2_2018-05-24-16-21-35.ids_1,4,18651,18741,put_on_jacket,4
12,vp12/run2_2018-05-24-16-21-35.ids_1,4,18741,18831,put_on_jacket,5
12,vp12/run2_2018-05-24-16-21-35.ids_1,4,18831,18921,put_on_jacket,6
12,vp12/run2_2018-05-24-16-21-35.ids_1,4,18921,19011,put_on_jacket,7
12,vp12/run2_2018-05-24-16-21-35.ids_1,4,19011,19101,put_on_jacket,8
12,vp12/run2_2018-05-24-16-21-35.ids_1,4,19101,19191,put_on_jacket,9
12,vp12/run2_2018-05-24-16-21-35.ids_1,4,19191,19281,put_on_jacket,10
12,vp12/run2_2018-05-24-16-21-35.ids_1,4,19281,19371,put_on_jacket,11
12,vp12/run2_2018-05-24-16-21-35.ids_1,4,19371,19461,put_on_jacket,12
12,vp12/run2_2018-05-24-16-21-35.ids_1,4,19461,19551,put_on_jacket,13
12,vp12/run2_2018-05-24-16-21-35.ids_1,4,19551,19641,put_on_jacket,14
12,vp12/run2_2018-05-24-16-21-35.ids_1,4,19641,19731,put_on_jacket,15
12,vp12/run2_2018-05-24-16-21-35.ids_1,4,19731,19821,put_on_jacket,16
12,vp12/run2_2018-05-24-16-21-35.ids_1,4,19821,19911,put_on_jacket,17
12,vp12/run2_2018-05-24-16-21-35.ids_1,4,19911,20001,put_on_jacket,18
12,vp12/run2_2018-05-24-16-21-35.ids_1,4,20001,20057,put_on_jacket,19
12,vp12/run2_2018-05-24-16-21-35.ids_1,5,20856,20946,work,0
12,vp12/run2_2018-05-24-16-21-35.ids_1,5,20946,21036,work,1
12,vp12/run2_2018-05-24-16-21-35.ids_1,5,21036,21126,work,2
12,vp12/run2_2018-05-24-16-21-35.ids_1,5,21126,21216,work,3
12,vp12/run2_2018-05-24-16-21-35.ids_1,5,21216,21306,work,4
12,vp12/run2_2018-05-24-16-21-35.ids_1,5,21306,21396,work,5
12,vp12/run2_2018-05-24-16-21-35.ids_1,5,21396,21486,work,6
12,vp12/run2_2018-05-24-16-21-35.ids_1,5,21486,21576,work,7
12,vp12/run2_2018-05-24-16-21-35.ids_1,5,21576,21666,work,8
12,vp12/run2_2018-05-24-16-21-35.ids_1,5,21666,21756,work,9
12,vp12/run2_2018-05-24-16-21-35.ids_1,5,21756,21846,work,10
12,vp12/run2_2018-05-24-16-21-35.ids_1,5,21846,21936,work,11
12,vp12/run2_2018-05-24-16-21-35.ids_1,5,21936,22026,work,12
12,vp12/run2_2018-05-24-16-21-35.ids_1,5,22026,22116,work,13
12,vp12/run2_2018-05-24-16-21-35.ids_1,5,22116,22206,work,14
12,vp12/run2_2018-05-24-16-21-35.ids_1,5,22206,22296,work,15
12,vp12/run2_2018-05-24-16-21-35.ids_1,5,22296,22386,work,16
12,vp12/run2_2018-05-24-16-21-35.ids_1,5,22386,22436,work,17
12,vp12/run2_2018-05-24-16-21-35.ids_1,6,23067,23157,read_write_magazine,0
12,vp12/run2_2018-05-24-16-21-35.ids_1,6,23157,23247,read_write_magazine,1
12,vp12/run2_2018-05-24-16-21-35.ids_1,6,23247,23337,read_write_magazine,2
12,vp12/run2_2018-05-24-16-21-35.ids_1,6,23337,23427,read_write_magazine,3
12,vp12/run2_2018-05-24-16-21-35.ids_1,6,23427,23517,read_write_magazine,4
12,vp12/run2_2018-05-24-16-21-35.ids_1,6,23517,23607,read_write_magazine,5
12,vp12/run2_2018-05-24-16-21-35.ids_1,6,23607,23697,read_write_magazine,6
12,vp12/run2_2018-05-24-16-21-35.ids_1,6,23697,23787,read_write_magazine,7
12,vp12/run2_2018-05-24-16-21-35.ids_1,6,23787,23877,read_write_magazine,8
12,vp12/run2_2018-05-24-16-21-35.ids_1,6,23877,23967,read_write_magazine,9
12,vp12/run2_2018-05-24-16-21-35.ids_1,6,23967,24057,read_write_magazine,10
12,vp12/run2_2018-05-24-16-21-35.ids_1,6,24057,24147,read_write_magazine,11
12,vp12/run2_2018-05-24-16-21-35.ids_1,6,24147,24237,read_write_magazine,12
12,vp12/run2_2018-05-24-16-21-35.ids_1,6,24237,24327,read_write_magazine,13
12,vp12/run2_2018-05-24-16-21-35.ids_1,6,24327,24417,read_write_magazine,14
12,vp12/run2_2018-05-24-16-21-35.ids_1,6,24417,24507,read_write_magazine,15
12,vp12/run2_2018-05-24-16-21-35.ids_1,6,24507,24597,read_write_magazine,16
12,vp12/run2_2018-05-24-16-21-35.ids_1,6,24597,24687,read_write_magazine,17
12,vp12/run2_2018-05-24-16-21-35.ids_1,6,24687,24777,read_write_magazine,18
12,vp12/run2_2018-05-24-16-21-35.ids_1,6,24777,24867,read_write_magazine,19
12,vp12/run2_2018-05-24-16-21-35.ids_1,6,24867,24957,read_write_magazine,20
12,vp12/run2_2018-05-24-16-21-35.ids_1,6,24957,25047,read_write_magazine,21
12,vp12/run2_2018-05-24-16-21-35.ids_1,6,25047,25137,read_write_magazine,22
12,vp12/run2_2018-05-24-16-21-35.ids_1,6,25137,25227,read_write_magazine,23
12,vp12/run2_2018-05-24-16-21-35.ids_1,6,25227,25317,read_write_magazine,24
12,vp12/run2_2018-05-24-16-21-35.ids_1,6,25317,25407,read_write_magazine,25
12,vp12/run2_2018-05-24-16-21-35.ids_1,6,25407,25497,read_write_magazine,26
12,vp12/run2_2018-05-24-16-21-35.ids_1,6,25497,25587,read_write_magazine,27
12,vp12/run2_2018-05-24-16-21-35.ids_1,6,25587,25677,read_write_magazine,28
12,vp12/run2_2018-05-24-16-21-35.ids_1,6,25677,25767,read_write_magazine,29
12,vp12/run2_2018-05-24-16-21-35.ids_1,6,25767,25857,read_write_magazine,30
12,vp12/run2_2018-05-24-16-21-35.ids_1,6,25857,25947,read_write_magazine,31
12,vp12/run2_2018-05-24-16-21-35.ids_1,6,25947,26037,read_write_magazine,32
12,vp12/run2_2018-05-24-16-21-35.ids_1,6,26037,26127,read_write_magazine,33
12,vp12/run2_2018-05-24-16-21-35.ids_1,6,26127,26217,read_write_magazine,34
12,vp12/run2_2018-05-24-16-21-35.ids_1,6,26217,26307,read_write_magazine,35
12,vp12/run2_2018-05-24-16-21-35.ids_1,6,26307,26397,read_write_magazine,36
12,vp12/run2_2018-05-24-16-21-35.ids_1,6,26397,26487,read_write_magazine,37
12,vp12/run2_2018-05-24-16-21-35.ids_1,6,26487,26577,read_write_magazine,38
12,vp12/run2_2018-05-24-16-21-35.ids_1,6,26577,26667,read_write_magazine,39
12,vp12/run2_2018-05-24-16-21-35.ids_1,6,26667,26757,read_write_magazine,40
12,vp12/run2_2018-05-24-16-21-35.ids_1,6,26757,26847,read_write_magazine,41
12,vp12/run2_2018-05-24-16-21-35.ids_1,6,26847,26937,read_write_magazine,42
12,vp12/run2_2018-05-24-16-21-35.ids_1,6,26937,27027,read_write_magazine,43
12,vp12/run2_2018-05-24-16-21-35.ids_1,6,27027,27117,read_write_magazine,44
12,vp12/run2_2018-05-24-16-21-35.ids_1,6,27117,27207,read_write_magazine,45
12,vp12/run2_2018-05-24-16-21-35.ids_1,6,27207,27297,read_write_magazine,46
12,vp12/run2_2018-05-24-16-21-35.ids_1,6,27297,27387,read_write_magazine,47
12,vp12/run2_2018-05-24-16-21-35.ids_1,6,27387,27477,read_write_magazine,48
12,vp12/run2_2018-05-24-16-21-35.ids_1,6,27477,27567,read_write_magazine,49
12,vp12/run2_2018-05-24-16-21-35.ids_1,6,27567,27657,read_write_magazine,50
12,vp12/run2_2018-05-24-16-21-35.ids_1,6,27657,27747,read_write_magazine,51
12,vp12/run2_2018-05-24-16-21-35.ids_1,6,27747,27837,read_write_magazine,52
12,vp12/run2_2018-05-24-16-21-35.ids_1,6,27837,27927,read_write_magazine,53
12,vp12/run2_2018-05-24-16-21-35.ids_1,6,27927,28017,read_write_magazine,54
12,vp12/run2_2018-05-24-16-21-35.ids_1,6,28017,28107,read_write_magazine,55
12,vp12/run2_2018-05-24-16-21-35.ids_1,6,28107,28197,read_write_magazine,56
12,vp12/run2_2018-05-24-16-21-35.ids_1,6,28197,28287,read_write_magazine,57
12,vp12/run2_2018-05-24-16-21-35.ids_1,6,28287,28377,read_write_magazine,58
12,vp12/run2_2018-05-24-16-21-35.ids_1,6,28377,28467,read_write_magazine,59
12,vp12/run2_2018-05-24-16-21-35.ids_1,6,28467,28557,read_write_magazine,60
12,vp12/run2_2018-05-24-16-21-35.ids_1,6,28557,28647,read_write_magazine,61
12,vp12/run2_2018-05-24-16-21-35.ids_1,6,28647,28737,read_write_magazine,62
12,vp12/run2_2018-05-24-16-21-35.ids_1,6,28737,28827,read_write_magazine,63
12,vp12/run2_2018-05-24-16-21-35.ids_1,6,28827,28917,read_write_magazine,64
12,vp12/run2_2018-05-24-16-21-35.ids_1,6,28917,29007,read_write_magazine,65
12,vp12/run2_2018-05-24-16-21-35.ids_1,6,29007,29097,read_write_magazine,66
12,vp12/run2_2018-05-24-16-21-35.ids_1,6,29097,29187,read_write_magazine,67
12,vp12/run2_2018-05-24-16-21-35.ids_1,6,29187,29277,read_write_magazine,68
12,vp12/run2_2018-05-24-16-21-35.ids_1,6,29277,29367,read_write_magazine,69
12,vp12/run2_2018-05-24-16-21-35.ids_1,6,29367,29457,read_write_magazine,70
12,vp12/run2_2018-05-24-16-21-35.ids_1,6,29457,29547,read_write_magazine,71
12,vp12/run2_2018-05-24-16-21-35.ids_1,6,29547,29637,read_write_magazine,72
12,vp12/run2_2018-05-24-16-21-35.ids_1,6,29637,29727,read_write_magazine,73
12,vp12/run2_2018-05-24-16-21-35.ids_1,6,29727,29817,read_write_magazine,74
12,vp12/run2_2018-05-24-16-21-35.ids_1,6,29817,29907,read_write_magazine,75
12,vp12/run2_2018-05-24-16-21-35.ids_1,6,29907,29997,read_write_magazine,76
12,vp12/run2_2018-05-24-16-21-35.ids_1,6,29997,30087,read_write_magazine,77
12,vp12/run2_2018-05-24-16-21-35.ids_1,6,30087,30177,read_write_magazine,78
12,vp12/run2_2018-05-24-16-21-35.ids_1,6,30177,30267,read_write_magazine,79
12,vp12/run2_2018-05-24-16-21-35.ids_1,6,30267,30357,read_write_magazine,80
12,vp12/run2_2018-05-24-16-21-35.ids_1,6,30357,30447,read_write_magazine,81
12,vp12/run2_2018-05-24-16-21-35.ids_1,6,30447,30537,read_write_magazine,82
12,vp12/run2_2018-05-24-16-21-35.ids_1,6,30537,30627,read_write_magazine,83
12,vp12/run2_2018-05-24-16-21-35.ids_1,6,30627,30664,read_write_magazine,84
12,vp12/run2_2018-05-24-16-21-35.ids_1,7,30980,31070,eat_drink,0
12,vp12/run2_2018-05-24-16-21-35.ids_1,7,31070,31160,eat_drink,1
12,vp12/run2_2018-05-24-16-21-35.ids_1,7,31160,31250,eat_drink,2
12,vp12/run2_2018-05-24-16-21-35.ids_1,7,31250,31340,eat_drink,3
12,vp12/run2_2018-05-24-16-21-35.ids_1,7,31340,31430,eat_drink,4
12,vp12/run2_2018-05-24-16-21-35.ids_1,7,31430,31520,eat_drink,5
12,vp12/run2_2018-05-24-16-21-35.ids_1,7,31520,31610,eat_drink,6
12,vp12/run2_2018-05-24-16-21-35.ids_1,7,31610,31700,eat_drink,7
12,vp12/run2_2018-05-24-16-21-35.ids_1,7,31700,31790,eat_drink,8
12,vp12/run2_2018-05-24-16-21-35.ids_1,7,31790,31880,eat_drink,9
12,vp12/run2_2018-05-24-16-21-35.ids_1,7,31880,31970,eat_drink,10
12,vp12/run2_2018-05-24-16-21-35.ids_1,7,31970,32060,eat_drink,11
12,vp12/run2_2018-05-24-16-21-35.ids_1,7,32060,32150,eat_drink,12
12,vp12/run2_2018-05-24-16-21-35.ids_1,7,32150,32240,eat_drink,13
12,vp12/run2_2018-05-24-16-21-35.ids_1,7,32240,32330,eat_drink,14
12,vp12/run2_2018-05-24-16-21-35.ids_1,7,32330,32420,eat_drink,15
12,vp12/run2_2018-05-24-16-21-35.ids_1,7,32420,32510,eat_drink,16
12,vp12/run2_2018-05-24-16-21-35.ids_1,7,32510,32600,eat_drink,17
12,vp12/run2_2018-05-24-16-21-35.ids_1,7,32600,32690,eat_drink,18
12,vp12/run2_2018-05-24-16-21-35.ids_1,7,32690,32780,eat_drink,19
12,vp12/run2_2018-05-24-16-21-35.ids_1,7,32780,32870,eat_drink,20
12,vp12/run2_2018-05-24-16-21-35.ids_1,7,32870,32960,eat_drink,21
12,vp12/run2_2018-05-24-16-21-35.ids_1,7,32960,33050,eat_drink,22
12,vp12/run2_2018-05-24-16-21-35.ids_1,7,33050,33140,eat_drink,23
12,vp12/run2_2018-05-24-16-21-35.ids_1,7,33140,33230,eat_drink,24
12,vp12/run2_2018-05-24-16-21-35.ids_1,7,33230,33320,eat_drink,25
12,vp12/run2_2018-05-24-16-21-35.ids_1,7,33320,33410,eat_drink,26
12,vp12/run2_2018-05-24-16-21-35.ids_1,7,33410,33500,eat_drink,27
12,vp12/run2_2018-05-24-16-21-35.ids_1,7,33500,33590,eat_drink,28
12,vp12/run2_2018-05-24-16-21-35.ids_1,7,33590,33680,eat_drink,29
12,vp12/run2_2018-05-24-16-21-35.ids_1,7,33680,33770,eat_drink,30
12,vp12/run2_2018-05-24-16-21-35.ids_1,7,33770,33860,eat_drink,31
12,vp12/run2_2018-05-24-16-21-35.ids_1,7,33860,33950,eat_drink,32
12,vp12/run2_2018-05-24-16-21-35.ids_1,7,33950,34040,eat_drink,33
12,vp12/run2_2018-05-24-16-21-35.ids_1,7,34040,34130,eat_drink,34
12,vp12/run2_2018-05-24-16-21-35.ids_1,7,34130,34220,eat_drink,35
12,vp12/run2_2018-05-24-16-21-35.ids_1,7,34220,34310,eat_drink,36
12,vp12/run2_2018-05-24-16-21-35.ids_1,7,34310,34400,eat_drink,37
12,vp12/run2_2018-05-24-16-21-35.ids_1,7,34400,34490,eat_drink,38
12,vp12/run2_2018-05-24-16-21-35.ids_1,7,34490,34580,eat_drink,39
12,vp12/run2_2018-05-24-16-21-35.ids_1,7,34580,34670,eat_drink,40
12,vp12/run2_2018-05-24-16-21-35.ids_1,7,34670,34760,eat_drink,41
12,vp12/run2_2018-05-24-16-21-35.ids_1,7,34760,34850,eat_drink,42
12,vp12/run2_2018-05-24-16-21-35.ids_1,7,34850,34940,eat_drink,43
12,vp12/run2_2018-05-24-16-21-35.ids_1,7,34940,35030,eat_drink,44
12,vp12/run2_2018-05-24-16-21-35.ids_1,7,35030,35120,eat_drink,45
12,vp12/run2_2018-05-24-16-21-35.ids_1,7,35120,35210,eat_drink,46
12,vp12/run2_2018-05-24-16-21-35.ids_1,7,35210,35300,eat_drink,47
12,vp12/run2_2018-05-24-16-21-35.ids_1,7,35300,35390,eat_drink,48
12,vp12/run2_2018-05-24-16-21-35.ids_1,7,35390,35480,eat_drink,49
12,vp12/run2_2018-05-24-16-21-35.ids_1,7,35480,35570,eat_drink,50
12,vp12/run2_2018-05-24-16-21-35.ids_1,7,35570,35660,eat_drink,51
12,vp12/run2_2018-05-24-16-21-35.ids_1,7,35660,35750,eat_drink,52
12,vp12/run2_2018-05-24-16-21-35.ids_1,7,35750,35840,eat_drink,53
12,vp12/run2_2018-05-24-16-21-35.ids_1,7,35840,35930,eat_drink,54
12,vp12/run2_2018-05-24-16-21-35.ids_1,7,35930,36020,eat_drink,55
12,vp12/run2_2018-05-24-16-21-35.ids_1,7,36020,36110,eat_drink,56
12,vp12/run2_2018-05-24-16-21-35.ids_1,7,36110,36152,eat_drink,57
12,vp12/run2_2018-05-24-16-21-35.ids_1,8,38197,38287,eat_drink,0
12,vp12/run2_2018-05-24-16-21-35.ids_1,8,38287,38377,eat_drink,1
12,vp12/run2_2018-05-24-16-21-35.ids_1,8,38377,38467,eat_drink,2
12,vp12/run2_2018-05-24-16-21-35.ids_1,8,38467,38557,eat_drink,3
12,vp12/run2_2018-05-24-16-21-35.ids_1,8,38557,38647,eat_drink,4
12,vp12/run2_2018-05-24-16-21-35.ids_1,8,38647,38737,eat_drink,5
12,vp12/run2_2018-05-24-16-21-35.ids_1,8,38737,38827,eat_drink,6
12,vp12/run2_2018-05-24-16-21-35.ids_1,8,38827,38917,eat_drink,7
12,vp12/run2_2018-05-24-16-21-35.ids_1,8,38917,39007,eat_drink,8
12,vp12/run2_2018-05-24-16-21-35.ids_1,8,39007,39097,eat_drink,9
12,vp12/run2_2018-05-24-16-21-35.ids_1,8,39097,39187,eat_drink,10
12,vp12/run2_2018-05-24-16-21-35.ids_1,8,39187,39277,eat_drink,11
12,vp12/run2_2018-05-24-16-21-35.ids_1,8,39277,39367,eat_drink,12
12,vp12/run2_2018-05-24-16-21-35.ids_1,8,39367,39457,eat_drink,13
12,vp12/run2_2018-05-24-16-21-35.ids_1,8,39457,39547,eat_drink,14
12,vp12/run2_2018-05-24-16-21-35.ids_1,8,39547,39637,eat_drink,15
12,vp12/run2_2018-05-24-16-21-35.ids_1,8,39637,39727,eat_drink,16
12,vp12/run2_2018-05-24-16-21-35.ids_1,8,39727,39817,eat_drink,17
12,vp12/run2_2018-05-24-16-21-35.ids_1,8,39817,39907,eat_drink,18
12,vp12/run2_2018-05-24-16-21-35.ids_1,8,39907,39997,eat_drink,19
12,vp12/run2_2018-05-24-16-21-35.ids_1,8,39997,40087,eat_drink,20
12,vp12/run2_2018-05-24-16-21-35.ids_1,8,40087,40177,eat_drink,21
12,vp12/run2_2018-05-24-16-21-35.ids_1,8,40177,40267,eat_drink,22
12,vp12/run2_2018-05-24-16-21-35.ids_1,8,40267,40357,eat_drink,23
12,vp12/run2_2018-05-24-16-21-35.ids_1,8,40357,40447,eat_drink,24
12,vp12/run2_2018-05-24-16-21-35.ids_1,8,40447,40537,eat_drink,25
12,vp12/run2_2018-05-24-16-21-35.ids_1,8,40537,40627,eat_drink,26
12,vp12/run2_2018-05-24-16-21-35.ids_1,8,40627,40717,eat_drink,27
12,vp12/run2_2018-05-24-16-21-35.ids_1,8,40717,40807,eat_drink,28
12,vp12/run2_2018-05-24-16-21-35.ids_1,8,40807,40897,eat_drink,29
12,vp12/run2_2018-05-24-16-21-35.ids_1,8,40897,40987,eat_drink,30
12,vp12/run2_2018-05-24-16-21-35.ids_1,8,40987,41077,eat_drink,31
12,vp12/run2_2018-05-24-16-21-35.ids_1,8,41077,41167,eat_drink,32
12,vp12/run2_2018-05-24-16-21-35.ids_1,8,41167,41257,eat_drink,33
12,vp12/run2_2018-05-24-16-21-35.ids_1,8,41257,41347,eat_drink,34
12,vp12/run2_2018-05-24-16-21-35.ids_1,8,41347,41437,eat_drink,35
12,vp12/run2_2018-05-24-16-21-35.ids_1,8,41437,41527,eat_drink,36
12,vp12/run2_2018-05-24-16-21-35.ids_1,8,41527,41617,eat_drink,37
12,vp12/run2_2018-05-24-16-21-35.ids_1,8,41617,41666,eat_drink,38
12,vp12/run2_2018-05-24-16-21-35.ids_1,9,41774,41864,work,0
12,vp12/run2_2018-05-24-16-21-35.ids_1,9,41864,41954,work,1
12,vp12/run2_2018-05-24-16-21-35.ids_1,9,41954,42044,work,2
12,vp12/run2_2018-05-24-16-21-35.ids_1,9,42044,42134,work,3
12,vp12/run2_2018-05-24-16-21-35.ids_1,9,42134,42224,work,4
12,vp12/run2_2018-05-24-16-21-35.ids_1,9,42224,42314,work,5
12,vp12/run2_2018-05-24-16-21-35.ids_1,9,42314,42404,work,6
12,vp12/run2_2018-05-24-16-21-35.ids_1,9,42404,42494,work,7
12,vp12/run2_2018-05-24-16-21-35.ids_1,9,42494,42584,work,8
12,vp12/run2_2018-05-24-16-21-35.ids_1,9,42584,42674,work,9
12,vp12/run2_2018-05-24-16-21-35.ids_1,9,42674,42764,work,10
12,vp12/run2_2018-05-24-16-21-35.ids_1,9,42764,42854,work,11
12,vp12/run2_2018-05-24-16-21-35.ids_1,9,42854,42944,work,12
12,vp12/run2_2018-05-24-16-21-35.ids_1,9,42944,43034,work,13
12,vp12/run2_2018-05-24-16-21-35.ids_1,9,43034,43124,work,14
12,vp12/run2_2018-05-24-16-21-35.ids_1,9,43124,43214,work,15
12,vp12/run2_2018-05-24-16-21-35.ids_1,9,43214,43304,work,16
12,vp12/run2_2018-05-24-16-21-35.ids_1,9,43304,43394,work,17
12,vp12/run2_2018-05-24-16-21-35.ids_1,9,43394,43484,work,18
12,vp12/run2_2018-05-24-16-21-35.ids_1,9,43484,43574,work,19
12,vp12/run2_2018-05-24-16-21-35.ids_1,9,43574,43664,work,20
12,vp12/run2_2018-05-24-16-21-35.ids_1,9,43664,43754,work,21
12,vp12/run2_2018-05-24-16-21-35.ids_1,9,43754,43844,work,22
12,vp12/run2_2018-05-24-16-21-35.ids_1,9,43844,43934,work,23
12,vp12/run2_2018-05-24-16-21-35.ids_1,9,43934,44024,work,24
12,vp12/run2_2018-05-24-16-21-35.ids_1,9,44024,44114,work,25
12,vp12/run2_2018-05-24-16-21-35.ids_1,9,44114,44204,work,26
12,vp12/run2_2018-05-24-16-21-35.ids_1,9,44204,44294,work,27
12,vp12/run2_2018-05-24-16-21-35.ids_1,9,44294,44384,work,28
12,vp12/run2_2018-05-24-16-21-35.ids_1,9,44384,44474,work,29
12,vp12/run2_2018-05-24-16-21-35.ids_1,9,44474,44564,work,30
12,vp12/run2_2018-05-24-16-21-35.ids_1,9,44564,44654,work,31
12,vp12/run2_2018-05-24-16-21-35.ids_1,9,44654,44744,work,32
12,vp12/run2_2018-05-24-16-21-35.ids_1,9,44744,44834,work,33
12,vp12/run2_2018-05-24-16-21-35.ids_1,9,44834,44924,work,34
12,vp12/run2_2018-05-24-16-21-35.ids_1,9,44924,45014,work,35
12,vp12/run2_2018-05-24-16-21-35.ids_1,9,45014,45104,work,36
12,vp12/run2_2018-05-24-16-21-35.ids_1,9,45104,45194,work,37
12,vp12/run2_2018-05-24-16-21-35.ids_1,9,45194,45284,work,38
12,vp12/run2_2018-05-24-16-21-35.ids_1,9,45284,45374,work,39
12,vp12/run2_2018-05-24-16-21-35.ids_1,9,45374,45464,work,40
12,vp12/run2_2018-05-24-16-21-35.ids_1,9,45464,45554,work,41
12,vp12/run2_2018-05-24-16-21-35.ids_1,9,45554,45644,work,42
12,vp12/run2_2018-05-24-16-21-35.ids_1,9,45644,45734,work,43
12,vp12/run2_2018-05-24-16-21-35.ids_1,9,45734,45824,work,44
12,vp12/run2_2018-05-24-16-21-35.ids_1,9,45824,45914,work,45
12,vp12/run2_2018-05-24-16-21-35.ids_1,9,45914,46004,work,46
12,vp12/run2_2018-05-24-16-21-35.ids_1,9,46004,46094,work,47
12,vp12/run2_2018-05-24-16-21-35.ids_1,9,46094,46184,work,48
12,vp12/run2_2018-05-24-16-21-35.ids_1,9,46184,46274,work,49
12,vp12/run2_2018-05-24-16-21-35.ids_1,9,46274,46329,work,50
12,vp12/run2_2018-05-24-16-21-35.ids_1,10,49003,49093,final_task,0
12,vp12/run2_2018-05-24-16-21-35.ids_1,10,49093,49183,final_task,1
12,vp12/run2_2018-05-24-16-21-35.ids_1,10,49183,49273,final_task,2
12,vp12/run2_2018-05-24-16-21-35.ids_1,10,49273,49363,final_task,3
12,vp12/run2_2018-05-24-16-21-35.ids_1,10,49363,49453,final_task,4
12,vp12/run2_2018-05-24-16-21-35.ids_1,10,49453,49543,final_task,5
12,vp12/run2_2018-05-24-16-21-35.ids_1,10,49543,49633,final_task,6
12,vp12/run2_2018-05-24-16-21-35.ids_1,10,49633,49723,final_task,7
12,vp12/run2_2018-05-24-16-21-35.ids_1,10,49723,49813,final_task,8
12,vp12/run2_2018-05-24-16-21-35.ids_1,10,49813,49903,final_task,9
12,vp12/run2_2018-05-24-16-21-35.ids_1,10,49903,49993,final_task,10
12,vp12/run2_2018-05-24-16-21-35.ids_1,10,49993,50083,final_task,11
12,vp12/run2_2018-05-24-16-21-35.ids_1,10,50083,50173,final_task,12
12,vp12/run2_2018-05-24-16-21-35.ids_1,10,50173,50263,final_task,13
12,vp12/run2_2018-05-24-16-21-35.ids_1,10,50263,50318,final_task,14
